ku_id,type,canonical_name,name_en,source_task,created,updated,card_path
units/archives/accademia-statutes-confirmed-1621,archive,圣路加学院章程（1621 年确认）,Statutes of the Accademia di S. Luca (confirmed in 1621),chp-1,2026-09-09,2026-09-14,04-knowledge/units/archives/accademia-statutes-confirmed-1621.md
units/archives/aedes-barberinae-ad-quirinalem,archive,奎里纳尔山的巴贝里尼宫,Aedes Barberinae ad Quirinalem,front-matter,2026-09-14,2026-09-15,04-knowledge/units/archives/aedes-barberinae-ad-quirinalem.md
units/archives/ameyden-relazione-1642,archive,《罗马城记述》（1642）,Account of the City of Rome (1642),chp-1,2026-09-09,2026-09-14,04-knowledge/units/archives/ameyden-relazione-1642.md
units/archives/apollo-periodical,archive,阿波罗期刊,Apollo,front-matter,2026-09-14,2026-09-14,04-knowledge/units/archives/apollo-periodical.md
units/archives/armanni-delle-lettere,archive,阿尔曼尼《书信集》,Armanni's Collected Letters,,2026-09-09,2026-09-14,04-knowledge/units/archives/armanni-delle-lettere.md
units/archives/armanni-pamfili-letter-undated,archive,温琴佐·阿尔曼尼致卡米洛·潘菲利的装饰建议信（日期未明）,Letter from Vincenzo Armanni to Camillo Pamfili on Decoration (undated),,2026-09-09,2026-09-14,04-knowledge/units/archives/armanni-pamfili-letter-undated.md
units/archives/arragona-mantua-letter-1621,archive,法布里齐奥·阿拉戈纳致曼图亚公国大臣的信（1621-10-09）,Letter from Fabrizio Arragona to a Mantuan Ducal Minister (1621-10-09),chp-1,2026-09-09,2026-09-14,04-knowledge/units/archives/arragona-mantua-letter-1621.md
units/archives/baldoini-painter-appointment,archive,毛里齐奥任命巴尔多伊诺为本府画家的文字,Maurice of Savoy’s appointment of Baldoino as his painter,,2026-09-09,2026-09-14,04-knowledge/units/archives/baldoini-painter-appointment.md
units/archives/bertolotti-artisti-bolognesi,archive,贝尔托洛蒂《罗马的博洛尼亚、费拉拉及原教皇国其他艺术家》,"Bertolotti's Bolognese, Ferrarese and Other Artists of the Former Papal States in Rome",chp-1,2026-09-09,2026-09-14,04-knowledge/units/archives/bertolotti-artisti-bolognesi.md
units/archives/bianconi-letter-1762,archive,乔万尼·洛多维科·比安科尼致菲利波·埃尔科拉尼侯爵的信（1762-11-22）,Letter from Giovanni Ludovico Bianconi to Marchese Filippo Hercolani (1762-11-22),chp-1,2026-09-09,2026-09-14,04-knowledge/units/archives/bianconi-letter-1762.md
units/archives/burlington-magazine,archive,《伯灵顿杂志》,The Burlington Magazine,front-matter,2026-09-14,2026-09-14,04-knowledge/units/archives/burlington-magazine.md
units/archives/camassei-sebastian-receipt,archive,卡马塞伊圣塞巴斯蒂安祭坛画付款令刊录,Published Payment Order for Camassei’s Saint Sebastian Altarpiece,,2026-09-09,2026-09-14,04-knowledge/units/archives/camassei-sebastian-receipt.md
units/archives/camassei-urban-contract-1633,archive,卡马塞伊与乌尔班八世的合同（1633）,Contract between Camassei and Urban VIII (1633),chp-1,2026-09-09,2026-09-14,04-knowledge/units/archives/camassei-urban-contract-1633.md
units/archives/caravaggio-altarpieces-contract-1600,archive,卡拉瓦乔两幅祭坛画的合同（1600）,Contract for Caravaggio's Two Altarpieces (1600),chp-1,2026-09-09,2026-09-14,04-knowledge/units/archives/caravaggio-altarpieces-contract-1600.md
units/archives/cellini-autobiography,archive,本韦努托·切利尼自传《生平》,The Life of Benvenuto Cellini,chp-1,2026-09-09,2026-09-14,04-knowledge/units/archives/cellini-autobiography.md
units/archives/coke-arundell-letter-1620,archive,托马斯·科克致托马斯·霍华德，阿伦德尔伯爵信（1620年10月8日）,"Letter from Thomas Coke to Thomas Howard, Earl of Arundel, 8 October 1620",,2026-09-09,2026-09-14,04-knowledge/units/archives/coke-arundell-letter-1620.md
units/archives/colnaghi-catalogue-1961,archive,科尔纳吉图录（1961 年 5–6 月，第 2 号）,"Colnaghi Catalogue (May–June 1961, no. 2)",chp-1,2026-09-09,2026-09-14,04-knowledge/units/archives/colnaghi-catalogue-1961.md
units/archives/conforti-legros-designers-1977,archive,皮埃尔·勒格罗与晚期巴洛克罗马雕塑家的设计师角色,Pierre Legros and the role of Sculptors as Designers in late Baroque Rome,front-matter,2026-09-14,2026-09-15,04-knowledge/units/archives/conforti-legros-designers-1977.md
units/archives/de-rosis-ruffo-letter-1663,archive,朱塞佩·德·罗西斯致安东尼奥·鲁福的信（1663-09-22）,Letter from Giuseppe de Rosis to Antonio Ruffo (1663-09-22),chp-1,2026-09-09,2026-09-14,04-knowledge/units/archives/de-rosis-ruffo-letter-1663.md
units/archives/dizionario-biografico-degli-italiani,archive,意大利人传记辞典,Dizionario biografico degli Italiani,,2026-09-14,2026-09-15,04-knowledge/units/archives/dizionario-biografico-degli-italiani.md
units/archives/ferri-ruffo-letter-1672,archive,奇罗·费里致安东尼奥·鲁福的信（1672-09-19）,Letter from Ciro Ferri to Antonio Ruffo (1672-09-19),,2026-09-09,2026-09-14,04-knowledge/units/archives/ferri-ruffo-letter-1672.md
units/archives/gavasetti-piacenza-contract-1624,archive,加瓦塞蒂皮亚琴察壁画委托条款（1624）,Terms for Gavasetti's Piacenza Frescoes (1624),chp-1,2026-09-09,2026-09-14,04-knowledge/units/archives/gavasetti-piacenza-contract-1624.md
units/archives/gerusalemme-liberata-illustrations-1745,archive,《耶路撒冷解放》插图本（1745）,"Jerusalem Delivered, illustrated edition, 1745",front-matter,2026-09-14,2026-09-14,04-knowledge/units/archives/gerusalemme-liberata-illustrations-1745.md
units/archives/gessi-leopardi-letter-1647,archive,贝尔林杰罗·杰西致切萨雷·莱奥帕尔迪·多西莫的信（1647-07-10）,Letter from Berlingero Gessi to Don Cesare Leopardi d’Osimo (1647-07-10),chp-1,2026-09-09,2026-09-14,04-knowledge/units/archives/gessi-leopardi-letter-1647.md
units/archives/gilmartin-san-clemente-1974,archive,克勉十一世为罗马圣克莱孟圣殿委托的绘画,The Paintings Commissioned by Pope Clement XI for the Basilica of San Clemente in Rome,,,,04-knowledge/units/archives/gilmartin-san-clemente-1974.md
units/archives/gini-cortona-letter-1666,archive,奥诺拉托·吉尼关于科尔托纳选题的信（1666）,Onorato Gini’s Letter on Cortona’s Choice of Subjects (1666),chp-1,2026-09-09,2026-09-14,04-knowledge/units/archives/gini-cortona-letter-1666.md
units/archives/giovanni-adamo-piola-letter-1690,archive,列支敦士登亲王约翰·亚当·安德烈亚斯致保罗·吉罗拉莫·皮奥拉的委托信（1690-02-03）,Commission Letter from Johann Adam Andreas of Liechtenstein to Paolo Girolamo Piola (1690-02-03),chp-1,2026-09-09,2026-09-14,04-knowledge/units/archives/giovanni-adamo-piola-letter-1690.md
units/archives/goldoni-opere-vol-2-1761,archive,戈尔多尼《喜剧集》第二卷（帕斯夸利版，标年1761）,"The Comedies of Carlo Goldoni, vol. 2, Pasquali edition, dated 1761",front-matter,2026-09-14,2026-09-15,04-knowledge/units/archives/goldoni-opere-vol-2-1761.md
units/archives/grassi-cortona-bozzetti-1957,archive,格拉西关于科尔托纳与多利亚潘菲利宫画廊草稿的论文（1957）,Grassi's Article on Cortona and the Bozzetti for the Doria Pamphili Gallery (1957),chp-1,2026-09-09,2026-09-14,04-knowledge/units/archives/grassi-cortona-bozzetti-1957.md
units/archives/guercino-ruffo-letter-1649,archive,圭尔奇诺致安东尼奥·鲁福的信（1649-09-25）,Letter from Guercino to Antonio Ruffo (1649-09-25),chp-1,2026-09-09,2026-09-14,04-knowledge/units/archives/guercino-ruffo-letter-1649.md
units/archives/harris-andrea-sacchi-1977,archive,安德烈亚·萨基,"Andrea Sacchi, Harris 1977",front-matter,2026-09-14,2026-09-15,04-knowledge/units/archives/harris-andrea-sacchi-1977.md
units/archives/honour-patrons-painters-review-1963,archive,休·昂纳1963年评论赞助人与画家的书评,Hugh Honour's 1963 review of Patrons and Painters,front-matter,2026-09-14,2026-09-15,04-knowledge/units/archives/honour-patrons-painters-review-1963.md
units/archives/lanfranco-barberini-letter-1640,archive,乔万尼·兰弗兰科致巴贝里尼枢机的信（1640-07-14）,Letter from Giovanni Lanfranco to Cardinal Barberini (1640-07-14),,2026-09-09,2026-09-14,04-knowledge/units/archives/lanfranco-barberini-letter-1640.md
units/archives/lhoggidi-1627,archive,《当今》（1627）,L'Hoggidi (1627),chp-1,2026-09-09,2026-09-14,04-knowledge/units/archives/lhoggidi-1627.md
units/archives/minnitti-augusta-terms-1617,archive,明尼蒂在奥古斯塔的委托条款刊录（1617）,Published Terms for Minnitti's Augusta Commission (1617),chp-1,2026-09-09,2026-09-14,04-knowledge/units/archives/minnitti-augusta-terms-1617.md
units/archives/mola-borrowed-genealogy-gods,archive,莫拉借阅的神谱书（题名未明）,Genealogy of the Gods Borrowed by Mola (title unidentified),chp-1,2026-09-09,2026-09-14,04-knowledge/units/archives/mola-borrowed-genealogy-gods.md
units/archives/mola-borrowed-virgil-commentary,archive,莫拉借阅的维吉尔注释本（版本未明）,Annotated Virgil Borrowed by Mola (edition unidentified),chp-1,2026-09-09,2026-09-14,04-knowledge/units/archives/mola-borrowed-virgil-commentary.md
units/archives/mola-pamfili-contract-1657,archive,莫拉与潘菲利瓦尔蒙托内工程的合同条款（1657）,Contract Terms for Mola and Pamfili's Valmontone Project (1657),chp-1,2026-09-09,2026-09-14,04-knowledge/units/archives/mola-pamfili-contract-1657.md
units/archives/montaiglon-academy-correspondence,archive,罗马法国学院主管与王室建筑总监通信集（Correspondence of the Directors of the French Academy in Rome with the Superintendents,Correspondence of the Directors of the French Academy in Rome with the Superintendents of Buildings,front-matter,2026-09-14,2026-09-15,04-knowledge/units/archives/montaiglon-academy-correspondence.md
units/archives/museum-studies-art-institute-chicago,archive,《芝加哥艺术博物馆研究》,Art Institute of Chicago Museum Studies,front-matter,2026-09-14,2026-09-15,04-knowledge/units/archives/museum-studies-art-institute-chicago.md
units/archives/negri-san-tommaso-letter-1676,archive,保罗·内格里致圣托马索侯爵的信（1676-12-24）,Letter from Paolo Negri to the Marquis of S. Tommaso (1676-12-24),,2026-09-09,2026-09-14,04-knowledge/units/archives/negri-san-tommaso-letter-1676.md
units/archives/novetti-ruffo-letter-1670,archive,弗朗切斯科·诺韦蒂致安东尼奥·鲁福的信（1670-03-22）,Letter from Francesco Novetti to Antonio Ruffo (1670-03-22),,2026-09-09,2026-09-14,04-knowledge/units/archives/novetti-ruffo-letter-1670.md
units/archives/pascoli-trevisani-life-ms1383,archive,帕斯科利《特雷维萨尼传》手稿（MS.1383）,Pascoli’s Manuscript Life of Francesco Trevisani (MS.1383),chp-1,2026-09-09,2026-09-14,04-knowledge/units/archives/pascoli-trevisani-life-ms1383.md
units/archives/pastor-popes-english-vol33,archive,帕斯托教皇史英文版第三十三卷,"Pastor's history of the popes, English edition, volume XXXIII",front-matter,2026-09-14,2026-09-15,04-knowledge/units/archives/pastor-popes-english-vol33.md
units/archives/patrons-and-painters,archive,《赞助人与画家》,Patrons and Painters,,2026-09-09,2026-09-15,04-knowledge/units/archives/patrons-and-painters.md
units/archives/poerson-letter-1708,archive,夏尔-弗朗索瓦·普瓦松致德安坦信,"Charles-François Poerson to M. d’Antin, 20 October 1708",front-matter,2026-09-14,2026-09-15,04-knowledge/units/archives/poerson-letter-1708.md
units/archives/quarisimini-carrara-letter-1696,archive,卡洛·夸里斯米尼致文图拉·卡拉拉伯爵的信（1696-07-11）,Letter from Carlo Quarismini to Count Ventura Carrara (1696-07-11),chp-1,2026-09-09,2026-09-14,04-knowledge/units/archives/quarisimini-carrara-letter-1696.md
units/archives/ricci-bologna-terms-1682,archive,里奇《施洗者约翰斩首》的委托条款（1682）,Terms for Ricci's Beheading of Saint John the Baptist (1682),chp-1,2026-09-09,2026-09-14,04-knowledge/units/archives/ricci-bologna-terms-1682.md
units/archives/roland-michel-chardin-1994,archive,夏尔丹（罗兰-米歇尔1994年专著）,"Chardin (Roland-Michel, 1994)",front-matter,2026-09-15,2026-09-15,04-knowledge/units/archives/roland-michel-chardin-1994.md
units/archives/rosa-ruffo-letter-1666,archive,萨尔瓦多·罗萨致安东尼奥·鲁福的信（1666-04-01）,Letter from Salvator Rosa to Antonio Ruffo (1666-04-01),,2026-09-09,2026-09-14,04-knowledge/units/archives/rosa-ruffo-letter-1666.md
units/archives/salviati-medici-letter-1662,archive,雅各布·萨尔维亚蒂致莱奥波尔多·德·美第奇的信（1662-07-22）,Letter from Jacopo Salviati to Leopoldo de’ Medici (1662-07-22),chp-1,2026-09-09,2026-09-14,04-knowledge/units/archives/salviati-medici-letter-1662.md
units/archives/savini-gubbio-terms-1608,archive,萨维尼在古比奥的委托条款刊录（1608）,Published Terms for Savini's Gubbio Commission (1608),chp-1,2026-09-09,2026-09-14,04-knowledge/units/archives/savini-gubbio-terms-1608.md
units/archives/testi-fontana-bernini-letter,archive,富尔维奥·泰斯蒂致弗朗切斯科·丰塔纳的信,Letter from Fulvio Testi to Francesco Fontana,,2026-09-09,2026-09-14,04-knowledge/units/archives/testi-fontana-bernini-letter.md
units/archives/testi-fontana-letter-1634-01-18,archive,富尔维奥·泰斯蒂致弗朗切斯科·丰塔纳伯爵的信,Letter from Fulvio Testi to Count Francesco Fontana,chp-1,2026-09-25,2026-09-25,04-knowledge/units/archives/testi-fontana-letter-1634-01-18.md
units/archives/torcellan-andrea-memmo-1963,archive,18世纪威尼斯人物：安德烈亚·梅莫,An Eighteenth-Century Venetian Figure: Andrea Memmo,front-matter,2026-09-14,2026-09-15,04-knowledge/units/archives/torcellan-andrea-memmo-1963.md
units/archives/us-copyright-law,archive,美国版权法,U.S. Copyright Law,front-matter,2026-09-14,2026-09-15,04-knowledge/units/archives/us-copyright-law.md
units/archives/vasalli-testimony-mola-pamfili,archive,瓦萨利关于莫拉与潘菲利服务争议的证词记录,Vasalli's Testimony on the Mola–Pamfili Service Dispute,,2026-09-09,2026-09-14,04-knowledge/units/archives/vasalli-testimony-mola-pamfili.md
units/archives/waterhouse-rome-painting-1971,archive,十八世纪罗马绘画,Painting in Rome in the Eighteenth Century,,,,04-knowledge/units/archives/waterhouse-rome-painting-1971.md
units/events/accademia-tax-privilege-1633,event,圣路加学院征税及公共委托措施（1633）,Taxation and Public-Commission Measures of the Accademia di S. Luca (1633),,2026-09-09,2026-09-14,04-knowledge/units/events/accademia-tax-privilege-1633.md
units/events/guercino-iconography-query-1665,event,圭尔奇诺西西里祭坛画图像询问（1665）,Guercino's Questions about a Sicilian Altarpiece (1665),,2026-09-09,2026-09-25,04-knowledge/units/events/guercino-iconography-query-1665.md
units/events/lanfranco-leo-attila-request-1640,event,兰弗兰科申请《教皇利奥与阿提拉》委托（1640）,Lanfranco's Request for the Pope Leo and Attila Commission (1640),,2026-09-09,2026-09-14,04-knowledge/units/events/lanfranco-leo-attila-request-1640.md
units/events/sacchi-household-promotion-1640,event,萨基在巴贝里尼家户内晋级（1640）,Sacchi's Promotion in the Barberini Household (1640),,2026-09-09,2026-09-14,04-knowledge/units/events/sacchi-household-promotion-1640.md
units/events/san-clemente-redecoration,event,圣克莱孟堂重新装饰,Redecoration of S. Clemente,front-matter,2026-09-14,2026-09-14,04-knowledge/units/events/san-clemente-redecoration.md
units/events/schildersbent-formation-1623,event,画家帮成立（1623）,Formation of the Schildersbent (1623),,2026-09-09,2026-09-14,04-knowledge/units/events/schildersbent-formation-1623.md
units/events/titian-honours-1533,event,查理五世授提香荣衔（1533）,Charles V's Grant of Honours to Titian (1533),chp-1,2026-09-09,2026-09-14,04-knowledge/units/events/titian-honours-1533.md
units/families/aldobrandini-family,family,阿尔多布兰迪尼家族,Aldobrandini Family,,2026-09-09,2026-09-14,04-knowledge/units/families/aldobrandini-family.md
units/families/borghese-family,family,博尔盖塞家族,Borghese Family,,2026-09-09,2026-09-14,04-knowledge/units/families/borghese-family.md
units/families/colonna-family,family,科隆纳家族,Colonna Family,chp-1,2026-09-13,2026-09-14,04-knowledge/units/families/colonna-family.md
units/families/odescalchi-family,family,奥德斯卡尔基家族,Odescalchi Family,chp-1,2026-09-13,2026-09-14,04-knowledge/units/families/odescalchi-family.md
units/families/pamphili-family,family,潘菲利家族,Pamphili family,chp-1,2026-09-25,2026-09-25,04-knowledge/units/families/pamphili-family.md
units/families/pisani-di-santo-stefano,family,圣斯德望支系皮萨尼家族,Pisani di Santo Stefano family,chp-1,2026-09-25,2026-09-25,04-knowledge/units/families/pisani-di-santo-stefano.md
units/families/peretti-family,family,佩雷蒂家族,Peretti Family,,2026-09-09,2026-09-14,04-knowledge/units/families/peretti-family.md
units/families/pisani-family,family,皮萨尼家族,Pisani family,front-matter,2026-09-14,2026-09-14,04-knowledge/units/families/pisani-family.md
units/families/rezzonico-family,family,雷佐尼科家族,Rezzonico family,front-matter,2026-09-14,2026-09-14,04-knowledge/units/families/rezzonico-family.md
units/families/sacchetti-family,family,萨凯蒂家族,Sacchetti Family,front-matter,2026-09-14,2026-09-14,04-knowledge/units/families/sacchetti-family.md
units/institutions/a-villani-e-figli,institution,A. 维拉尼父子摄影公司,A. Villani e Figli,front-matter,2026-09-14,2026-09-14,04-knowledge/units/institutions/a-villani-e-figli.md
units/institutions/academie-francaise,institution,法兰西学院,Académie française,front-matter,2026-09-15,2026-09-15,04-knowledge/units/institutions/academie-francaise.md
units/institutions/accademia-degli-agiati,institution,阿贾蒂学会,Accademia degli Agiati,front-matter,2026-09-15,2026-09-15,04-knowledge/units/institutions/accademia-degli-agiati.md
units/institutions/accademia-di-san-luca,institution,圣路加学院,Accademia di S. Luca,,2026-09-09,2026-09-14,04-knowledge/units/institutions/accademia-di-san-luca.md
units/institutions/agraci,institution,阿格拉西摄影商号,Agraci — Arts Graphiques de la Cité,front-matter,2026-09-14,2026-09-14,04-knowledge/units/institutions/agraci.md
units/institutions/alte-pinakothek,institution,老绘画陈列馆,Alte Pinakothek,front-matter,2026-09-14,2026-09-14,04-knowledge/units/institutions/alte-pinakothek.md
units/institutions/american-academy-of-arts-and-sciences,institution,美国艺术与科学院,American Academy of Arts and Sciences,front-matter,2026-09-15,2026-09-15,04-knowledge/units/institutions/american-academy-of-arts-and-sciences.md
units/institutions/apostolic-chamber,institution,宗座财务院,Apostolic Chamber,chp-1,2026-09-09,2026-09-14,04-knowledge/units/institutions/apostolic-chamber.md
units/institutions/arcadia,institution,阿尔卡迪亚学会,Society of Arcadia,chp-1,2026-09-09,2026-09-14,04-knowledge/units/institutions/arcadia.md
units/institutions/art-institute-of-chicago,institution,芝加哥艺术博物馆,Art Institute of Chicago,front-matter,2026-09-14,2026-09-14,04-knowledge/units/institutions/art-institute-of-chicago.md
units/institutions/barberini-household,institution,巴贝里尼家族及家户,Barberini Family and Households,,2026-09-09,2026-09-14,04-knowledge/units/institutions/barberini-household.md
units/institutions/barnabites,institution,巴尔纳伯会,Barnabites,chp-1,2026-09-09,2026-09-14,04-knowledge/units/institutions/barnabites.md
units/institutions/bayerischen-staatsgemaldesammlungen,institution,巴伐利亚国家绘画收藏机构,Bavarian State Painting Collections,front-matter,2026-09-14,2026-09-14,04-knowledge/units/institutions/bayerischen-staatsgemaldesammlungen.md
units/institutions/biblioteca-augusta,institution,奥古斯塔图书馆,Biblioteca Augusta,chp-1,2026-09-09,2026-09-14,04-knowledge/units/institutions/biblioteca-augusta.md
units/institutions/biblioteca-casanatense,institution,卡萨纳滕塞图书馆,Biblioteca Casanatense,,2026-09-09,2026-09-14,04-knowledge/units/institutions/biblioteca-casanatense.md
units/institutions/bibliotheque-nationale,institution,法国国家图书馆,National Library of France,front-matter,2026-09-14,2026-09-14,04-knowledge/units/institutions/bibliotheque-nationale.md
units/institutions/british-academy,institution,英国国家学术院,British Academy,front-matter,2026-09-15,2026-09-15,04-knowledge/units/institutions/british-academy.md
units/institutions/british-museum,institution,大英博物馆,British Museum,front-matter,2026-09-14,2026-09-14,04-knowledge/units/institutions/british-museum.md
units/institutions/ca-foscari-university-venice,institution,威尼斯卡福斯卡里大学,Ca’ Foscari University of Venice,front-matter,2026-09-14,2026-09-15,04-knowledge/units/institutions/ca-foscari-university-venice.md
units/institutions/cini-institute-of-art-history,institution,基奥尔乔·奇尼基金会艺术史研究所,"Institute of Art History, Fondazione Giorgio Cini",front-matter,2026-09-25,2026-09-25,04-knowledge/units/institutions/cini-institute-of-art-history.md
units/institutions/capitoline-museums,institution,卡比托利欧博物馆,Capitoline Museums,chp-1,2026-09-13,2026-09-14,04-knowledge/units/institutions/capitoline-museums.md
units/institutions/capuchins,institution,嘉布遣会,Capuchins,,2026-09-09,2026-09-14,04-knowledge/units/institutions/capuchins.md
units/institutions/charavay-freres,institution,沙拉韦兄弟书商,Charavay Frères,front-matter,2026-09-15,2026-09-15,04-knowledge/units/institutions/charavay-freres.md
units/institutions/chatto-and-windus,institution,查托与温达斯出版社,Chatto and Windus,front-matter,2026-09-14,2026-09-14,04-knowledge/units/institutions/chatto-and-windus.md
units/institutions/city-of-paris,institution,巴黎市政当局,City of Paris,front-matter,2026-09-15,2026-09-15,04-knowledge/units/institutions/city-of-paris.md
units/institutions/clark-art-institute,institution,克拉克艺术研究所,Clark Art Institute,front-matter,2026-09-14,2026-09-14,04-knowledge/units/institutions/clark-art-institute.md
units/institutions/colnaghi,institution,科尔纳吉画廊,Colnaghi's,front-matter,2026-09-09,2026-09-15,04-knowledge/units/institutions/colnaghi.md
units/institutions/columbia-university,institution,哥伦比亚大学,Columbia University,front-matter,2026-09-15,2026-09-15,04-knowledge/units/institutions/columbia-university.md
units/institutions/confraternita-san-giovanni-battista-decollato-bologna,institution,博洛尼亚佛罗伦萨人圣若翰善会,"Confraternity of Saint John of the Florentines, Bologna",chp-1,2026-09-09,2026-09-14,04-knowledge/units/institutions/confraternita-san-giovanni-battista-decollato-bologna.md
units/institutions/confraternity-santanna-palafrenieri,institution,圣安娜教皇马夫善会,Confraternity of Sant'Anna dei Palafrenieri,chp-1,2026-09-13,2026-09-14,04-knowledge/units/institutions/confraternity-santanna-palafrenieri.md
units/institutions/correr-library,institution,科雷尔图书馆,Correr Library,front-matter,2026-09-14,2026-09-15,04-knowledge/units/institutions/correr-library.md
units/institutions/courtauld-institute-of-art,institution,考陶尔德艺术学院,Courtauld Institute of Art,front-matter,2026-09-14,2026-09-14,04-knowledge/units/institutions/courtauld-institute-of-art.md
units/institutions/detroit-institute-of-arts,institution,底特律艺术学院,Detroit Institute of Arts,chp-1,2026-09-13,2026-09-14,04-knowledge/units/institutions/detroit-institute-of-arts.md
units/institutions/dusseldorf-electoral-picture-gallery,institution,杜塞尔多夫选侯画廊,Düsseldorf Electoral Picture Gallery,front-matter,2026-09-14,2026-09-14,04-knowledge/units/institutions/dusseldorf-electoral-picture-gallery.md
units/institutions/fabbrica-di-san-pietro,institution,圣彼得营造管理机构,Fabbrica di S. Pietro,chp-1,2026-09-09,2026-09-14,04-knowledge/units/institutions/fabbrica-di-san-pietro.md
units/institutions/finnish-institute,institution,罗马芬兰研究所,Finnish Institute in Rome,front-matter,2026-09-14,2026-09-15,04-knowledge/units/institutions/finnish-institute.md
units/institutions/fitzwilliam-museum,institution,菲茨威廉博物馆,Fitzwilliam Museum,front-matter,2026-09-14,2026-09-15,04-knowledge/units/institutions/fitzwilliam-museum.md
units/institutions/french-academy-in-rome,institution,罗马法国学院,French Academy in Rome,front-matter,2026-09-14,2026-09-14,04-knowledge/units/institutions/french-academy-in-rome.md
units/institutions/gabinetto-dei-disegni-castello-sforzesco,institution,斯福尔扎城堡素描室,"Gabinetto dei Disegni, Castello Sforzesco",front-matter,2026-09-14,2026-09-15,04-knowledge/units/institutions/gabinetto-dei-disegni-castello-sforzesco.md
units/institutions/gabinetto-fotografico-nazionale,institution,国家摄影室,Gabinetto Fotografico Nazionale,front-matter,2026-09-14,2026-09-15,04-knowledge/units/institutions/gabinetto-fotografico-nazionale.md
units/institutions/galleria-borghese,institution,博尔盖塞美术馆,Galleria Borghese,front-matter,2026-09-13,2026-09-14,04-knowledge/units/institutions/galleria-borghese.md
units/institutions/galleria-doria-pamphilj,institution,多利亚·潘菲利美术馆,Galleria Doria Pamphilj,chp-1,2026-09-13,2026-09-14,04-knowledge/units/institutions/galleria-doria-pamphilj.md
units/institutions/galleria-nazionale-arte-antica,institution,国立古代艺术美术馆,Galleria Nazionale d'Arte Antica,chp-1,2026-09-13,2026-09-14,04-knowledge/units/institutions/galleria-nazionale-arte-antica.md
units/institutions/galleria-palatina,institution,帕拉蒂纳画廊,Galleria Palatina,front-matter,2026-09-14,2026-09-14,04-knowledge/units/institutions/galleria-palatina.md
units/institutions/galleria-spada,institution,斯帕达美术馆,Galleria Spada,front-matter,2026-09-14,2026-09-14,04-knowledge/units/institutions/galleria-spada.md
units/institutions/gallerie-ditalia,institution,意大利画廊,Gallerie d'Italia,chp-1,2026-09-13,2026-09-14,04-knowledge/units/institutions/gallerie-ditalia.md
units/institutions/gemaeldegalerie-berlin,institution,柏林绘画馆,Gemäldegalerie Berlin,front-matter,2026-09-13,2026-09-14,04-knowledge/units/institutions/gemaeldegalerie-berlin.md
units/institutions/gubbio-civic-magistracy,institution,古比奥市政共同体,Gubbio civic magistracy,chp-1,2026-09-25,2026-09-25,04-knowledge/units/institutions/gubbio-civic-magistracy.md
units/institutions/gymnasium-zu-grauen-kloster,institution,柏林灰修道院中学,Berlinisches Gymnasium zum Grauen Kloster,front-matter,2026-09-14,2026-09-14,04-knowledge/units/institutions/gymnasium-zu-grauen-kloster.md
units/institutions/hazan,institution,阿赞出版社,Hazan,front-matter,2026-09-15,2026-09-15,04-knowledge/units/institutions/hazan.md
units/institutions/heritage-malta,institution,马耳他遗产局,Heritage Malta,chp-1,2026-09-13,2026-09-14,04-knowledge/units/institutions/heritage-malta.md
units/institutions/hermitage-museum,institution,艾尔米塔什博物馆,Hermitage Museum,chp-1,2026-09-13,2026-09-14,04-knowledge/units/institutions/hermitage-museum.md
units/institutions/istituto-centrale-per-il-catalogo-e-la-documentazione,institution,中央编目与文献研究所,Istituto Centrale per il Catalogo e la Documentazione,front-matter,2026-09-14,2026-09-14,04-knowledge/units/institutions/istituto-centrale-per-il-catalogo-e-la-documentazione.md
units/institutions/istituto-della-enciclopedia-italiana,institution,意大利百科全书研究院,Istituto della Enciclopedia Italiana,front-matter,2026-09-14,2026-09-14,04-knowledge/units/institutions/istituto-della-enciclopedia-italiana.md
units/institutions/istituto-per-la-collaborazione-culturale,institution,文化合作研究所,Istituto per la collaborazione culturale,front-matter,2026-09-15,2026-09-15,04-knowledge/units/institutions/istituto-per-la-collaborazione-culturale.md
units/institutions/jesuits,institution,耶稣会,Jesuits,,2026-09-09,2026-09-14,04-knowledge/units/institutions/jesuits.md
units/institutions/kegan-paul-trench-trubner,institution,基根·保罗、特伦奇、特吕布纳出版公司,"Kegan Paul, Trench, Trubner & Co., Ltd.",front-matter,2026-09-15,2026-09-15,04-knowledge/units/institutions/kegan-paul-trench-trubner.md
units/institutions/kimbell-art-museum,institution,金贝尔艺术博物馆,Kimbell Art Museum,chp-1,2026-09-13,2026-09-14,04-knowledge/units/institutions/kimbell-art-museum.md
units/institutions/kings-college-cambridge,institution,剑桥国王学院,"King's College, Cambridge",,,,04-knowledge/units/institutions/kings-college-cambridge.md
units/institutions/knights-hospitaller,institution,医院骑士团／马耳他骑士团,Knights Hospitaller,chp-1,2026-09-13,2026-09-14,04-knowledge/units/institutions/knights-hospitaller.md
units/institutions/kunsthistorisches-museum,institution,维也纳艺术史博物馆,Kunsthistorisches Museum,chp-1,2026-09-13,2026-09-14,04-knowledge/units/institutions/kunsthistorisches-museum.md
units/institutions/kunstsammlungen-kassel,institution,卡塞尔艺术收藏机构,"Kunstsammlungen, Kassel",front-matter,2026-09-14,2026-09-15,04-knowledge/units/institutions/kunstsammlungen-kassel.md
units/institutions/library-of-congress,institution,美国国会图书馆,Library of Congress,front-matter,2026-09-14,2026-09-14,04-knowledge/units/institutions/library-of-congress.md
units/institutions/louvre-museum,institution,卢浮宫博物馆,Louvre Museum,chp-1,2026-09-13,2026-09-14,04-knowledge/units/institutions/louvre-museum.md
units/institutions/marlborough-fine-art-ltd,institution,马尔伯勒美术公司,Marlborough Fine Art Ltd,front-matter,2026-09-14,2026-09-15,04-knowledge/units/institutions/marlborough-fine-art-ltd.md
units/institutions/mascardi-rome,institution,罗马马斯卡尔迪出版机构,Mascardi (Rome),front-matter,2026-09-15,2026-09-15,04-knowledge/units/institutions/mascardi-rome.md
units/institutions/metropolitan-museum-of-art,institution,大都会艺术博物馆,Metropolitan Museum of Art,chp-1,2026-09-13,2026-09-14,04-knowledge/units/institutions/metropolitan-museum-of-art.md
units/institutions/ministry-of-works,institution,英国工程部,Ministry of Works,front-matter,2026-09-14,2026-09-14,04-knowledge/units/institutions/ministry-of-works.md
units/institutions/musee-cognacq-jay,institution,科涅克—杰博物馆,Musée Cognacq-Jay,front-matter,2026-09-14,2026-09-15,04-knowledge/units/institutions/musee-cognacq-jay.md
units/institutions/musei-civici-veneziani,institution,威尼斯市立博物馆系统,Musei civici veneziani,front-matter,2026-09-14,2026-09-14,04-knowledge/units/institutions/musei-civici-veneziani.md
units/institutions/museo-correr,institution,科雷尔博物馆,Museo Correr,front-matter,2026-09-14,2026-09-15,04-knowledge/units/institutions/museo-correr.md
units/institutions/museo-del-prado,institution,普拉多国家博物馆,Museo del Prado,chp-1,2026-09-13,2026-09-14,04-knowledge/units/institutions/museo-del-prado.md
units/institutions/museo-di-capodimonte,institution,卡波迪蒙特博物馆,Museo di Capodimonte,front-matter,2026-09-14,2026-09-14,04-knowledge/units/institutions/museo-di-capodimonte.md
units/institutions/museum-boymansvan-beuningen,institution,博伊曼斯—范伯宁恩博物馆,Museum Boijmans Van Beuningen,front-matter,2026-09-14,2026-09-14,04-knowledge/units/institutions/museum-boymansvan-beuningen.md
units/institutions/museum-of-fine-arts-houston,institution,休斯敦美术馆,"The Museum of Fine Arts, Houston",front-matter,2026-09-14,2026-09-15,04-knowledge/units/institutions/museum-of-fine-arts-houston.md
units/institutions/museum-schloss-wilhelmshoehe,institution,威廉高地宫博物馆,Museum Schloss Wilhelmshöhe,front-matter,2026-09-15,2026-09-15,04-knowledge/units/institutions/museum-schloss-wilhelmshoehe.md
units/institutions/national-art-collections-fund,institution,国家艺术收藏基金,National Art Collections Fund,front-matter,2026-09-15,2026-09-15,04-knowledge/units/institutions/national-art-collections-fund.md
units/institutions/national-gallery-london,institution,英国国家美术馆,National Gallery,chp-1,2026-09-13,2026-09-14,04-knowledge/units/institutions/national-gallery-london.md
units/institutions/national-gallery-of-ireland,institution,爱尔兰国家美术馆,National Gallery of Ireland,chp-1,2026-09-13,2026-09-14,04-knowledge/units/institutions/national-gallery-of-ireland.md
units/institutions/national-gallery-of-scotland,institution,苏格兰国家美术馆,Scottish National Gallery,front-matter,2026-09-14,2026-09-14,04-knowledge/units/institutions/national-gallery-of-scotland.md
units/institutions/national-gallery-of-victoria,institution,维多利亚国家美术馆,National Gallery of Victoria,front-matter,2026-09-14,2026-09-14,04-knowledge/units/institutions/national-gallery-of-victoria.md
units/institutions/national-museum-stockholm,institution,斯德哥尔摩国家博物馆,Nationalmuseum,front-matter,2026-09-14,2026-09-14,04-knowledge/units/institutions/national-museum-stockholm.md
units/institutions/national-portrait-gallery,institution,伦敦国家肖像馆,"National Portrait Gallery, London",front-matter,2026-09-14,2026-09-14,04-knowledge/units/institutions/national-portrait-gallery.md
units/institutions/national-trust,institution,英国国民信托,National Trust,front-matter,2026-09-14,2026-09-14,04-knowledge/units/institutions/national-trust.md
units/institutions/north-carolina-museum-of-art,institution,北卡罗来纳艺术博物馆,North Carolina Museum of Art,front-matter,2026-09-14,2026-09-14,04-knowledge/units/institutions/north-carolina-museum-of-art.md
units/institutions/odesa-museum-western-eastern-art,institution,敖德萨西方与东方艺术博物馆,Odesa Museum of Western and Eastern Art,chp-1,2026-09-13,2026-09-14,04-knowledge/units/institutions/odesa-museum-western-eastern-art.md
units/institutions/oratorians,institution,奥拉托利会,Oratorians,,2026-09-09,2026-09-14,04-knowledge/units/institutions/oratorians.md
units/institutions/osvaldo-bohm-photographic-publisher,institution,奥斯瓦尔德·伯姆摄影商号,Ditta Osvaldo Böhm,front-matter,2026-09-14,2026-09-14,04-knowledge/units/institutions/osvaldo-bohm-photographic-publisher.md
units/institutions/phaidon,institution,费顿出版社,Phaidon,front-matter,2026-09-15,2026-09-15,04-knowledge/units/institutions/phaidon.md
units/institutions/pinacoteca-ambrosiana,institution,安布罗西亚纳画廊,Pinacoteca Ambrosiana,chp-1,2026-09-13,2026-09-14,04-knowledge/units/institutions/pinacoteca-ambrosiana.md
units/institutions/pinacoteca-capitolina,institution,卡比托利欧绘画馆,Pinacoteca Capitolina,front-matter,2026-09-14,2026-09-15,04-knowledge/units/institutions/pinacoteca-capitolina.md
units/institutions/pinacoteca-vaticana,institution,梵蒂冈绘画馆,Pinacoteca Vaticana,chp-1,2026-09-09,2026-09-14,04-knowledge/units/institutions/pinacoteca-vaticana.md
units/institutions/pio-monte-della-misericordia,institution,仁慈山会,Pio Monte della Misericordia,chp-1,2026-09-13,2026-09-14,04-knowledge/units/institutions/pio-monte-della-misericordia.md
units/institutions/princeton-university-art-museum,institution,普林斯顿大学艺术博物馆,Princeton University Art Museum,front-matter,2026-09-14,2026-09-15,04-knowledge/units/institutions/princeton-university-art-museum.md
units/institutions/princeton-university,institution,普林斯顿大学,Princeton University,front-matter,2026-09-15,2026-09-15,04-knowledge/units/institutions/princeton-university.md
units/institutions/regional-museum-messina,institution,墨西拿区域博物馆,Regional Museum of Messina,chp-1,2026-09-13,2026-09-14,04-knowledge/units/institutions/regional-museum-messina.md
units/institutions/republic-of-venice,institution,威尼斯共和国,Republic of Venice,front-matter,2026-09-14,2026-09-15,04-knowledge/units/institutions/republic-of-venice.md
units/institutions/royal-academy,institution,皇家艺术研究院,Royal Academy of Arts,front-matter,2026-09-14,2026-09-15,04-knowledge/units/institutions/royal-academy.md
units/institutions/royal-collection,institution,英国皇家收藏,Royal Collection,chp-1,2026-09-13,2026-09-14,04-knowledge/units/institutions/royal-collection.md
units/institutions/royal-collections-gallery,institution,西班牙皇家收藏美术馆,Royal Collections Gallery,chp-1,2026-09-13,2026-09-14,04-knowledge/units/institutions/royal-collections-gallery.md
units/institutions/samuel-h-kress-foundation,institution,塞缪尔·H. 克雷斯基金会,Samuel H. Kress Foundation,front-matter,2026-09-14,2026-09-14,04-knowledge/units/institutions/samuel-h-kress-foundation.md
units/institutions/sanssouci-picture-gallery,institution,无忧宫画廊,Sanssouci Picture Gallery,chp-1,2026-09-13,2026-09-14,04-knowledge/units/institutions/sanssouci-picture-gallery.md
units/institutions/schildersbent,institution,画家帮,Schildersbent,,2026-09-09,2026-09-14,04-knowledge/units/institutions/schildersbent.md
units/institutions/service-de-documentation-photographique-des-musees-nationaux,institution,法国国家博物馆摄影文献服务处,Service de Documentation Photographique des Musées Nationaux,front-matter,2026-09-14,2026-09-15,04-knowledge/units/institutions/service-de-documentation-photographique-des-musees-nationaux.md
units/institutions/sir-john-soanes-museum,institution,约翰·索恩爵士博物馆,Sir John Soane’s Museum,front-matter,2026-09-14,2026-09-15,04-knowledge/units/institutions/sir-john-soanes-museum.md
units/institutions/soprintendenza-alle-gallerie-florence,institution,佛罗伦萨美术馆监管机构,"Soprintendenza alle Gallerie, Florence",front-matter,2026-09-14,2026-09-15,04-knowledge/units/institutions/soprintendenza-alle-gallerie-florence.md
units/institutions/staatsgalerie-stuttgart,institution,斯图加特州立美术馆,"Staatsgalerie, Stuttgart",front-matter,2026-09-14,2026-09-15,04-knowledge/units/institutions/staatsgalerie-stuttgart.md
units/institutions/stearn-and-son,institution,斯特恩父子摄影商号,Stearn & Sons,front-matter,2026-09-14,2026-09-15,04-knowledge/units/institutions/stearn-and-son.md
units/institutions/stichting-museum-boijmans-van-beuningen,institution,博伊曼斯—范伯宁恩博物馆基金会,Stichting Museum Boijmans Van Beuningen,front-matter,2026-09-14,2026-09-14,04-knowledge/units/institutions/stichting-museum-boijmans-van-beuningen.md
units/institutions/streitsche-stiftung,institution,施特赖特基金会,Streitsche Stiftung,front-matter,2026-09-14,2026-09-14,04-knowledge/units/institutions/streitsche-stiftung.md
units/institutions/studio-fotografico-balelli,institution,巴莱利摄影工作室,Studio fotografico Balelli,front-matter,2026-09-14,2026-09-14,04-knowledge/units/institutions/studio-fotografico-balelli.md
units/institutions/t-and-a-constable,institution,T.与A.康斯特布尔印刷公司,T. and A. Constable Ltd.,front-matter,2026-09-14,2026-09-14,04-knowledge/units/institutions/t-and-a-constable.md
units/institutions/theatines,institution,戴蒂尼会,Theatines,chp-1,2026-09-09,2026-09-14,04-knowledge/units/institutions/theatines.md
units/institutions/thyssen-bornemisza-museum,institution,提森-博内米萨国家博物馆,Thyssen-Bornemisza Museum,chp-1,2026-09-13,2026-09-14,04-knowledge/units/institutions/thyssen-bornemisza-museum.md
units/institutions/turners-of-cambridge,institution,剑桥特纳摄影商号,Turners of Cambridge,front-matter,2026-09-14,2026-09-15,04-knowledge/units/institutions/turners-of-cambridge.md
units/institutions/ufficio-dell-assessore-comunale-alle-belle-arti,institution,罗马市美术委员办公室,Ufficio dell'Assessore Comunale alle Belle Arti,front-matter,2026-09-14,2026-09-15,04-knowledge/units/institutions/ufficio-dell-assessore-comunale-alle-belle-arti.md
units/institutions/uffizi-gallery,institution,乌菲齐美术馆,Uffizi Gallery,,2026-09-13,2026-09-14,04-knowledge/units/institutions/uffizi-gallery.md
units/institutions/university-library-cambridge,institution,剑桥大学图书馆,Cambridge University Library,front-matter,2026-09-14,2026-09-15,04-knowledge/units/institutions/university-library-cambridge.md
units/institutions/university-of-cambridge,institution,剑桥大学,University of Cambridge,front-matter,2026-09-14,2026-09-15,04-knowledge/units/institutions/university-of-cambridge.md
units/institutions/university-of-london,institution,伦敦大学,University of London,front-matter,2026-09-14,2026-09-15,04-knowledge/units/institutions/university-of-london.md
units/institutions/university-of-padua,institution,帕多瓦大学,University of Padua,front-matter,2026-09-14,2026-09-15,04-knowledge/units/institutions/university-of-padua.md
units/institutions/university-of-pittsburgh,institution,匹兹堡大学,University of Pittsburgh,front-matter,2026-09-14,2026-09-15,04-knowledge/units/institutions/university-of-pittsburgh.md
units/institutions/university-of-turin,institution,都灵大学,University of Turin,front-matter,2026-09-14,2026-09-15,04-knowledge/units/institutions/university-of-turin.md
units/institutions/victoria-and-albert-museum,institution,维多利亚与阿尔伯特博物馆,Victoria and Albert Museum,chp-1,2026-09-09,2026-09-14,04-knowledge/units/institutions/victoria-and-albert-museum.md
units/institutions/virginia-museum-of-fine-arts,institution,弗吉尼亚美术馆,Virginia Museum of Fine Arts,front-matter,2026-09-14,2026-09-14,04-knowledge/units/institutions/virginia-museum-of-fine-arts.md
units/institutions/wadsworth-atheneum,institution,沃兹沃思学会艺术博物馆,Wadsworth Atheneum Museum of Art,chp-1,2026-09-13,2026-09-14,04-knowledge/units/institutions/wadsworth-atheneum.md
units/institutions/wallraf-richartz-museum,institution,瓦尔拉夫—里夏茨博物馆,Wallraf-Richartz Museum,front-matter,2026-09-14,2026-09-15,04-knowledge/units/institutions/wallraf-richartz-museum.md
units/institutions/warburg-institute-library,institution,瓦尔堡研究院图书馆,Library of the Warburg Institute,front-matter,2026-09-14,2026-09-15,04-knowledge/units/institutions/warburg-institute-library.md
units/institutions/warburg-institute,institution,瓦尔堡研究院,Warburg Institute,front-matter,2026-09-14,2026-09-15,04-knowledge/units/institutions/warburg-institute.md
units/institutions/yale-university-press,institution,耶鲁大学出版社,Yale University Press,front-matter,2026-09-14,2026-09-15,04-knowledge/units/institutions/yale-university-press.md
units/institutions/yale-university,institution,耶鲁大学,Yale University,front-matter,2026-09-14,2026-09-14,04-knowledge/units/institutions/yale-university.md
units/persons/a-d-gabbiani,person,安东·多梅尼科·加比亚尼,Anton Domenico Gabbiani,front-matter,2026-09-14,2026-09-14,04-knowledge/units/persons/a-d-gabbiani.md
units/persons/a-de-montaiglon,person,阿纳托尔·库尔德·德·蒙泰格隆,Anatole Courde de Montaiglon,front-matter,2026-09-14,2026-09-14,04-knowledge/units/persons/a-de-montaiglon.md
units/persons/a-m-zanetti-the-elder,person,老安东·玛丽亚·扎内蒂,Anton Maria Zanetti the Elder,front-matter,2026-09-14,2026-09-14,04-knowledge/units/persons/a-m-zanetti-the-elder.md
units/persons/a-n-l-munby,person,艾伦·诺埃尔·拉蒂默·芒比,Alan Noel Latimer Munby,front-matter,2026-09-14,2026-09-15,04-knowledge/units/persons/a-n-l-munby.md
units/persons/abate-lancellotti,person,塞孔多·兰切洛蒂,Secondo Lancellotti,chp-1,2026-09-09,2026-09-14,04-knowledge/units/persons/abate-lancellotti.md
units/persons/abraham-hume,person,亚伯拉罕·休谟,Abraham Hume,front-matter,2026-09-14,2026-09-14,04-knowledge/units/persons/abraham-hume.md
units/persons/agostino-masucci,person,阿戈斯蒂诺·马苏奇,Agostino Masucci,front-matter,2026-09-14,2026-09-14,04-knowledge/units/persons/agostino-masucci.md
units/persons/albrizzi,person,乔万尼·巴蒂斯塔·阿尔布里齐,Giovanni Battista Albrizzi,front-matter,2026-09-14,2026-09-14,04-knowledge/units/persons/albrizzi.md
units/persons/alessandro-bettagno,person,亚历山德罗·贝塔尼奥,Alessandro Bettagno,,,,04-knowledge/units/persons/alessandro-bettagno.md
units/persons/alessandro-longhi,person,亚历山德罗·隆吉,Alessandro Longhi,front-matter,2026-09-14,2026-09-14,04-knowledge/units/persons/alessandro-longhi.md
units/persons/alessandro-marabottini-marabotti,person,亚历山德罗·马拉博蒂尼·马拉博蒂,Alessandro Marabottini Marabotti,front-matter,2026-09-14,2026-09-15,04-knowledge/units/persons/alessandro-marabottini-marabotti.md
units/persons/alessandro-peretti-montalto,person,亚历山德罗·佩雷蒂—蒙塔尔托,Alessandro Peretti-Montalto,,2026-09-09,2026-09-14,04-knowledge/units/persons/alessandro-peretti-montalto.md
units/persons/alessandro-vasalli,person,亚历山德罗·瓦萨利,Alessandro Vasalli,chp-1,2026-09-09,2026-09-14,04-knowledge/units/persons/alessandro-vasalli.md
units/persons/alexander-vii,person,亚历山大七世,Alexander VII,front-matter,2026-09-09,2026-09-25,04-knowledge/units/persons/alexander-vii.md
units/persons/alof-de-wignacourt,person,阿洛夫·德·维尼亚库尔,Alof de Wignacourt,chp-1,2026-09-13,2026-09-14,04-knowledge/units/persons/alof-de-wignacourt.md
units/persons/amadeo-swajer,person,阿马德奥·斯瓦耶尔,Amadeo Swajer,front-matter,2026-09-14,2026-09-15,04-knowledge/units/persons/amadeo-swajer.md
units/persons/ameyden,person,迪尔克·范·阿梅登,Dirk van Ameyden,,2026-09-09,2026-09-14,04-knowledge/units/persons/ameyden.md
units/persons/amigoni,person,雅各布·阿米戈尼,Jacopo Amigoni,front-matter,2026-09-14,2026-09-14,04-knowledge/units/persons/amigoni.md
units/persons/andrea-camassei,person,安德烈亚·卡马塞伊,Andrea Camassei,,2026-09-09,2026-09-14,04-knowledge/units/persons/andrea-camassei.md
units/persons/andrea-memmo,person,安德烈亚·梅莫,Andrea Memmo,front-matter,2026-09-14,2026-09-15,04-knowledge/units/persons/andrea-memmo.md
units/persons/andrea-pozzo,person,安德烈亚·波佐,Andrea Pozzo,,2026-09-09,2026-09-14,04-knowledge/units/persons/andrea-pozzo.md
units/persons/andrea-procaccini,person,安德烈亚·普罗卡奇尼,Andrea Procaccini,,2026-09-09,2026-09-14,04-knowledge/units/persons/andrea-procaccini.md
units/persons/andrea-sacchi,person,安德烈亚·萨基,Andrea Sacchi,,2026-09-09,2026-09-14,04-knowledge/units/persons/andrea-sacchi.md
units/persons/angela-mizzina,person,安杰拉·米齐纳,Angela Mizzina,front-matter,2026-09-14,2026-09-14,04-knowledge/units/persons/angela-mizzina.md
units/persons/angelica-galante,person,安杰莉卡·加兰特,Angelica Galante,chp-1,2026-09-25,2026-09-25,04-knowledge/units/persons/angelica-galante.md
units/persons/ann-sutherland-harris,person,安·萨瑟兰·哈里斯,Ann Sutherland Harris,front-matter,2026-09-14,2026-09-15,04-knowledge/units/persons/ann-sutherland-harris.md
units/persons/annibale-bentivoglio,person,安尼巴莱·本蒂沃利奥,Annibale Bentivoglio,front-matter,2026-09-14,2026-09-14,04-knowledge/units/persons/annibale-bentivoglio.md
units/persons/annibale-carracci,person,安尼巴莱·卡拉奇,Annibale Carracci,,2026-09-09,2026-09-14,04-knowledge/units/persons/annibale-carracci.md
units/persons/annibale-laparelli,person,安尼巴莱·拉帕雷利,Annibale Laparelli,chp-1,2026-09-09,2026-09-14,04-knowledge/units/persons/annibale-laparelli.md
units/persons/anthony-blunt,person,安东尼·弗雷德里克·布伦特,Anthony Frederick Blunt,front-matter,2026-09-14,2026-09-15,04-knowledge/units/persons/anthony-blunt.md
units/persons/anthony-clark,person,安东尼·莫里斯·克拉克,Anthony Morris Clark,front-matter,2026-09-14,2026-09-15,04-knowledge/units/persons/anthony-clark.md
units/persons/antonio-barberini,person,安东尼奥·巴贝里尼,Antonio Barberini,,2026-09-09,2026-09-14,04-knowledge/units/persons/antonio-barberini.md
units/persons/antonio-draghi,person,安东尼奥·德拉吉,Antonio Draghi,front-matter,2026-09-14,2026-09-14,04-knowledge/units/persons/antonio-draghi.md
units/persons/antonio-ruffo,person,安东尼奥·鲁福,Don Antonio Ruffo,,2026-09-09,2026-09-14,04-knowledge/units/persons/antonio-ruffo.md
units/persons/antonio-verrio,person,安东尼奥·韦里奥,Antonio Verrio,front-matter,2026-09-14,2026-09-15,04-knowledge/units/persons/antonio-verrio.md
units/persons/archbishop-tillotson,person,约翰·蒂洛特森,John Tillotson,front-matter,2026-09-14,2026-09-14,04-knowledge/units/persons/archbishop-tillotson.md
units/persons/aristotle,person,亚里士多德,Aristotle,front-matter,2026-09-14,2026-09-25,04-knowledge/units/persons/aristotle.md
units/persons/artemisia-gentileschi,person,阿尔泰米西娅·真蒂莱斯基,Artemisia Gentileschi,,2026-09-09,2026-09-14,04-knowledge/units/persons/artemisia-gentileschi.md
units/persons/b-nazari,person,巴托洛梅奥·纳扎里,Bartolomeo Nazari,front-matter,2026-09-14,2026-09-14,04-knowledge/units/persons/b-nazari.md
units/persons/baldassare-franceschini,person,巴尔达萨雷·弗兰切斯基尼,Baldassarre Franceschini,front-matter,2026-09-14,2026-09-15,04-knowledge/units/persons/baldassare-franceschini.md
units/persons/baldassare-longhena,person,巴尔达萨雷·隆盖纳,Baldassare Longhena,front-matter,2026-09-25,2026-09-25,04-knowledge/units/persons/baldassare-longhena.md
units/persons/bartolozzi,person,弗朗切斯科·巴尔托洛齐,Francesco Bartolozzi,front-matter,2026-09-14,2026-09-14,04-knowledge/units/persons/bartolozzi.md
units/persons/benedetto-luti,person,贝内代托·卢蒂,Benedetto Luti,,2026-09-09,2026-09-14,04-knowledge/units/persons/benedetto-luti.md
units/persons/benedict-nicolson,person,莱昂内尔·本尼迪克特·尼科尔森,Lionel Benedict Nicolson,front-matter,2026-09-14,2026-09-15,04-knowledge/units/persons/benedict-nicolson.md
units/persons/benvenuto-cellini,person,本韦努托·切利尼,Benvenuto Cellini,chp-1,2026-09-09,2026-09-14,04-knowledge/units/persons/benvenuto-cellini.md
units/persons/berlingete-gessi,person,贝尔林杰罗·杰西,Berlingero Gessi,chp-1,2026-09-09,2026-09-14,04-knowledge/units/persons/berlingete-gessi.md
units/persons/bernardino-castelli,person,贝尔纳迪诺·卡斯泰利,Bernardino Castelli,front-matter,2026-09-14,2026-09-15,04-knowledge/units/persons/bernardino-castelli.md
units/persons/bernardo-falconi,person,贝尔纳多·法尔科内（Bernardo Falconi，亦作 Bernardo Falcone）,Bernardo Falconi,front-matter,2026-09-25,2026-09-25,04-knowledge/units/persons/bernardo-falconi.md
units/persons/bonifazio-gozadini,person,博尼法齐奥·戈扎迪尼,Bonifazio Gozadini,chp-1,2026-09-09,2026-09-14,04-knowledge/units/persons/bonifazio-gozadini.md
units/persons/bruce-boucher,person,布鲁斯·安布勒·鲍彻,Bruce Ambler Boucher,front-matter,2026-09-14,2026-09-15,04-knowledge/units/persons/bruce-boucher.md
units/persons/burnacini,person,卢多维科·奥塔维奥·布尔纳奇尼,Ludovico Ottavio Burnacini,front-matter,2026-09-14,2026-09-14,04-knowledge/units/persons/burnacini.md
units/persons/camillo-gavasetti,person,卡米洛·加瓦塞蒂,Camillo Gavasetti,,2026-09-09,2026-09-14,04-knowledge/units/persons/camillo-gavasetti.md
units/persons/camillo-massimi,person,卡米洛·马西米,Camillo Massimi,front-matter,2026-09-14,2026-09-14,04-knowledge/units/persons/camillo-massimi.md
units/persons/camillo-pamfili,person,卡米洛·弗朗切斯科·玛丽亚·潘菲利,Camillo Francesco Maria Pamphili,,2026-09-09,2026-09-14,04-knowledge/units/persons/camillo-pamfili.md
units/persons/canaletto,person,乔瓦尼·安东尼奥·卡纳尔,Giovanni Antonio Canal,,,,04-knowledge/units/persons/canaletto.md
units/persons/canova,person,安东尼奥·卡诺瓦,Antonio Canova,front-matter,2026-09-14,2026-09-14,04-knowledge/units/persons/canova.md
units/persons/caravaggio,person,卡拉瓦乔,Caravaggio,,2026-09-09,2026-09-14,04-knowledge/units/persons/caravaggio.md
units/persons/cardinal-bentivoglio,person,圭多·本蒂沃利奥,Guido Bentivoglio,front-matter,2026-09-14,2026-09-14,04-knowledge/units/persons/cardinal-bentivoglio.md
units/persons/cardinal-borghese-ch1,person,希皮奥内·博尔盖塞枢机,Cardinal Scipione Borghese,,2026-09-09,2026-09-14,04-knowledge/units/persons/cardinal-borghese-ch1.md
units/persons/cardinal-pio-bonati,person,卡洛·皮奥·迪·萨伏依,Carlo Pio di Savoia,,2026-09-09,2026-09-14,04-knowledge/units/persons/cardinal-pio-bonati.md
units/persons/cardinal-rospigliosi-gimignani,person,朱利奥·罗斯皮廖西,Giulio Rospigliosi,,2026-09-09,2026-09-14,04-knowledge/units/persons/cardinal-rospigliosi-gimignani.md
units/persons/carlo-bianconi,person,卡洛·比安科尼,Carlo Bianconi,front-matter,2026-09-14,2026-09-14,04-knowledge/units/persons/carlo-bianconi.md
units/persons/carlo-cesare-malvasia,person,卡洛·切萨雷·马尔瓦西亚,Carlo Cesare Malvasia,,2026-09-09,2026-09-14,04-knowledge/units/persons/carlo-cesare-malvasia.md
units/persons/carlo-dolci,person,卡洛·多尔奇,Carlo Dolci,front-matter,2026-09-14,2026-09-15,04-knowledge/units/persons/carlo-dolci.md
units/persons/carlo-lodoli,person,卡洛·洛多利,Carlo Lodoli,front-matter,2026-09-14,2026-09-15,04-knowledge/units/persons/carlo-lodoli.md
units/persons/carlo-maratta,person,卡洛·马拉塔,Carlo Maratta,,2026-09-09,2026-09-14,04-knowledge/units/persons/carlo-maratta.md
units/persons/carlo-quarisimini-ch1,person,"卡洛·夸里斯米尼（1696年通信者）（Carlo Quarismini, correspondent in 1696）",Carlo Quarismini,chp-1,2026-09-09,2026-09-14,04-knowledge/units/persons/carlo-quarisimini-ch1.md
units/persons/carlo-ridolfi,person,卡洛·里多尔菲,Carlo Ridolfi,chp-1,2026-09-09,2026-09-14,04-knowledge/units/persons/carlo-ridolfi.md
units/persons/cassiano-dal-pozzo,person,卡西亚诺·达尔·波佐,Cassiano dal Pozzo,front-matter,2026-09-14,2026-09-14,04-knowledge/units/persons/cassiano-dal-pozzo.md
units/persons/cesare-leopardi-dosimo,person,切萨雷·莱奥帕尔迪·多西莫,Don Cesare Leopardi d’Osimo,chp-1,2026-09-09,2026-09-14,04-knowledge/units/persons/cesare-leopardi-dosimo.md
units/persons/charles-fox,person,查尔斯·福克斯,Charles Fox,front-matter,2026-09-14,2026-09-14,04-knowledge/units/persons/charles-fox.md
units/persons/charles-francois-poerson,person,夏尔-弗朗索瓦·普瓦松,Charles-François Poerson,front-matter,2026-09-14,2026-09-15,04-knowledge/units/persons/charles-francois-poerson.md
units/persons/charles-i,person,查理一世,Charles I of England,front-matter,2026-09-14,2026-09-25,04-knowledge/units/persons/charles-i.md
units/persons/charles-v,person,查理五世,Charles V,,2026-09-09,2026-09-14,04-knowledge/units/persons/charles-v.md
units/persons/christina-of-sweden,person,瑞典女王克里斯蒂娜,Christina of Sweden,chp-1,2026-09-09,2026-09-14,04-knowledge/units/persons/christina-of-sweden.md
units/persons/cimaroli,person,乔瓦尼·巴蒂斯塔·奇马罗利,Giovanni Battista Cimaroli,front-matter,2026-09-14,2026-09-14,04-knowledge/units/persons/cimaroli.md
units/persons/ciriaco-mattei,person,奇里亚科·马泰,Ciriaco Mattei,chp-1,2026-09-13,2026-09-14,04-knowledge/units/persons/ciriaco-mattei.md
units/persons/ciro-ferri,person,奇罗·费里,Ciro Ferri,,2026-09-09,2026-09-14,04-knowledge/units/persons/ciro-ferri.md
units/persons/claude-lorrain,person,克劳德·洛兰,Claude Lorrain,,2026-09-09,2026-09-14,04-knowledge/units/persons/claude-lorrain.md
units/persons/claude-mellan,person,克洛德·梅朗,Claude Mellan,front-matter,2026-09-14,2026-09-15,04-knowledge/units/persons/claude-mellan.md
units/persons/clement-i,person,圣克莱孟一世,Clement I,front-matter,2026-09-14,2026-09-14,04-knowledge/units/persons/clement-i.md
units/persons/clement-viii,person,克勉八世,Clement VIII,chp-1,2026-09-12,2026-09-14,04-knowledge/units/persons/clement-viii.md
units/persons/clement-xi,person,克雷芒十一世,Clement XI,,2026-09-09,2026-09-14,04-knowledge/units/persons/clement-xi.md
units/persons/correggio,person,科雷乔,Correggio,,2026-09-09,2026-09-14,04-knowledge/units/persons/correggio.md
units/persons/dan-fellows-platt,person,丹·费洛斯·普拉特,Dan Fellows Platt,front-matter,2026-09-14,2026-09-14,04-knowledge/units/persons/dan-fellows-platt.md
units/persons/daphne-ionides,person,达芙妮·伊奥尼德斯,Daphne Ionides,front-matter,2026-09-14,2026-09-25,04-knowledge/units/persons/daphne-ionides.md
units/persons/denis-mahon,person,丹尼斯·马洪,Denis Mahon,,2026-09-09,2026-09-15,04-knowledge/units/persons/denis-mahon.md
units/persons/domenichino,person,多梅尼科·赞皮耶里,Domenico Zampieri,,2026-09-09,2026-09-14,04-knowledge/units/persons/domenichino.md
units/persons/domenico-cerato,person,多梅尼科·切拉托,Domenico Cerato,front-matter,2026-09-14,2026-09-15,04-knowledge/units/persons/domenico-cerato.md
units/persons/domenico-maria-viani,person,多梅尼科·马里亚·维亚尼,Domenico Maria Viani,front-matter,2026-09-14,2026-09-15,04-knowledge/units/persons/domenico-maria-viani.md
units/persons/duke-bracciano-mulier,person,布拉恰诺公爵（穆利耶尔的雇主）,Duke of Bracciano (Mulier’s patron),chp-1,2026-09-09,2026-09-14,04-knowledge/units/persons/duke-bracciano-mulier.md
units/persons/duke-mantua-reni-1617,person,费迪南多·贡扎加,Ferdinando Gonzaga,chp-1,2026-09-09,2026-09-14,04-knowledge/units/persons/duke-mantua-reni-1617.md
units/persons/duke-parma-ghezzi,person,帕尔马公爵（盖齐授衔语境）,Duke of Parma (Ghezzi’s honorary appointment),chp-1,2026-09-09,2026-09-14,04-knowledge/units/persons/duke-parma-ghezzi.md
units/persons/eberhard-zwicker,person,埃伯哈德·茨维克,Eberhard Zwicker,front-matter,2026-09-14,2026-09-25,04-knowledge/units/persons/eberhard-zwicker.md
units/persons/elizabeth-orna,person,伊丽莎白·奥纳,Elizabeth Orna,front-matter,2026-09-14,2026-09-25,04-knowledge/units/persons/elizabeth-orna.md
units/persons/ellis-waterhouse,person,埃利斯·柯克姆·沃特豪斯,Ellis Kirkham Waterhouse,,,,04-knowledge/units/persons/ellis-waterhouse.md
units/persons/enzo-crea,person,恩佐·克雷亚,Enzo Crea,front-matter,2026-09-14,2026-09-14,04-knowledge/units/persons/enzo-crea.md
units/persons/ermete-cavalletti,person,埃尔梅特·卡瓦莱蒂,Ermete Cavalletti,chp-1,2026-09-13,2026-09-14,04-knowledge/units/persons/ermete-cavalletti.md
units/persons/ernest-cognacq,person,泰奥多尔—埃内斯特·科涅克,Théodore-Ernest Cognacq,front-matter,2026-09-15,2026-09-15,04-knowledge/units/persons/ernest-cognacq.md
units/persons/ernest-graf,person,欧内斯特·格拉夫,Ernest Graf,front-matter,2026-09-15,2026-09-15,04-knowledge/units/persons/ernest-graf.md
units/persons/fabrizio-arragona,person,法布里齐奥·阿拉戈纳,Fabrizio Arragona,chp-1,2026-09-09,2026-09-14,04-knowledge/units/persons/fabrizio-arragona.md
units/persons/fabrizio-valguarnera,person,法布里齐奥·瓦尔瓜尔内拉,Fabrizio Valguarnera,chp-1,2026-09-09,2026-09-14,04-knowledge/units/persons/fabrizio-valguarnera.md
units/persons/federigo-zuccari,person,费德里科·祖卡里,Federico Zuccari,,2026-09-09,2026-09-14,04-knowledge/units/persons/federigo-zuccari.md
units/persons/ferdinand-grand-prince-tuscany,person,托斯卡纳大公子费迪南多,Grand Prince Ferdinand of Tuscany,front-matter,2026-09-14,2026-09-14,04-knowledge/units/persons/ferdinand-grand-prince-tuscany.md
units/persons/ferdinando-ii-de-medici,person,费迪南多二世·德·美第奇,Ferdinando II de’ Medici,front-matter,2026-09-14,2026-09-14,04-knowledge/units/persons/ferdinando-ii-de-medici.md
units/persons/ferdinando-marescalchi,person,费迪南多·马雷斯卡尔基,Ferdinando Marescalchi,front-matter,2026-09-15,2026-09-15,04-knowledge/units/persons/ferdinando-marescalchi.md
units/persons/filippo-baldinucci,person,菲利波·巴尔迪努奇,Filippo Baldinucci,,2026-09-09,2026-09-14,04-knowledge/units/persons/filippo-baldinucci.md
units/persons/filippo-hercolani-1736,person,菲利波·埃尔科拉尼（Filippo Hercolani，1736–1810）,Filippo Hercolani (1736–1810),,2026-09-25,2026-09-25,04-knowledge/units/persons/filippo-hercolani-1736.md
units/persons/filippo-lauri,person,菲利波·劳里,Filippo Lauri,chp-1,2026-09-09,2026-09-14,04-knowledge/units/persons/filippo-lauri.md
units/persons/flaminio-corner,person,弗拉米尼奥·科尔内尔,Flaminio Corner,front-matter,2026-09-14,2026-09-14,04-knowledge/units/persons/flaminio-corner.md
units/persons/flavio-chigi,person,弗拉维奥·基吉,Flavio Chigi,chp-1,2026-09-09,2026-09-14,04-knowledge/units/persons/flavio-chigi.md
units/persons/francesco-albani,person,弗朗切斯科·阿尔巴尼,Francesco Albani,chp-1,2026-09-09,2026-09-14,04-knowledge/units/persons/francesco-albani.md
units/persons/francesco-algarotti,person,弗朗切斯科·阿尔加罗蒂,Francesco Algarotti,front-matter,2026-09-14,2026-09-15,04-knowledge/units/persons/francesco-algarotti.md
units/persons/francesco-barberini,person,弗朗切斯科·巴贝里尼,Francesco Barberini,,2026-09-09,2026-09-14,04-knowledge/units/persons/francesco-barberini.md
units/persons/francesco-cavrioli,person,弗朗切斯科·卡夫里奥利,Francesco Cavrioli,front-matter,2026-09-25,2026-09-25,04-knowledge/units/persons/francesco-cavrioli.md
units/persons/francesco-fanelli,person,弗朗切斯科·法内利,Francesco Fanelli,front-matter,2026-09-14,2026-09-15,04-knowledge/units/persons/francesco-fanelli.md
units/persons/francesco-fontana,person,弗朗切斯科·丰塔纳,Francesco Fontana,,2026-09-09,2026-09-25,04-knowledge/units/persons/francesco-fontana.md
units/persons/francesco-guardi,person,弗朗切斯科·瓜尔迪,Francesco Guardi,front-matter,2026-09-14,2026-09-15,04-knowledge/units/persons/francesco-guardi.md
units/persons/francesco-maggiotto,person,弗朗切斯科·费代利（又称马焦托）,"Francesco Fedeli, detto il Maggiotto",chp-1,2026-09-14,2026-09-25,04-knowledge/units/persons/francesco-maggiotto.md
units/persons/galeazzo-fontana,person,加莱亚佐·丰塔纳,Galeazzo Fontana,chp-1,2026-09-25,2026-09-25,04-knowledge/units/persons/galeazzo-fontana.md
units/persons/maffeo-pinelli,person,马费奥·皮内利,Maffeo Pinelli,chp-1,2026-09-25,2026-09-25,04-knowledge/units/persons/maffeo-pinelli.md
units/persons/francesco-maria-del-monte,person,弗朗切斯科·玛丽亚·德尔·蒙特,Francesco Maria del Monte,chp-1,2026-09-13,2026-09-14,04-knowledge/units/persons/francesco-maria-del-monte.md
units/persons/francesco-novetti,person,弗朗切斯科·诺韦蒂,Francesco Novetti,chp-1,2026-09-09,2026-09-14,04-knowledge/units/persons/francesco-novetti.md
units/persons/francesco-petrucci,person,弗朗切斯科·彼得鲁奇,Francesco Petrucci,front-matter,2026-09-14,2026-09-15,04-knowledge/units/persons/francesco-petrucci.md
units/persons/francesco-trevisani,person,弗朗切斯科·特雷维萨尼,Francesco Trevisani,,2026-09-09,2026-09-14,04-knowledge/units/persons/francesco-trevisani.md
units/persons/francis-haskell,person,弗朗西斯·詹姆斯·赫伯特·哈斯克尔,Francis James Herbert Haskell,,,,04-knowledge/units/persons/francis-haskell.md
units/persons/franco-venturi,person,弗兰科·文图里,Franco Venturi,front-matter,2026-09-14,2026-09-15,04-knowledge/units/persons/franco-venturi.md
units/persons/francois-chauveau,person,弗朗索瓦·肖沃,François Chauveau,front-matter,2026-09-14,2026-09-14,04-knowledge/units/persons/francois-chauveau.md
units/persons/francois-mansart,person,弗朗索瓦·芒萨尔,François Mansart,front-matter,2026-09-14,2026-09-14,04-knowledge/units/persons/francois-mansart.md
units/persons/franz-koenigs,person,弗朗茨·克尼希斯,Franz Koenigs,front-matter,2026-09-14,2026-09-14,04-knowledge/units/persons/franz-koenigs.md
units/persons/frederick-iii,person,皇帝腓特烈三世,Frederick III,chp-1,2026-09-09,2026-09-14,04-knowledge/units/persons/frederick-iii.md
units/persons/fulvio-testi,person,富尔维奥·泰斯蒂,Fulvio Testi,,2026-09-09,2026-09-25,04-knowledge/units/persons/fulvio-testi.md
units/persons/g-h-w-rylands,person,乔治·汉弗莱·沃尔弗斯坦·赖兰兹,George Humphrey Wolferstan Rylands,front-matter,2026-09-14,2026-09-15,04-knowledge/units/persons/g-h-w-rylands.md
units/persons/g-m-sasso,person,乔万尼·马里亚·萨索,Giovanni Maria Sasso,front-matter,2026-09-14,2026-09-14,04-knowledge/units/persons/g-m-sasso.md
units/persons/g-volpato,person,乔万尼·沃尔帕托,Giovanni Volpato,front-matter,2026-09-14,2026-09-14,04-knowledge/units/persons/g-volpato.md
units/persons/gaetano-cozzi,person,加埃塔诺·科齐,Gaetano Cozzi,front-matter,2026-09-14,2026-09-15,04-knowledge/units/persons/gaetano-cozzi.md
units/persons/gaspar-roomer,person,加斯帕尔·罗默,Gaspar Roomer,front-matter,2026-09-14,2026-09-14,04-knowledge/units/persons/gaspar-roomer.md
units/persons/gaspard-dughet,person,加斯帕尔·迪盖,Gaspard Dughet,chp-1,2026-09-09,2026-09-14,04-knowledge/units/persons/gaspard-dughet.md
units/persons/gentile-bellini,person,真蒂莱·贝利尼,Gentile Bellini,chp-1,2026-09-09,2026-09-14,04-knowledge/units/persons/gentile-bellini.md
units/persons/giacinto-brandi,person,贾钦托·布兰迪,Giacinto Brandi,,2026-09-09,2026-09-14,04-knowledge/units/persons/giacinto-brandi.md
units/persons/giacomo-triga,person,贾科莫·特里加,Giacomo Triga,front-matter,2026-09-14,2026-09-14,04-knowledge/units/persons/giacomo-triga.md
units/persons/giambattista-passeri,person,乔万尼·巴蒂斯塔·帕塞里,Giovanni Battista Passeri,,2026-09-09,2026-09-14,04-knowledge/units/persons/giambattista-passeri.md
units/persons/giambattista-tiepolo,person,乔万巴蒂斯塔·提埃坡罗,Giambattista Tiepolo,,,,04-knowledge/units/persons/giambattista-tiepolo.md
units/persons/giammaria-morandi,person,乔万尼·玛丽亚·莫兰迪,Giovanni Maria Morandi,,2026-09-09,2026-09-14,04-knowledge/units/persons/giammaria-morandi.md
units/persons/gian-antonio-faldoni,person,乔瓦尼·安东尼奥·法尔多尼,Giovanni Antonio Faldoni,front-matter,2026-09-14,2026-09-15,04-knowledge/units/persons/gian-antonio-faldoni.md
units/persons/gian-lorenzo-bernini,person,吉安·洛伦佐·贝尔尼尼,Gian Lorenzo Bernini,,2026-09-09,2026-09-14,04-knowledge/units/persons/gian-lorenzo-bernini.md
units/persons/gianandrea-carlone,person,乔万尼·安德烈亚·卡尔洛内,Giovanni Andrea Carlone,chp-1,2026-09-09,2026-09-14,04-knowledge/units/persons/gianandrea-carlone.md
units/persons/giandomenico-tiepolo,person,乔万多梅尼科·提埃坡罗,Giandomenico Tiepolo,front-matter,2026-09-14,2026-09-14,04-knowledge/units/persons/giandomenico-tiepolo.md
units/persons/gianfranco-torcellan,person,詹弗兰科·托尔切兰,Gianfranco Torcellan,,,,04-knowledge/units/persons/gianfranco-torcellan.md
units/persons/giannantonio-fumiani,person,乔瓦尼·安东尼奥·富米亚尼,Giovanni Antonio Fumiani,front-matter,2026-09-14,2026-09-15,04-knowledge/units/persons/giannantonio-fumiani.md
units/persons/giaquinto-front-matter,person,科拉多·贾昆托,Corrado Giaquinto,front-matter,2026-09-14,2026-09-14,04-knowledge/units/persons/giaquinto-front-matter.md
units/persons/gio-gasparo-baldoini,person,乔瓦尼·加斯帕雷·巴尔多伊诺,Giovanni Gaspare Baldoino,,2026-09-09,2026-09-25,04-knowledge/units/persons/gio-gasparo-baldoini.md
units/persons/gio-maria-bottalla,person,乔万尼·马里亚·博塔拉,Giovanni Maria Bottalla,front-matter,2026-09-14,2026-09-14,04-knowledge/units/persons/gio-maria-bottalla.md
units/persons/giorgio-vasari,person,瓦萨里,Vasari,chp-1,2026-09-09,2026-09-14,04-knowledge/units/persons/giorgio-vasari.md
units/persons/giovan-battista-gaulli,person,乔万尼·巴蒂斯塔·盖乌利,Giovanni Battista Gaulli,,2026-09-09,2026-09-14,04-knowledge/units/persons/giovan-battista-gaulli.md
units/persons/giovanni-adamo-piola,person,列支敦士登亲王约翰·亚当·安德烈亚斯一世,"Johann Adam Andreas I, Prince of Liechtenstein",chp-1,2026-09-09,2026-09-14,04-knowledge/units/persons/giovanni-adamo-piola.md
units/persons/giovanni-battista-de-lazzari,person,乔瓦尼·巴蒂斯塔·德·拉扎里,Giovanni Battista de' Lazzari,chp-1,2026-09-13,2026-09-14,04-knowledge/units/persons/giovanni-battista-de-lazzari.md
units/persons/giovanni-battista-pamphilj-aldobrandini,person,乔万尼·巴蒂斯塔·潘菲利·阿尔多布兰迪尼,Giovanni Battista Pamphilj Aldobrandini,,2026-09-25,2026-09-25,04-knowledge/units/persons/giovanni-battista-pamphilj-aldobrandini.md
units/persons/giovanni-bonati,person,乔瓦尼·博纳蒂,Giovanni Bonatti,,2026-09-09,2026-09-14,04-knowledge/units/persons/giovanni-bonati.md
units/persons/giovanni-domenico-piastrini,person,乔万尼·多梅尼科·皮亚斯特里尼,Giovanni Domenico Piastrini,front-matter,2026-09-14,2026-09-14,04-knowledge/units/persons/giovanni-domenico-piastrini.md
units/persons/giovanni-lanfranco,person,乔万尼·兰弗兰科,Giovanni Lanfranco,,2026-09-09,2026-09-14,04-knowledge/units/persons/giovanni-lanfranco.md
units/persons/giovanni-maria-viani,person,乔瓦尼·马里亚·维亚尼,Giovanni Maria Viani,front-matter,2026-09-15,2026-09-15,04-knowledge/units/persons/giovanni-maria-viani.md
units/persons/giovanni-odazzi,person,乔万尼·奥达齐,Giovanni Odazzi,,2026-09-09,2026-09-14,04-knowledge/units/persons/giovanni-odazzi.md
units/persons/giovanni-perugini,person,乔万尼·佩鲁吉尼,Giovanni Perugini,chp-1,2026-09-09,2026-09-14,04-knowledge/units/persons/giovanni-perugini.md
units/persons/giovanni-pesaro,person,乔万尼·佩萨罗,Giovanni Pesaro,,2026-09-14,2026-09-25,04-knowledge/units/persons/giovanni-pesaro.md
units/persons/giovanni-pietro-bellori,person,乔万尼·彼得罗·贝洛里,Giovanni Pietro Bellori,,2026-09-09,2026-09-14,04-knowledge/units/persons/giovanni-pietro-bellori.md
units/persons/girolamo-mengozzi-colonna,person,吉罗拉莫·门戈齐·科隆纳,Girolamo Mengozzi Colonna,front-matter,2026-09-14,2026-09-14,04-knowledge/units/persons/girolamo-mengozzi-colonna.md
units/persons/girolamo-teti,person,吉罗拉莫·泰蒂,Girolamo Teti,front-matter,2026-09-14,2026-09-15,04-knowledge/units/persons/girolamo-teti.md
units/persons/giulio-mancini,person,朱利奥·曼奇尼,Giulio Mancini,chp-1,2026-09-09,2026-09-14,04-knowledge/units/persons/giulio-mancini.md
units/persons/giulio-sacchetti,person,朱利奥·萨凯蒂,Giulio Sacchetti,front-matter,2026-09-14,2026-09-14,04-knowledge/units/persons/giulio-sacchetti.md
units/persons/giuseppe-angeli,person,朱塞佩·安杰利,Giuseppe Angeli,front-matter,2026-09-14,2026-09-15,04-knowledge/units/persons/giuseppe-angeli.md
units/persons/josse-de-corte,person,约瑟·德·科特（Josse de Corte，亦称 Justus de Corte）,Josse de Corte,front-matter,2026-09-25,2026-09-25,04-knowledge/units/persons/josse-de-corte.md
units/persons/giuseppe-cesari,person,朱塞佩·切萨里,Giuseppe Cesari,chp-1,2026-09-13,2026-09-14,04-knowledge/units/persons/giuseppe-cesari.md
units/persons/giuseppe-de-rosis,person,朱塞佩·德·罗西斯,Giuseppe de Rosis,chp-1,2026-09-09,2026-09-14,04-knowledge/units/persons/giuseppe-de-rosis.md
units/persons/giuseppe-ghezzi,person,朱塞佩·盖齐,Giuseppe Ghezzi,,2026-09-09,2026-09-14,04-knowledge/units/persons/giuseppe-ghezzi.md
units/persons/giuseppe-maria-crespi,person,朱塞佩·马里亚·克雷斯皮,Giuseppe Maria Crespi,,,,04-knowledge/units/persons/giuseppe-maria-crespi.md
units/persons/giuseppe-zocchi,person,朱塞佩·佐基,Giuseppe Zocchi,front-matter,2026-09-14,2026-09-14,04-knowledge/units/persons/giuseppe-zocchi.md
units/persons/gl-bianconi,person,乔万尼·卢多维科·比安科尼,Giovanni Ludovico Bianconi,,2026-09-09,2026-09-14,04-knowledge/units/persons/gl-bianconi.md
units/persons/goldoni,person,卡洛·戈尔多尼,Carlo Goldoni,front-matter,2026-09-14,2026-09-14,04-knowledge/units/persons/goldoni.md
units/persons/gregorio-lazzarini,person,格雷戈里奥·拉扎里尼,Gregorio Lazzarini,front-matter,2026-09-14,2026-09-14,04-knowledge/units/persons/gregorio-lazzarini.md
units/persons/gregory-xv,person,格列高利十五世,Gregory XV,,2026-09-09,2026-09-14,04-knowledge/units/persons/gregory-xv.md
units/persons/guercino,person,乔万尼·弗朗切斯科·巴尔比耶里,Giovanni Francesco Barbieri,,2026-09-09,2026-09-14,04-knowledge/units/persons/guercino.md
units/persons/guglielmo-baur,person,约翰·威廉·鲍尔,Johann Wilhelm Baur,front-matter,2026-09-14,2026-09-14,04-knowledge/units/persons/guglielmo-baur.md
units/persons/guglielmo-cortese,person,古列尔莫·科尔泰塞,Guglielmo Cortese,,2026-09-09,2026-09-14,04-knowledge/units/persons/guglielmo-cortese.md
units/persons/guido-abbatini,person,圭多·乌巴尔多·阿巴蒂尼,Guido Ubaldo Abbatini,front-matter,2026-09-14,2026-09-15,04-knowledge/units/persons/guido-abbatini.md
units/persons/guido-cagnacci,person,圭多·卡尼亚奇,Guido Cagnacci,front-matter,2026-09-14,2026-09-14,04-knowledge/units/persons/guido-cagnacci.md
units/persons/guido-reni,person,圭多·雷尼,Guido Reni,,2026-09-09,2026-09-14,04-knowledge/units/persons/guido-reni.md
units/persons/gyles-isham,person,盖尔斯·伊舍姆,Gyles Isham,front-matter,2026-09-14,2026-09-14,04-knowledge/units/persons/gyles-isham.md
units/persons/homer,person,荷马,Homer,front-matter,2026-09-14,2026-09-25,04-knowledge/units/persons/homer.md
units/persons/howard-hibbard,person,霍华德·希巴德,Howard Hibbard,front-matter,2026-09-14,2026-09-15,04-knowledge/units/persons/howard-hibbard.md
units/persons/hugh-honour,person,休·昂纳,Hugh Honour,front-matter,2026-09-14,2026-09-15,04-knowledge/units/persons/hugh-honour.md
units/persons/innocent-x,person,英诺森十世,Innocent X,chp-1,2026-09-09,2026-09-14,04-knowledge/units/persons/innocent-x.md
units/persons/innocent-xi,person,英诺森十一世,Innocent XI,front-matter,2026-09-09,2026-09-14,04-knowledge/units/persons/innocent-xi.md
units/persons/innocent-xiii,person,英诺森十三世,Innocent XIII,chp-1,2026-09-09,2026-09-14,04-knowledge/units/persons/innocent-xiii.md
units/persons/j-tomilson-hill,person,J. 托米尔森·希尔,J. Tomilson Hill,chp-1,2026-09-13,2026-09-14,04-knowledge/units/persons/j-tomilson-hill.md
units/persons/jacopo-salviati,person,雅各布·萨尔维亚蒂,Jacopo Salviati,chp-1,2026-09-09,2026-09-14,04-knowledge/units/persons/jacopo-salviati.md
units/persons/jerome-bankes,person,杰罗姆·班克斯,Jerome Bankes,front-matter,2026-09-14,2026-09-14,04-knowledge/units/persons/jerome-bankes.md
units/persons/johann-conrad-hofmann,person,约翰·康拉德·霍夫曼,Johann Conrad Hofmann,front-matter,2026-09-15,2026-09-15,04-knowledge/units/persons/johann-conrad-hofmann.md
units/persons/johann-heinrich-schmelzer,person,约翰·海因里希·施梅尔策,Johann Heinrich Schmelzer,front-matter,2026-09-14,2026-09-14,04-knowledge/units/persons/johann-heinrich-schmelzer.md
units/persons/johann-wilhelm-elector-palatine,person,约翰·威廉,"Johann Wilhelm, Elector Palatine",front-matter,2026-09-14,2026-09-14,04-knowledge/units/persons/johann-wilhelm-elector-palatine.md
units/persons/john-finch,person,约翰·芬奇,John Finch,front-matter,2026-09-14,2026-09-15,04-knowledge/units/persons/john-finch.md
units/persons/john-gilmartin,person,约翰·吉尔马丁,John Gilmartin,front-matter,2026-09-14,2026-09-14,04-knowledge/units/persons/john-gilmartin.md
units/persons/john-nicoll,person,约翰·尼科尔,John Nicoll,front-matter,2026-09-14,2026-09-15,04-knowledge/units/persons/john-nicoll.md
units/persons/john-r-freeman,person,约翰·R. 弗里曼,John R. Freeman,front-matter,2026-09-14,2026-09-14,04-knowledge/units/persons/john-r-freeman.md
units/persons/john-strange,person,约翰·斯特兰奇,John Strange,front-matter,2026-09-14,2026-09-25,04-knowledge/units/persons/john-strange.md
units/persons/juan-de-pareja,person,胡安·德·帕雷哈,Juan de Pareja,front-matter,2026-09-14,2026-09-14,04-knowledge/units/persons/juan-de-pareja.md
units/persons/jules-guiffrey,person,朱尔·吉弗雷,Jules Guiffrey,front-matter,2026-09-14,2026-09-14,04-knowledge/units/persons/jules-guiffrey.md
units/persons/katharina-heinzelmann,person,卡塔琳娜·海因策尔曼,Katharina Heinzelmann,front-matter,2026-09-15,2026-09-15,04-knowledge/units/persons/katharina-heinzelmann.md
units/persons/laerzio-cherubini,person,莱尔齐奥·凯鲁比尼,Laerzio Cherubini,chp-1,2026-09-13,2026-09-14,04-knowledge/units/persons/laerzio-cherubini.md
units/persons/larissa-dedicatee,person,拉里萨·萨尔米娜,Larissa Salmina,front-matter,2026-09-14,2026-09-15,04-knowledge/units/persons/larissa-dedicatee.md
units/persons/lavinia-albergati,person,拉维尼娅·阿尔贝尔加蒂,Lavinia Albergati,,2026-09-25,2026-09-25,04-knowledge/units/persons/lavinia-albergati.md
units/persons/leo-x,person,利奥十世,Leo X,chp-1,2026-09-09,2026-09-14,04-knowledge/units/persons/leo-x.md
units/persons/leonardis,person,雅科波·莱奥纳迪斯,Jacopo Leonardis,front-matter,2026-09-14,2026-09-14,04-knowledge/units/persons/leonardis.md
units/persons/leonardo-pesaro-commissioner,person,莱昂纳多·佩萨罗（Leonardo Pesaro，乔万尼·佩萨罗之侄）,Leonardo Pesaro,front-matter,2026-09-25,2026-09-25,04-knowledge/units/persons/leonardo-pesaro-commissioner.md
units/persons/leopoldo-de-medici,person,莱奥波尔多·德·美第奇,Leopoldo de’ Medici,chp-1,2026-09-09,2026-09-14,04-knowledge/units/persons/leopoldo-de-medici.md
units/persons/lodovico-gimignani,person,洛多维科·吉米尼亚尼,Lodovico Gimignani,,2026-09-09,2026-09-14,04-knowledge/units/persons/lodovico-gimignani.md
units/persons/lord-arundell-coke-correspondent,person,托马斯·霍华德，阿伦德尔伯爵,"Thomas Howard, Earl of Arundel",,2026-09-09,2026-09-14,04-knowledge/units/persons/lord-arundell-coke-correspondent.md
units/persons/louis-antoine-de-pardaillan-de-gondrin,person,路易-安托万·德·帕尔达扬·德·贡德兰,Louis-Antoine de Pardaillan de Gondrin,front-matter,2026-09-15,2026-09-15,04-knowledge/units/persons/louis-antoine-de-pardaillan-de-gondrin.md
units/persons/louis-xiv,person,路易十四,Louis XIV,front-matter,2026-09-14,2026-09-25,04-knowledge/units/persons/louis-xiv.md
units/persons/luca-giordano,person,卢卡·焦尔达诺,Luca Giordano,chp-1,2026-09-09,2026-09-14,04-knowledge/units/persons/luca-giordano.md
units/persons/luigi-bernini,person,路易吉·贝尔尼尼,Luigi Bernini,chp-1,2026-09-25,2026-09-25,04-knowledge/units/persons/luigi-bernini.md
units/persons/ludovico-ludovisi,person,卢多维科·卢多维西,Ludovico Ludovisi,,2026-09-09,2026-09-14,04-knowledge/units/persons/ludovico-ludovisi.md
units/persons/marcantonio-i-doria,person,马尔坎托尼奥一世·多利亚,Marcantonio I Doria,chp-1,2026-09-13,2026-09-14,04-knowledge/units/persons/marcantonio-i-doria.md
units/persons/marcantonio-hercolani-1709,person,马尔坎托尼奥·埃尔科拉尼（Marcantonio Hercolani，1709–1772）,Marcantonio Hercolani (1709–1772),chp-1,2026-09-25,2026-09-25,04-knowledge/units/persons/marcantonio-hercolani-1709.md
units/persons/marcello-sacchetti,person,马尔切洛·萨凯蒂,Marcello Sacchetti,,2026-09-09,2026-09-14,04-knowledge/units/persons/marcello-sacchetti.md
units/persons/marchese-costaguti-household,person,科斯塔古蒂侯爵（卡尔洛内婚姻事例语境）,Marchese Costaguti (Carlone marriage context),chp-1,2026-09-09,2026-09-14,04-knowledge/units/persons/marchese-costaguti-household.md
units/persons/marchese-del-carpio,person,加斯帕尔·门德斯·德阿罗，第七代卡尔皮奥侯爵,"Gaspar Méndez de Haro, 7th Marquess of Carpio",,2026-09-09,2026-09-15,04-knowledge/units/persons/marchese-del-carpio.md
units/persons/marchese-gerini,person,安德烈亚·杰里尼,Andrea Gerini,front-matter,2026-09-14,2026-09-14,04-knowledge/units/persons/marchese-gerini.md
units/persons/marchese-giustiniani-ch1,person,文琴佐·朱斯蒂尼亚尼,Vincenzo Giustiniani,,2026-09-09,2026-09-14,04-knowledge/units/persons/marchese-giustiniani-ch1.md
units/persons/marchese-pallavicini-piola,person,尼科洛·马里亚·帕拉维奇尼侯爵,Niccolò Maria Pallavicini,chp-1,2026-09-09,2026-09-14,04-knowledge/units/persons/marchese-pallavicini-piola.md
units/persons/marchese-san-tommaso-negri,person,圣托马索侯爵（内格里的收信人）,Marchese di S. Tommaso (Negri’s correspondent),chp-1,2026-09-09,2026-09-14,04-knowledge/units/persons/marchese-san-tommaso-negri.md
units/persons/marco-chiarini,person,马尔科·基亚里尼,Marco Chiarini,front-matter,2026-09-14,2026-09-15,04-knowledge/units/persons/marco-chiarini.md
units/persons/marco-foscarini,person,马尔科·福斯卡里尼,Marco Foscarini,front-matter,2026-09-14,2026-09-14,04-knowledge/units/persons/marco-foscarini.md
units/persons/marco-pitteri,person,马尔科·阿尔维塞·皮泰里,Marco Alvise Pitteri,front-matter,2026-09-14,2026-09-15,04-knowledge/units/persons/marco-pitteri.md
units/persons/marco-ricci,person,马尔科·里奇,Marco Ricci,front-matter,2026-09-14,2026-09-15,04-knowledge/units/persons/marco-ricci.md
units/persons/marianne-roland-michel,person,玛丽安娜·罗兰-米歇尔,Marianne Roland-Michel,front-matter,2026-09-14,2026-09-15,04-knowledge/units/persons/marianne-roland-michel.md
units/persons/maria-ruffo-guercino-commissioner,person,"玛丽亚·鲁福（圭尔奇诺祭坛画委托者）（D.a Maria Ruffo, Guercino altarpiece commissioner）","D.a Maria Ruffo, commissioner of Guercino's Saint Teresa altarpiece",chp-1,2026-09-25,2026-09-25,04-knowledge/units/persons/maria-ruffo-guercino-commissioner.md
units/persons/maria-teresa-ruffo-1688-altar-commissioner,person,玛丽亚·特蕾莎·鲁福（圣额我略堂1688年祭坛委托者）,"Maria Teresa Ruffo, commissioner of the 1688 San Gregorio altar",chp-1,2026-09-25,2026-09-25,04-knowledge/units/persons/maria-teresa-ruffo-1688-altar-commissioner.md
units/persons/marie-louise-jay,person,玛丽—路易丝·杰,Marie-Louise Jaÿ,front-matter,2026-09-15,2026-09-15,04-knowledge/units/persons/marie-louise-jay.md
units/persons/marieschi,person,米凯莱·马里耶斯基,Michele Marieschi,front-matter,2026-09-14,2026-09-14,04-knowledge/units/persons/marieschi.md
units/persons/mario-de-fiori,person,马里奥·努齐,Mario Nuzzi,,2026-09-09,2026-09-14,04-knowledge/units/persons/mario-de-fiori.md
units/persons/mario-minnitti,person,马里奥·明尼蒂,Mario Minniti,chp-1,2026-09-09,2026-09-14,04-knowledge/units/persons/mario-minnitti.md
units/persons/marshal-schulenburg,person,约翰·马蒂亚斯·冯·德尔·舒伦堡,Johann Matthias von der Schulenburg,front-matter,2026-09-14,2026-09-15,04-knowledge/units/persons/marshal-schulenburg.md
units/persons/massimo-stanzione,person,马西莫·斯坦齐奥内,Massimo Stanzione,front-matter,2026-09-14,2026-09-14,04-knowledge/units/persons/massimo-stanzione.md
units/persons/matteo-castelli,person,马泰奥·卡斯泰利,Matteo Castelli,front-matter,2026-09-14,2026-09-14,04-knowledge/units/persons/matteo-castelli.md
units/persons/matthaeus-kusel,person,马特乌斯·屈塞尔,Matthäus Küsel,front-matter,2026-09-14,2026-09-14,04-knowledge/units/persons/matthaeus-kusel.md
units/persons/mattia-preti,person,马蒂亚·普雷蒂,Mattia Preti,chp-1,2026-09-09,2026-09-14,04-knowledge/units/persons/mattia-preti.md
units/persons/maurizio-di-savoia,person,毛里齐奥·迪·萨伏依,Maurizio di Savoia,,2026-09-09,2026-09-14,04-knowledge/units/persons/maurizio-di-savoia.md
units/persons/mauro-antonio-tesi,person,毛罗·安东尼奥·泰西,Mauro Antonio Tesi,front-matter,2026-09-14,2026-09-14,04-knowledge/units/persons/mauro-antonio-tesi.md
units/persons/mazarin,person,朱尔·马扎然,Jules Mazarin,front-matter,2026-09-14,2026-09-14,04-knowledge/units/persons/mazarin.md
units/persons/melchior-barthel,person,梅尔希奥尔·巴特尔,Melchior Barthel,front-matter,2026-09-25,2026-09-25,04-knowledge/units/persons/melchior-barthel.md
units/persons/michael-conforti,person,迈克尔·康福尔蒂,Michael Conforti,front-matter,2026-09-14,2026-09-14,04-knowledge/units/persons/michael-conforti.md
units/persons/michael-levey,person,迈克尔·利维,Michael Levey,front-matter,2026-09-14,2026-09-15,04-knowledge/units/persons/michael-levey.md
units/persons/michelangelo-cerquozzi,person,米开朗基罗·切尔阔齐,Michelangelo Cerquozzi,,2026-09-09,2026-09-14,04-knowledge/units/persons/michelangelo-cerquozzi.md
units/persons/michelangelo,person,米开朗基罗,Michelangelo,chp-1,2026-09-09,2026-09-14,04-knowledge/units/persons/michelangelo.md
units/persons/michele-fabris,person,米凯莱·法布里斯,Michele Fabris,front-matter,2026-09-25,2026-09-25,04-knowledge/units/persons/michele-fabris.md
units/persons/mr-coke-rome-correspondent,person,托马斯·科克（Thomas Coke，阿伦德尔家户通信者）,Thomas Coke (Arundel household correspondent),chp-1,2026-09-09,2026-09-14,04-knowledge/units/persons/mr-coke-rome-correspondent.md
units/persons/nanteuil,person,罗贝尔·南特伊,Robert Nanteuil,front-matter,2026-09-14,2026-09-14,04-knowledge/units/persons/nanteuil.md
units/persons/niccolo-bambini,person,尼科洛·班比尼,Nicolò Bambini,front-matter,2026-09-14,2026-09-15,04-knowledge/units/persons/niccolo-bambini.md
units/persons/niccolo-ludovisi,person,尼科洛·卢多维西,Niccolò Ludovisi,,2026-09-25,2026-09-25,04-knowledge/units/persons/niccolo-ludovisi.md
units/persons/nicolas-poussin,person,尼古拉·普桑,Nicolas Poussin,,2026-09-09,2026-09-14,04-knowledge/units/persons/nicolas-poussin.md
units/persons/nicolo-minato,person,尼科洛·米纳托,Nicolò Minato,front-matter,2026-09-14,2026-09-14,04-knowledge/units/persons/nicolo-minato.md
units/persons/nikolaus-pevsner,person,尼古拉斯·佩夫斯纳,Nikolaus Pevsner,front-matter,2026-09-14,2026-09-15,04-knowledge/units/persons/nikolaus-pevsner.md
units/persons/norah-smallwood,person,诺拉·斯莫尔伍德,Norah Smallwood,front-matter,2026-09-14,2026-09-25,04-knowledge/units/persons/norah-smallwood.md
units/persons/olimpia-aldobrandini,person,奥林皮娅·阿尔多布兰迪尼,Olimpia Aldobrandini,,2026-09-12,2026-09-14,04-knowledge/units/persons/olimpia-aldobrandini.md
units/persons/onorato-gini,person,奥诺拉托·吉尼,Onorato Gini,chp-1,2026-09-09,2026-09-14,04-knowledge/units/persons/onorato-gini.md
units/persons/onorio-longhi,person,奥诺里奥·隆吉,Onorio Longhi,chp-1,2026-09-13,2026-09-14,04-knowledge/units/persons/onorio-longhi.md
units/persons/orazio-gentileschi,person,奥拉齐奥·真蒂莱斯基,Orazio Gentileschi,front-matter,2026-09-14,2026-09-15,04-knowledge/units/persons/orazio-gentileschi.md
units/persons/orazio-ludovisi,person,奥拉齐奥·卢多维西,Orazio Ludovisi,,2026-09-25,2026-09-25,04-knowledge/units/persons/orazio-ludovisi.md
units/persons/oscar-savio,person,奥斯卡·萨维奥,Oscar Savio,front-matter,2026-09-14,2026-09-14,04-knowledge/units/persons/oscar-savio.md
units/persons/ottaviano-ottoviani,person,奥塔维亚诺·奥托维亚尼,Ottaviano Ottoviani,front-matter,2026-09-14,2026-09-14,04-knowledge/units/persons/ottaviano-ottoviani.md
units/persons/ottavio-costa,person,奥塔维奥·科斯塔,Ottavio Costa,chp-1,2026-09-13,2026-09-14,04-knowledge/units/persons/ottavio-costa.md
units/persons/ottavio-leoni,person,奥塔维奥·莱奥尼,Ottavio Leoni,,,,04-knowledge/units/persons/ottavio-leoni.md
units/persons/owen-mcswiny,person,欧文·麦克斯温尼,Owen MacSwinny,front-matter,2026-09-14,2026-09-14,04-knowledge/units/persons/owen-mcswiny.md
units/persons/p-van-bleek,person,彼得·范·布莱克,Peter van Bleeck,front-matter,2026-09-14,2026-09-14,04-knowledge/units/persons/p-van-bleek.md
units/persons/paolo-borghese,person,保罗·博尔盖塞,Paolo Borghese,chp-1,2026-09-12,2026-09-14,04-knowledge/units/persons/paolo-borghese.md
units/persons/paolo-de-matteis,person,保罗·德·马泰伊斯,Paolo de Matteis,chp-1,2026-09-14,2026-09-25,04-knowledge/units/persons/paolo-de-matteis.md
units/persons/paolo-giordano-orsini,person,保罗·乔尔达诺·奥尔西尼,Paolo Giordano Orsini,front-matter,2026-09-14,2026-09-25,04-knowledge/units/persons/paolo-giordano-orsini.md
units/persons/paolo-girolamo-piola,person,保罗·杰罗拉莫·皮奥拉,Paolo Gerolamo Piola,,2026-09-09,2026-09-14,04-knowledge/units/persons/paolo-girolamo-piola.md
units/persons/paolo-gismondi,person,保罗·吉斯蒙迪,Paolo Gismondi,front-matter,2026-09-14,2026-09-14,04-knowledge/units/persons/paolo-gismondi.md
units/persons/paolo-guidotti,person,保罗·圭多蒂,Paolo Guidotti,chp-1,2026-09-09,2026-09-14,04-knowledge/units/persons/paolo-guidotti.md
units/persons/paolo-negri,person,保罗·内格里,Paolo Negri,chp-1,2026-09-09,2026-09-14,04-knowledge/units/persons/paolo-negri.md
units/persons/pascoli,person,利奥内·帕斯科利,Lione Pascoli,,2026-09-09,2026-09-14,04-knowledge/units/persons/pascoli.md
units/persons/pasquali,person,乔万尼·巴蒂斯塔·帕斯夸利,Giovanni Battista Pasquali,front-matter,2026-09-14,2026-09-14,04-knowledge/units/persons/pasquali.md
units/persons/pastor-historian,person,路德维科·冯·帕斯托,Ludovico von Pastor,front-matter,2026-09-14,2026-09-15,04-knowledge/units/persons/pastor-historian.md
units/persons/paul-v,person,保禄五世,Paul V,,2026-09-09,2026-09-14,04-knowledge/units/persons/paul-v.md
units/persons/pellegrini,person,乔瓦尼·安东尼奥·佩莱格里尼,Giovanni Antonio Pellegrini,front-matter,2026-09-14,2026-09-15,04-knowledge/units/persons/pellegrini.md
units/persons/peter-calvocoressi,person,彼得·约翰·安布罗斯·卡尔沃科雷西,Peter John Ambrose Calvocoressi,front-matter,2026-09-14,2026-09-15,04-knowledge/units/persons/peter-calvocoressi.md
units/persons/peter-moores,person,彼得·穆尔斯,Peter Moores,front-matter,2026-09-14,2026-09-14,04-knowledge/units/persons/peter-moores.md
units/persons/peter-paul-rubens,person,彼得·保罗·鲁本斯,Peter Paul Rubens,,2026-09-09,2026-09-14,04-knowledge/units/persons/peter-paul-rubens.md
units/persons/piazzetta,person,乔万尼·巴蒂斯塔·皮亚泽塔,Giovanni Battista Piazzetta,,,,04-knowledge/units/persons/piazzetta.md
units/persons/pier-francesco-mola,person,皮耶尔·弗朗切斯科·莫拉,Pier Francesco Mola,,2026-09-09,2026-09-14,04-knowledge/units/persons/pier-francesco-mola.md
units/persons/pier-leone-ghezzi,person,皮耶尔·莱奥内·盖齐,Pier Leone Ghezzi,front-matter,2026-09-14,2026-09-14,04-knowledge/units/persons/pier-leone-ghezzi.md
units/persons/pierre-mignard,person,皮埃尔·米尼亚尔,Pierre Mignard,front-matter,2026-09-14,2026-09-14,04-knowledge/units/persons/pierre-mignard.md
units/persons/pierre-motteux,person,彼得·安东尼·莫特,Peter Anthony Motteux,front-matter,2026-09-14,2026-09-14,04-knowledge/units/persons/pierre-motteux.md
units/persons/pierre-rosenberg,person,皮埃尔·罗森贝格,Pierre Rosenberg,front-matter,2026-09-14,2026-09-15,04-knowledge/units/persons/pierre-rosenberg.md
units/persons/pierre-van-schuppen,person,皮埃尔·范·斯许彭,Pierre van Schuppen,front-matter,2026-09-14,2026-09-14,04-knowledge/units/persons/pierre-van-schuppen.md
units/persons/pieter-van-laer,person,彼得·范拉尔,Pieter van Laer,,2026-09-09,2026-09-14,04-knowledge/units/persons/pieter-van-laer.md
units/persons/pietro-antonio-novelli,person,皮埃特罗·安东尼奥·诺韦利,Pietro Antonio Novelli,front-matter,2026-09-14,2026-09-14,04-knowledge/units/persons/pietro-antonio-novelli.md
units/persons/pietro-bernini,person,彼得罗·贝尔尼尼,Pietro Bernini,chp-1,2026-09-25,2026-09-25,04-knowledge/units/persons/pietro-bernini.md
units/persons/pietro-da-cortona,person,皮耶特罗·达·科尔托纳,Pietro da Cortona,,2026-09-09,2026-09-14,04-knowledge/units/persons/pietro-da-cortona.md
units/persons/pietro-di-pietri,person,皮埃特罗·安东尼奥·德·彼得里,Pietro Antonio De Petri,front-matter,2026-09-14,2026-09-14,04-knowledge/units/persons/pietro-di-pietri.md
units/persons/pietro-mulier,person,皮耶特罗·穆利耶尔,Pietro Mulier,,2026-09-09,2026-09-14,04-knowledge/units/persons/pietro-mulier.md
units/persons/pietro-ottoboni,person,彼得罗·奥托博尼,Pietro Ottoboni,,2026-09-09,2026-09-14,04-knowledge/units/persons/pietro-ottoboni.md
units/persons/pietro-testa,person,皮埃特罗·泰斯塔,Pietro Testa,chp-1,2026-09-14,2026-09-25,04-knowledge/units/persons/pietro-testa.md
units/persons/pittoni,person,乔瓦尼·巴蒂斯塔·皮托尼,Giovanni Battista Pittoni,front-matter,2026-09-14,2026-09-14,04-knowledge/units/persons/pittoni.md
units/persons/pompeo-batoni,person,蓬佩奥·吉罗拉莫·巴托尼,Pompeo Girolamo Batoni,,,,04-knowledge/units/persons/pompeo-batoni.md
units/persons/prospero-orsi,person,普罗斯佩罗·奥尔西,Prospero Orsi,chp-1,2026-09-13,2026-09-14,04-knowledge/units/persons/prospero-orsi.md
units/persons/r-b-fleming,person,R. B. 弗莱明,R. B. Fleming,front-matter,2026-09-14,2026-09-14,04-knowledge/units/persons/r-b-fleming.md
units/persons/raimondo-buonaccorsi,person,雷蒙多·布奥纳科尔西,Raimondo Buonaccorsi,front-matter,2026-09-14,2026-09-15,04-knowledge/units/persons/raimondo-buonaccorsi.md
units/persons/ralph-bankes-1631-1677,person,拉尔夫·班克斯爵士,Sir Ralph Bankes,front-matter,2026-09-14,2026-09-14,04-knowledge/units/persons/ralph-bankes-1631-1677.md
units/persons/ralph-bankes,person,亨利·约翰·拉尔夫·班克斯,Henry John Ralph Bankes,front-matter,2026-09-14,2026-09-14,04-knowledge/units/persons/ralph-bankes.md
units/persons/raphael,person,拉斐尔,Raphael,chp-1,2026-09-09,2026-09-14,04-knowledge/units/persons/raphael.md
units/persons/rembrandt,person,伦勃朗,Rembrandt,chp-1,2026-09-09,2026-09-14,04-knowledge/units/persons/rembrandt.md
units/persons/ribera,person,胡塞佩·德·里贝拉,Jusepe de Ribera,front-matter,2026-09-14,2026-09-14,04-knowledge/units/persons/ribera.md
units/persons/robert-enggass,person,罗伯特·恩加斯,Robert Enggass,front-matter,2026-09-14,2026-09-15,04-knowledge/units/persons/robert-enggass.md
units/persons/romanelli,person,乔万尼·弗朗切斯科·罗马内利,Giovanni Francesco Romanelli,front-matter,2026-09-14,2026-09-14,04-knowledge/units/persons/romanelli.md
units/persons/rudolf-wittkower,person,鲁道夫·维特科尔,Rudolf Wittkower,front-matter,2026-09-14,2026-09-15,04-knowledge/units/persons/rudolf-wittkower.md
units/persons/salvator-rosa,person,萨尔瓦多·罗萨,Salvator Rosa,,2026-09-09,2026-09-14,04-knowledge/units/persons/salvator-rosa.md
units/persons/sassoferrato,person,乔万尼·巴蒂斯塔·萨尔维,Giovanni Battista Salvi,front-matter,2026-09-14,2026-09-14,04-knowledge/units/persons/sassoferrato.md
units/persons/saverio-savini,person,萨尔维奥·萨维尼,Salvio Savini,chp-1,2026-09-09,2026-09-14,04-knowledge/units/persons/saverio-savini.md
units/persons/sebastiano-conca,person,塞巴斯蒂亚诺·孔卡,Sebastiano Conca,,2026-09-14,2026-09-14,04-knowledge/units/persons/sebastiano-conca.md
units/persons/sebastiano-ricci,person,塞巴斯蒂亚诺·里奇,Sebastiano Ricci,,2026-09-09,2026-09-14,04-knowledge/units/persons/sebastiano-ricci.md
units/persons/sigismund-streit,person,西吉斯蒙德·施特赖特,Sigismund Streit,front-matter,2026-09-14,2026-09-14,04-knowledge/units/persons/sigismund-streit.md
units/persons/simone-peterzano,person,西莫内·彼得扎诺,Simone Peterzano,chp-1,2026-09-13,2026-09-14,04-knowledge/units/persons/simone-peterzano.md
units/persons/simonelli,person,尼科洛·西莫内利,Niccolò Simonelli,front-matter,2026-09-14,2026-09-15,04-knowledge/units/persons/simonelli.md
units/persons/sixtus-v,person,西斯笃五世,Sixtus V,,2026-09-09,2026-09-14,04-knowledge/units/persons/sixtus-v.md
units/persons/solimena,person,弗朗切斯科·索利梅纳,Francesco Solimena,front-matter,2026-09-14,2026-09-14,04-knowledge/units/persons/solimena.md
units/persons/stefano-conti,person,斯特凡诺·孔蒂,Stefano Conti,front-matter,2026-09-15,2026-09-15,04-knowledge/units/persons/stefano-conti.md
units/persons/tarquinio-salvi,person,塔尔奎尼奥·萨尔维,Tarquinio Salvi,front-matter,2026-09-14,2026-09-14,04-knowledge/units/persons/tarquinio-salvi.md
units/persons/teodoro-correr,person,泰奥多罗·科雷尔,Teodoro Correr,front-matter,2026-09-14,2026-09-14,04-knowledge/units/persons/teodoro-correr.md
units/persons/terisio-pignatti,person,泰里西奥·皮尼亚蒂,Terisio Pignatti,front-matter,2026-09-14,2026-09-14,04-knowledge/units/persons/terisio-pignatti.md
units/persons/thomas-baines,person,托马斯·贝恩斯,Thomas Baines,front-matter,2026-09-14,2026-09-14,04-knowledge/units/persons/thomas-baines.md
units/persons/thomas-baker,person,托马斯·贝克,Thomas Baker,chp-1,2026-09-09,2026-09-14,04-knowledge/units/persons/thomas-baker.md
units/persons/thomas-isham,person,托马斯·伊舍姆,Thomas Isham,front-matter,2026-09-14,2026-09-14,04-knowledge/units/persons/thomas-isham.md
units/persons/tiberio-cerasi,person,蒂贝里奥·切拉西,Tiberio Cerasi,chp-1,2026-09-13,2026-09-14,04-knowledge/units/persons/tiberio-cerasi.md
units/persons/titian,person,提香,Titian,chp-1,2026-09-09,2026-09-14,04-knowledge/units/persons/titian.md
units/persons/tommaso-chiari,person,托马索·基亚里,Tommaso Chiari,front-matter,2026-09-14,2026-09-14,04-knowledge/units/persons/tommaso-chiari.md
units/persons/tommaso-fontana,person,托马索·丰塔纳,Tommaso Fontana,chp-1,2026-09-25,2026-09-25,04-knowledge/units/persons/tommaso-fontana.md
units/persons/torquato-tasso,person,托尔夸托·塔索,Torquato Tasso,front-matter,2026-09-14,2026-09-14,04-knowledge/units/persons/torquato-tasso.md
units/persons/urbano-viii,person,乌尔班八世,Urban VIII,,2026-09-09,2026-09-14,04-knowledge/units/persons/urbano-viii.md
units/persons/valentin,person,瓦朗坦·德·布洛涅,Valentin de Boulogne,chp-1,2026-09-09,2026-09-14,04-knowledge/units/persons/valentin.md
units/persons/van-dyck,person,安东尼·范·戴克,Anthony van Dyck,front-matter,2026-09-14,2026-09-14,04-knowledge/units/persons/van-dyck.md
units/persons/velasquez,person,迭戈·委拉斯开兹,Diego Velázquez,front-matter,2026-09-14,2026-09-14,04-knowledge/units/persons/velasquez.md
units/persons/ventura-carrara,person,文图拉·卡拉拉伯爵,Count Ventura Carrara,chp-1,2026-09-09,2026-09-14,04-knowledge/units/persons/ventura-carrara.md
units/persons/vincenzo-armanni-ch1,person,温琴佐·阿尔曼尼,Vincenzo Armanni,chp-1,2026-09-09,2026-09-14,04-knowledge/units/persons/vincenzo-armanni-ch1.md
units/persons/virgil,person,维吉尔,Virgil,chp-1,2026-09-09,2026-09-14,04-knowledge/units/persons/virgil.md
units/persons/virgilio-spada,person,维尔吉利奥·斯帕达,Virgilio Spada,front-matter,2026-09-14,2026-09-14,04-knowledge/units/persons/virgilio-spada.md
units/persons/vitale-bloch,person,维塔莱·布洛赫,Vitale Bloch,front-matter,2026-09-14,2026-09-15,04-knowledge/units/persons/vitale-bloch.md
units/persons/vittoria-di-lutio-loli,person,维托里娅·迪·卢蒂奥·洛利,Vittoria di Lutio Loli,front-matter,2026-09-14,2026-09-14,04-knowledge/units/persons/vittoria-di-lutio-loli.md
units/persons/viviano-codazzi,person,维维亚诺·科达齐,Viviano Codazzi,front-matter,2026-09-13,2026-09-15,04-knowledge/units/persons/viviano-codazzi.md
units/persons/watkin-williams-wynn,person,沃特金·威廉斯-温,Watkin Williams-Wynn,front-matter,2026-09-14,2026-09-14,04-knowledge/units/persons/watkin-williams-wynn.md
units/persons/william-john-bankes,person,威廉·约翰·班克斯,William John Bankes,front-matter,2026-09-14,2026-09-14,04-knowledge/units/persons/william-john-bankes.md
units/persons/zaccaria-sagredo,person,扎卡里亚·萨格雷多,Zaccaria Sagredo,front-matter,2026-09-14,2026-09-25,04-knowledge/units/persons/zaccaria-sagredo.md
units/places/alnwick-castle,place,阿尼克城堡,Alnwick Castle,front-matter,2026-09-14,2026-09-14,04-knowledge/units/places/alnwick-castle.md
units/places/augusta-sicily,place,奥古斯塔（西西里）,"Augusta, Sicily",chp-1,2026-09-09,2026-09-14,04-knowledge/units/places/augusta-sicily.md
units/places/badminton,place,巴德明顿,Badminton,front-matter,2026-09-14,2026-09-14,04-knowledge/units/places/badminton.md
units/places/barberini-chapel-sant-andrea-valle,place,谷地圣安德烈堂巴贝里尼礼拜堂,Barberini Chapel,front-matter,2026-09-14,2026-09-14,04-knowledge/units/places/barberini-chapel-sant-andrea-valle.md
units/places/belvoir-castle,place,贝尔沃城堡,Belvoir Castle,front-matter,2026-09-14,2026-09-14,04-knowledge/units/places/belvoir-castle.md
units/places/berlin,place,柏林,Berlin,front-matter,2026-09-14,2026-09-14,04-knowledge/units/places/berlin.md
units/places/bologna,place,博洛尼亚,Bologna,,2026-09-09,2026-09-14,04-knowledge/units/places/bologna.md
units/places/ca-pesaro,place,佩萨罗宫,Ca' Pesaro,front-matter,2026-09-14,2026-09-14,04-knowledge/units/places/ca-pesaro.md
units/places/ca-rezzonico,place,雷佐尼科宫,Ca' Rezzonico,front-matter,2026-09-14,2026-09-14,04-knowledge/units/places/ca-rezzonico.md
units/places/cambridge,place,剑桥,Cambridge,front-matter,2026-09-14,2026-09-14,04-knowledge/units/places/cambridge.md
units/places/camposanto-pisa,place,比萨坎波桑托,"Camposanto, Pisa",front-matter,2026-09-14,2026-09-14,04-knowledge/units/places/camposanto-pisa.md
units/places/cappella-delci-santa-sabina,place,埃尔奇小堂,"Cappella d’Elci, Santa Sabina",front-matter,2026-09-14,2026-09-14,04-knowledge/units/places/cappella-delci-santa-sabina.md
units/places/capuchin-church-rome,place,罗马嘉布遣会教堂,Capuchin Church in Rome,chp-1,2026-09-09,2026-09-14,04-knowledge/units/places/capuchin-church-rome.md
units/places/castello-sforzesco,place,斯福尔扎城堡,Castello Sforzesco,front-matter,2026-09-14,2026-09-14,04-knowledge/units/places/castello-sforzesco.md
units/places/castle-howard,place,霍华德城堡,Castle Howard,front-matter,2026-09-15,2026-09-15,04-knowledge/units/places/castle-howard.md
units/places/cerasi-chapel,place,切拉西礼拜堂,Cerasi Chapel,chp-1,2026-09-13,2026-09-14,04-knowledge/units/places/cerasi-chapel.md
units/places/chiesa-de-servi-bologna,place,博洛尼亚塞尔维教堂,"Chiesa de' Servi, Bologna",chp-1,2026-09-09,2026-09-14,04-knowledge/units/places/chiesa-de-servi-bologna.md
units/places/chiesa-nuova,place,罗马新教堂,"Chiesa Nuova, Rome",chp-1,2026-09-09,2026-09-14,04-knowledge/units/places/chiesa-nuova.md
units/places/chiesa-san-nicola-dei-lorenesi,place,洛林人圣尼古拉堂,San Nicola dei Lorenesi,front-matter,2026-09-14,2026-09-14,04-knowledge/units/places/chiesa-san-nicola-dei-lorenesi.md
units/places/china,place,中国,China,front-matter,2026-09-14,2026-09-14,04-knowledge/units/places/china.md
units/places/chiesa-san-gregorio-messina,place,墨西拿圣额我略堂,"Church of San Gregorio, Messina",chp-1,2026-09-25,2026-09-25,04-knowledge/units/places/chiesa-san-gregorio-messina.md
units/places/church-of-s-rocco,place,圣洛克堂（威尼斯）,Church of S. Rocco,front-matter,2026-09-14,2026-09-14,04-knowledge/units/places/church-of-s-rocco.md
units/places/church-of-the-frari,place,弗拉里教堂,Church of the Frari,front-matter,2026-09-14,2026-09-14,04-knowledge/units/places/church-of-the-frari.md
units/places/cologne,place,科隆,Cologne,front-matter,2026-09-14,2026-09-14,04-knowledge/units/places/cologne.md
units/places/contarelli-chapel,place,孔塔雷利礼拜堂,Contarelli Chapel,chp-1,2026-09-13,2026-09-14,04-knowledge/units/places/contarelli-chapel.md
units/places/cortona,place,科尔托纳,Cortona,chp-1,2026-09-09,2026-09-14,04-knowledge/units/places/cortona.md
units/places/delphi,place,德尔斐,Delphi,front-matter,2026-09-14,2026-09-14,04-knowledge/units/places/delphi.md
units/places/edinburgh,place,爱丁堡,Edinburgh,front-matter,2026-09-14,2026-09-14,04-knowledge/units/places/edinburgh.md
units/places/egypt,place,埃及,Egypt,front-matter,2026-09-14,2026-09-14,04-knowledge/units/places/egypt.md
units/places/england,place,英格兰,England,,,,04-knowledge/units/places/england.md
units/places/europe,place,欧洲,Europe,front-matter,2026-09-14,2026-09-14,04-knowledge/units/places/europe.md
units/places/florence,place,佛罗伦萨,Florence,,2026-09-09,2026-09-14,04-knowledge/units/places/florence.md
units/places/galerie-mazarin,place,马扎然画廊,Galerie Mazarine,front-matter,2026-09-14,2026-09-14,04-knowledge/units/places/galerie-mazarin.md
units/places/gallery-palazzo-buonaccorsi,place,布奥纳科尔西宫画廊,Gallery of Palazzo Buonaccorsi,front-matter,2026-09-14,2026-09-15,04-knowledge/units/places/gallery-palazzo-buonaccorsi.md
units/places/genoa,place,热那亚,Genoa,chp-1,2026-09-09,2026-09-14,04-knowledge/units/places/genoa.md
units/places/gesu-rome,place,罗马耶稣堂,"Gesù, Rome",chp-1,2026-09-09,2026-09-14,04-knowledge/units/places/gesu-rome.md
units/places/gubbio,place,古比奥,Gubbio,chp-1,2026-09-09,2026-09-14,04-knowledge/units/places/gubbio.md
units/places/basilica-di-sant-ubaldo,place,圣乌巴尔多圣殿,Basilica of Sant'Ubaldo,chp-1,2026-09-25,2026-09-25,04-knowledge/units/places/basilica-di-sant-ubaldo.md
units/places/hampton-court-palace,place,汉普顿宫,Hampton Court Palace,front-matter,2026-09-14,2026-09-14,04-knowledge/units/places/hampton-court-palace.md
units/places/houston,place,休斯敦,Houston,front-matter,2026-09-15,2026-09-15,04-knowledge/units/places/houston.md
units/places/interior-sant-andrea-quirinale,place,奎里纳尔圣安德烈堂内部,Interior of S. Andrea al Quirinale,front-matter,2026-09-14,2026-09-14,04-knowledge/units/places/interior-sant-andrea-quirinale.md
units/places/italy,place,意大利,Italy,,2026-09-09,2026-09-14,04-knowledge/units/places/italy.md
units/places/kassel,place,卡塞尔,Kassel,front-matter,2026-09-14,2026-09-14,04-knowledge/units/places/kassel.md
units/places/kingston-lacy,place,金斯顿莱西庄园,Kingston Lacy,front-matter,2026-09-14,2026-09-14,04-knowledge/units/places/kingston-lacy.md
units/places/lamport-hall,place,兰波特庄园,Lamport Hall,front-matter,2026-09-14,2026-09-14,04-knowledge/units/places/lamport-hall.md
units/places/leeds,place,利兹,Leeds,front-matter,2026-09-14,2026-09-14,04-knowledge/units/places/leeds.md
units/places/liverpool,place,利物浦,Liverpool,front-matter,2026-09-14,2026-09-14,04-knowledge/units/places/liverpool.md
units/places/london,place,伦敦,London,,2026-09-09,2026-09-14,04-knowledge/units/places/london.md
units/places/lucca,place,卢卡,Lucca,front-matter,2026-09-15,2026-09-15,04-knowledge/units/places/lucca.md
units/places/macerata,place,马切拉塔,Macerata,front-matter,2026-09-14,2026-09-14,04-knowledge/units/places/macerata.md
units/places/madrid,place,马德里,Madrid,front-matter,2026-09-15,2026-09-15,04-knowledge/units/places/madrid.md
units/places/melbourne,place,墨尔本,Melbourne,front-matter,2026-09-14,2026-09-14,04-knowledge/units/places/melbourne.md
units/places/messina,place,墨西拿,Messina,chp-1,2026-09-25,2026-09-25,04-knowledge/units/places/messina.md
units/places/milan,place,米兰,Milan,chp-1,2026-09-09,2026-09-14,04-knowledge/units/places/milan.md
units/places/modena,place,摩德纳,Modena,chp-1,2026-09-09,2026-09-14,04-knowledge/units/places/modena.md
units/places/molfetta,place,莫尔费塔,Molfetta,front-matter,2026-09-14,2026-09-14,04-knowledge/units/places/molfetta.md
units/places/moor-park,place,穆尔公园庄园,Moor Park,front-matter,2026-09-14,2026-09-14,04-knowledge/units/places/moor-park.md
units/places/munich,place,慕尼黑,Munich,front-matter,2026-09-14,2026-09-14,04-knowledge/units/places/munich.md
units/places/naples-cathedral,place,那不勒斯主教座堂,Naples Cathedral,chp-1,2026-09-09,2026-09-14,04-knowledge/units/places/naples-cathedral.md
units/places/naples,place,那不勒斯,Naples,,2026-09-09,2026-09-14,04-knowledge/units/places/naples.md
units/places/new-haven,place,纽黑文,New Haven,front-matter,2026-09-14,2026-09-14,04-knowledge/units/places/new-haven.md
units/places/new-york,place,纽约,New York,front-matter,2026-09-14,2026-09-14,04-knowledge/units/places/new-york.md
units/places/oratory-san-lorenzo-palermo,place,巴勒莫圣洛伦佐祈祷堂,Oratory of San Lorenzo,chp-1,2026-09-13,2026-09-14,04-knowledge/units/places/oratory-san-lorenzo-palermo.md
units/places/oxford,place,牛津,Oxford,front-matter,2026-09-14,2026-09-14,04-knowledge/units/places/oxford.md
units/places/padua,place,帕多瓦,Padua,front-matter,2026-09-14,2026-09-14,04-knowledge/units/places/padua.md
units/places/paese,place,帕埃塞,Paese,front-matter,2026-09-14,2026-09-14,04-knowledge/units/places/paese.md
units/places/palais-mazarin,place,马扎然宫,Palais Mazarin,front-matter,2026-09-14,2026-09-14,04-knowledge/units/places/palais-mazarin.md
units/places/palatinate,place,普法尔茨,Palatinate,front-matter,2026-09-14,2026-09-14,04-knowledge/units/places/palatinate.md
units/places/palazzo-barberini,place,巴贝里尼宫,Palazzo Barberini,,2026-09-09,2026-09-14,04-knowledge/units/places/palazzo-barberini.md
units/places/palazzo-della-minerva,place,米涅瓦宫,Palazzo della Minerva,front-matter,2026-09-25,2026-09-25,04-knowledge/units/places/palazzo-della-minerva.md
units/places/palazzo-buonaccorsi,place,布奥纳科尔西宫,Palazzo Buonaccorsi,front-matter,2026-09-14,2026-09-14,04-knowledge/units/places/palazzo-buonaccorsi.md
units/places/palazzo-chigi-odescalchi,place,基吉—奥德斯卡尔基宫,Palazzo Chigi-Odescalchi,chp-1,2026-09-13,2026-09-14,04-knowledge/units/places/palazzo-chigi-odescalchi.md
units/places/palazzo-dei-conservatori,place,保守宫,Palazzo dei Conservatori,front-matter,2026-09-14,2026-09-14,04-knowledge/units/places/palazzo-dei-conservatori.md
units/places/palazzo-doria-pamfili,place,多利亚潘菲利宫,Palazzo Doria-Pamfili,chp-1,2026-09-09,2026-09-14,04-knowledge/units/places/palazzo-doria-pamfili.md
units/places/palazzo-ducale,place,总督宫（威尼斯）,Palazzo Ducale,front-matter,2026-09-14,2026-09-14,04-knowledge/units/places/palazzo-ducale.md
units/places/palazzo-pitti,place,皮蒂宫,Palazzo Pitti,,,,04-knowledge/units/places/palazzo-pitti.md
units/places/palazzo-spada,place,斯帕达宫,Palazzo Spada,front-matter,2026-09-14,2026-09-14,04-knowledge/units/places/palazzo-spada.md
units/places/palazzo-venezia,place,威尼斯宫,Palazzo Venezia,front-matter,2026-09-14,2026-09-14,04-knowledge/units/places/palazzo-venezia.md
units/places/pamfili-country-house-valmontone,place,瓦尔蒙托内多利亚·潘菲利宫,"Palazzo Doria-Pamphilj, Valmontone",chp-1,2026-09-09,2026-09-14,04-knowledge/units/places/pamfili-country-house-valmontone.md
units/places/paris,place,巴黎,Paris,front-matter,2026-09-14,2026-09-14,04-knowledge/units/places/paris.md
units/places/parma,place,帕尔马,Parma,,2026-09-09,2026-09-14,04-knowledge/units/places/parma.md
units/places/perugia,place,佩鲁贾,Perugia,chp-1,2026-09-09,2026-09-14,04-knowledge/units/places/perugia.md
units/places/piacenza,place,皮亚琴察,Piacenza,chp-1,2026-09-09,2026-09-14,04-knowledge/units/places/piacenza.md
units/places/piazza-di-spagna,place,西班牙广场,Piazza di Spagna,chp-1,2026-09-09,2026-09-14,04-knowledge/units/places/piazza-di-spagna.md
units/places/piazza-navona,place,纳沃纳广场,Piazza Navona,,2026-09-09,2026-09-14,04-knowledge/units/places/piazza-navona.md
units/places/pio-monte-della-misericordia-church,place,仁慈山会教堂,Church of Pio Monte della Misericordia,chp-1,2026-09-13,2026-09-14,04-knowledge/units/places/pio-monte-della-misericordia-church.md
units/places/pisa,place,比萨,Pisa,front-matter,2026-09-14,2026-09-14,04-knowledge/units/places/pisa.md
units/places/pistoia,place,皮斯托亚,Pistoia,front-matter,2026-09-15,2026-09-15,04-knowledge/units/places/pistoia.md
units/places/pittsburgh,place,匹兹堡,Pittsburgh,front-matter,2026-09-15,2026-09-15,04-knowledge/units/places/pittsburgh.md
units/places/poggio-a-caiano,place,波焦阿卡亚诺,Poggio a Caiano,front-matter,2026-09-14,2026-09-14,04-knowledge/units/places/poggio-a-caiano.md
units/places/pra-della-valle,place,Prà广场,Prà della Valle,front-matter,2026-09-14,2026-09-14,04-knowledge/units/places/pra-della-valle.md
units/places/princeton-new-jersey,place,普林斯顿,"Princeton, New Jersey",front-matter,2026-09-15,2026-09-15,04-knowledge/units/places/princeton-new-jersey.md
units/places/raleigh,place,罗利,Raleigh,front-matter,2026-09-14,2026-09-14,04-knowledge/units/places/raleigh.md
units/places/residenz-wurzburg,place,维尔茨堡宫,"Residenz, Würzburg",front-matter,2026-09-14,2026-09-14,04-knowledge/units/places/residenz-wurzburg.md
units/places/rome,place,罗马,Rome,,2026-09-09,2026-09-14,04-knowledge/units/places/rome.md
units/places/rotterdam,place,鹿特丹,Rotterdam,front-matter,2026-09-14,2026-09-14,04-knowledge/units/places/rotterdam.md
units/places/rovereto,place,罗韦雷托,Rovereto,front-matter,2026-09-15,2026-09-15,04-knowledge/units/places/rovereto.md
units/places/s-andrea-al-quirinale,place,奎里纳尔圣安德烈堂,S. Andrea al Quirinale,front-matter,2026-09-14,2026-09-14,04-knowledge/units/places/s-andrea-al-quirinale.md
units/places/s-ignazio,place,圣依纳爵堂（罗马）,S. Ignazio,front-matter,2026-09-14,2026-09-14,04-knowledge/units/places/s-ignazio.md
units/places/s-maria-del-giglio,place,百合圣母堂,S. Maria del Giglio,front-matter,2026-09-14,2026-09-14,04-knowledge/units/places/s-maria-del-giglio.md
units/places/s-sabina,place,圣撒比纳大殿,Santa Sabina all’Aventino,front-matter,2026-09-14,2026-09-14,04-knowledge/units/places/s-sabina.md
units/places/saint-martin-de-re,place,圣马丹德雷,Saint-Martin-de-Ré,front-matter,2026-09-15,2026-09-15,04-knowledge/units/places/saint-martin-de-re.md
units/places/san-clemente-rome,place,罗马圣克莱孟堂,"S. Clemente, Rome",front-matter,2026-09-14,2026-09-14,04-knowledge/units/places/san-clemente-rome.md
units/places/san-luigi-dei-francesi,place,法国圣路易堂,San Luigi dei Francesi,chp-1,2026-09-13,2026-09-14,04-knowledge/units/places/san-luigi-dei-francesi.md
units/places/san-sebastiano-palatine,place,帕拉蒂尼山圣塞巴斯蒂安堂,S. Sebastiano on the Palatine,chp-1,2026-09-09,2026-09-14,04-knowledge/units/places/san-sebastiano-palatine.md
units/places/sant-agnese-piazza-navona,place,纳沃纳广场圣阿涅塞堂,S. Agnese in Piazza Navona,,2026-09-09,2026-09-14,04-knowledge/units/places/sant-agnese-piazza-navona.md
units/places/sant-agostino-rome,place,罗马圣奥古斯丁圣殿,Basilica of Saint Augustine in Campo Marzio,chp-1,2026-09-13,2026-09-14,04-knowledge/units/places/sant-agostino-rome.md
units/places/sant-andrea-della-valle,place,谷地圣安德烈堂,S. Andrea della Valle,,2026-09-09,2026-09-14,04-knowledge/units/places/sant-andrea-della-valle.md
units/places/sant-antonino-piacenza,place,皮亚琴察圣安托尼诺堂,"S. Antonino, Piacenza",,2026-09-09,2026-09-14,04-knowledge/units/places/sant-antonino-piacenza.md
units/places/santa-lucia-al-sepolcro,place,圣露西墓地圣殿,Santa Lucia al Sepolcro Sanctuary,chp-1,2026-09-13,2026-09-14,04-knowledge/units/places/santa-lucia-al-sepolcro.md
units/places/santa-maria-degli-angeli-messina,place,墨西拿天使圣母教堂,"Church of Santa Maria degli Angeli, Messina",chp-1,2026-09-13,2026-09-14,04-knowledge/units/places/santa-maria-degli-angeli-messina.md
units/places/santa-maria-del-popolo,place,人民圣母堂,Santa Maria del Popolo,chp-1,2026-09-13,2026-09-14,04-knowledge/units/places/santa-maria-del-popolo.md
units/places/santa-maria-della-scala-rome,place,罗马阶梯圣母堂,"Santa Maria della Scala, Rome",chp-1,2026-09-13,2026-09-14,04-knowledge/units/places/santa-maria-della-scala-rome.md
units/places/santa-maria-maggiore,place,圣母大殿,Santa Maria Maggiore,,2026-09-09,2026-09-14,04-knowledge/units/places/santa-maria-maggiore.md
units/places/santa-maria-sopra-minerva,place,米涅瓦圣母堂,Santa Maria sopra Minerva,,2026-09-09,2026-09-14,04-knowledge/units/places/santa-maria-sopra-minerva.md
units/places/sassoferrato,place,萨索费拉托,Sassoferrato,front-matter,2026-09-14,2026-09-14,04-knowledge/units/places/sassoferrato.md
units/places/savona,place,萨沃纳,Savona,front-matter,2026-09-14,2026-09-14,04-knowledge/units/places/savona.md
units/places/schloss-wilhelmshoehe,place,威廉高地宫,Wilhelmshöhe Palace,front-matter,2026-09-15,2026-09-15,04-knowledge/units/places/schloss-wilhelmshoehe.md
units/places/sicily,place,西西里,Sicily,,2026-09-09,2026-09-14,04-knowledge/units/places/sicily.md
units/places/spain,place,西班牙,Spain,chp-1,2026-09-09,2026-09-14,04-knowledge/units/places/spain.md
units/places/st-asaph,place,圣阿萨夫,St Asaph,front-matter,2026-09-14,2026-09-14,04-knowledge/units/places/st-asaph.md
units/places/st-johns-co-cathedral,place,圣约翰副主教座堂,St. John's Co-Cathedral,chp-1,2026-09-13,2026-09-14,04-knowledge/units/places/st-johns-co-cathedral.md
units/places/st-peters-basilica,place,圣彼得大殿,St Peter's Basilica,,2026-09-09,2026-09-14,04-knowledge/units/places/st-peters-basilica.md
units/places/stockholm,place,斯德哥尔摩,Stockholm,front-matter,2026-09-14,2026-09-14,04-knowledge/units/places/stockholm.md
units/places/stra,place,斯特拉,Stra,front-matter,2026-09-14,2026-09-14,04-knowledge/units/places/stra.md
units/places/stuttgart,place,斯图加特,Stuttgart,front-matter,2026-09-14,2026-09-14,04-knowledge/units/places/stuttgart.md
units/places/temple-newsam,place,坦普尔纽萨姆庄园,Temple Newsam,front-matter,2026-09-14,2026-09-14,04-knowledge/units/places/temple-newsam.md
units/places/theater-auf-der-cortina,place,科尔蒂纳剧院,Theater auf der Cortina,front-matter,2026-09-14,2026-09-14,04-knowledge/units/places/theater-auf-der-cortina.md
units/places/treviso,place,特雷维索,Treviso,front-matter,2026-09-14,2026-09-14,04-knowledge/units/places/treviso.md
units/places/tribuna-uffizi,place,乌菲齐特里布纳厅,Tribuna of the Uffizi,front-matter,2026-09-14,2026-09-14,04-knowledge/units/places/tribuna-uffizi.md
units/places/turin,place,都灵,Turin,chp-1,2026-09-09,2026-09-14,04-knowledge/units/places/turin.md
units/places/tuscany,place,托斯卡纳,Tuscany,front-matter,2026-09-14,2026-09-14,04-knowledge/units/places/tuscany.md
units/places/valmontone,place,瓦尔蒙托内,Valmontone,,2026-09-09,2026-09-14,04-knowledge/units/places/valmontone.md
units/places/veneto,place,威尼托,Veneto,front-matter,2026-09-14,2026-09-14,04-knowledge/units/places/veneto.md
units/places/venice,place,威尼斯,Venice,,2026-09-09,2026-09-14,04-knowledge/units/places/venice.md
units/places/versailles,place,凡尔赛,Versailles,front-matter,2026-09-14,2026-09-14,04-knowledge/units/places/versailles.md
units/places/via-margutta,place,玛古塔街,Via Margutta,chp-1,2026-09-09,2026-09-14,04-knowledge/units/places/via-margutta.md
units/places/vienna,place,维也纳,Vienna,front-matter,2026-09-14,2026-09-14,04-knowledge/units/places/vienna.md
units/places/villa-borghese,place,博尔盖塞别墅,Villa Borghese,front-matter,2026-09-14,2026-09-14,04-knowledge/units/places/villa-borghese.md
units/places/villa-lante-rome,place,罗马兰特别墅,"Villa Lante, Rome",front-matter,2026-09-14,2026-09-14,04-knowledge/units/places/villa-lante-rome.md
units/places/villa-loredan-paese,place,洛雷丹别墅,"Villa Loredan, Paese",front-matter,2026-09-25,2026-09-25,04-knowledge/units/places/villa-loredan-paese.md
units/places/villa-pisani,place,皮萨尼别墅（斯特拉）,Villa Pisani,front-matter,2026-09-14,2026-09-14,04-knowledge/units/places/villa-pisani.md
units/places/wurzburg,place,维尔茨堡,Würzburg,front-matter,2026-09-14,2026-09-14,04-knowledge/units/places/wurzburg.md
units/procedures/artist-title-conferral,procedure,艺术家荣衔与职位授予,Conferral of titles and offices on artists,chp-1,2026-09-09,2026-09-14,04-knowledge/units/procedures/artist-title-conferral.md
units/procedures/commission-contracting,procedure,委托合同订立惯例,Commission contracting,,2026-09-09,2026-09-14,04-knowledge/units/procedures/commission-contracting.md
units/procedures/commission-payment,procedure,定金、进度款与结算,"Advances, instalments and final payment",,2026-09-09,2026-09-14,04-knowledge/units/procedures/commission-payment.md
units/procedures/exhibition-self-promotion,procedure,展览售画与自我宣传,Exhibiting paintings and self-promotion,,2026-09-09,2026-09-14,04-knowledge/units/procedures/exhibition-self-promotion.md
units/procedures/iconographic-consultation,procedure,题材与图像志协商,Consultation over subjects and iconography,,2026-09-09,2026-09-14,04-knowledge/units/procedures/iconographic-consultation.md
units/procedures/modello-approval,procedure,预备稿提交与批准,Submission and approval of preliminary designs,,2026-09-09,2026-09-14,04-knowledge/units/procedures/modello-approval.md
units/procedures/patron-funded-study-travel,procedure,赞助人资助学习旅行,Patron-funded study travel,,2026-09-09,2026-09-14,04-knowledge/units/procedures/patron-funded-study-travel.md
units/procedures/patronage-introduction,procedure,保护与职业引介程序,Patronage and professional introduction,,2026-09-09,2026-09-14,04-knowledge/units/procedures/patronage-introduction.md
units/procedures/per-figure-pricing,procedure,按主要人物数量计价,Pricing by principal figures,,2026-09-09,2026-09-14,04-knowledge/units/procedures/per-figure-pricing.md
units/procedures/studio-stock-sale,procedure,工作室存画议价与完成,Negotiating and completing studio stock,chp-1,2026-09-09,2026-09-14,04-knowledge/units/procedures/studio-stock-sale.md
units/terms/altarpiece,term,祭坛画,Altarpiece,,2026-09-09,2026-09-14,04-knowledge/units/terms/altarpiece.md
units/terms/art-dealer,term,画商,Art dealer,,2026-09-09,2026-09-14,04-knowledge/units/terms/art-dealer.md
units/terms/art-patronage,term,艺术赞助,Art patronage,,,,04-knowledge/units/terms/art-patronage.md
units/terms/artistic-independence,term,创作独立,Artistic independence,,2026-09-09,2026-09-14,04-knowledge/units/terms/artistic-independence.md
units/terms/artistic-temperament,term,艺术家气质,Artistic temperament,,2026-09-09,2026-09-14,04-knowledge/units/terms/artistic-temperament.md
units/terms/baroque,term,巴洛克,Baroque,front-matter,2026-09-14,2026-09-14,04-knowledge/units/terms/baroque.md
units/terms/bentveughels,term,同巢之鸟,Bentveughels,chp-1,2026-09-09,2026-09-14,04-knowledge/units/terms/bentveughels.md
units/terms/bohemian-artists,term,艺术家“波希米亚”群体,Bohemian artists,,2026-09-09,2026-09-14,04-knowledge/units/terms/bohemian-artists.md
units/terms/bozzetto,term,构思草稿,Bozzetto,,2026-09-09,2026-09-14,04-knowledge/units/terms/bozzetto.md
units/terms/caparra,term,定金,Caparra,,2026-09-09,2026-09-14,04-knowledge/units/terms/caparra.md
units/terms/cavaliere-abito-cristo,term,基督骑士荣衔,Cavaliere dell’abito di Cristo,chp-1,2026-09-09,2026-09-14,04-knowledge/units/terms/cavaliere-abito-cristo.md
units/terms/count-palatine,term,行宫伯爵,Count Palatine,chp-1,2026-09-09,2026-09-14,04-knowledge/units/terms/count-palatine.md
units/terms/devotional-picture,term,祈祷用图像,Devotional picture,chp-1,2026-09-09,2026-09-14,04-knowledge/units/terms/devotional-picture.md
units/terms/dilettante,term,鉴赏爱好者,Dilettante,,2026-09-09,2026-09-14,04-knowledge/units/terms/dilettante.md
units/terms/famiglia,term,家户,Famiglia,chp-1,2026-09-09,2026-09-14,04-knowledge/units/terms/famiglia.md
units/terms/fresco,term,湿壁画技法,Fresco,,2026-09-09,2026-09-14,04-knowledge/units/terms/fresco.md
units/terms/gallery-picture,term,可移动画廊画,Gallery picture,,2026-09-09,2026-09-14,04-knowledge/units/terms/gallery-picture.md
units/terms/genius,term,天才观,Genius,,2026-09-09,2026-09-14,04-knowledge/units/terms/genius.md
units/terms/gentiluomo-onore,term,荣誉侍从,Gentiluomo d’onore,chp-1,2026-09-09,2026-09-14,04-knowledge/units/terms/gentiluomo-onore.md
units/terms/history-painting,term,历史画,History painting,,2026-09-09,2026-09-14,04-knowledge/units/terms/history-painting.md
units/terms/holy-year,term,圣年,Holy Year,chp-1,2026-09-09,2026-09-14,04-knowledge/units/terms/holy-year.md
units/terms/inspiration,term,灵感与热情,Inspiration / entusiasmo,chp-1,2026-09-09,2026-09-14,04-knowledge/units/terms/inspiration.md
units/terms/modello,term,预备稿／模型,Modello,,2026-09-09,2026-09-14,04-knowledge/units/terms/modello.md
units/terms/neapolitan-anti-classical-painting,term,那不勒斯反古典绘画,Neapolitan anti-classical painting,front-matter,2026-09-14,2026-09-14,04-knowledge/units/terms/neapolitan-anti-classical-painting.md
units/terms/neo-classicism,term,新古典主义,Neo-classicism,front-matter,2026-09-14,2026-09-14,04-knowledge/units/terms/neo-classicism.md
units/terms/nepotism,term,教皇亲族任用,Nepotism,,2026-09-09,2026-09-14,04-knowledge/units/terms/nepotism.md
units/terms/news-sheets,term,新闻纸,News sheets,chp-1,2026-09-09,2026-09-14,04-knowledge/units/terms/news-sheets.md
units/terms/nostro-pittore,term,本府画家,Nostro pittore,,2026-09-09,2026-09-14,04-knowledge/units/terms/nostro-pittore.md
units/terms/pendant-pictures,term,成对绘画,Pendant pictures,chp-1,2026-09-09,2026-09-14,04-knowledge/units/terms/pendant-pictures.md
units/terms/platonism,term,柏拉图主义,Platonism,chp-1,2026-09-09,2026-09-14,04-knowledge/units/terms/platonism.md
units/terms/self-portrait,term,自画像,Self-portrait,,2026-09-09,2026-09-14,04-knowledge/units/terms/self-portrait.md
units/terms/servitu-particolare,term,特定保护人服务,Servitù particolare,,2026-09-09,2026-09-14,04-knowledge/units/terms/servitu-particolare.md
units/terms/titular-church,term,领衔教堂,Titular church,chp-1,2026-09-09,2026-09-14,04-knowledge/units/terms/titular-church.md
units/terms/ultramarine,term,群青,Ultramarine / oltremare,,2026-09-09,2026-09-14,04-knowledge/units/terms/ultramarine.md
units/works/a-d-gabbiani-a-group-of-musicians,work,乐师群像,A Group of Musicians,front-matter,2026-09-14,2026-09-15,04-knowledge/units/works/a-d-gabbiani-a-group-of-musicians.md
units/works/agostino-masucci-mola-painting-the-portrait-of-pope-alexander-vii,work,莫拉为亚历山大七世作像,Mola painting the portrait of Pope Alexander VII,front-matter,2026-09-14,2026-09-15,04-knowledge/units/works/agostino-masucci-mola-painting-the-portrait-of-pope-alexander-vii.md
units/works/albani-servi-altarpiece-1639,work,阿尔巴尼《圣安德烈朝拜殉道十字架》,Saint Andrew Adoring the Cross of Martyrdom,chp-1,2026-09-09,2026-09-14,04-knowledge/units/works/albani-servi-altarpiece-1639.md
units/works/alessandro-longhi-carlo-lodoli,work,卡洛·洛多利肖像,Portrait of Carlo Lodoli,front-matter,2026-09-14,2026-09-15,04-knowledge/units/works/alessandro-longhi-carlo-lodoli.md
units/works/alessandro-longhi-g-m-sasso,work,乔万尼·马里亚·萨索肖像,Portrait of Giovanni Maria Sasso,front-matter,2026-09-14,2026-09-15,04-knowledge/units/works/alessandro-longhi-g-m-sasso.md
units/works/amigoni-jupiter-and-io,work,朱庇特与伊娥,Jupiter and Io,front-matter,2026-09-14,2026-09-15,04-knowledge/units/works/amigoni-jupiter-and-io.md
units/works/amigoni-sigismund-streit,work,西吉斯蒙德·施特赖特肖像,Portrait of Sigismund Streit,front-matter,2026-09-14,2026-09-15,04-knowledge/units/works/amigoni-sigismund-streit.md
units/works/andrea-pozzo-modello-for-fresco-on-vault-of-s-ignazio,work,圣依纳爵堂拱顶壁画模型,Modello for fresco on vault of S. Ignazio,front-matter,2026-09-14,2026-09-15,04-knowledge/units/works/andrea-pozzo-modello-for-fresco-on-vault-of-s-ignazio.md
units/works/andrea-sacchi-allegory-of-divine-wisdom,work,神圣智慧寓意,Allegory of Divine Wisdom,front-matter,2026-09-14,2026-09-15,04-knowledge/units/works/andrea-sacchi-allegory-of-divine-wisdom.md
units/works/antonio-verrio-fresco-on-staircase-of-hampton-court-palace,work,汉普顿宫楼梯壁画,Fresco on staircase of Hampton Court Palace,front-matter,2026-09-14,2026-09-15,04-knowledge/units/works/antonio-verrio-fresco-on-staircase-of-hampton-court-palace.md
units/works/baldassare-franceschini-fame-carrying-the-name-of-louis-xiv-to-the-temple-of-immortality,work,声名携路易十四之名入不朽殿堂,Fame carrying the name of Louis XIV to the Temple of Immortality,front-matter,2026-09-14,2026-09-15,04-knowledge/units/works/baldassare-franceschini-fame-carrying-the-name-of-louis-xiv-to-the-temple-of-immortality.md
units/works/baldassare-franceschini-la-burla-del-piovano-arlotto,work,阿尔洛托教区神父的玩笑,La Burla del Piovano Arlotto,front-matter,2026-09-14,2026-09-15,04-knowledge/units/works/baldassare-franceschini-la-burla-del-piovano-arlotto.md
units/works/barberini-salone-bozzetto-disputed,work,巴贝里尼大厅所谓草稿（归属有争议）,Supposed bozzetto for the Barberini Salone (disputed attribution),chp-1,2026-09-09,2026-09-14,04-knowledge/units/works/barberini-salone-bozzetto-disputed.md
units/works/bernardino-castelli-teodoro-correr,work,泰奥多罗·科雷尔肖像,Portrait of Teodoro Correr,front-matter,2026-09-14,2026-09-15,04-knowledge/units/works/bernardino-castelli-teodoro-correr.md
units/works/bernini-cardinal-borghese-head,work,贝尔尼尼的博尔盖塞枢机肖像头部,Bernini’s portrait head of Cardinal Borghese,,2026-09-09,2026-09-14,04-knowledge/units/works/bernini-cardinal-borghese-head.md
units/works/bernini-caricature-of-cassiano-dal-pozzo,work,卡西亚诺·达尔·波佐漫画,Caricature of Cassiano dal Pozzo,front-matter,2026-09-14,2026-09-15,04-knowledge/units/works/bernini-caricature-of-cassiano-dal-pozzo.md
units/works/bernini-david,work,贝尔尼尼《大卫》,Bernini’s David,chp-1,2026-09-09,2026-09-14,04-knowledge/units/works/bernini-david.md
units/works/bernini-louis-xiv,work,路易十四肖像,Portrait of Louis XIV,front-matter,2026-09-14,2026-09-15,04-knowledge/units/works/bernini-louis-xiv.md
units/works/bernini-maffeo-barberini-as-pope-urban-viii,work,乌尔班八世肖像,Maffeo Barberini as Pope Urban VIII,front-matter,2026-09-14,2026-09-15,04-knowledge/units/works/bernini-maffeo-barberini-as-pope-urban-viii.md
units/works/bernini-thomas-baker-bust,work,贝尔尼尼的托马斯·贝克肖像胸像,Bernini’s bust of Thomas Baker,,2026-09-09,2026-09-14,04-knowledge/units/works/bernini-thomas-baker-bust.md
units/works/burnacini-the-elysian-fields,work,歌剧《拉丁君权凯旋》的极乐世界,The Elysian Fields,front-matter,2026-09-14,2026-09-15,04-knowledge/units/works/burnacini-the-elysian-fields.md
units/works/camassei-martyrdom-saint-sebastian,work,卡马塞伊《圣塞巴斯蒂安殉难》祭坛画,Camassei’s Martyrdom of Saint Sebastian altarpiece,,2026-09-09,2026-09-14,04-knowledge/units/works/camassei-martyrdom-saint-sebastian.md
units/works/camassei-peter-paul-mamertine-modello,work,卡马塞伊《圣彼得与圣保罗在马默蒂诺监狱施洗》稿,Camassei’s modello of Saints Peter and Paul baptizing in the Mamertine Prison,chp-1,2026-09-09,2026-09-14,04-knowledge/units/works/camassei-peter-paul-mamertine-modello.md
units/works/canaletto-allegorical-tomb-to-the-memory-of-archbishop-tillotson,work,蒂洛特森大主教寓意纪念墓,Allegorical Tomb to the memory of Archbishop Tillotson,front-matter,2026-09-14,2026-09-15,04-knowledge/units/works/canaletto-allegorical-tomb-to-the-memory-of-archbishop-tillotson.md
units/works/canaletto-dedicatory-frontispiece-to-etchings,work,蚀刻集献辞卷首图,Dedicatory frontispiece to Etchings,front-matter,2026-09-14,2026-09-15,04-knowledge/units/works/canaletto-dedicatory-frontispiece-to-etchings.md
units/works/canaletto-pra-della-valle-padua,work,帕多瓦Prà广场,"Prà della Valle, Padua",front-matter,2026-09-14,2026-09-15,04-knowledge/units/works/canaletto-pra-della-valle-padua.md
units/works/canaletto-view-from-badminton-1748,work,巴德明顿景观,"View from Badminton, 1748",front-matter,2026-09-14,2026-09-15,04-knowledge/units/works/canaletto-view-from-badminton-1748.md
units/works/canova-amadeo-swajer,work,阿马德奥·斯瓦耶尔肖像,Portrait of Amadeo Swajer,front-matter,2026-09-14,2026-09-15,04-knowledge/units/works/canova-amadeo-swajer.md
units/works/caravaggio-adoration-shepherds,work,《牧羊人朝拜》,Adoration of the Shepherds,chp-1,2026-09-13,2026-09-14,04-knowledge/units/works/caravaggio-adoration-shepherds.md
units/works/caravaggio-amor-vincit-omnia,work,《爱神战胜一切》,Amor Vincit Omnia,chp-1,2026-09-13,2026-09-14,04-knowledge/units/works/caravaggio-amor-vincit-omnia.md
units/works/caravaggio-bacchus-uffizi,work,《巴克斯》,Bacchus,chp-1,2026-09-13,2026-09-14,04-knowledge/units/works/caravaggio-bacchus-uffizi.md
units/works/caravaggio-basket-of-fruit,work,《果篮》,Basket of Fruit,chp-1,2026-09-13,2026-09-14,04-knowledge/units/works/caravaggio-basket-of-fruit.md
units/works/caravaggio-beheading-john-baptist,work,《施洗者圣约翰斩首》,The Beheading of Saint John the Baptist,chp-1,2026-09-13,2026-09-14,04-knowledge/units/works/caravaggio-beheading-john-baptist.md
units/works/caravaggio-boy-bitten-lizard-london,work,《被蜥蜴咬伤的男孩》（伦敦版本）,Boy Bitten by a Lizard (London version),chp-1,2026-09-13,2026-09-14,04-knowledge/units/works/caravaggio-boy-bitten-lizard-london.md
units/works/caravaggio-boy-peeling-fruit-royal,work,《削水果的男孩》（皇家收藏版本）,Boy Peeling Fruit (Royal Collection version),chp-1,2026-09-13,2026-09-14,04-knowledge/units/works/caravaggio-boy-peeling-fruit-royal.md
units/works/caravaggio-boy-with-basket-fruit,work,《提果篮的男孩》,Boy with a Basket of Fruit,chp-1,2026-09-13,2026-09-14,04-knowledge/units/works/caravaggio-boy-with-basket-fruit.md
units/works/caravaggio-burial-saint-lucy,work,《圣露西下葬》,The Burial of Saint Lucy,chp-1,2026-09-13,2026-09-14,04-knowledge/units/works/caravaggio-burial-saint-lucy.md
units/works/caravaggio-calling-peter-andrew,work,《圣彼得与圣安德烈蒙召》,The Calling of Saints Peter and Andrew,chp-1,2026-09-13,2026-09-14,04-knowledge/units/works/caravaggio-calling-peter-andrew.md
units/works/caravaggio-calling-saint-matthew,work,《圣马太蒙召》,The Calling of Saint Matthew,chp-1,2026-09-13,2026-09-14,04-knowledge/units/works/caravaggio-calling-saint-matthew.md
units/works/caravaggio-cardsharps-kimbell,work,《纸牌作弊者》（金贝尔版本）,The Cardsharps (Kimbell version),chp-1,2026-09-13,2026-09-14,04-knowledge/units/works/caravaggio-cardsharps-kimbell.md
units/works/caravaggio-christ-mount-olives,work,《橄榄山上的基督》,Christ on the Mount of Olives,chp-1,2026-09-13,2026-09-14,04-knowledge/units/works/caravaggio-christ-mount-olives.md
units/works/caravaggio-conversion-damascus-cerasi,work,《大马士革路上的归化》,Conversion on the Way to Damascus,chp-1,2026-09-13,2026-09-14,04-knowledge/units/works/caravaggio-conversion-damascus-cerasi.md
units/works/caravaggio-conversion-saint-paul-first,work,《圣保罗归化》（第一版）,The Conversion of Saint Paul (first version),,2026-09-13,2026-09-14,04-knowledge/units/works/caravaggio-conversion-saint-paul-first.md
units/works/caravaggio-conversion-saint-paul,work,卡拉瓦乔《圣保罗归化》委托,Caravaggio’s Conversion of Saint Paul commission,chp-1,2026-09-09,2026-09-14,04-knowledge/units/works/caravaggio-conversion-saint-paul.md
units/works/caravaggio-crucifixion-saint-peter,work,《圣彼得钉十字架》,Crucifixion of Saint Peter,chp-1,2026-09-13,2026-09-14,04-knowledge/units/works/caravaggio-crucifixion-saint-peter.md
units/works/caravaggio-david-goliath-borghese,work,《大卫与歌利亚之首》（博尔盖塞版本）,David with the Head of Goliath (Borghese version),chp-1,2026-09-13,2026-09-14,04-knowledge/units/works/caravaggio-david-goliath-borghese.md
units/works/caravaggio-death-virgin,work,《圣母之死》,Death of the Virgin,chp-1,2026-09-13,2026-09-14,04-knowledge/units/works/caravaggio-death-virgin.md
units/works/caravaggio-denial-saint-peter,work,《圣彼得不认主》,The Denial of Saint Peter,chp-1,2026-09-13,2026-09-14,04-knowledge/units/works/caravaggio-denial-saint-peter.md
units/works/caravaggio-ecce-homo-madrid,work,《看这个人》（马德里对象）,Ecce Homo (Madrid object),chp-1,2026-09-13,2026-09-14,04-knowledge/units/works/caravaggio-ecce-homo-madrid.md
units/works/caravaggio-entombment-christ,work,《基督下葬》,The Entombment of Christ,,2026-09-13,2026-09-14,04-knowledge/units/works/caravaggio-entombment-christ.md
units/works/caravaggio-fortune-teller-capitoline,work,《算命者》（卡比托利欧第一版）,The Fortune Teller (Capitoline first version),chp-1,2026-09-13,2026-09-14,04-knowledge/units/works/caravaggio-fortune-teller-capitoline.md
units/works/caravaggio-fortune-teller-louvre,work,《算命者》（卢浮宫第二版）,The Fortune Teller (Louvre second version),chp-1,2026-09-13,2026-09-14,04-knowledge/units/works/caravaggio-fortune-teller-louvre.md
units/works/caravaggio-giustiniani-rejected-altarpiece,work,《圣马太与天使》（第一版）,Saint Matthew and the Angel (first version),,2026-09-09,2026-09-14,04-knowledge/units/works/caravaggio-giustiniani-rejected-altarpiece.md
units/works/caravaggio-incredulity-thomas-ecclesiastical,work,《多疑的圣多马》（所谓“教会版本”）,The Incredulity of Saint Thomas (so-called Ecclesiastical version),chp-1,2026-09-13,2026-09-14,04-knowledge/units/works/caravaggio-incredulity-thomas-ecclesiastical.md
units/works/caravaggio-incredulity-thomas-sanssouci,work,《多疑的圣多马》（无忧宫版本）,The Incredulity of Saint Thomas (Sanssouci version),chp-1,2026-09-13,2026-09-14,04-knowledge/units/works/caravaggio-incredulity-thomas-sanssouci.md
units/works/caravaggio-inspiration-saint-matthew,work,《圣马太的启示》,The Inspiration of Saint Matthew,chp-1,2026-09-13,2026-09-14,04-knowledge/units/works/caravaggio-inspiration-saint-matthew.md
units/works/caravaggio-john-baptist-borghese,work,《施洗者约翰》（博尔盖塞版本）,Saint John the Baptist (Borghese version),chp-1,2026-09-13,2026-09-14,04-knowledge/units/works/caravaggio-john-baptist-borghese.md
units/works/caravaggio-john-baptist-ram-capitoline,work,《施洗者约翰与公羊》,Young Saint John the Baptist with a Ram,chp-1,2026-09-13,2026-09-14,04-knowledge/units/works/caravaggio-john-baptist-ram-capitoline.md
units/works/caravaggio-judith-barberini,work,《朱迪斯斩杀赫罗弗尼斯》（巴贝里尼宫版本）,Judith Beheading Holofernes (Palazzo Barberini version),,2026-09-13,2026-09-14,04-knowledge/units/works/caravaggio-judith-barberini.md
units/works/caravaggio-judith-toulouse,work,《朱迪斯斩杀赫罗弗尼斯》（图卢兹对象）,Judith Beheading Holofernes (Toulouse object),chp-1,2026-09-13,2026-09-14,04-knowledge/units/works/caravaggio-judith-toulouse.md
units/works/caravaggio-lute-player-hermitage,work,《鲁特琴演奏者》（艾尔米塔什版本）,The Lute Player (Hermitage version),chp-1,2026-09-13,2026-09-14,04-knowledge/units/works/caravaggio-lute-player-hermitage.md
units/works/caravaggio-madonna-loreto,work,《洛雷托圣母》,Madonna di Loreto,chp-1,2026-09-13,2026-09-14,04-knowledge/units/works/caravaggio-madonna-loreto.md
units/works/caravaggio-madonna-palafrenieri,work,《马夫圣母》,Madonna and Child with Saint Anne (Madonna dei Palafrenieri),,2026-09-13,2026-09-14,04-knowledge/units/works/caravaggio-madonna-palafrenieri.md
units/works/caravaggio-madonna-rosary,work,《玫瑰经圣母》,Madonna of the Rosary,chp-1,2026-09-13,2026-09-14,04-knowledge/units/works/caravaggio-madonna-rosary.md
units/works/caravaggio-maffeo-barberini,work,马费奥·巴贝里尼肖像,Maffeo Barberini,,,,04-knowledge/units/works/caravaggio-maffeo-barberini.md
units/works/caravaggio-martha-mary-magdalene,work,《马大与抹大拉的马利亚》,Martha and Mary Magdalene,chp-1,2026-09-13,2026-09-14,04-knowledge/units/works/caravaggio-martha-mary-magdalene.md
units/works/caravaggio-martyrdom-saint-matthew,work,《圣马太殉难》,The Martyrdom of Saint Matthew,chp-1,2026-09-13,2026-09-14,04-knowledge/units/works/caravaggio-martyrdom-saint-matthew.md
units/works/caravaggio-martyrdom-saint-peter,work,卡拉瓦乔《圣彼得殉难》委托,Caravaggio’s Martyrdom of Saint Peter commission,chp-1,2026-09-09,2026-09-14,04-knowledge/units/works/caravaggio-martyrdom-saint-peter.md
units/works/caravaggio-martyrdom-saint-ursula,work,《圣乌尔苏拉殉难》,The Martyrdom of Saint Ursula,chp-1,2026-09-13,2026-09-14,04-knowledge/units/works/caravaggio-martyrdom-saint-ursula.md
units/works/caravaggio-medusa-murtola,work,《美杜莎》（穆尔托拉版本）,Medusa Murtola,chp-1,2026-09-13,2026-09-14,04-knowledge/units/works/caravaggio-medusa-murtola.md
units/works/caravaggio-medusa-uffizi,work,《美杜莎》（乌菲齐版本）,Medusa (Uffizi version),chp-1,2026-09-13,2026-09-14,04-knowledge/units/works/caravaggio-medusa-uffizi.md
units/works/caravaggio-musicians,work,《音乐家们》,The Musicians,chp-1,2026-09-13,2026-09-14,04-knowledge/units/works/caravaggio-musicians.md
units/works/caravaggio-narcissus,work,《水仙》,Narcissus,chp-1,2026-09-13,2026-09-14,04-knowledge/units/works/caravaggio-narcissus.md
units/works/caravaggio-nativity-palermo,work,《圣方济各与圣劳伦斯在场的耶稣诞生》,Nativity with Saint Francis and Saint Lawrence,chp-1,2026-09-13,2026-09-14,04-knowledge/units/works/caravaggio-nativity-palermo.md
units/works/caravaggio-penitent-magdalene,work,《悔罪的抹大拉》,Penitent Magdalene,chp-1,2026-09-13,2026-09-14,04-knowledge/units/works/caravaggio-penitent-magdalene.md
units/works/caravaggio-portrait-fillide,work,《菲利德·梅兰德罗尼肖像》,Portrait of Fillide Melandroni,chp-1,2026-09-13,2026-09-14,04-knowledge/units/works/caravaggio-portrait-fillide.md
units/works/caravaggio-portrait-wignacourt,work,《阿洛夫·德·维尼亚库尔与侍从肖像》,Portrait of Alof de Wignacourt and his Page,chp-1,2026-09-13,2026-09-14,04-knowledge/units/works/caravaggio-portrait-wignacourt.md
units/works/caravaggio-raising-lazarus,work,《拉撒路复活》,The Raising of Lazarus,chp-1,2026-09-13,2026-09-14,04-knowledge/units/works/caravaggio-raising-lazarus.md
units/works/caravaggio-rest-flight-egypt,work,《逃往埃及途中的休息》,Rest on the Flight into Egypt,chp-1,2026-09-13,2026-09-14,04-knowledge/units/works/caravaggio-rest-flight-egypt.md
units/works/caravaggio-sacrifice-isaac-princeton,work,《以撒献祭》（原普林斯顿旧藏版本）,Sacrifice of Isaac (former Princeton version),chp-1,2026-09-13,2026-09-14,04-knowledge/units/works/caravaggio-sacrifice-isaac-princeton.md
units/works/caravaggio-sacrifice-isaac-uffizi,work,《以撒献祭》（乌菲齐版本）,Sacrifice of Isaac (Uffizi version),chp-1,2026-09-13,2026-09-14,04-knowledge/units/works/caravaggio-sacrifice-isaac-uffizi.md
units/works/caravaggio-saint-augustine-disputed,work,《圣奥古斯丁》（2011年公布对象）,Saint Augustine (object announced in 2011),chp-1,2026-09-13,2026-09-14,04-knowledge/units/works/caravaggio-saint-augustine-disputed.md
units/works/caravaggio-saint-catherine-alexandria,work,《亚历山大的圣凯瑟琳》,Saint Catherine of Alexandria,chp-1,2026-09-13,2026-09-14,04-knowledge/units/works/caravaggio-saint-catherine-alexandria.md
units/works/caravaggio-saint-francis-ecstasy,work,《圣方济各入神》,Saint Francis of Assisi in Ecstasy,chp-1,2026-09-13,2026-09-14,04-knowledge/units/works/caravaggio-saint-francis-ecstasy.md
units/works/caravaggio-saint-jerome-borghese,work,《书写中的圣哲罗姆》（博尔盖塞版本）,Saint Jerome Writing (Borghese version),chp-1,2026-09-13,2026-09-14,04-knowledge/units/works/caravaggio-saint-jerome-borghese.md
units/works/caravaggio-saint-jerome-valletta,work,《书写中的圣哲罗姆》（瓦莱塔版本）,Saint Jerome Writing (Valletta version),chp-1,2026-09-13,2026-09-14,04-knowledge/units/works/caravaggio-saint-jerome-valletta.md
units/works/caravaggio-salome-madrid,work,《莎乐美与施洗者圣约翰之首》（马德里版本）,Salome with the Head of John the Baptist (Madrid version),chp-1,2026-09-13,2026-09-14,04-knowledge/units/works/caravaggio-salome-madrid.md
units/works/caravaggio-seven-works-mercy,work,《七件善事》,The Seven Works of Mercy,,2026-09-13,2026-09-14,04-knowledge/units/works/caravaggio-seven-works-mercy.md
units/works/caravaggio-supper-emmaus-london,work,《以马忤斯的晚餐》（伦敦版本）,Supper at Emmaus (London version),chp-1,2026-09-13,2026-09-14,04-knowledge/units/works/caravaggio-supper-emmaus-london.md
units/works/caravaggio-taking-christ-dublin,work,《逮捕基督》（都柏林版本）,The Taking of Christ (Dublin version),chp-1,2026-09-13,2026-09-14,04-knowledge/units/works/caravaggio-taking-christ-dublin.md
units/works/caravaggio-taking-christ-odesa,work,《逮捕基督》（敖德萨复制品）,The Taking of Christ (Odesa copy),chp-1,2026-09-13,2026-09-14,04-knowledge/units/works/caravaggio-taking-christ-odesa.md
units/works/caravaggio-young-sick-bacchus,work,《生病的巴克斯》,Young Sick Bacchus,chp-1,2026-09-13,2026-09-14,04-knowledge/units/works/caravaggio-young-sick-bacchus.md
units/works/carlo-dolci-sir-john-finch,work,约翰·芬奇爵士肖像,Portrait of Sir John Finch,front-matter,2026-09-15,2026-09-15,04-knowledge/units/works/carlo-dolci-sir-john-finch.md
units/works/carlo-dolci-sir-thomas-baines,work,托马斯·贝恩斯,Sir Thomas Baines,front-matter,2026-09-14,2026-09-15,04-knowledge/units/works/carlo-dolci-sir-thomas-baines.md
units/works/carlo-maratta-cardinal-antonio-barberini,work,安东尼奥·巴贝里尼枢机,Cardinal Antonio Barberini,front-matter,2026-09-14,2026-09-15,04-knowledge/units/works/carlo-maratta-cardinal-antonio-barberini.md
units/works/carlo-maratta-charles-fox,work,查尔斯·福克斯肖像,Portrait of Charles Fox,front-matter,2026-09-14,2026-09-15,04-knowledge/units/works/carlo-maratta-charles-fox.md
units/works/carlo-maratta-sir-thomas-isham,work,托马斯·伊舍姆,Sir Thomas Isham,front-matter,2026-09-14,2026-09-15,04-knowledge/units/works/carlo-maratta-sir-thomas-isham.md
units/works/claude-mellan-vincenzo-giustiniani,work,文琴佐·朱斯蒂尼亚尼肖像,Portrait of Vincenzo Giustiniani,front-matter,2026-09-14,2026-09-15,04-knowledge/units/works/claude-mellan-vincenzo-giustiniani.md
units/works/claude-view-of-delphi-with-a-procession,work,有队列的德尔斐景观,View of Delphi with a Procession,front-matter,2026-09-14,2026-09-15,04-knowledge/units/works/claude-view-of-delphi-with-a-procession.md
units/works/comedy-performed-1635,work,1635 年演出的喜剧（题名未明）,Unidentified comedy performed in 1635,chp-1,2026-09-09,2026-09-14,04-knowledge/units/works/comedy-performed-1635.md
units/works/cortona-doria-pamfili-modelli-disputed,work,归于科尔托纳的多里亚—潘菲利画廊稿组（有争议）,Doria-Pamfili modelli attributed to Cortona (disputed),chp-1,2026-09-09,2026-09-14,04-knowledge/units/works/cortona-doria-pamfili-modelli-disputed.md
units/works/domenichino-hunt-of-diana,work,狄安娜狩猎,Hunt of Diana,front-matter,2026-09-14,2026-09-25,04-knowledge/units/works/domenichino-hunt-of-diana.md
units/works/domenico-cerato-original-proposals-for-reclaiming-pra-della-valle,work,Prà广场整治原始方案,Original proposals for reclaiming Prà della Valle,front-matter,2026-09-14,2026-09-15,04-knowledge/units/works/domenico-cerato-original-proposals-for-reclaiming-pra-della-valle.md
units/works/facade-of-s-maria-del-giglio,work,百合圣母堂立面,Facade of S. Maria del Giglio,front-matter,2026-09-14,2026-09-15,04-knowledge/units/works/facade-of-s-maria-del-giglio.md
units/works/ferri-laparelli-altarpiece,work,费里《荣耀中的圣母与诸圣》（拉帕雷利祭坛）,Ciro Ferri’s Virgin in Glory with Saints for the Laparelli altar,chp-1,2026-09-09,2026-09-14,04-knowledge/units/works/ferri-laparelli-altarpiece.md
units/works/ferri-sant-agnese-cupola,work,费里《圣阿涅塞被引入天堂荣耀》穹顶壁画,Ferri’s Saint Agnes Introduced to the Glory of Paradise,,2026-09-09,2026-09-14,04-knowledge/units/works/ferri-sant-agnese-cupola.md
units/works/ferri-sant-agnese-modello,work,费里圣阿涅塞穹顶彩色稿,Ferri’s coloured modello for the S. Agnese cupola,chp-1,2026-09-09,2026-09-14,04-knowledge/units/works/ferri-sant-agnese-modello.md
units/works/fortune-salvator-rosa,work,罗萨命运,Fortune by Salvator Rosa,front-matter,2026-09-09,2026-09-15,04-knowledge/units/works/fortune-salvator-rosa.md
units/works/francesco-algarotti,work,弗朗切斯科·阿尔加罗蒂肖像,Portrait of Francesco Algarotti,front-matter,2026-09-14,2026-09-15,04-knowledge/units/works/francesco-algarotti.md
units/works/francesco-fanelli-charles-i,work,查理一世肖像,Portrait of Charles I,front-matter,2026-09-14,2026-09-25,04-knowledge/units/works/francesco-fanelli-charles-i.md
units/works/francesco-guardi-view-of-john-strange-s-villa-at-paese-near-treviso,work,约翰·斯特兰奇别墅景观,View of John Strange's villa at Paese near Treviso,front-matter,2026-09-14,2026-09-25,04-knowledge/units/works/francesco-guardi-view-of-john-strange-s-villa-at-paese-near-treviso.md
units/works/francesco-petrucci-grand-prince-ferdinand-of-tuscany,work,托斯卡纳大公子费迪南多肖像,Portrait of Grand Prince Ferdinand of Tuscany,front-matter,2026-09-14,2026-09-15,04-knowledge/units/works/francesco-petrucci-grand-prince-ferdinand-of-tuscany.md
units/works/g-m-crespi-detail-from-fair-at-poggio-a-caiano,work,波焦阿卡亚诺集市局部,Detail from Fair at Poggio a Caiano,front-matter,2026-09-14,2026-09-15,04-knowledge/units/works/g-m-crespi-detail-from-fair-at-poggio-a-caiano.md
units/works/g-m-crespi-girl-at-her-toilet,work,梳妆少女,Girl at her toilet,front-matter,2026-09-14,2026-09-15,04-knowledge/units/works/g-m-crespi-girl-at-her-toilet.md
units/works/g-m-crespi-jupiter-handed-over-by-cybele-to-the-corybantes-to-be-fed,work,库柏勒将朱庇特交给科律班忒斯哺育,Jupiter handed over by Cybele to the Corybantes to be fed,front-matter,2026-09-14,2026-09-15,04-knowledge/units/works/g-m-crespi-jupiter-handed-over-by-cybele-to-the-corybantes-to-be-fed.md
units/works/g-m-crespi-the-painter-s-family,work,画家一家,The Painter's Family,front-matter,2026-09-14,2026-09-15,04-knowledge/units/works/g-m-crespi-the-painter-s-family.md
units/works/g-volpato-mourners-at-tomb-of-francesco-algarotti-in-pisa,work,阿尔加罗蒂墓前悼念者,Mourners at Tomb of Francesco Algarotti in Pisa,front-matter,2026-09-14,2026-09-15,04-knowledge/units/works/g-volpato-mourners-at-tomb-of-francesco-algarotti-in-pisa.md
units/works/gaulli-gesu-vaults,work,盖乌利耶稣堂拱顶壁画工程,Gaulli’s vault fresco project at the Gesù,chp-1,2026-09-09,2026-09-14,04-knowledge/units/works/gaulli-gesu-vaults.md
units/works/gaulli-triumph-name-jesus,work,耶稣圣名的胜利,Triumph of The Name of Jesus,front-matter,2026-09-14,2026-09-15,04-knowledge/units/works/gaulli-triumph-name-jesus.md
units/works/gavasetti-sant-antonino-frescoes,work,加瓦塞蒂皮亚琴察圣安东尼诺司祭席装饰,"Gavasetti’s decoration of the presbytery at Sant’Antonino, Piacenza",chp-1,2026-09-09,2026-09-14,04-knowledge/units/works/gavasetti-sant-antonino-frescoes.md
units/works/gian-antonio-faldoni-zaccaria-sagredo,work,扎卡里亚·萨格雷多肖像,Portrait of Zaccaria Sagredo,front-matter,2026-09-14,2026-09-15,04-knowledge/units/works/gian-antonio-faldoni-zaccaria-sagredo.md
units/works/giannantonio-fumiani-the-stoning-of-zechariah,work,撒迦利亚被石击,The stoning of Zechariah,front-matter,2026-09-14,2026-09-15,04-knowledge/units/works/giannantonio-fumiani-the-stoning-of-zechariah.md
units/works/giaquinto-san-nicola-dei-lorenesi-decoration,work,贾昆托的洛林人圣尼古拉堂装饰,Giaquinto’s Decoration of San Nicola dei Lorenesi,front-matter,2026-09-14,2026-09-15,04-knowledge/units/works/giaquinto-san-nicola-dei-lorenesi-decoration.md
units/works/gio-maria-bottalla-meeting-of-esau-and-jacob,work,以扫与雅各相会,Meeting of Esau and Jacob,front-matter,2026-09-14,2026-09-15,04-knowledge/units/works/gio-maria-bottalla-meeting-of-esau-and-jacob.md
units/works/giuseppe-zocchi-a-m-zanetti-the-elder-with-marchese-gerini,work,老扎内蒂与杰里尼侯爵,A. M. Zanetti the Elder with Marchese Gerini,front-matter,2026-09-14,2026-09-15,04-knowledge/units/works/giuseppe-zocchi-a-m-zanetti-the-elder-with-marchese-gerini.md
units/works/guercino-sicilian-altarpiece-1665,work,圭尔奇诺《圣德肋撒从加尔默罗圣母领受会衣》,Guercino’s Saint Teresa Receiving the Habit from Our Lady of Mount Carmel,,2026-09-09,2026-09-25,04-knowledge/units/works/guercino-sicilian-altarpiece-1665.md
units/works/francesco-maggiotto-portraits-of-doges-1778,work,皮内利委托的168幅威尼斯显贵肖像组,Maffeo Pinelli commission of 168 Venetian dignitary portraits,chp-1,2026-09-25,2026-09-25,04-knowledge/units/works/francesco-maggiotto-portraits-of-doges-1778.md
units/works/guglielmo-baur-view-of-villa-borghese-in-1630,work,1630年博尔盖塞别墅景观,View of Villa Borghese in 1630,front-matter,2026-09-14,2026-09-15,04-knowledge/units/works/guglielmo-baur-view-of-villa-borghese-in-1630.md
units/works/guido-abbatini-frontispiece-of-aedes-barberinae-ad-quirinalem,work,《巴贝里尼宫》卷首图,Frontispiece of Aedes Barberinae ad Quirinalem,front-matter,2026-09-14,2026-09-15,04-knowledge/units/works/guido-abbatini-frontispiece-of-aedes-barberinae-ad-quirinalem.md
units/works/guido-cagnacci-death-of-cleopatra,work,克娄巴特拉之死,Death of Cleopatra,front-matter,2026-09-14,2026-09-15,04-knowledge/units/works/guido-cagnacci-death-of-cleopatra.md
units/works/la-monarchia-latina-trionfante,work,拉丁君权凯旋,La Monarchia Latina Trionfante,front-matter,2026-09-14,2026-09-15,04-knowledge/units/works/la-monarchia-latina-trionfante.md
units/works/lanfranco-crucifixion-stock,work,兰弗兰科《受难》工作室画稿,Lanfranco’s unfinished Crucifixion in his studio,chp-1,2026-09-09,2026-09-14,04-knowledge/units/works/lanfranco-crucifixion-stock.md
units/works/lanfranco-magdalene-stock,work,兰弗兰科《抹大拉》工作室画稿,Lanfranco’s unfinished Magdalene in his studio,chp-1,2026-09-09,2026-09-14,04-knowledge/units/works/lanfranco-magdalene-stock.md
units/works/marco-pitteri-flaminio-corner,work,弗拉米尼奥·科尔内尔肖像,Portrait of Flaminio Corner,front-matter,2026-09-14,2026-09-15,04-knowledge/units/works/marco-pitteri-flaminio-corner.md
units/works/marco-ricci-an-operatic-rehearsal,work,歌剧排练,An Operatic Rehearsal,front-matter,2026-09-14,2026-09-15,04-knowledge/units/works/marco-ricci-an-operatic-rehearsal.md
units/works/marco-ricci-village-scene,work,村景,Village Scene,front-matter,2026-09-14,2026-09-15,04-knowledge/units/works/marco-ricci-village-scene.md
units/works/marieschi-picture-exhibition-at-church-of-s-rocco,work,圣洛克堂画展,Picture Exhibition at Church of S. Rocco,front-matter,2026-09-14,2026-09-15,04-knowledge/units/works/marieschi-picture-exhibition-at-church-of-s-rocco.md
units/works/massimo-stanzione-jerome-bankes,work,杰罗姆·班克斯肖像,Portrait of Jerome Bankes,front-matter,2026-09-14,2026-09-15,04-knowledge/units/works/massimo-stanzione-jerome-bankes.md
units/works/mazarin-gallery-vault-decoration,work,马扎然画廊穹顶装饰,Vault Decoration of the Galerie Mazarine,front-matter,2026-09-14,2026-09-15,04-knowledge/units/works/mazarin-gallery-vault-decoration.md
units/works/michelangelo-cerquozzi-the-artist-with-a-group-of-friends,work,画家及友人群像,The artist with a group of friends,front-matter,2026-09-14,2026-09-15,04-knowledge/units/works/michelangelo-cerquozzi-the-artist-with-a-group-of-friends.md
units/works/michelangelo-cerquozzi-the-revolt-of-masaniello,work,马萨涅洛起义,The Revolt of Masaniello,front-matter,2026-09-14,2026-09-15,04-knowledge/units/works/michelangelo-cerquozzi-the-revolt-of-masaniello.md
units/works/michelangelo-cerquozzi-women-s-bath,work,女浴,Women's Bath,front-matter,2026-09-14,2026-09-15,04-knowledge/units/works/michelangelo-cerquozzi-women-s-bath.md
units/works/mola-air-valmontone,work,莫拉瓦尔蒙托内《空气》构图方案,Mola’s design for Air at Valmontone,chp-1,2026-09-09,2026-09-14,04-knowledge/units/works/mola-air-valmontone.md
units/works/mola-four-elements-valmontone,work,莫拉的瓦尔蒙托内《四元素》壁画方案,Mola’s Four Elements fresco programme at Valmontone,,2026-09-09,2026-09-14,04-knowledge/units/works/mola-four-elements-valmontone.md
units/works/mola-joint-caricature-of-simonelli-and-mola,work,西莫内利与莫拉联合漫画,Joint caricature of Simonelli and Mola,front-matter,2026-09-14,2026-09-15,04-knowledge/units/works/mola-joint-caricature-of-simonelli-and-mola.md
units/works/monument-to-doge-giovanni-pesaro,work,乔瓦尼·佩萨罗总督纪念碑,Monument to Doge Giovanni Pesaro,,,,04-knowledge/units/works/monument-to-doge-giovanni-pesaro.md
units/works/nanteuil-cardinal-mazarin-in-his-gallery,work,画廊中的马扎然,Cardinal Mazarin in his Gallery,front-matter,2026-09-14,2026-09-15,04-knowledge/units/works/nanteuil-cardinal-mazarin-in-his-gallery.md
units/works/nazari-equestrian-portrait-of-schulenburg,work,舒伦堡骑马肖像,Equestrian Portrait of Schulenburg,front-matter,2026-09-14,2026-09-15,04-knowledge/units/works/nazari-equestrian-portrait-of-schulenburg.md
units/works/niccolo-bambini-allegory-of-venice,work,威尼斯寓意,Allegory of Venice,front-matter,2026-09-14,2026-09-15,04-knowledge/units/works/niccolo-bambini-allegory-of-venice.md
units/works/orazio-gentileschi-public-felicity-triumphant-over-dangers,work,公共幸福战胜危难,Public Felicity triumphant over Dangers,front-matter,2026-09-14,2026-09-15,04-knowledge/units/works/orazio-gentileschi-public-felicity-triumphant-over-dangers.md
units/works/ottavio-leoni-cardinal-francesco-barberini,work,弗朗切斯科·巴贝里尼枢机,Cardinal Francesco Barberini,front-matter,2026-09-14,2026-09-25,04-knowledge/units/works/ottavio-leoni-cardinal-francesco-barberini.md
units/works/ottavio-leoni-paolo-giordano-orsini-duke-of-bracciano,work,布拉恰诺公爵,"Paolo Giordano Orsini, Duke of Bracciano",front-matter,2026-09-14,2026-09-25,04-knowledge/units/works/ottavio-leoni-paolo-giordano-orsini-duke-of-bracciano.md
units/works/ottavio-leoni-susanna-and-the-elders-1620,work,《苏珊娜与长老》,Susanna and the Elders,chp-1,2026-09-25,2026-09-25,04-knowledge/units/works/ottavio-leoni-susanna-and-the-elders-1620.md
units/works/p-van-bleek-owen-mcswiny,work,欧文·麦克斯温尼肖像,Portrait of Owen McSwiny,front-matter,2026-09-14,2026-09-15,04-knowledge/units/works/p-van-bleek-owen-mcswiny.md
units/works/paolo-de-matteis-the-choice-of-hercules,work,赫拉克勒斯的选择,The choice of Hercules,front-matter,2026-09-14,2026-09-25,04-knowledge/units/works/paolo-de-matteis-the-choice-of-hercules.md
units/works/pellegrini-allegory-of-the-education-of-the-crown-prince-of-the-palatinate,work,普法尔茨王储教育寓意,Allegory of the Education of the Crown Prince of the Palatinate,front-matter,2026-09-14,2026-09-15,04-knowledge/units/works/pellegrini-allegory-of-the-education-of-the-crown-prince-of-the-palatinate.md
units/works/pellegrini-pierre-motteux-and-his-family,work,皮埃尔·莫特及家人,Pierre Motteux and his family,front-matter,2026-09-14,2026-09-15,04-knowledge/units/works/pellegrini-pierre-motteux-and-his-family.md
units/works/piazzetta-female-head-in-profile-milan,work,女性侧面头像,Female Head in Profile,front-matter,2026-09-15,2026-09-15,04-knowledge/units/works/piazzetta-female-head-in-profile-milan.md
units/works/piazzetta-final-plate-of-illustrations-to-gerusalemme-liberata,work,《耶路撒冷解放》插图末页,Final plate of Illustrations to Gerusalemme Liberata,front-matter,2026-09-14,2026-09-15,04-knowledge/units/works/piazzetta-final-plate-of-illustrations-to-gerusalemme-liberata.md
units/works/piazzetta-idyll,work,田园,Idyll,front-matter,2026-09-14,2026-09-15,04-knowledge/units/works/piazzetta-idyll.md
units/works/piazzetta-marshal-schulenburg,work,舒伦堡元帅肖像,Portrait of Marshal Schulenburg,front-matter,2026-09-14,2026-09-15,04-knowledge/units/works/piazzetta-marshal-schulenburg.md
units/works/piazzetta-pastoral-scene-chicago,work,田园场景,Pastoral Scene,front-matter,2026-09-15,2026-09-15,04-knowledge/units/works/piazzetta-pastoral-scene-chicago.md
units/works/pietro-antonio-novelli-frontispiece-to-vol-2-of-goldoni-opere,work,戈尔多尼《喜剧集》第二卷卷首图,"Frontispiece to The Comedies of Carlo Goldoni, vol. 2",front-matter,2026-09-14,2026-09-15,04-knowledge/units/works/pietro-antonio-novelli-frontispiece-to-vol-2-of-goldoni-opere.md
units/works/pietro-da-cortona-glorification-of-the-reign-of-urban-viii,work,乌尔班八世统治的荣耀,Glorification of the Reign of Urban VIII,front-matter,2026-09-14,2026-09-15,04-knowledge/units/works/pietro-da-cortona-glorification-of-the-reign-of-urban-viii.md
units/works/pietro-da-cortona-marcello-sacchetti,work,马尔切洛·萨凯蒂肖像,Portrait of Marcello Sacchetti,front-matter,2026-09-14,2026-09-15,04-knowledge/units/works/pietro-da-cortona-marcello-sacchetti.md
units/works/pietro-da-cortona-rape-of-helen,work,劫夺海伦,Rape of Helen,front-matter,2026-09-14,2026-09-15,04-knowledge/units/works/pietro-da-cortona-rape-of-helen.md
units/works/pietro-da-cortona-rape-of-the-sabines,work,劫夺萨宾妇女,Rape of the Sabines,front-matter,2026-09-14,2026-09-15,04-knowledge/units/works/pietro-da-cortona-rape-of-the-sabines.md
units/works/pietro-testa-joseph-sold-by-his-brothers,work,约瑟被兄弟出卖,Joseph Sold by his Brothers,front-matter,2026-09-14,2026-09-15,04-knowledge/units/works/pietro-testa-joseph-sold-by-his-brothers.md
units/works/pietro-testa-rest-on-the-flight-into-egypt,work,逃往埃及途中的休息,Rest on the Flight into Egypt,chp-1,2026-09-14,2026-09-25,04-knowledge/units/works/pietro-testa-rest-on-the-flight-into-egypt.md
units/works/plague-at-ashdod-1631,work,《阿什杜德的瘟疫》,The Plague at Ashdod,,2026-09-09,2026-09-14,04-knowledge/units/works/plague-at-ashdod-1631.md
units/works/pompeo-batoni-the-triumph-of-venice,work,威尼斯的胜利,The Triumph of Venice,front-matter,2026-09-14,2026-09-15,04-knowledge/units/works/pompeo-batoni-the-triumph-of-venice.md
units/works/poussin-marriage,work,婚姻,Marriage,front-matter,2026-09-14,2026-09-15,04-knowledge/units/works/poussin-marriage.md
units/works/poussin-massacre-innocents,work,普桑《屠杀婴孩》（本章提及）,Poussin’s Massacre of the Innocents (chapter 1 reference),,2026-09-09,2026-09-14,04-knowledge/units/works/poussin-massacre-innocents.md
units/works/poussin-moses-trampling-on-pharaoh-s-crown,work,摩西践踏法老王冠,Moses trampling on Pharaoh's crown,front-matter,2026-09-14,2026-09-15,04-knowledge/units/works/poussin-moses-trampling-on-pharaoh-s-crown.md
units/works/poussin-spring-valguarnera,work,普桑为瓦尔瓜尔内拉新订的《春》,Poussin’s Spring commissioned by Valguarnera,chp-1,2026-09-09,2026-09-14,04-knowledge/units/works/poussin-spring-valguarnera.md
units/works/rembrandt-aristotle-contemplating-the-bust-of-homer,work,凝视荷马像的亚里士多德,Aristotle contemplating the bust of Homer,front-matter,2026-09-14,2026-09-15,04-knowledge/units/works/rembrandt-aristotle-contemplating-the-bust-of-homer.md
units/works/reni-justice-embracing-peace,work,雷尼《正义拥抱和平》委托（1617）,Reni’s Justice embracing Peace commission (1617),chp-1,2026-09-09,2026-09-14,04-knowledge/units/works/reni-justice-embracing-peace.md
units/works/reni-massacre-innocents,work,雷尼《屠杀婴孩》,Reni’s Massacre of the Innocents,chp-1,2026-09-09,2026-09-14,04-knowledge/units/works/reni-massacre-innocents.md
units/works/ribera-the-drunken-silenus,work,醉西勒诺斯,The drunken Silenus,front-matter,2026-09-14,2026-09-15,04-knowledge/units/works/ribera-the-drunken-silenus.md
units/works/ricci-beheading-john-baptist-1682,work,里奇 1682 年《施洗者约翰斩首》委托,Ricci’s Beheading of Saint John the Baptist commission (1682),chp-1,2026-09-09,2026-09-14,04-knowledge/units/works/ricci-beheading-john-baptist-1682.md
units/works/romanelli-romulus-and-remus,work,"罗慕路斯与雷穆斯顶画局部（Romulus and Remus, Ceiling Detail）",Romulus and Remus (Ceiling Detail),front-matter,2026-09-14,2026-09-15,04-knowledge/units/works/romanelli-romulus-and-remus.md
units/works/rosa-regulus-study-princeton,work,雷古鲁斯之死准备稿,Study for the Death of Atilius Regulus,front-matter,2026-09-14,2026-09-15,04-knowledge/units/works/rosa-regulus-study-princeton.md
units/works/rubens-chiesa-nuova-altarpiece-1606,work,鲁本斯《教皇圣格里高利与诸圣朝拜瓦利切拉圣母像》,Rubens’s Saint Gregory with Saints Venerating the Madonna della Vallicella,chp-1,2026-09-09,2026-09-14,04-knowledge/units/works/rubens-chiesa-nuova-altarpiece-1606.md
units/works/rubens-the-feast-of-herod,work,希律王宴会,The Feast of Herod,front-matter,2026-09-14,2026-09-15,04-knowledge/units/works/rubens-the-feast-of-herod.md
units/works/sacchi-capuchin-altarpiece-modello,work,萨基罗马嘉布遣会教堂祭坛稿,Sacchi’s modello for a Roman Capuchin church altarpiece,,2026-09-09,2026-09-14,04-knowledge/units/works/sacchi-capuchin-altarpiece-modello.md
units/works/salvator-rosa-the-death-of-regulus,work,雷古鲁斯之死,The Death of Regulus,front-matter,2026-09-14,2026-09-15,04-knowledge/units/works/salvator-rosa-the-death-of-regulus.md
units/works/sassoferrato-madonna-and-child,work,圣母子,Madonna and Child,front-matter,2026-09-14,2026-09-15,04-knowledge/units/works/sassoferrato-madonna-and-child.md
units/works/sassoferrato-madonna-of-the-rosary-with-saints-dominic-and-catherine,work,玫瑰圣母与道明、加大利纳,Madonna of the Rosary with Saints Dominic and Catherine,front-matter,2026-09-14,2026-09-15,04-knowledge/units/works/sassoferrato-madonna-of-the-rosary-with-saints-dominic-and-catherine.md
units/works/sebastiano-ricci-pan-and-syrinx,work,潘与绪任克斯,Pan and Syrinx,front-matter,2026-09-14,2026-09-15,04-knowledge/units/works/sebastiano-ricci-pan-and-syrinx.md
units/works/sebastiano-ricci-rape-of-europa,work,劫夺欧罗巴,Rape of Europa,front-matter,2026-09-14,2026-09-15,04-knowledge/units/works/sebastiano-ricci-rape-of-europa.md
units/works/sebastiano-ricci-venus-and-adonis,work,维纳斯与阿多尼斯,Venus and Adonis,front-matter,2026-09-14,2026-09-15,04-knowledge/units/works/sebastiano-ricci-venus-and-adonis.md
units/works/solimena-dido-and-aeneas,work,狄多与埃涅阿斯,Dido and Aeneas,front-matter,2026-09-14,2026-09-15,04-knowledge/units/works/solimena-dido-and-aeneas.md
units/works/tiepolo-banquet-cognacq-jay,work,克娄巴特拉的宴会：科涅克—杰藏本,"The Banquet of Cleopatra, Musée Cognacq-Jay version",front-matter,2026-09-14,2026-09-15,04-knowledge/units/works/tiepolo-banquet-cognacq-jay.md
units/works/tiepolo-banquet-victoria,work,克娄巴特拉的宴会：维多利亚国家美术馆藏本,"The Banquet of Cleopatra, National Gallery of Victoria version",front-matter,2026-09-14,2026-09-15,04-knowledge/units/works/tiepolo-banquet-victoria.md
units/works/tiepolo-detail-from-fresco-on-ceiling-of-staircase-in-residenz,work,维尔茨堡宫楼梯厅顶画,"Staircase ceiling fresco, Würzburg Residence",front-matter,2026-09-14,2026-09-25,04-knowledge/units/works/tiepolo-detail-from-fresco-on-ceiling-of-staircase-in-residenz.md
units/works/tiepolo-glorification-of-the-pisani-family,work,皮萨尼家族的荣耀,Glorification of the Pisani family,front-matter,2026-09-14,2026-09-15,04-knowledge/units/works/tiepolo-glorification-of-the-pisani-family.md
units/works/tiepolo-maecenas-presenting-the-arts-to-augustus,work,梅塞纳斯向奥古斯都呈献艺术,Maecenas presenting the Arts to Augustus,front-matter,2026-09-14,2026-09-15,04-knowledge/units/works/tiepolo-maecenas-presenting-the-arts-to-augustus.md
units/works/tiepolo-marriage-allegory-of-the-rezzonico-family,work,雷佐尼科家族婚姻寓意,Marriage Allegory of the Rezzonico family,front-matter,2026-09-14,2026-09-15,04-knowledge/units/works/tiepolo-marriage-allegory-of-the-rezzonico-family.md
units/works/tiepolo-neptune-paying-homage-to-venice,work,海神向威尼斯致敬,Neptune paying homage to Venice,front-matter,2026-09-14,2026-09-15,04-knowledge/units/works/tiepolo-neptune-paying-homage-to-venice.md
units/works/tomb-of-francesco-algarotti,work,弗朗切斯科·阿尔加罗蒂墓,Tomb of Francesco Algarotti,front-matter,2026-09-14,2026-09-15,04-knowledge/units/works/tomb-of-francesco-algarotti.md
units/works/valentin-allegory-of-rome,work,罗马寓意,Allegory of Rome,front-matter,2026-09-14,2026-09-15,04-knowledge/units/works/valentin-allegory-of-rome.md
units/works/valentin-genre-commission,work,瓦朗坦《有算命人的音乐聚会》,A Musical Company with a Fortune-Teller,chp-1,2026-09-09,2026-09-14,04-knowledge/units/works/valentin-genre-commission.md
units/works/van-dyck-cardinal-bentivoglio,work,圭多·本蒂沃利奥枢机肖像,Portrait of Cardinal Guido Bentivoglio,front-matter,2026-09-14,2026-09-15,04-knowledge/units/works/van-dyck-cardinal-bentivoglio.md
units/works/velasquez-camillo-massimi,work,卡米洛·马西米肖像,Portrait of Camillo Massimi,front-matter,2026-09-14,2026-09-15,04-knowledge/units/works/velasquez-camillo-massimi.md
units/works/velasquez-juan-de-pareja,work,胡安·德·帕雷哈肖像,Portrait of Juan de Pareja,front-matter,2026-09-14,2026-09-15,04-knowledge/units/works/velasquez-juan-de-pareja.md
units/places/abbeville,place,阿布维尔,Abbeville,front-matter,2026-09-15,2026-09-15,04-knowledge/units/places/abbeville.md
units/places/citta-di-castello,place,卡斯泰洛城,Città di Castello,front-matter,2026-09-15,2026-09-15,04-knowledge/units/places/citta-di-castello.md
units/works/bambini-aeneas-tells-dido-fall-of-troy,work,埃涅阿斯向狄多讲述特洛伊的陷落,Aeneas Tells Dido of the Fall of Troy,front-matter,2026-09-15,2026-09-15,04-knowledge/units/works/bambini-aeneas-tells-dido-fall-of-troy.md
units/archives/virgil-aeneid,archive,维吉尔《埃涅阿斯纪》,Virgil’s Aeneid,front-matter,2026-09-15,2026-09-15,04-knowledge/units/archives/virgil-aeneid.md
units/persons/domenico-fedeli-venice-painter,person,多梅尼科·费代利（又称马焦托）,Domenico Fedeli (detto Maggiotto),chp-1,2026-09-25,2026-09-25,04-knowledge/units/persons/domenico-fedeli-venice-painter.md
units/persons/elena-zuliani,person,埃莱娜·祖利亚尼,Elena Zuliani,chp-1,2026-09-25,2026-09-25,04-knowledge/units/persons/elena-zuliani.md
units/persons/giuseppe-giovanni-fedeli,person,朱塞佩·乔瓦尼（多梅尼科之子）,Giuseppe Giovanni (son of Domenico Fedeli),chp-1,2026-09-25,2026-09-25,04-knowledge/units/persons/giuseppe-giovanni-fedeli.md
units/persons/angela-fedeli,person,安杰拉（弗朗切斯科·费代利之姐）,Angela (sister of Francesco Fedeli),chp-1,2026-09-25,2026-09-25,04-knowledge/units/persons/angela-fedeli.md
units/persons/elena-fedeli-daughter,person,埃莱娜（弗朗切斯科·费代利之女）,Elena (daughter of Francesco Fedeli),chp-1,2026-09-25,2026-09-25,04-knowledge/units/persons/elena-fedeli-daughter.md
units/persons/giovan-battista-fedeli,person,乔万·巴蒂斯塔（弗朗切斯科·费代利之子）,Giovan Battista (son of Francesco Fedeli),chp-1,2026-09-25,2026-09-25,04-knowledge/units/persons/giovan-battista-fedeli.md
units/persons/domenico-fedeli-son-of-francesco,person,多梅尼科（弗朗切斯科·费代利之子）,Domenico (son of Francesco Fedeli),chp-1,2026-09-25,2026-09-25,04-knowledge/units/persons/domenico-fedeli-son-of-francesco.md
units/persons/ludovico-leoni,person,卢多维科·莱奥尼,Ludovico Leoni,chp-1,2026-09-25,2026-09-25,04-knowledge/units/persons/ludovico-leoni.md
units/persons/caterina-cucchiaroni,person,卡特里娜·库基亚罗尼,Caterina Cucchiaroni,chp-1,2026-09-25,2026-09-25,04-knowledge/units/persons/caterina-cucchiaroni.md
units/persons/marcello-provenzale,person,马尔切洛·普罗文扎莱,Marcello Provenzale,chp-1,2026-09-25,2026-09-25,04-knowledge/units/persons/marcello-provenzale.md
units/persons/giovanni-telli,person,乔瓦尼·泰利,Giovanni Telli,chp-1,2026-09-25,2026-09-25,04-knowledge/units/persons/giovanni-telli.md
units/persons/battista-telli,person,巴蒂斯塔（卡特里娜与乔瓦尼之子）,Battista (son of Caterina and Giovanni),chp-1,2026-09-25,2026-09-25,04-knowledge/units/persons/battista-telli.md
units/persons/maddalena-telli,person,马达莱娜·泰利,Maddalena Telli,chp-1,2026-09-25,2026-09-25,04-knowledge/units/persons/maddalena-telli.md
units/persons/ippolito-leoni,person,伊波利托·莱奥尼,Ippolito Leoni,chp-1,2026-09-25,2026-09-25,04-knowledge/units/persons/ippolito-leoni.md
units/persons/eufrasia-telli,person,欧弗拉西亚（卡特里娜与乔瓦尼之女）,Eufrasia (daughter of Caterina and Giovanni),chp-1,2026-09-25,2026-09-25,04-knowledge/units/persons/eufrasia-telli.md
units/persons/giovanni-di-bartolomeo-testa,person,乔瓦尼·迪·巴托洛梅奥（皮埃特罗·泰斯塔之父）,Giovanni di Bartolomeo (father of Pietro Testa),chp-1,2026-09-25,2026-09-25,04-knowledge/units/persons/giovanni-di-bartolomeo-testa.md
units/persons/barbara-mother-of-pietro-testa,person,芭芭拉·泰斯塔,Barbara (mother of Pietro Testa),chp-1,2026-09-25,2026-09-25,04-knowledge/units/persons/barbara-mother-of-pietro-testa.md
units/persons/giacinto-testa,person,贾钦托·泰斯塔,Giacinto Testa,chp-1,2026-09-25,2026-09-25,04-knowledge/units/persons/giacinto-testa.md
units/persons/decio-de-matteis,person,德乔（保罗·德·马泰伊斯之父）,Decio (father of Paolo de Matteis),chp-1,2026-09-25,2026-09-25,04-knowledge/units/persons/decio-de-matteis.md
units/persons/lucrezia-orico,person,卢克雷齐娅·奥里科,Lucrezia Orico,chp-1,2026-09-25,2026-09-25,04-knowledge/units/persons/lucrezia-orico.md
units/persons/rosolena-perrone,person,罗索莱娜·佩罗内,Rosolena Perrone,chp-1,2026-09-25,2026-09-25,04-knowledge/units/persons/rosolena-perrone.md
units/persons/mariangiola-de-matteis,person,玛丽安乔拉（保罗·德·马泰伊斯之女）,Mariangiola (daughter of Paolo de Matteis),chp-1,2026-09-25,2026-09-25,04-knowledge/units/persons/mariangiola-de-matteis.md
units/persons/felice-de-matteis,person,费莉切（保罗·德·马泰伊斯之女）,Felice (daughter of Paolo de Matteis),chp-1,2026-09-25,2026-09-25,04-knowledge/units/persons/felice-de-matteis.md
units/persons/emmanuella-de-matteis,person,埃曼努埃拉（保罗·德·马泰伊斯之女）,Emmanuella (daughter of Paolo de Matteis),chp-1,2026-09-25,2026-09-25,04-knowledge/units/persons/emmanuella-de-matteis.md
units/persons/anthony-ashley-cooper-3rd-earl,person,安东尼·阿什利-库珀，第三代沙夫茨伯里伯爵,"Anthony Ashley-Cooper, 3rd Earl of Shaftesbury",chp-1,2026-09-25,2026-09-25,04-knowledge/units/persons/anthony-ashley-cooper-3rd-earl.md
units/persons/sir-john-cropley,person,约翰·克罗普利爵士,Sir John Cropley,chp-1,2026-09-25,2026-09-25,04-knowledge/units/persons/sir-john-cropley.md
units/institutions/ashmolean-museum,institution,阿什莫林博物馆,Ashmolean Museum,chp-1,2026-09-25,2026-09-25,04-knowledge/units/institutions/ashmolean-museum.md
units/places/giles-house-dorset,place,吉尔斯宅邸（多塞特）,Gile’s House (Dorset),chp-1,2026-09-25,2026-09-25,04-knowledge/units/places/giles-house-dorset.md
units/institutions/venetian-academy-of-painting-and-sculpture,institution,威尼斯绘画与雕塑学院,Accademia veneziana di pittura e scultura,chp-1,2026-09-25,2026-09-25,04-knowledge/units/institutions/venetian-academy-of-painting-and-sculpture.md
units/institutions/congregation-of-painters-jesuit-professed-house-naples,institution,那不勒斯耶稣会专业会院画家会众,"Congregation of Painters at the Jesuit Professed House, Naples",chp-1,2026-09-25,2026-09-25,04-knowledge/units/institutions/congregation-of-painters-jesuit-professed-house-naples.md
units/works/paolo-de-matteis-choice-of-hercules-ashmolean-wa1980-92,work,赫拉克勒斯的选择（阿什莫林藏本）,"The Choice of Hercules, Ashmolean version",chp-1,2026-09-25,2026-09-25,04-knowledge/units/works/paolo-de-matteis-choice-of-hercules-ashmolean-wa1980-92.md
units/persons/vincenzo-i-gonzaga,person,文琴佐一世·贡扎加,Vincenzo I Gonzaga,chp-1,2026-09-25,2026-09-25,04-knowledge/units/persons/vincenzo-i-gonzaga.md
units/persons/giovanni-angelo-altemps,person,乔万尼·安杰洛·阿尔滕普斯（第二代加莱塞公爵）,"Giovanni Angelo d’Altemps, 2nd Duke of Gallese",chp-1,2026-09-25,2026-09-25,04-knowledge/units/persons/giovanni-angelo-altemps.md
units/works/ottavio-leoni-portrait-of-maddalena-telli-by-candlelight,work,烛光下的马达莱娜·泰利肖像,Portrait of Maddalena Telli by Candlelight,chp-1,2026-09-25,2026-09-25,04-knowledge/units/works/ottavio-leoni-portrait-of-maddalena-telli-by-candlelight.md
units/institutions/rhode-island-school-of-design-museum,institution,罗德岛设计学院博物馆,Rhode Island School of Design Museum,chp-1,2026-09-25,2026-09-25,04-knowledge/units/institutions/rhode-island-school-of-design-museum.md
units/places/providence,place,普罗维登斯,Providence,chp-1,2026-09-25,2026-09-25,04-knowledge/units/places/providence.md
units/persons/pietro-aldobrandini,person,皮埃特罗·阿尔多布兰迪尼,Pietro Aldobrandini,front-matter,2026-09-25,2026-09-25,04-knowledge/units/persons/pietro-aldobrandini.md
units/persons/giovanni-francesco-venturini,person,乔万尼·弗朗切斯科·文图里尼,Giovanni Francesco Venturini,front-matter,2026-09-25,2026-09-25,04-knowledge/units/persons/giovanni-francesco-venturini.md
units/persons/giacomo-rospigliosi,person,贾科莫·罗斯皮廖西,Giacomo Rospigliosi,front-matter,2026-09-25,2026-09-25,04-knowledge/units/persons/giacomo-rospigliosi.md
units/persons/lorenzo-paribeni,person,洛伦佐·帕里贝尼,Lorenzo Paribeni,front-matter,2026-09-25,2026-09-25,04-knowledge/units/persons/lorenzo-paribeni.md
units/places/frascati,place,弗拉斯卡蒂,Frascati,front-matter,2026-09-25,2026-09-25,04-knowledge/units/places/frascati.md
units/places/villa-aldobrandini-frascati,place,阿尔多布兰迪尼别墅,"Villa Aldobrandini, Frascati",front-matter,2026-09-25,2026-09-25,04-knowledge/units/places/villa-aldobrandini-frascati.md
units/places/room-19-helen-and-paris,place,海伦与帕里斯厅,"Room 19, Helen and Paris Room",front-matter,2026-09-25,2026-09-25,04-knowledge/units/places/room-19-helen-and-paris.md
units/places/chiesa-san-gregorio-cappella-madonna-carmine,place,圣额我略堂加尔默罗圣母小堂,"Chapel of the Madonna del Carmine, Church of San Gregorio, Messina",chp-1,2026-09-25,2026-09-25,04-knowledge/units/places/chiesa-san-gregorio-cappella-madonna-carmine.md
units/institutions/kingdom-of-italy,institution,意大利王国,Kingdom of Italy,front-matter,2026-09-25,2026-09-25,04-knowledge/units/institutions/kingdom-of-italy.md
units/institutions/italian-state,institution,意大利共和国,Italian Republic,,2026-09-25,2026-09-25,04-knowledge/units/institutions/italian-state.md
units/works/venturini-diana-hunting-print,work,狄安娜与仙女的射箭比赛版画,Diana and Her Nymphs at an Archery Contest,front-matter,2026-09-25,2026-09-25,04-knowledge/units/works/venturini-diana-hunting-print.md
units/archives/torcellan-settecento-veneto-1969,archive,威尼托的18世纪与其他历史著作,Settecento veneto e altri scritti storici,front-matter,2026-09-25,2026-09-25,04-knowledge/units/archives/torcellan-settecento-veneto-1969.md
units/works/baldoino-saint-eloi-1661,work,圣埃洛伊与圣若翰洗者、圣安德烈,Saint Eloi between Saint John the Baptist and Saint Andrew,,,,04-knowledge/units/works/baldoino-saint-eloi-1661.md
units/places/cathedrale-sainte-reparate-nice,place,尼斯圣雷帕拉塔主教座堂,Cathédrale Sainte-Réparate de Nice,chp-1,2026-09-25,2026-09-25,04-knowledge/units/places/cathedrale-sainte-reparate-nice.md
units/persons/bernardin-baldoino,person,贝尔纳丁·巴尔多伊诺,Bernardin Baldoino,chp-1,2026-09-25,2026-09-25,04-knowledge/units/persons/bernardin-baldoino.md
units/institutions/black-penitents-of-nice,institution,尼斯黑衣忏悔者团体（Pénitents Noirs de Nice）,Black Penitents of Nice,chp-1,2026-09-25,2026-09-25,04-knowledge/units/institutions/black-penitents-of-nice.md
units/works/bernardin-baldoino-beheading-john-baptist-1670,work,施洗者圣若翰斩首,The Beheading of Saint John the Baptist,chp-1,2026-09-25,2026-09-25,04-knowledge/units/works/bernardin-baldoino-beheading-john-baptist-1670.md
units/works/bernardin-baldoino-ecstasy-saint-rose-1680,work,利马圣罗撒神魂超拔,The Ecstasy of Saint Rose of Lima,chp-1,2026-09-25,2026-09-25,04-knowledge/units/works/bernardin-baldoino-ecstasy-saint-rose-1680.md
units/works/bernardin-baldoino-mystic-conversation-saint-rose-1680,work,圣罗撒与圣母的神秘交谈,The Mystical Conversation of Saint Rose with the Virgin,chp-1,2026-09-25,2026-09-25,04-knowledge/units/works/bernardin-baldoino-mystic-conversation-saint-rose-1680.md
units/works/salvio-savini-pala-del-voto,work,《还愿祭坛画》,Pala del Voto,chp-1,2026-09-25,2026-09-25,04-knowledge/units/works/salvio-savini-pala-del-voto.md
units/archives/de-rosis-ruffo-letter-1663-06-02,archive,朱塞佩·德·罗西斯致安东尼奥·鲁福的信（1663-06-02）,Letter from Giuseppe de Rosis to Antonio Ruffo (1663-06-02),,2026-09-25,2026-09-25,04-knowledge/units/archives/de-rosis-ruffo-letter-1663-06-02.md
units/works/salvator-rosa-satyrs-carousing-with-maidens,work,与少女嬉戏的萨提尔,Satyrs Carousing with Maidens,chp-1,2026-09-25,2026-09-25,04-knowledge/units/works/salvator-rosa-satyrs-carousing-with-maidens.md
units/institutions/accademia-dei-virtuosi-al-pantheon,institution,万神殿Virtuosi学院,Pontifical Academy of Fine Arts and Letters of the Virtuosi al Pantheon,chp-1,2026-09-25,2026-09-25,04-knowledge/units/institutions/accademia-dei-virtuosi-al-pantheon.md
units/works/ottavio-leoni-portrait-of-gregory-xv-original-1621,work,格列高利十五世肖像（约1621年原作，已佚）,"Portrait of Gregory XV, lost original, c. 1621",chp-1,2026-09-25,2026-09-25,04-knowledge/units/works/ottavio-leoni-portrait-of-gregory-xv-original-1621.md
units/works/ottavio-leoni-portrait-of-gregory-xv-academy-copy,work,格列高利十五世肖像（万神殿Virtuosi学院本，1628–1630）,"Portrait of Gregory XV, Virtuosi al Pantheon version, 1628–1630",chp-1,2026-09-25,2026-09-25,04-knowledge/units/works/ottavio-leoni-portrait-of-gregory-xv-academy-copy.md
units/institutions/musee-fesch,institution,费施博物馆,"Musée Fesch, Museum of Fine Arts of Ajaccio",chp-1,2026-09-25,2026-09-25,04-knowledge/units/institutions/musee-fesch.md
units/works/ottavio-leoni-portrait-of-scipione-borghese-ajaccio,work,"希皮奥内·博尔盖塞枢机肖像（Portrait of Cardinal Scipione Borghese, Musée Fesch version）",Portrait of Cardinal Scipione Borghese (Musée Fesch version),,,,04-knowledge/units/works/ottavio-leoni-portrait-of-scipione-borghese-ajaccio.md
