reference_id,enrichment_id,ku_id,content_field,cell_index,link_index,link_label,target_type,target_id,resolution_status
ref-e389b028ba14c36d,enr-00015,units/archives/aedes-barberinae-ad-quirinalem,value,,0,《巴贝里尼宫》卷首图,entity,units/works/guido-abbatini-frontispiece-of-aedes-barberinae-ad-quirinalem,resolved_entity
ref-67b846ff98481d78,enr-00015,units/archives/aedes-barberinae-ad-quirinalem,cells,1,0,《巴贝里尼宫》卷首图,entity,units/works/guido-abbatini-frontispiece-of-aedes-barberinae-ad-quirinalem,resolved_entity
ref-1c7c674ea5d4c3d6,enr-00016,units/archives/aedes-barberinae-ad-quirinalem,value,,0,吉罗拉莫·泰蒂,entity,units/persons/girolamo-teti,resolved_entity
ref-b5edb3eb580031ce,enr-00016,units/archives/aedes-barberinae-ad-quirinalem,cells,1,0,吉罗拉莫·泰蒂,entity,units/persons/girolamo-teti,resolved_entity
ref-5df5a4059630c220,enr-00017,units/archives/aedes-barberinae-ad-quirinalem,value,,0,罗马,entity,units/places/rome,resolved_entity
ref-0b8da55d87641896,enr-00017,units/archives/aedes-barberinae-ad-quirinalem,cells,1,0,罗马,entity,units/places/rome,resolved_entity
ref-abbea5b64a2f7c40,enr-00023,units/archives/aedes-barberinae-ad-quirinalem,value,,0,罗马马斯卡尔迪,entity,units/institutions/mascardi-rome,resolved_entity
ref-2d78cac082c17355,enr-00023,units/archives/aedes-barberinae-ad-quirinalem,cells,1,0,罗马马斯卡尔迪,entity,units/institutions/mascardi-rome,resolved_entity
ref-113f73a344ee6816,enr-08554,units/archives/ameyden-relazione-1642,value,,0,迪尔克·范·阿梅登（Dirk van Ameyden）,entity,units/persons/ameyden,resolved_entity
ref-b3186962dfe4b091,enr-08554,units/archives/ameyden-relazione-1642,cells,1,0,迪尔克·范·阿梅登（Dirk van Ameyden）,entity,units/persons/ameyden,resolved_entity
ref-cdfde2a4296f247d,enr-08563,units/archives/ameyden-relazione-1642,value,,0,卡萨纳滕塞图书馆（Biblioteca Casanatense）,entity,units/institutions/biblioteca-casanatense,resolved_entity
ref-4e911e08c3c77ed8,enr-08563,units/archives/ameyden-relazione-1642,value,,1,罗马,entity,units/places/rome,resolved_entity
ref-8bac22c2966d80ff,enr-08563,units/archives/ameyden-relazione-1642,cells,1,0,卡萨纳滕塞图书馆（Biblioteca Casanatense）,entity,units/institutions/biblioteca-casanatense,resolved_entity
ref-8f5d256596f81aee,enr-08563,units/archives/ameyden-relazione-1642,cells,1,1,罗马,entity,units/places/rome,resolved_entity
ref-a5cd045531552df8,enr-00053,units/archives/apollo-periodical,value,,0,昂纳《赞助人与画家》书评,entity,units/archives/honour-patrons-painters-review-1963,resolved_entity
ref-002101518d9dae9d,enr-00053,units/archives/apollo-periodical,cells,1,0,昂纳《赞助人与画家》书评,entity,units/archives/honour-patrons-painters-review-1963,resolved_entity
ref-68edb322e3bc0e60,enr-08578,units/archives/armanni-pamfili-letter-undated,value,,0,温琴佐·阿尔曼尼,entity,units/persons/vincenzo-armanni-ch1,resolved_entity
ref-40d8094a8cf558f1,enr-08578,units/archives/armanni-pamfili-letter-undated,cells,1,0,温琴佐·阿尔曼尼,entity,units/persons/vincenzo-armanni-ch1,resolved_entity
ref-59e51e2971732e68,enr-08579,units/archives/armanni-pamfili-letter-undated,value,,0,卡米洛·潘菲利,entity,units/persons/camillo-pamfili,resolved_entity
ref-9c072fde85f33c5a,enr-08579,units/archives/armanni-pamfili-letter-undated,cells,1,0,卡米洛·潘菲利,entity,units/persons/camillo-pamfili,resolved_entity
ref-fb68711c684dcfb8,enr-08583,units/archives/armanni-pamfili-letter-undated,value,,0,《书信集》,entity,units/archives/armanni-delle-lettere,resolved_entity
ref-c65d9305cfdba990,enr-08583,units/archives/armanni-pamfili-letter-undated,cells,1,0,《书信集》,entity,units/archives/armanni-delle-lettere,resolved_entity
ref-f589a0d653b7722f,enr-00099,units/archives/burlington-magazine,value,,0,皮埃尔·勒格罗与晚期巴洛克罗马雕塑家的设计师角色,entity,units/archives/conforti-legros-designers-1977,resolved_entity
ref-2e445faa3d87a246,enr-00099,units/archives/burlington-magazine,cells,1,0,皮埃尔·勒格罗与晚期巴洛克罗马雕塑家的设计师角色,entity,units/archives/conforti-legros-designers-1977,resolved_entity
ref-62d92eb840bb490e,enr-08631,units/archives/camassei-sebastian-receipt,value,,0,贝尔托洛蒂著作,entity,units/archives/bertolotti-artisti-bolognesi,resolved_entity
ref-a452b88c028528d0,enr-08631,units/archives/camassei-sebastian-receipt,cells,1,0,贝尔托洛蒂著作,entity,units/archives/bertolotti-artisti-bolognesi,resolved_entity
ref-470a05d1704a5598,enr-00142,units/archives/conforti-legros-designers-1977,value,,0,迈克尔·康福尔蒂,entity,units/persons/michael-conforti,resolved_entity
ref-19b7f7da70fb480c,enr-00142,units/archives/conforti-legros-designers-1977,cells,1,0,迈克尔·康福尔蒂,entity,units/persons/michael-conforti,resolved_entity
ref-49de3220a8fc4e32,enr-00143,units/archives/conforti-legros-designers-1977,value,,0,伯灵顿杂志,entity,units/archives/burlington-magazine,resolved_entity
ref-871f2b0ab44493f2,enr-00143,units/archives/conforti-legros-designers-1977,cells,1,0,伯灵顿杂志,entity,units/archives/burlington-magazine,resolved_entity
ref-95287be47a6fc214,enr-00159,units/archives/dizionario-biografico-degli-italiani,value,,0,意大利百科全书研究院,entity,units/institutions/istituto-della-enciclopedia-italiana,resolved_entity
ref-c9bcbaa4c712562c,enr-00159,units/archives/dizionario-biografico-degli-italiani,cells,1,0,意大利百科全书研究院,entity,units/institutions/istituto-della-enciclopedia-italiana,resolved_entity
ref-d801e1c411e585ef,enr-00160,units/archives/dizionario-biografico-degli-italiani,value,,0,弗朗西斯·哈斯克尔,entity,units/persons/francis-haskell,resolved_entity
ref-e901c0a1940d8964,enr-00160,units/archives/dizionario-biografico-degli-italiani,cells,1,0,弗朗西斯·哈斯克尔,entity,units/persons/francis-haskell,resolved_entity
ref-3ea84e9befe4a0d3,enr-08705,units/archives/gerusalemme-liberata-illustrations-1745,value,,0,托尔夸托·塔索（Torquato Tasso）,entity,units/persons/torquato-tasso,resolved_entity
ref-953ea7f552aa0e27,enr-08705,units/archives/gerusalemme-liberata-illustrations-1745,cells,1,0,托尔夸托·塔索（Torquato Tasso）,entity,units/persons/torquato-tasso,resolved_entity
ref-440a90be0f1447e3,enr-00166,units/archives/gerusalemme-liberata-illustrations-1745,value,,0,乔万尼·巴蒂斯塔·皮亚泽塔,entity,units/persons/piazzetta,resolved_entity
ref-431dfdf9f0ac1c6e,enr-00166,units/archives/gerusalemme-liberata-illustrations-1745,cells,1,0,乔万尼·巴蒂斯塔·皮亚泽塔,entity,units/persons/piazzetta,resolved_entity
ref-9a5f21c15b61e273,enr-08706,units/archives/gerusalemme-liberata-illustrations-1745,value,,0,乔万尼·巴蒂斯塔·阿尔布里齐,entity,units/persons/albrizzi,resolved_entity
ref-f8215d8a3599205b,enr-08706,units/archives/gerusalemme-liberata-illustrations-1745,cells,1,0,乔万尼·巴蒂斯塔·阿尔布里齐,entity,units/persons/albrizzi,resolved_entity
ref-4c6261b0708065eb,enr-08707,units/archives/gerusalemme-liberata-illustrations-1745,value,,0,威尼斯（Venice）,entity,units/places/venice,resolved_entity
ref-19c4ef521b50f5fc,enr-08707,units/archives/gerusalemme-liberata-illustrations-1745,cells,1,0,威尼斯（Venice）,entity,units/places/venice,resolved_entity
ref-213399ae434569a4,enr-00170,units/archives/gerusalemme-liberata-illustrations-1745,value,,0,插图末页,entity,units/works/piazzetta-final-plate-of-illustrations-to-gerusalemme-liberata,resolved_entity
ref-5635b8add357660f,enr-00170,units/archives/gerusalemme-liberata-illustrations-1745,cells,1,0,插图末页,entity,units/works/piazzetta-final-plate-of-illustrations-to-gerusalemme-liberata,resolved_entity
ref-41eb1dfd67df1014,enr-08718,units/archives/gilmartin-san-clemente-1974,value,,0,约翰·吉尔马丁（John Gilmartin）,entity,units/persons/john-gilmartin,resolved_entity
ref-585f063f9345a5a8,enr-08718,units/archives/gilmartin-san-clemente-1974,cells,1,0,约翰·吉尔马丁（John Gilmartin）,entity,units/persons/john-gilmartin,resolved_entity
ref-acab9c9168802b5a,enr-08719,units/archives/gilmartin-san-clemente-1974,value,,0,《伯灵顿杂志》（The Burlington Magazine）,entity,units/archives/burlington-magazine,resolved_entity
ref-795e56137f0150f5,enr-08719,units/archives/gilmartin-san-clemente-1974,cells,1,0,《伯灵顿杂志》（The Burlington Magazine）,entity,units/archives/burlington-magazine,resolved_entity
ref-eed85765d390cac2,enr-00180,units/archives/gilmartin-san-clemente-1974,value,,0,圣克莱孟堂重新装饰,entity,units/events/san-clemente-redecoration,resolved_entity
ref-5c18b66a6bf070bd,enr-00180,units/archives/gilmartin-san-clemente-1974,cells,1,0,圣克莱孟堂重新装饰,entity,units/events/san-clemente-redecoration,resolved_entity
ref-3eae964b51050393,enr-08741,units/archives/goldoni-opere-vol-2-1761,value,,0,卡洛·戈尔多尼（Carlo Goldoni）,entity,units/persons/goldoni,resolved_entity
ref-dae855d100dfcb60,enr-08741,units/archives/goldoni-opere-vol-2-1761,cells,1,0,卡洛·戈尔多尼（Carlo Goldoni）,entity,units/persons/goldoni,resolved_entity
ref-51fae53c9536b801,enr-08742,units/archives/goldoni-opere-vol-2-1761,value,,0,乔万尼·巴蒂斯塔·帕斯夸利,entity,units/persons/pasquali,resolved_entity
ref-1b5f88be398969a3,enr-08742,units/archives/goldoni-opere-vol-2-1761,cells,1,0,乔万尼·巴蒂斯塔·帕斯夸利,entity,units/persons/pasquali,resolved_entity
ref-9de85ad299065597,enr-08743,units/archives/goldoni-opere-vol-2-1761,value,,0,威尼斯（Venice）,entity,units/places/venice,resolved_entity
ref-86ceef22469aff0b,enr-08743,units/archives/goldoni-opere-vol-2-1761,cells,1,0,威尼斯（Venice）,entity,units/places/venice,resolved_entity
ref-ffc11d4a6c5cb76c,enr-00191,units/archives/goldoni-opere-vol-2-1761,value,,0,第二卷卷首图,entity,units/works/pietro-antonio-novelli-frontispiece-to-vol-2-of-goldoni-opere,resolved_entity
ref-2f06726174e50a82,enr-00191,units/archives/goldoni-opere-vol-2-1761,cells,1,0,第二卷卷首图,entity,units/works/pietro-antonio-novelli-frontispiece-to-vol-2-of-goldoni-opere,resolved_entity
ref-cede444bcc7a5e08,enr-08766,units/archives/harris-andrea-sacchi-1977,value,,0,安·萨瑟兰·哈里斯,entity,units/persons/ann-sutherland-harris,resolved_entity
ref-ac43930cc73abf09,enr-08766,units/archives/harris-andrea-sacchi-1977,cells,1,0,安·萨瑟兰·哈里斯,entity,units/persons/ann-sutherland-harris,resolved_entity
ref-d70cdfe3f84d7221,enr-08767,units/archives/harris-andrea-sacchi-1977,value,,0,安德烈亚·萨基,entity,units/persons/andrea-sacchi,resolved_entity
ref-1a932f58ee7e69d7,enr-08767,units/archives/harris-andrea-sacchi-1977,cells,1,0,安德烈亚·萨基,entity,units/persons/andrea-sacchi,resolved_entity
ref-11a2ca328a4a1922,enr-08769,units/archives/harris-andrea-sacchi-1977,value,,0,伦敦,entity,units/places/london,resolved_entity
ref-cdfa8b9e9cc3e54b,enr-08769,units/archives/harris-andrea-sacchi-1977,cells,1,0,伦敦,entity,units/places/london,resolved_entity
ref-eaf3e789f82239d1,enr-08770,units/archives/harris-andrea-sacchi-1977,value,,0,牛津,entity,units/places/oxford,resolved_entity
ref-b8beaee3dde98d90,enr-08770,units/archives/harris-andrea-sacchi-1977,cells,1,0,牛津,entity,units/places/oxford,resolved_entity
ref-ee9984646f4a78dc,enr-08771,units/archives/harris-andrea-sacchi-1977,value,,0,费顿出版社,entity,units/institutions/phaidon,resolved_entity
ref-0beed42c082c3de8,enr-08771,units/archives/harris-andrea-sacchi-1977,cells,1,0,费顿出版社,entity,units/institutions/phaidon,resolved_entity
ref-8b6b428d51a291a2,enr-08779,units/archives/harris-andrea-sacchi-1977,value,,0,版本裁决,processing_record,patrons-and-painters-front-matter/process/knowledge.md#专著版本与出版地异文核对,not_in_package
ref-79c0d4a838c6b21c,enr-08779,units/archives/harris-andrea-sacchi-1977,evidence,,0,版本裁决,processing_record,patrons-and-painters-front-matter/process/knowledge.md#专著版本与出版地异文核对,not_in_package
ref-0ff09fdf10b9bbd1,enr-08779,units/archives/harris-andrea-sacchi-1977,cells,1,0,版本裁决,processing_record,patrons-and-painters-front-matter/process/knowledge.md#专著版本与出版地异文核对,not_in_package
ref-2a1f57592829cb0a,enr-00210,units/archives/honour-patrons-painters-review-1963,value,,0,休·昂纳,entity,units/persons/hugh-honour,resolved_entity
ref-6911c124dd68d80a,enr-00210,units/archives/honour-patrons-painters-review-1963,cells,1,0,休·昂纳,entity,units/persons/hugh-honour,resolved_entity
ref-dc517329a10192b1,enr-00211,units/archives/honour-patrons-painters-review-1963,value,,0,赞助人与画家,entity,units/archives/patrons-and-painters,resolved_entity
ref-94c008b33965ad41,enr-00211,units/archives/honour-patrons-painters-review-1963,cells,1,0,赞助人与画家,entity,units/archives/patrons-and-painters,resolved_entity
ref-53c1543d58244fab,enr-00212,units/archives/honour-patrons-painters-review-1963,value,,0,阿波罗期刊,entity,units/archives/apollo-periodical,resolved_entity
ref-d8f804ecd08845ac,enr-00212,units/archives/honour-patrons-painters-review-1963,cells,1,0,阿波罗期刊,entity,units/archives/apollo-periodical,resolved_entity
ref-360f52715865a299,enr-08789,units/archives/lhoggidi-1627,value,,0,塞孔多·兰切洛蒂（Secondo Lancellotti）,entity,units/persons/abate-lancellotti,resolved_entity
ref-e70ad7bc2ca286b7,enr-08789,units/archives/lhoggidi-1627,cells,1,0,塞孔多·兰切洛蒂（Secondo Lancellotti）,entity,units/persons/abate-lancellotti,resolved_entity
ref-2f7455d71cc79af7,enr-08792,units/archives/lhoggidi-1627,value,,0,威尼斯（Venice）,entity,units/places/venice,resolved_entity
ref-11c749f739d917be,enr-08792,units/archives/lhoggidi-1627,cells,1,0,威尼斯（Venice）,entity,units/places/venice,resolved_entity
ref-b508bfd9ceff9619,enr-08796,units/archives/lhoggidi-1627,value,,0,乌尔班八世（Urban VIII）,entity,units/persons/urbano-viii,resolved_entity
ref-27374a3b85d9056f,enr-08796,units/archives/lhoggidi-1627,cells,1,0,乌尔班八世（Urban VIII）,entity,units/persons/urbano-viii,resolved_entity
ref-fdcd285fe943d93b,enr-00243,units/archives/montaiglon-academy-correspondence,value,,0,A. 德·蒙泰格隆,entity,units/persons/a-de-montaiglon,resolved_entity
ref-bbf35bb8a875ec49,enr-00243,units/archives/montaiglon-academy-correspondence,cells,1,0,A. 德·蒙泰格隆,entity,units/persons/a-de-montaiglon,resolved_entity
ref-cc95be05f2ace99b,enr-00246,units/archives/montaiglon-academy-correspondence,value,,0,巴黎,entity,units/places/paris,resolved_entity
ref-eba54d847a7da049,enr-00246,units/archives/montaiglon-academy-correspondence,cells,1,0,巴黎,entity,units/places/paris,resolved_entity
ref-3be2b637599844c7,enr-00250,units/archives/montaiglon-academy-correspondence,value,,0,普瓦松致德安坦信（1708-10-20）,entity,units/archives/poerson-letter-1708,resolved_entity
ref-8215da008b58a061,enr-00250,units/archives/montaiglon-academy-correspondence,cells,1,0,普瓦松致德安坦信（1708-10-20）,entity,units/archives/poerson-letter-1708,resolved_entity
ref-2874f53c836a44b8,enr-08830,units/archives/montaiglon-academy-correspondence,value,,0,阿纳托尔·德·蒙泰格隆,entity,units/persons/a-de-montaiglon,resolved_entity
ref-25b6b595f0333b50,enr-08830,units/archives/montaiglon-academy-correspondence,cells,1,0,阿纳托尔·德·蒙泰格隆,entity,units/persons/a-de-montaiglon,resolved_entity
ref-cbeb8517d6397ce5,enr-08831,units/archives/montaiglon-academy-correspondence,value,,0,朱尔·吉弗雷,entity,units/persons/jules-guiffrey,resolved_entity
ref-3a7bc54523a13e4a,enr-08831,units/archives/montaiglon-academy-correspondence,cells,1,0,朱尔·吉弗雷,entity,units/persons/jules-guiffrey,resolved_entity
ref-312e7d618250dd87,enr-08836,units/archives/montaiglon-academy-correspondence,value,,0,阿纳托尔·德·蒙泰格隆,entity,units/persons/a-de-montaiglon,resolved_entity
ref-bf1d6ca2279d0c23,enr-08836,units/archives/montaiglon-academy-correspondence,cells,1,0,阿纳托尔·德·蒙泰格隆,entity,units/persons/a-de-montaiglon,resolved_entity
ref-b3430001800afc6c,enr-08837,units/archives/montaiglon-academy-correspondence,value,,0,沙拉韦兄弟书商,entity,units/institutions/charavay-freres,resolved_entity
ref-ea25faec58ac2adf,enr-08837,units/archives/montaiglon-academy-correspondence,cells,1,0,沙拉韦兄弟书商,entity,units/institutions/charavay-freres,resolved_entity
ref-103820dd6d4d7c6f,enr-08838,units/archives/montaiglon-academy-correspondence,value,,0,普瓦松致德安坦信，1708-10-20,entity,units/archives/poerson-letter-1708,resolved_entity
ref-3a58e00a15ded3b3,enr-08838,units/archives/montaiglon-academy-correspondence,cells,1,0,普瓦松致德安坦信，1708-10-20,entity,units/archives/poerson-letter-1708,resolved_entity
ref-467675c6680ccbb5,enr-00264,units/archives/museum-studies-art-institute-chicago,value,,0,十八世纪罗马绘画,entity,units/archives/waterhouse-rome-painting-1971,resolved_entity
ref-0cc4c11ab0c87f01,enr-00264,units/archives/museum-studies-art-institute-chicago,cells,1,0,十八世纪罗马绘画,entity,units/archives/waterhouse-rome-painting-1971,resolved_entity
ref-86f64611314db3d6,enr-00265,units/archives/museum-studies-art-institute-chicago,value,,0,芝加哥艺术博物馆,entity,units/institutions/art-institute-of-chicago,resolved_entity
ref-6120947436f5f99a,enr-00265,units/archives/museum-studies-art-institute-chicago,cells,1,0,芝加哥艺术博物馆,entity,units/institutions/art-institute-of-chicago,resolved_entity
ref-79ac59fe034aa22e,enr-08844,units/archives/museum-studies-art-institute-chicago,value,,0,芝加哥艺术博物馆,entity,units/institutions/art-institute-of-chicago,resolved_entity
ref-ad20f42c83ada941,enr-08844,units/archives/museum-studies-art-institute-chicago,cells,1,0,芝加哥艺术博物馆,entity,units/institutions/art-institute-of-chicago,resolved_entity
ref-9fff850df7ade366,enr-08875,units/archives/pastor-popes-english-vol33,value,,0,路德维科·冯·帕斯托,entity,units/persons/pastor-historian,resolved_entity
ref-de6ea5fd8c4a4d4f,enr-08875,units/archives/pastor-popes-english-vol33,cells,1,0,路德维科·冯·帕斯托,entity,units/persons/pastor-historian,resolved_entity
ref-0d2082478e0376ef,enr-08879,units/archives/pastor-popes-english-vol33,value,,0,欧内斯特·格拉夫,entity,units/persons/ernest-graf,resolved_entity
ref-b50470e8f2d31894,enr-08879,units/archives/pastor-popes-english-vol33,cells,1,0,欧内斯特·格拉夫,entity,units/persons/ernest-graf,resolved_entity
ref-1451c5111697e26a,enr-08881,units/archives/pastor-popes-english-vol33,value,,0,伦敦,entity,units/places/london,resolved_entity
ref-362a422388abbcdd,enr-08881,units/archives/pastor-popes-english-vol33,cells,1,0,伦敦,entity,units/places/london,resolved_entity
ref-140e1fad69a72484,enr-08882,units/archives/pastor-popes-english-vol33,value,,0,"Kegan Paul, Trench, Trubner & Co., Ltd.",entity,units/institutions/kegan-paul-trench-trubner,resolved_entity
ref-8b2d143e7d494cb0,enr-08882,units/archives/pastor-popes-english-vol33,cells,1,0,"Kegan Paul, Trench, Trubner & Co., Ltd.",entity,units/institutions/kegan-paul-trench-trubner,resolved_entity
ref-20822ed661c07e1c,enr-08883,units/archives/pastor-popes-english-vol33,value,,0,克勉十一世,entity,units/persons/clement-xi,resolved_entity
ref-4c36652c6deaea0c,enr-08883,units/archives/pastor-popes-english-vol33,cells,1,0,克勉十一世,entity,units/persons/clement-xi,resolved_entity
ref-aa58b845949a5e32,enr-00300,units/archives/patrons-and-painters,value,,0,弗朗西斯·哈斯克尔,entity,units/persons/francis-haskell,resolved_entity
ref-9a1078254448e008,enr-00300,units/archives/patrons-and-painters,cells,1,0,弗朗西斯·哈斯克尔,entity,units/persons/francis-haskell,resolved_entity
ref-cd8eec4683cee8ff,enr-00306,units/archives/patrons-and-painters,value,,0,耶鲁大学出版社,entity,units/institutions/yale-university-press,resolved_entity
ref-9bb901a2f65d73f6,enr-00306,units/archives/patrons-and-painters,cells,1,0,耶鲁大学出版社,entity,units/institutions/yale-university-press,resolved_entity
ref-28b0f7b4063d1654,enr-00314,units/archives/patrons-and-painters,value,,0,耶鲁大学,entity,units/institutions/yale-university,resolved_entity
ref-83559564cdd3153b,enr-00314,units/archives/patrons-and-painters,cells,1,0,耶鲁大学,entity,units/institutions/yale-university,resolved_entity
ref-741fbf7384b8f30e,enr-00315,units/archives/patrons-and-painters,value,,0,中国,entity,units/places/china,resolved_entity
ref-5e913c21f20c6b8b,enr-00315,units/archives/patrons-and-painters,cells,1,0,中国,entity,units/places/china,resolved_entity
ref-0677f6d09a6db3f3,enr-00326,units/archives/patrons-and-painters,value,,0,拉里萨,entity,units/persons/larissa-dedicatee,resolved_entity
ref-589f7530d21d1536,enr-00326,units/archives/patrons-and-painters,cells,1,0,拉里萨,entity,units/persons/larissa-dedicatee,resolved_entity
ref-8175adb6bdd134d6,enr-00328,units/archives/patrons-and-painters,value,,0,T. 与 A. 康斯特布尔公司,entity,units/institutions/t-and-a-constable,resolved_entity
ref-d588c88cc5d0f5f6,enr-00328,units/archives/patrons-and-painters,cells,1,0,T. 与 A. 康斯特布尔公司,entity,units/institutions/t-and-a-constable,resolved_entity
ref-dadd0421e6beb665,enr-00330,units/archives/patrons-and-painters,value,,0,查托与温达斯公司,entity,units/institutions/chatto-and-windus,resolved_entity
ref-03652adbe52a9195,enr-00330,units/archives/patrons-and-painters,cells,1,0,查托与温达斯公司,entity,units/institutions/chatto-and-windus,resolved_entity
ref-1b05db7376b9b5df,enr-00331,units/archives/patrons-and-painters,value,,0,诺拉·斯莫尔伍德,entity,units/persons/norah-smallwood,resolved_entity
ref-0b0bcb1bebc2f360,enr-00331,units/archives/patrons-and-painters,cells,1,0,诺拉·斯莫尔伍德,entity,units/persons/norah-smallwood,resolved_entity
ref-2b35a520defc965e,enr-00332,units/archives/patrons-and-painters,value,,0,约翰·尼科尔,entity,units/persons/john-nicoll,resolved_entity
ref-6cacaae5ea59b158,enr-00332,units/archives/patrons-and-painters,cells,1,0,约翰·尼科尔,entity,units/persons/john-nicoll,resolved_entity
ref-f20e386d55768697,enr-00333,units/archives/patrons-and-painters,value,,0,美国国会图书馆,entity,units/institutions/library-of-congress,resolved_entity
ref-a54cc3e8a2ce3ebe,enr-00333,units/archives/patrons-and-painters,cells,1,0,美国国会图书馆,entity,units/institutions/library-of-congress,resolved_entity
ref-c1cc320ac31a7c2c,enr-00337,units/archives/poerson-letter-1708,value,,0,夏尔-弗朗索瓦·普瓦松,entity,units/persons/charles-francois-poerson,resolved_entity
ref-38f51c3553eceaa8,enr-00337,units/archives/poerson-letter-1708,cells,1,0,夏尔-弗朗索瓦·普瓦松,entity,units/persons/charles-francois-poerson,resolved_entity
ref-1218d22da04af709,enr-08885,units/archives/poerson-letter-1708,value,,0,路易-安托万·德·帕尔达扬·德·贡德兰,entity,units/persons/louis-antoine-de-pardaillan-de-gondrin,resolved_entity
ref-fcb1b517b967c630,enr-08885,units/archives/poerson-letter-1708,cells,1,0,路易-安托万·德·帕尔达扬·德·贡德兰,entity,units/persons/louis-antoine-de-pardaillan-de-gondrin,resolved_entity
ref-178e0932b4c01c73,enr-00343,units/archives/poerson-letter-1708,value,,0,罗马法国学院主管与王室建筑总监通信集,entity,units/archives/montaiglon-academy-correspondence,resolved_entity
ref-df2507d73e5bdbd0,enr-00343,units/archives/poerson-letter-1708,cells,1,0,罗马法国学院主管与王室建筑总监通信集,entity,units/archives/montaiglon-academy-correspondence,resolved_entity
ref-bcefea3e3bb06109,enr-08908,units/archives/roland-michel-chardin-1994,value,,0,玛丽安娜·罗兰-米歇尔,entity,units/persons/marianne-roland-michel,resolved_entity
ref-3ae390c03977857c,enr-08908,units/archives/roland-michel-chardin-1994,cells,1,0,玛丽安娜·罗兰-米歇尔,entity,units/persons/marianne-roland-michel,resolved_entity
ref-2aa9b00e54607ad7,enr-08911,units/archives/roland-michel-chardin-1994,value,,0,阿赞出版社,entity,units/institutions/hazan,resolved_entity
ref-447d0b2e5df60661,enr-08911,units/archives/roland-michel-chardin-1994,cells,1,0,阿赞出版社,entity,units/institutions/hazan,resolved_entity
ref-ca0ff9b9f7b0af4b,enr-08912,units/archives/roland-michel-chardin-1994,value,,0,巴黎,entity,units/places/paris,resolved_entity
ref-3e977b4a3423375e,enr-08912,units/archives/roland-michel-chardin-1994,cells,1,0,巴黎,entity,units/places/paris,resolved_entity
ref-d7cf59455b1c5b70,enr-08945,units/archives/testi-fontana-bernini-letter,value,,0,罗马（Rome）,entity,units/places/rome,resolved_entity
ref-0e6933307f0a3d0a,enr-08945,units/archives/testi-fontana-bernini-letter,cells,1,0,罗马（Rome）,entity,units/places/rome,resolved_entity
ref-f3d7662e8b5c989a,enr-08946,units/archives/testi-fontana-bernini-letter,value,,0,富尔维奥·泰斯蒂（Fulvio Testi）,entity,units/persons/fulvio-testi,resolved_entity
ref-03f89be238438735,enr-08946,units/archives/testi-fontana-bernini-letter,cells,1,0,富尔维奥·泰斯蒂（Fulvio Testi）,entity,units/persons/fulvio-testi,resolved_entity
ref-e28ab996dc90de17,enr-08947,units/archives/testi-fontana-bernini-letter,value,,0,弗朗切斯科·丰塔纳伯爵（Count Francesco Fontana）,entity,units/persons/francesco-fontana,resolved_entity
ref-bcd9e66c121b083a,enr-08947,units/archives/testi-fontana-bernini-letter,cells,1,0,弗朗切斯科·丰塔纳伯爵（Count Francesco Fontana）,entity,units/persons/francesco-fontana,resolved_entity
ref-a9ca4e8d0965cbb2,enr-08948,units/archives/testi-fontana-bernini-letter,value,,0,吉安·洛伦佐·贝尔尼尼（Gian Lorenzo Bernini）,entity,units/persons/gian-lorenzo-bernini,resolved_entity
ref-5bc27307b0e9ed13,enr-08948,units/archives/testi-fontana-bernini-letter,cells,1,0,吉安·洛伦佐·贝尔尼尼（Gian Lorenzo Bernini）,entity,units/persons/gian-lorenzo-bernini,resolved_entity
ref-7b113f7e4719f743,enr-08965,units/archives/testi-fontana-letter-1634-01-18,value,,0,富尔维奥·泰斯蒂（Fulvio Testi）,entity,units/persons/fulvio-testi,resolved_entity
ref-74cd21b03bd8658a,enr-08965,units/archives/testi-fontana-letter-1634-01-18,cells,1,0,富尔维奥·泰斯蒂（Fulvio Testi）,entity,units/persons/fulvio-testi,resolved_entity
ref-1dd89b01521de6b0,enr-08966,units/archives/testi-fontana-letter-1634-01-18,value,,0,弗朗切斯科·丰塔纳伯爵（Count Francesco Fontana）,entity,units/persons/francesco-fontana,resolved_entity
ref-b5336fef7cc8cb2a,enr-08966,units/archives/testi-fontana-letter-1634-01-18,cells,1,0,弗朗切斯科·丰塔纳伯爵（Count Francesco Fontana）,entity,units/persons/francesco-fontana,resolved_entity
ref-e7b4868cd71982c2,enr-08967,units/archives/testi-fontana-letter-1634-01-18,value,,0,罗马（Rome）,entity,units/places/rome,resolved_entity
ref-f197b751e286767f,enr-08967,units/archives/testi-fontana-letter-1634-01-18,cells,1,0,罗马（Rome）,entity,units/places/rome,resolved_entity
ref-d6273346cd8c3e7b,enr-08968,units/archives/testi-fontana-letter-1634-01-18,value,,0,摩德纳（Modena）,entity,units/places/modena,resolved_entity
ref-0546fe0a8ab94896,enr-08968,units/archives/testi-fontana-letter-1634-01-18,cells,1,0,摩德纳（Modena）,entity,units/places/modena,resolved_entity
ref-7ef4ea412088f89d,enr-08971,units/archives/torcellan-andrea-memmo-1963,value,,0,詹弗兰科·托尔切兰,entity,units/persons/gianfranco-torcellan,resolved_entity
ref-c574b27dae00912e,enr-08971,units/archives/torcellan-andrea-memmo-1963,cells,1,0,詹弗兰科·托尔切兰,entity,units/persons/gianfranco-torcellan,resolved_entity
ref-3adfa38fccdc7f96,enr-08972,units/archives/torcellan-andrea-memmo-1963,value,,0,安德烈亚·梅莫,entity,units/persons/andrea-memmo,resolved_entity
ref-5f9532ed11e47b62,enr-08972,units/archives/torcellan-andrea-memmo-1963,cells,1,0,安德烈亚·梅莫,entity,units/persons/andrea-memmo,resolved_entity
ref-ad82bda4292b9749,enr-08974,units/archives/torcellan-andrea-memmo-1963,value,,0,威尼斯,entity,units/places/venice,resolved_entity
ref-201ab6515cdb7d1c,enr-08974,units/archives/torcellan-andrea-memmo-1963,cells,1,0,威尼斯,entity,units/places/venice,resolved_entity
ref-5998e1f50fb29af5,enr-08975,units/archives/torcellan-andrea-memmo-1963,value,,0,文化合作研究所,entity,units/institutions/istituto-per-la-collaborazione-culturale,resolved_entity
ref-e4dc464d974760fc,enr-08975,units/archives/torcellan-andrea-memmo-1963,cells,1,0,文化合作研究所,entity,units/institutions/istituto-per-la-collaborazione-culturale,resolved_entity
ref-1a038c563c93ddfe,enr-08986,units/archives/torcellan-andrea-memmo-1963,value,,0,版本裁决,processing_record,patrons-and-painters-front-matter/process/knowledge.md#专著版本与出版地异文核对,not_in_package
ref-e1128ba1e21ba259,enr-08986,units/archives/torcellan-andrea-memmo-1963,evidence,,0,版本裁决,processing_record,patrons-and-painters-front-matter/process/knowledge.md#专著版本与出版地异文核对,not_in_package
ref-db32138784e7af19,enr-08986,units/archives/torcellan-andrea-memmo-1963,cells,1,0,版本裁决,processing_record,patrons-and-painters-front-matter/process/knowledge.md#专著版本与出版地异文核对,not_in_package
ref-88d70ac28d3cafab,enr-00426,units/archives/waterhouse-rome-painting-1971,value,,0,埃利斯·沃特豪斯,entity,units/persons/ellis-waterhouse,resolved_entity
ref-0ab028e741e29601,enr-00426,units/archives/waterhouse-rome-painting-1971,cells,1,0,埃利斯·沃特豪斯,entity,units/persons/ellis-waterhouse,resolved_entity
ref-816fd86dc6e3d09d,enr-00427,units/archives/waterhouse-rome-painting-1971,value,,0,博物馆研究期刊,entity,units/archives/museum-studies-art-institute-chicago,resolved_entity
ref-cd1ad2d8829fac5f,enr-00427,units/archives/waterhouse-rome-painting-1971,cells,1,0,博物馆研究期刊,entity,units/archives/museum-studies-art-institute-chicago,resolved_entity
ref-6979d2b273a8cfd1,enr-00457,units/events/san-clemente-redecoration,value,,0,克雷芒十一世,entity,units/persons/clement-xi,resolved_entity
ref-06423074003ef034,enr-00457,units/events/san-clemente-redecoration,cells,1,0,克雷芒十一世,entity,units/persons/clement-xi,resolved_entity
ref-b0e93833c2d0ba1d,enr-00458,units/events/san-clemente-redecoration,value,,0,罗马圣克莱孟堂,entity,units/places/san-clemente-rome,resolved_entity
ref-eef9f838cdcc6d7c,enr-00458,units/events/san-clemente-redecoration,cells,1,0,罗马圣克莱孟堂,entity,units/places/san-clemente-rome,resolved_entity
ref-019947fc436ab93d,enr-00460,units/events/san-clemente-redecoration,value,,0,塞巴斯蒂亚诺·孔卡,entity,units/persons/sebastiano-conca,resolved_entity
ref-d4a83730c131cd0d,enr-00460,units/events/san-clemente-redecoration,cells,1,0,塞巴斯蒂亚诺·孔卡,entity,units/persons/sebastiano-conca,resolved_entity
ref-25df6ff8dff1e7e8,enr-00461,units/events/san-clemente-redecoration,value,,0,皮埃特罗·迪·皮耶特里,entity,units/persons/pietro-di-pietri,resolved_entity
ref-dc00ba0118fa653f,enr-00461,units/events/san-clemente-redecoration,cells,1,0,皮埃特罗·迪·皮耶特里,entity,units/persons/pietro-di-pietri,resolved_entity
ref-6a9f87cd6ff8aff4,enr-00462,units/events/san-clemente-redecoration,value,,0,乔万尼·奥达齐,entity,units/persons/giovanni-odazzi,resolved_entity
ref-f2b5c52264372b51,enr-00462,units/events/san-clemente-redecoration,cells,1,0,乔万尼·奥达齐,entity,units/persons/giovanni-odazzi,resolved_entity
ref-75481ff3b9a754c3,enr-00463,units/events/san-clemente-redecoration,value,,0,乔万尼·多梅尼科·皮亚斯特里尼,entity,units/persons/giovanni-domenico-piastrini,resolved_entity
ref-2647491d6b07c91e,enr-00463,units/events/san-clemente-redecoration,cells,1,0,乔万尼·多梅尼科·皮亚斯特里尼,entity,units/persons/giovanni-domenico-piastrini,resolved_entity
ref-7a95065047654a24,enr-00464,units/events/san-clemente-redecoration,value,,0,贾科莫·特里加,entity,units/persons/giacomo-triga,resolved_entity
ref-7432741704b5a0f4,enr-00464,units/events/san-clemente-redecoration,cells,1,0,贾科莫·特里加,entity,units/persons/giacomo-triga,resolved_entity
ref-46a091300ebcd42a,enr-09024,units/events/san-clemente-redecoration,value,,0,皮耶尔·莱奥内·盖齐（Pier Leone Ghezzi）,entity,units/persons/pier-leone-ghezzi,resolved_entity
ref-21a705a522628371,enr-09024,units/events/san-clemente-redecoration,cells,1,0,皮耶尔·莱奥内·盖齐（Pier Leone Ghezzi）,entity,units/persons/pier-leone-ghezzi,resolved_entity
ref-fa65e8af388d06ff,enr-09025,units/events/san-clemente-redecoration,value,,0,托马索·基亚里（Tommaso Chiari）,entity,units/persons/tommaso-chiari,resolved_entity
ref-54b680b6cc2cfd7a,enr-09025,units/events/san-clemente-redecoration,cells,1,0,托马索·基亚里（Tommaso Chiari）,entity,units/persons/tommaso-chiari,resolved_entity
ref-699b340342dac230,enr-09027,units/events/schildersbent-formation-1623,value,,0,Rome／罗马,entity,units/places/rome,resolved_entity
ref-bbf76fbe46903e2c,enr-09027,units/events/schildersbent-formation-1623,cells,1,0,Rome／罗马,entity,units/places/rome,resolved_entity
ref-8327927d5eda645b,enr-09028,units/events/schildersbent-formation-1623,value,,0,Schildersbent／画家帮,entity,units/institutions/schildersbent,resolved_entity
ref-17241f472ea2e42a,enr-09028,units/events/schildersbent-formation-1623,cells,1,0,Schildersbent／画家帮,entity,units/institutions/schildersbent,resolved_entity
ref-889d0452ff416025,enr-09031,units/events/titian-honours-1533,value,,0,Charles V／查理五世,entity,units/persons/charles-v,resolved_entity
ref-1fd8cce5d0bd0cb6,enr-09031,units/events/titian-honours-1533,cells,1,0,Charles V／查理五世,entity,units/persons/charles-v,resolved_entity
ref-7dbd496fd7b5fe0c,enr-09032,units/events/titian-honours-1533,value,,0,Titian／提香,entity,units/persons/titian,resolved_entity
ref-ac7bc5f31a4c06a6,enr-09032,units/events/titian-honours-1533,cells,1,0,Titian／提香,entity,units/persons/titian,resolved_entity
ref-09dbcc61f79a56f8,enr-09037,units/families/aldobrandini-family,value,,0,罗马（Rome）,entity,units/places/rome,resolved_entity
ref-ddb62980ea7457c6,enr-09037,units/families/aldobrandini-family,cells,1,0,罗马（Rome）,entity,units/places/rome,resolved_entity
ref-4bee56137905a49a,enr-09038,units/families/aldobrandini-family,value,,0,伊波利托·阿尔多布兰迪尼／克勉八世（Clement VIII）,entity,units/persons/clement-viii,resolved_entity
ref-5aa616fef01ede8e,enr-09038,units/families/aldobrandini-family,cells,1,0,伊波利托·阿尔多布兰迪尼／克勉八世（Clement VIII）,entity,units/persons/clement-viii,resolved_entity
ref-b7a6747e75643a0e,enr-09039,units/families/aldobrandini-family,value,,0,奥林皮娅·阿尔多布兰迪尼（Olimpia Aldobrandini）,entity,units/persons/olimpia-aldobrandini,resolved_entity
ref-38bea3da2cb31e33,enr-09039,units/families/aldobrandini-family,cells,1,0,奥林皮娅·阿尔多布兰迪尼（Olimpia Aldobrandini）,entity,units/persons/olimpia-aldobrandini,resolved_entity
ref-4f2b198d6d6d3f5d,enr-09040,units/families/aldobrandini-family,value,,0,Olimpia Aldobrandini,entity,units/persons/olimpia-aldobrandini,resolved_entity
ref-aa6c4754f7043d43,enr-09040,units/families/aldobrandini-family,value,,1,Paolo Borghese,entity,units/persons/paolo-borghese,resolved_entity
ref-eee9d420f7a0eb99,enr-09040,units/families/aldobrandini-family,cells,1,0,Olimpia Aldobrandini,entity,units/persons/olimpia-aldobrandini,resolved_entity
ref-add99eb78c9d289b,enr-09040,units/families/aldobrandini-family,cells,1,1,Paolo Borghese,entity,units/persons/paolo-borghese,resolved_entity
ref-cae111b6ed623361,enr-09041,units/families/aldobrandini-family,value,,0,Olimpia Aldobrandini,entity,units/persons/olimpia-aldobrandini,resolved_entity
ref-15ed109f966fe6d2,enr-09041,units/families/aldobrandini-family,value,,1,卡米洛·潘菲利（Camillo Pamphili）,entity,units/persons/camillo-pamfili,resolved_entity
ref-a62d6b4579b6795c,enr-09041,units/families/aldobrandini-family,value,,2,异文记录,processing_record,patrons-and-painters-chp-1/process/knowledge.md#rev-072-families-aldobrandini-family,not_in_package
ref-aff7990d4c4e1a7e,enr-09041,units/families/aldobrandini-family,cells,1,0,Olimpia Aldobrandini,entity,units/persons/olimpia-aldobrandini,resolved_entity
ref-4908708b78cab251,enr-09041,units/families/aldobrandini-family,cells,1,1,卡米洛·潘菲利（Camillo Pamphili）,entity,units/persons/camillo-pamfili,resolved_entity
ref-7664fd073e74bc89,enr-09041,units/families/aldobrandini-family,cells,2,0,异文记录,processing_record,patrons-and-painters-chp-1/process/knowledge.md#rev-072-families-aldobrandini-family,not_in_package
ref-9cc6f16f8e71051c,enr-09049,units/families/borghese-family,evidence,,0,Paul V,entity,units/persons/paul-v,resolved_entity
ref-73c768bb906af36b,enr-09049,units/families/borghese-family,evidence,,1,Scipione 卡,entity,units/persons/cardinal-borghese-ch1,resolved_entity
ref-1ef9760bf2612d76,enr-09049,units/families/borghese-family,cells,2,0,Paul V,entity,units/persons/paul-v,resolved_entity
ref-2e495acfc49df763,enr-09049,units/families/borghese-family,cells,2,1,Scipione 卡,entity,units/persons/cardinal-borghese-ch1,resolved_entity
ref-2ed70c09e7a3e879,enr-09065,units/families/pamphili-family,value,,0,Giovanni Battista Pamphilj Aldobrandini（1648–1709）,entity,units/persons/giovanni-battista-pamphilj-aldobrandini,resolved_entity
ref-a056eb5d460105da,enr-09065,units/families/pamphili-family,cells,0,0,Giovanni Battista Pamphilj Aldobrandini（1648–1709）,entity,units/persons/giovanni-battista-pamphilj-aldobrandini,resolved_entity
ref-4c1bbd70484d29fd,enr-09076,units/families/peretti-family,evidence,,0,Sixtus V 卡,entity,units/persons/sixtus-v,resolved_entity
ref-2403868d21a30934,enr-09076,units/families/peretti-family,cells,2,0,Sixtus V 卡,entity,units/persons/sixtus-v,resolved_entity
ref-36cccfca102e2a44,enr-09077,units/families/peretti-family,value,,0,Alessandro Peretti Montalto,entity,units/persons/alessandro-peretti-montalto,resolved_entity
ref-69c8c85783df9b84,enr-09077,units/families/peretti-family,cells,1,0,Alessandro Peretti Montalto,entity,units/persons/alessandro-peretti-montalto,resolved_entity
ref-18aeeb58cdef50d9,enr-00529,units/families/pisani-family,value,,0,皮萨尼家族的荣耀,entity,units/works/tiepolo-glorification-of-the-pisani-family,resolved_entity
ref-3c2088989091f222,enr-00529,units/families/pisani-family,cells,1,0,皮萨尼家族的荣耀,entity,units/works/tiepolo-glorification-of-the-pisani-family,resolved_entity
ref-a8cc15ebf2008017,enr-00533,units/families/rezzonico-family,value,,0,雷佐尼科家族婚姻寓意,entity,units/works/tiepolo-marriage-allegory-of-the-rezzonico-family,resolved_entity
ref-1e8fea0d517813b8,enr-00533,units/families/rezzonico-family,cells,1,0,雷佐尼科家族婚姻寓意,entity,units/works/tiepolo-marriage-allegory-of-the-rezzonico-family,resolved_entity
ref-62fc574a2e413733,enr-09087,units/families/sacchetti-family,value,,0,乔万尼·马里亚·博塔拉,entity,units/persons/gio-maria-bottalla,resolved_entity
ref-4fe7ae16be9aec20,enr-09087,units/families/sacchetti-family,cells,1,0,乔万尼·马里亚·博塔拉,entity,units/persons/gio-maria-bottalla,resolved_entity
ref-a12a48efc219dc19,enr-09088,units/families/sacchetti-family,value,,0,以扫与雅各相会,entity,units/works/gio-maria-bottalla-meeting-of-esau-and-jacob,resolved_entity
ref-8e9626ac8e0146cf,enr-09088,units/families/sacchetti-family,cells,1,0,以扫与雅各相会,entity,units/works/gio-maria-bottalla-meeting-of-esau-and-jacob,resolved_entity
ref-ff2e2619206b6ed8,enr-09094,units/institutions/a-villani-e-figli,value,,0,博洛尼亚（Bologna）,entity,units/places/bologna,resolved_entity
ref-6d9a30f1b0973566,enr-09094,units/institutions/a-villani-e-figli,cells,1,0,博洛尼亚（Bologna）,entity,units/places/bologna,resolved_entity
ref-773d7896edd840f6,enr-00546,units/institutions/a-villani-e-figli,value,,0,克娄巴特拉之死,entity,units/works/guido-cagnacci-death-of-cleopatra,resolved_entity
ref-26eda67b805022e7,enr-00546,units/institutions/a-villani-e-figli,cells,1,0,克娄巴特拉之死,entity,units/works/guido-cagnacci-death-of-cleopatra,resolved_entity
ref-21ef7e843b3590f4,enr-09096,units/institutions/academie-francaise,value,,0,皮埃尔·罗森贝格,entity,units/persons/pierre-rosenberg,resolved_entity
ref-2a58e53d5cbd5755,enr-09096,units/institutions/academie-francaise,cells,1,0,皮埃尔·罗森贝格,entity,units/persons/pierre-rosenberg,resolved_entity
ref-5ff6e6457284affc,enr-09101,units/institutions/accademia-degli-agiati,value,,0,阿马德奥·斯瓦耶尔,entity,units/persons/amadeo-swajer,resolved_entity
ref-015888f9cf705464,enr-09101,units/institutions/accademia-degli-agiati,cells,1,0,阿马德奥·斯瓦耶尔,entity,units/persons/amadeo-swajer,resolved_entity
ref-27e4484ce867c7eb,enr-09102,units/institutions/accademia-degli-agiati,value,,0,罗韦雷托,entity,units/places/rovereto,resolved_entity
ref-ded8fa0f1383b3ac,enr-09102,units/institutions/accademia-degli-agiati,cells,1,0,罗韦雷托,entity,units/places/rovereto,resolved_entity
ref-70aa3fce9f81ca57,enr-09109,units/institutions/agraci,value,,0,巴黎（Paris）,entity,units/places/paris,resolved_entity
ref-18ccea68ddfda7e6,enr-09109,units/institutions/agraci,cells,1,0,巴黎（Paris）,entity,units/places/paris,resolved_entity
ref-49e3fd6c3347392f,enr-00571,units/institutions/agraci,value,,0,摩西践踏法老王冠,entity,units/works/poussin-moses-trampling-on-pharaoh-s-crown,resolved_entity
ref-145949cf79d67e17,enr-00571,units/institutions/agraci,cells,1,0,摩西践踏法老王冠,entity,units/works/poussin-moses-trampling-on-pharaoh-s-crown,resolved_entity
ref-aacaafc808da51da,enr-00572,units/institutions/agraci,value,,0,公共幸福战胜危难,entity,units/works/orazio-gentileschi-public-felicity-triumphant-over-dangers,resolved_entity
ref-eff64136aeaf8657,enr-00572,units/institutions/agraci,cells,1,0,公共幸福战胜危难,entity,units/works/orazio-gentileschi-public-felicity-triumphant-over-dangers,resolved_entity
ref-f0a57073e11ceefe,enr-09114,units/institutions/alte-pinakothek,value,,0,慕尼黑（Munich）,entity,units/places/munich,resolved_entity
ref-2cf0a1dce334b29d,enr-09114,units/institutions/alte-pinakothek,cells,1,0,慕尼黑（Munich）,entity,units/places/munich,resolved_entity
ref-91c5316df6d8adaa,enr-09115,units/institutions/alte-pinakothek,value,,0,巴伐利亚国家绘画收藏机构,entity,units/institutions/bayerischen-staatsgemaldesammlungen,resolved_entity
ref-1e442939dece4e6d,enr-09115,units/institutions/alte-pinakothek,cells,1,0,巴伐利亚国家绘画收藏机构,entity,units/institutions/bayerischen-staatsgemaldesammlungen,resolved_entity
ref-98a399119fae07af,enr-09116,units/institutions/alte-pinakothek,value,,0,佩莱格里尼《选侯继承人约翰·威廉的教育》,entity,units/works/pellegrini-allegory-of-the-education-of-the-crown-prince-of-the-palatinate,resolved_entity
ref-0e4231f2d8cb6556,enr-09116,units/institutions/alte-pinakothek,cells,1,0,佩莱格里尼《选侯继承人约翰·威廉的教育》,entity,units/works/pellegrini-allegory-of-the-education-of-the-crown-prince-of-the-palatinate,resolved_entity
ref-527c99b06b367d26,enr-09118,units/institutions/american-academy-of-arts-and-sciences,value,,0,霍华德·希巴德,entity,units/persons/howard-hibbard,resolved_entity
ref-804346c31a200fb0,enr-09118,units/institutions/american-academy-of-arts-and-sciences,cells,1,0,霍华德·希巴德,entity,units/persons/howard-hibbard,resolved_entity
ref-e50f678b613473b3,enr-00604,units/institutions/art-institute-of-chicago,value,,0,有队列的德尔斐景观,entity,units/works/claude-view-of-delphi-with-a-procession,resolved_entity
ref-8c377ad21c3c48ba,enr-00604,units/institutions/art-institute-of-chicago,cells,1,0,有队列的德尔斐景观,entity,units/works/claude-view-of-delphi-with-a-procession,resolved_entity
ref-b647b567063cb5eb,enr-09145,units/institutions/art-institute-of-chicago,value,,0,布鲁斯·安布勒·鲍彻,entity,units/persons/bruce-boucher,resolved_entity
ref-cf0b3accb59e1900,enr-09145,units/institutions/art-institute-of-chicago,cells,1,0,布鲁斯·安布勒·鲍彻,entity,units/persons/bruce-boucher,resolved_entity
ref-93ad88e600a06802,enr-09146,units/institutions/art-institute-of-chicago,value,,0,《芝加哥艺术博物馆研究》,entity,units/archives/museum-studies-art-institute-chicago,resolved_entity
ref-959a733e661791be,enr-09146,units/institutions/art-institute-of-chicago,cells,1,0,《芝加哥艺术博物馆研究》,entity,units/archives/museum-studies-art-institute-chicago,resolved_entity
ref-e39cec072e1bfa16,enr-00628,units/institutions/bayerischen-staatsgemaldesammlungen,value,,0,普法尔茨王储教育寓意,entity,units/works/pellegrini-allegory-of-the-education-of-the-crown-prince-of-the-palatinate,resolved_entity
ref-df040763457a7a8e,enr-00628,units/institutions/bayerischen-staatsgemaldesammlungen,cells,1,0,普法尔茨王储教育寓意,entity,units/works/pellegrini-allegory-of-the-education-of-the-crown-prince-of-the-palatinate,resolved_entity
ref-ad5a516180941cbb,enr-09175,units/institutions/bayerischen-staatsgemaldesammlungen,value,,0,《选侯继承人约翰·威廉的教育》,entity,units/works/pellegrini-allegory-of-the-education-of-the-crown-prince-of-the-palatinate,resolved_entity
ref-89a51eee01d29409,enr-09175,units/institutions/bayerischen-staatsgemaldesammlungen,cells,1,0,《选侯继承人约翰·威廉的教育》,entity,units/works/pellegrini-allegory-of-the-education-of-the-crown-prince-of-the-palatinate,resolved_entity
ref-12435a3154df3603,enr-09176,units/institutions/bayerischen-staatsgemaldesammlungen,value,,0,老绘画陈列馆（Alte Pinakothek）,entity,units/institutions/alte-pinakothek,resolved_entity
ref-740c645264a5fd80,enr-09176,units/institutions/bayerischen-staatsgemaldesammlungen,cells,1,0,老绘画陈列馆（Alte Pinakothek）,entity,units/institutions/alte-pinakothek,resolved_entity
ref-400c9aa6c894b1e4,enr-09182,units/institutions/biblioteca-casanatense,value,,0,罗马,entity,units/places/rome,resolved_entity
ref-3a5b66a67faf971d,enr-09182,units/institutions/biblioteca-casanatense,cells,1,0,罗马,entity,units/places/rome,resolved_entity
ref-dc2ddc904a3624c3,enr-09194,units/institutions/biblioteca-casanatense,value,,0,《罗马城记述》（1642）,entity,units/archives/ameyden-relazione-1642,resolved_entity
ref-5f4ca2df5267ac70,enr-09194,units/institutions/biblioteca-casanatense,cells,1,0,《罗马城记述》（1642）,entity,units/archives/ameyden-relazione-1642,resolved_entity
ref-789e5dfeea49c153,enr-00655,units/institutions/bibliotheque-nationale,value,,0,罗慕路斯与雷穆斯顶画局部,entity,units/works/romanelli-romulus-and-remus,resolved_entity
ref-1acf152fc8107970,enr-00655,units/institutions/bibliotheque-nationale,cells,1,0,罗慕路斯与雷穆斯顶画局部,entity,units/works/romanelli-romulus-and-remus,resolved_entity
ref-eaabe4a3720d7028,enr-09200,units/institutions/bibliotheque-nationale,value,,0,马扎然宫,entity,units/places/palais-mazarin,resolved_entity
ref-26561bc759ebf829,enr-09200,units/institutions/bibliotheque-nationale,cells,1,0,马扎然宫,entity,units/places/palais-mazarin,resolved_entity
ref-05bf12e6813190d2,enr-00658,units/institutions/bibliotheque-nationale,value,,0,马扎然画廊,entity,units/places/galerie-mazarin,resolved_entity
ref-aee19142f98cf0ac,enr-00658,units/institutions/bibliotheque-nationale,cells,1,0,马扎然画廊,entity,units/places/galerie-mazarin,resolved_entity
ref-7d3a262cb9cc388d,enr-00659,units/institutions/bibliotheque-nationale,value,,0,马扎然画廊穹顶装饰,entity,units/works/mazarin-gallery-vault-decoration,resolved_entity
ref-ad486685f031cf09,enr-00659,units/institutions/bibliotheque-nationale,cells,1,0,马扎然画廊穹顶装饰,entity,units/works/mazarin-gallery-vault-decoration,resolved_entity
ref-a9d2835fcb09a444,enr-09204,units/institutions/british-academy,value,,0,伦敦,entity,units/places/london,resolved_entity
ref-2f2eb8edc7007952,enr-09204,units/institutions/british-academy,cells,1,0,伦敦,entity,units/places/london,resolved_entity
ref-4b6665a312993ce6,enr-09205,units/institutions/british-academy,value,,0,休·昂纳,entity,units/persons/hugh-honour,resolved_entity
ref-f22d4fa771f10cd6,enr-09205,units/institutions/british-academy,cells,1,0,休·昂纳,entity,units/persons/hugh-honour,resolved_entity
ref-9fecd58741c337bb,enr-00668,units/institutions/british-museum,value,,0,皮埃尔·莫特及家人,entity,units/works/pellegrini-pierre-motteux-and-his-family,resolved_entity
ref-dbe2f8f60e63b473,enr-00668,units/institutions/british-museum,cells,1,0,皮埃尔·莫特及家人,entity,units/works/pellegrini-pierre-motteux-and-his-family,resolved_entity
ref-9a509800101e00d1,enr-09206,units/institutions/british-museum,value,,0,莫特一家素描,entity,units/works/pellegrini-pierre-motteux-and-his-family,resolved_entity
ref-660a5fc7196da797,enr-09206,units/institutions/british-museum,cells,1,0,莫特一家素描,entity,units/works/pellegrini-pierre-motteux-and-his-family,resolved_entity
ref-0d366c92e5035434,enr-09208,units/institutions/ca-foscari-university-venice,value,,0,加埃塔诺·科齐,entity,units/persons/gaetano-cozzi,resolved_entity
ref-d03c1af6ecb84182,enr-09208,units/institutions/ca-foscari-university-venice,cells,1,0,加埃塔诺·科齐,entity,units/persons/gaetano-cozzi,resolved_entity
ref-c99c7d393d7d8018,enr-09211,units/institutions/ca-foscari-university-venice,value,,0,威尼斯,entity,units/places/venice,resolved_entity
ref-a91ead6b254ebd89,enr-09211,units/institutions/ca-foscari-university-venice,cells,1,0,威尼斯,entity,units/places/venice,resolved_entity
ref-a756bf14d18274c7,enr-09243,units/institutions/charavay-freres,value,,0,巴黎,entity,units/places/paris,resolved_entity
ref-18d520ce67f931db,enr-09243,units/institutions/charavay-freres,cells,1,0,巴黎,entity,units/places/paris,resolved_entity
ref-8c38bc437746571b,enr-09245,units/institutions/charavay-freres,value,,0,《通信集》,entity,units/archives/montaiglon-academy-correspondence,resolved_entity
ref-0b5d8fbd6eda5d29,enr-09245,units/institutions/charavay-freres,cells,1,0,《通信集》,entity,units/archives/montaiglon-academy-correspondence,resolved_entity
ref-c4a06704a92e281b,enr-00719,units/institutions/chatto-and-windus,value,,0,弗朗西斯·哈斯克尔,entity,units/persons/francis-haskell,resolved_entity
ref-a4fc602002f6d1b6,enr-00719,units/institutions/chatto-and-windus,cells,1,0,弗朗西斯·哈斯克尔,entity,units/persons/francis-haskell,resolved_entity
ref-8e03098ea0efd500,enr-00720,units/institutions/chatto-and-windus,value,,0,《赞助人与画家》,entity,units/archives/patrons-and-painters,resolved_entity
ref-a156ff41956e5eb4,enr-00720,units/institutions/chatto-and-windus,cells,1,0,《赞助人与画家》,entity,units/archives/patrons-and-painters,resolved_entity
ref-91dbcc85ff1da327,enr-00721,units/institutions/chatto-and-windus,value,,0,诺拉·斯莫尔伍德,entity,units/persons/norah-smallwood,resolved_entity
ref-26d4243792a7fd7e,enr-00721,units/institutions/chatto-and-windus,cells,1,0,诺拉·斯莫尔伍德,entity,units/persons/norah-smallwood,resolved_entity
ref-ac89aefecf33df72,enr-00725,units/institutions/city-of-paris,value,,0,巴黎,entity,units/places/paris,resolved_entity
ref-c3ae8dd9b8e10c8f,enr-00725,units/institutions/city-of-paris,cells,1,0,巴黎,entity,units/places/paris,resolved_entity
ref-86b2bf8d2c756258,enr-09251,units/institutions/city-of-paris,value,,0,泰奥多尔—埃内斯特·科涅克,entity,units/persons/ernest-cognacq,resolved_entity
ref-ddbee045722c6398,enr-09251,units/institutions/city-of-paris,cells,1,0,泰奥多尔—埃内斯特·科涅克,entity,units/persons/ernest-cognacq,resolved_entity
ref-3c9013b3ac7706d0,enr-00729,units/institutions/city-of-paris,value,,0,提埃坡罗《克娄巴特拉的宴会》，J 104,entity,units/works/tiepolo-banquet-cognacq-jay,resolved_entity
ref-cfee4f70a3f392e5,enr-00729,units/institutions/city-of-paris,cells,1,0,提埃坡罗《克娄巴特拉的宴会》，J 104,entity,units/works/tiepolo-banquet-cognacq-jay,resolved_entity
ref-093a8703f19d1d6e,enr-00730,units/institutions/city-of-paris,value,,0,科涅克—杰博物馆,entity,units/institutions/musee-cognacq-jay,resolved_entity
ref-69da40cebcfeed1c,enr-00730,units/institutions/city-of-paris,cells,1,0,科涅克—杰博物馆,entity,units/institutions/musee-cognacq-jay,resolved_entity
ref-b18d4793ec86e5b1,enr-00734,units/institutions/clark-art-institute,value,,0,迈克尔·康福尔蒂,entity,units/persons/michael-conforti,resolved_entity
ref-ac4bf3a9d863cf57,enr-00734,units/institutions/clark-art-institute,cells,1,0,迈克尔·康福尔蒂,entity,units/persons/michael-conforti,resolved_entity
ref-d5afd2aa26d1ec3a,enr-09262,units/institutions/colnaghi,value,,0,克雷斯皮的朱庇特画作,entity,units/works/g-m-crespi-jupiter-handed-over-by-cybele-to-the-corybantes-to-be-fed,resolved_entity
ref-a0aee1378257d7a6,enr-09262,units/institutions/colnaghi,cells,1,0,克雷斯皮的朱庇特画作,entity,units/works/g-m-crespi-jupiter-handed-over-by-cybele-to-the-corybantes-to-be-fed,resolved_entity
ref-c3cc088e1dc0bd1c,enr-09265,units/institutions/columbia-university,value,,0,纽约,entity,units/places/new-york,resolved_entity
ref-ba97e87bc0337c62,enr-09265,units/institutions/columbia-university,cells,1,0,纽约,entity,units/places/new-york,resolved_entity
ref-c78a2bad7b904eab,enr-09266,units/institutions/columbia-university,value,,0,鲁道夫·维特科尔,entity,units/persons/rudolf-wittkower,resolved_entity
ref-002ed2b1c5103f2e,enr-09266,units/institutions/columbia-university,cells,1,0,鲁道夫·维特科尔,entity,units/persons/rudolf-wittkower,resolved_entity
ref-e86cddc9f911ebc9,enr-09278,units/institutions/correr-library,value,,0,威尼斯,entity,units/places/venice,resolved_entity
ref-fe7ccd5927ee8d7f,enr-09278,units/institutions/correr-library,cells,1,0,威尼斯,entity,units/places/venice,resolved_entity
ref-7a262381f2831dee,enr-09279,units/institutions/correr-library,value,,0,科雷尔博物馆,entity,units/institutions/museo-correr,resolved_entity
ref-6079fa2d2584f166,enr-09279,units/institutions/correr-library,cells,1,0,科雷尔博物馆,entity,units/institutions/museo-correr,resolved_entity
ref-96d6ff7cd58995f8,enr-09281,units/institutions/correr-library,value,,0,泰奥多罗·科雷尔,entity,units/persons/teodoro-correr,resolved_entity
ref-1e2e4aa67b1aefea,enr-09281,units/institutions/correr-library,cells,1,0,泰奥多罗·科雷尔,entity,units/persons/teodoro-correr,resolved_entity
ref-8829e4b23d603a0f,enr-00757,units/institutions/correr-library,value,,0,弗朗西斯·哈斯克尔,entity,units/persons/francis-haskell,resolved_entity
ref-861e3968ba47ae27,enr-00757,units/institutions/correr-library,cells,1,0,弗朗西斯·哈斯克尔,entity,units/persons/francis-haskell,resolved_entity
ref-ab1f8ed020a29604,enr-00758,units/institutions/correr-library,value,,0,泰里西奥·皮尼亚蒂,entity,units/persons/terisio-pignatti,resolved_entity
ref-92e9435c77c76ca5,enr-00758,units/institutions/correr-library,cells,1,0,泰里西奥·皮尼亚蒂,entity,units/persons/terisio-pignatti,resolved_entity
ref-6fbc334432d4a6d7,enr-09285,units/institutions/courtauld-institute-of-art,value,,0,安·萨瑟兰·哈里斯,entity,units/persons/ann-sutherland-harris,resolved_entity
ref-329c592dd6aa4da7,enr-09285,units/institutions/courtauld-institute-of-art,cells,1,0,安·萨瑟兰·哈里斯,entity,units/persons/ann-sutherland-harris,resolved_entity
ref-1d1d066e56f4d3e4,enr-09286,units/institutions/courtauld-institute-of-art,value,,0,布鲁斯·安布勒·鲍彻,entity,units/persons/bruce-boucher,resolved_entity
ref-fbdb242e01caaf06,enr-09286,units/institutions/courtauld-institute-of-art,cells,1,0,布鲁斯·安布勒·鲍彻,entity,units/persons/bruce-boucher,resolved_entity
ref-aa8c35f6c4d2d29a,enr-09291,units/institutions/dusseldorf-electoral-picture-gallery,value,,0,约翰·威廉（Johann Wilhelm）,entity,units/persons/johann-wilhelm-elector-palatine,resolved_entity
ref-4d9ed2d787f6fc22,enr-09291,units/institutions/dusseldorf-electoral-picture-gallery,cells,1,0,约翰·威廉（Johann Wilhelm）,entity,units/persons/johann-wilhelm-elector-palatine,resolved_entity
ref-0a3a36687695ff0b,enr-09292,units/institutions/dusseldorf-electoral-picture-gallery,value,,0,《选侯继承人约翰·威廉的教育》,entity,units/works/pellegrini-allegory-of-the-education-of-the-crown-prince-of-the-palatinate,resolved_entity
ref-4c9e7b88ba251b1c,enr-09292,units/institutions/dusseldorf-electoral-picture-gallery,cells,1,0,《选侯继承人约翰·威廉的教育》,entity,units/works/pellegrini-allegory-of-the-education-of-the-crown-prince-of-the-palatinate,resolved_entity
ref-0acb7e21bd01ae08,enr-09293,units/institutions/dusseldorf-electoral-picture-gallery,value,,0,慕尼黑（Munich）,entity,units/places/munich,resolved_entity
ref-b55a8e583930404d,enr-09293,units/institutions/dusseldorf-electoral-picture-gallery,cells,1,0,慕尼黑（Munich）,entity,units/places/munich,resolved_entity
ref-b790da76646316f4,enr-00778,units/institutions/finnish-institute,value,,0,罗马寓意,entity,units/works/valentin-allegory-of-rome,resolved_entity
ref-6dfd90db7f17df0f,enr-00778,units/institutions/finnish-institute,cells,1,0,罗马寓意,entity,units/works/valentin-allegory-of-rome,resolved_entity
ref-b3765d1ab7dbbbb6,enr-09303,units/institutions/finnish-institute,value,,0,罗马,entity,units/places/rome,resolved_entity
ref-5ecdbdf3a9071b38,enr-09303,units/institutions/finnish-institute,cells,1,0,罗马,entity,units/places/rome,resolved_entity
ref-a359d698e94cd2fe,enr-09304,units/institutions/finnish-institute,value,,0,罗马兰特别墅,entity,units/places/villa-lante-rome,resolved_entity
ref-93bfd7fc6aff5f23,enr-09304,units/institutions/finnish-institute,cells,1,0,罗马兰特别墅,entity,units/places/villa-lante-rome,resolved_entity
ref-369ec9da4432b7c7,enr-00789,units/institutions/fitzwilliam-museum,value,,0,托马斯·贝恩斯,entity,units/works/carlo-dolci-sir-thomas-baines,resolved_entity
ref-78d57c5fd4709f06,enr-00789,units/institutions/fitzwilliam-museum,cells,1,0,托马斯·贝恩斯,entity,units/works/carlo-dolci-sir-thomas-baines,resolved_entity
ref-e9dd8654e8f6c792,enr-00790,units/institutions/fitzwilliam-museum,value,,0,剑桥,entity,units/places/cambridge,resolved_entity
ref-d5c239a7a912b17c,enr-00790,units/institutions/fitzwilliam-museum,cells,1,0,剑桥,entity,units/places/cambridge,resolved_entity
ref-5d6f77b97ad173ba,enr-09308,units/institutions/fitzwilliam-museum,value,,0,托马斯·贝恩斯肖像,entity,units/works/carlo-dolci-sir-thomas-baines,resolved_entity
ref-2ec8e0d4016de53c,enr-09308,units/institutions/fitzwilliam-museum,cells,1,0,托马斯·贝恩斯肖像,entity,units/works/carlo-dolci-sir-thomas-baines,resolved_entity
ref-5698db9d4c3cd25b,enr-09310,units/institutions/fitzwilliam-museum,value,,0,芬奇肖像PD.12-1972,entity,units/works/carlo-dolci-sir-john-finch,resolved_entity
ref-196c2e73198f9302,enr-09310,units/institutions/fitzwilliam-museum,cells,1,0,芬奇肖像PD.12-1972,entity,units/works/carlo-dolci-sir-john-finch,resolved_entity
ref-272660421c3cf52e,enr-09311,units/institutions/fitzwilliam-museum,value,,0,贝恩斯肖像PD.13-1972,entity,units/works/carlo-dolci-sir-thomas-baines,resolved_entity
ref-5213809795226ec7,enr-09311,units/institutions/fitzwilliam-museum,cells,1,0,贝恩斯肖像PD.13-1972,entity,units/works/carlo-dolci-sir-thomas-baines,resolved_entity
ref-a1141ffe3725ab73,enr-09312,units/institutions/fitzwilliam-museum,value,,0,国家艺术收藏基金,entity,units/institutions/national-art-collections-fund,resolved_entity
ref-146354e1e60deb76,enr-09312,units/institutions/fitzwilliam-museum,cells,1,0,国家艺术收藏基金,entity,units/institutions/national-art-collections-fund,resolved_entity
ref-86b8830bc26ead6b,enr-09314,units/institutions/french-academy-in-rome,value,,0,罗马,entity,units/places/rome,resolved_entity
ref-1ca239013f64608e,enr-09314,units/institutions/french-academy-in-rome,cells,1,0,罗马,entity,units/places/rome,resolved_entity
ref-e768e46638136354,enr-09315,units/institutions/french-academy-in-rome,value,,0,夏尔-弗朗索瓦·普瓦松,entity,units/persons/charles-francois-poerson,resolved_entity
ref-2caafc9b65a6940e,enr-09315,units/institutions/french-academy-in-rome,cells,1,0,夏尔-弗朗索瓦·普瓦松,entity,units/persons/charles-francois-poerson,resolved_entity
ref-ec4ab42fcb0aca0e,enr-09319,units/institutions/gabinetto-dei-disegni-castello-sforzesco,value,,0,斯福尔扎城堡,entity,units/places/castello-sforzesco,resolved_entity
ref-5dee19a626231c07,enr-09319,units/institutions/gabinetto-dei-disegni-castello-sforzesco,cells,1,0,斯福尔扎城堡,entity,units/places/castello-sforzesco,resolved_entity
ref-31de1ca392b771ef,enr-09320,units/institutions/gabinetto-dei-disegni-castello-sforzesco,value,,0,米兰,entity,units/places/milan,resolved_entity
ref-83ec8d143db240e1,enr-09320,units/institutions/gabinetto-dei-disegni-castello-sforzesco,cells,1,0,米兰,entity,units/places/milan,resolved_entity
ref-951bf65913ed6a6e,enr-09321,units/institutions/gabinetto-dei-disegni-castello-sforzesco,value,,0,皮亚泽塔《舒伦堡元帅肖像》,entity,units/works/piazzetta-marshal-schulenburg,resolved_entity
ref-0c2cbc9731d71877,enr-09321,units/institutions/gabinetto-dei-disegni-castello-sforzesco,cells,1,0,皮亚泽塔《舒伦堡元帅肖像》,entity,units/works/piazzetta-marshal-schulenburg,resolved_entity
ref-719613ce1efb974e,enr-00814,units/institutions/gabinetto-fotografico-nazionale,value,,0,劫夺海伦,entity,units/works/pietro-da-cortona-rape-of-helen,resolved_entity
ref-7731b3625544601b,enr-00814,units/institutions/gabinetto-fotografico-nazionale,cells,1,0,劫夺海伦,entity,units/works/pietro-da-cortona-rape-of-helen,resolved_entity
ref-cbfdef1e726547ff,enr-00815,units/institutions/gabinetto-fotografico-nazionale,value,,0,神圣智慧寓意,entity,units/works/andrea-sacchi-allegory-of-divine-wisdom,resolved_entity
ref-c078e8d502cd0049,enr-00815,units/institutions/gabinetto-fotografico-nazionale,cells,1,0,神圣智慧寓意,entity,units/works/andrea-sacchi-allegory-of-divine-wisdom,resolved_entity
ref-7427aa2ce444b08b,enr-00816,units/institutions/gabinetto-fotografico-nazionale,value,,0,圣依纳爵堂拱顶壁画模型,entity,units/works/andrea-pozzo-modello-for-fresco-on-vault-of-s-ignazio,resolved_entity
ref-a2f0c914ab13d5f4,enr-00816,units/institutions/gabinetto-fotografico-nazionale,cells,1,0,圣依纳爵堂拱顶壁画模型,entity,units/works/andrea-pozzo-modello-for-fresco-on-vault-of-s-ignazio,resolved_entity
ref-d060fb1a268a5df1,enr-09325,units/institutions/gabinetto-fotografico-nazionale,value,,0,中央编目与文献研究所,entity,units/institutions/istituto-centrale-per-il-catalogo-e-la-documentazione,resolved_entity
ref-0e4397022a786817,enr-09325,units/institutions/gabinetto-fotografico-nazionale,cells,1,0,中央编目与文献研究所,entity,units/institutions/istituto-centrale-per-il-catalogo-e-la-documentazione,resolved_entity
ref-c8312e43c7a773f2,enr-00825,units/institutions/galleria-borghese,value,,0,鲍尔的博尔盖塞别墅景观,entity,units/works/guglielmo-baur-view-of-villa-borghese-in-1630,resolved_entity
ref-d8cb7fbd6b9a8939,enr-00825,units/institutions/galleria-borghese,cells,1,0,鲍尔的博尔盖塞别墅景观,entity,units/works/guglielmo-baur-view-of-villa-borghese-in-1630,resolved_entity
ref-e3a62a330186abd1,enr-00838,units/institutions/galleria-palatina,value,,0,皮蒂宫,entity,units/places/palazzo-pitti,resolved_entity
ref-b82a438f771704bc,enr-00838,units/institutions/galleria-palatina,cells,1,0,皮蒂宫,entity,units/places/palazzo-pitti,resolved_entity
ref-cec6041fb5e2f5b6,enr-00839,units/institutions/galleria-palatina,value,,0,佛罗伦萨,entity,units/places/florence,resolved_entity
ref-fa5615722e13183f,enr-00839,units/institutions/galleria-palatina,cells,1,0,佛罗伦萨,entity,units/places/florence,resolved_entity
ref-ef185248231919f5,enr-09331,units/institutions/galleria-palatina,value,,0,圭多·本蒂沃利奥枢机肖像,entity,units/works/van-dyck-cardinal-bentivoglio,resolved_entity
ref-973b0002a3e563f3,enr-09331,units/institutions/galleria-palatina,cells,1,0,圭多·本蒂沃利奥枢机肖像,entity,units/works/van-dyck-cardinal-bentivoglio,resolved_entity
ref-67e10aa9ecdc01ad,enr-09332,units/institutions/galleria-palatina,value,,0,马尔科·基亚里尼,entity,units/persons/marco-chiarini,resolved_entity
ref-6681368ad38d7833,enr-09332,units/institutions/galleria-palatina,cells,1,0,马尔科·基亚里尼,entity,units/persons/marco-chiarini,resolved_entity
ref-1d2ebfd5260e0db3,enr-00845,units/institutions/galleria-spada,value,,0,马萨涅洛起义,entity,units/works/michelangelo-cerquozzi-the-revolt-of-masaniello,resolved_entity
ref-cc7423d3bef2b627,enr-00845,units/institutions/galleria-spada,cells,1,0,马萨涅洛起义,entity,units/works/michelangelo-cerquozzi-the-revolt-of-masaniello,resolved_entity
ref-597e42b0212b78f4,enr-09333,units/institutions/galleria-spada,value,,0,斯帕达宫,entity,units/places/palazzo-spada,resolved_entity
ref-531cd78933f6a4c1,enr-09333,units/institutions/galleria-spada,cells,1,0,斯帕达宫,entity,units/places/palazzo-spada,resolved_entity
ref-1e37f212e245375a,enr-09334,units/institutions/galleria-spada,value,,0,罗马,entity,units/places/rome,resolved_entity
ref-d3f0583f23f4734e,enr-09334,units/institutions/galleria-spada,cells,1,0,罗马,entity,units/places/rome,resolved_entity
ref-327a089a57b5233f,enr-00848,units/institutions/galleria-spada,value,,0,马萨涅洛起义,entity,units/works/michelangelo-cerquozzi-the-revolt-of-masaniello,resolved_entity
ref-8e58d7f4004804f6,enr-00848,units/institutions/galleria-spada,cells,1,0,马萨涅洛起义,entity,units/works/michelangelo-cerquozzi-the-revolt-of-masaniello,resolved_entity
ref-bcfc784b61a5f95d,enr-09338,units/institutions/gemaeldegalerie-berlin,value,,0,施特赖特肖像,entity,units/works/amigoni-sigismund-streit,resolved_entity
ref-208bc515a7ee618e,enr-09338,units/institutions/gemaeldegalerie-berlin,cells,1,0,施特赖特肖像,entity,units/works/amigoni-sigismund-streit,resolved_entity
ref-2e7cbc9cbd1cfbc8,enr-09340,units/institutions/gemaeldegalerie-berlin,value,,0,施特赖特基金会,entity,units/institutions/streitsche-stiftung,resolved_entity
ref-32739064ede9c4c1,enr-09340,units/institutions/gemaeldegalerie-berlin,cells,1,0,施特赖特基金会,entity,units/institutions/streitsche-stiftung,resolved_entity
ref-2f6fa73500201b16,enr-00870,units/institutions/gymnasium-zu-grauen-kloster,value,,0,西吉斯蒙德·施特赖特肖像,entity,units/works/amigoni-sigismund-streit,resolved_entity
ref-7a9dea19d442cb64,enr-00870,units/institutions/gymnasium-zu-grauen-kloster,cells,1,0,西吉斯蒙德·施特赖特肖像,entity,units/works/amigoni-sigismund-streit,resolved_entity
ref-68ca3d4d09c8db9c,enr-09344,units/institutions/gymnasium-zu-grauen-kloster,value,,0,柏林,entity,units/places/berlin,resolved_entity
ref-ad6c2047b2719816,enr-09344,units/institutions/gymnasium-zu-grauen-kloster,cells,1,0,柏林,entity,units/places/berlin,resolved_entity
ref-815a02d9d09d44f8,enr-09345,units/institutions/gymnasium-zu-grauen-kloster,value,,0,西吉斯蒙德·施特赖特,entity,units/persons/sigismund-streit,resolved_entity
ref-7de87d44020c0aee,enr-09345,units/institutions/gymnasium-zu-grauen-kloster,cells,1,0,西吉斯蒙德·施特赖特,entity,units/persons/sigismund-streit,resolved_entity
ref-4476736e72ce0d25,enr-09346,units/institutions/gymnasium-zu-grauen-kloster,value,,0,施特赖特肖像,entity,units/works/amigoni-sigismund-streit,resolved_entity
ref-229b2861b5345ef6,enr-09346,units/institutions/gymnasium-zu-grauen-kloster,cells,1,0,施特赖特肖像,entity,units/works/amigoni-sigismund-streit,resolved_entity
ref-fa6ea908ee027677,enr-09349,units/institutions/hazan,value,,0,罗兰-米歇尔《夏尔丹》,entity,units/archives/roland-michel-chardin-1994,resolved_entity
ref-01b2c08bb6bef69e,enr-09349,units/institutions/hazan,cells,1,0,罗兰-米歇尔《夏尔丹》,entity,units/archives/roland-michel-chardin-1994,resolved_entity
ref-3313712d442492a9,enr-09355,units/institutions/istituto-centrale-per-il-catalogo-e-la-documentazione,value,,0,国家摄影室,entity,units/institutions/gabinetto-fotografico-nazionale,resolved_entity
ref-1cc9d046be3b71f4,enr-09355,units/institutions/istituto-centrale-per-il-catalogo-e-la-documentazione,cells,1,0,国家摄影室,entity,units/institutions/gabinetto-fotografico-nazionale,resolved_entity
ref-5557d52ba5872de6,enr-09361,units/institutions/istituto-della-enciclopedia-italiana,value,,0,罗马,entity,units/places/rome,resolved_entity
ref-fcc43ed67ca14da9,enr-09361,units/institutions/istituto-della-enciclopedia-italiana,cells,1,0,罗马,entity,units/places/rome,resolved_entity
ref-e9c4f5e6e7cf69f9,enr-00899,units/institutions/istituto-della-enciclopedia-italiana,value,,0,《意大利人传记辞典》,entity,units/archives/dizionario-biografico-degli-italiani,resolved_entity
ref-d5f0e79c82c5690a,enr-00899,units/institutions/istituto-della-enciclopedia-italiana,cells,1,0,《意大利人传记辞典》,entity,units/archives/dizionario-biografico-degli-italiani,resolved_entity
ref-0b510c87bf4f03eb,enr-09365,units/institutions/istituto-per-la-collaborazione-culturale,value,,0,托尔切兰《安德烈亚·梅莫》,entity,units/archives/torcellan-andrea-memmo-1963,resolved_entity
ref-759186efa67dc94b,enr-09365,units/institutions/istituto-per-la-collaborazione-culturale,cells,1,0,托尔切兰《安德烈亚·梅莫》,entity,units/archives/torcellan-andrea-memmo-1963,resolved_entity
ref-9c787692d4f23910,enr-00924,units/institutions/jesuits,value,,0,安德烈亚·波佐（Andrea Pozzo）,entity,units/persons/andrea-pozzo,resolved_entity
ref-ad74da2028defbdb,enr-00924,units/institutions/jesuits,cells,1,0,安德烈亚·波佐（Andrea Pozzo）,entity,units/persons/andrea-pozzo,resolved_entity
ref-62586135801b4a0a,enr-09386,units/institutions/kegan-paul-trench-trubner,value,,0,《教皇史》英文版第三十三卷,entity,units/archives/pastor-popes-english-vol33,resolved_entity
ref-6375d536f3154bce,enr-09386,units/institutions/kegan-paul-trench-trubner,cells,1,0,《教皇史》英文版第三十三卷,entity,units/archives/pastor-popes-english-vol33,resolved_entity
ref-52a8d2a606ed00bf,enr-09387,units/institutions/kegan-paul-trench-trubner,value,,0,伦敦,entity,units/places/london,resolved_entity
ref-393748572dbc9ddd,enr-09387,units/institutions/kegan-paul-trench-trubner,cells,1,0,伦敦,entity,units/places/london,resolved_entity
ref-91c0a225a083cc29,enr-00936,units/institutions/kings-college-cambridge,value,,0,弗朗西斯·哈斯克尔,entity,units/persons/francis-haskell,resolved_entity
ref-0e6e8acfe51dd423,enr-00936,units/institutions/kings-college-cambridge,cells,1,0,弗朗西斯·哈斯克尔,entity,units/persons/francis-haskell,resolved_entity
ref-58f1f7bea24a7db5,enr-00946,units/institutions/kunsthistorisches-museum,value,,0,克娄巴特拉之死,entity,units/works/guido-cagnacci-death-of-cleopatra,resolved_entity
ref-9765dac85aac4891,enr-00946,units/institutions/kunsthistorisches-museum,cells,1,0,克娄巴特拉之死,entity,units/works/guido-cagnacci-death-of-cleopatra,resolved_entity
ref-219eb1ce9d2f9e63,enr-00950,units/institutions/kunstsammlungen-kassel,value,,0,画家及友人群像,entity,units/works/michelangelo-cerquozzi-the-artist-with-a-group-of-friends,resolved_entity
ref-a0552ccdf86a4901,enr-00950,units/institutions/kunstsammlungen-kassel,cells,1,0,画家及友人群像,entity,units/works/michelangelo-cerquozzi-the-artist-with-a-group-of-friends,resolved_entity
ref-c5790323d51df57d,enr-09393,units/institutions/kunstsammlungen-kassel,value,,0,卡塞尔,entity,units/places/kassel,resolved_entity
ref-c4a5699f551a3fe3,enr-09393,units/institutions/kunstsammlungen-kassel,cells,1,0,卡塞尔,entity,units/places/kassel,resolved_entity
ref-e2f86433d4fd7be6,enr-00964,units/institutions/library-of-congress,value,,0,《赞助人与画家》,entity,units/archives/patrons-and-painters,resolved_entity
ref-c23a4d3018ece99f,enr-00964,units/institutions/library-of-congress,cells,1,0,《赞助人与画家》,entity,units/archives/patrons-and-painters,resolved_entity
ref-93e500024097e132,enr-00973,units/institutions/louvre-museum,value,,0,摩西践踏法老王冠,entity,units/works/poussin-moses-trampling-on-pharaoh-s-crown,resolved_entity
ref-dce02b57d58b1e7d,enr-00973,units/institutions/louvre-museum,cells,1,0,摩西践踏法老王冠,entity,units/works/poussin-moses-trampling-on-pharaoh-s-crown,resolved_entity
ref-1f6d6ae9e3abc2af,enr-00975,units/institutions/louvre-museum,value,,0,公共幸福战胜危难,entity,units/works/orazio-gentileschi-public-felicity-triumphant-over-dangers,resolved_entity
ref-6ce14e941a72df26,enr-00975,units/institutions/louvre-museum,cells,1,0,公共幸福战胜危难,entity,units/works/orazio-gentileschi-public-felicity-triumphant-over-dangers,resolved_entity
ref-61a260dcdf79b899,enr-09405,units/institutions/marlborough-fine-art-ltd,value,,0,伦敦,entity,units/places/london,resolved_entity
ref-ff5bf47246ee284c,enr-09405,units/institutions/marlborough-fine-art-ltd,cells,1,0,伦敦,entity,units/places/london,resolved_entity
ref-b56cef6edd4bb0e5,enr-00984,units/institutions/marlborough-fine-art-ltd,value,,0,萨尔瓦多·罗萨《命运》,entity,units/works/fortune-salvator-rosa,resolved_entity
ref-f206a4afcb23376e,enr-00984,units/institutions/marlborough-fine-art-ltd,cells,1,0,萨尔瓦多·罗萨《命运》,entity,units/works/fortune-salvator-rosa,resolved_entity
ref-58ca3b74f375a5cb,enr-00988,units/institutions/mascardi-rome,value,,0,《奎里纳尔山的巴贝里尼宫》,entity,units/archives/aedes-barberinae-ad-quirinalem,resolved_entity
ref-c92b0a2b8ac52aa5,enr-00988,units/institutions/mascardi-rome,cells,1,0,《奎里纳尔山的巴贝里尼宫》,entity,units/archives/aedes-barberinae-ad-quirinalem,resolved_entity
ref-075354498d86bec0,enr-00989,units/institutions/mascardi-rome,value,,0,罗马,entity,units/places/rome,resolved_entity
ref-b55ffb5f02a221bc,enr-00989,units/institutions/mascardi-rome,cells,1,0,罗马,entity,units/places/rome,resolved_entity
ref-fa6b8b00eb23533f,enr-00995,units/institutions/metropolitan-museum-of-art,value,,0,胡安·德·帕雷哈肖像,entity,units/works/velasquez-juan-de-pareja,resolved_entity
ref-e23ac8b8c873308d,enr-00995,units/institutions/metropolitan-museum-of-art,cells,1,0,胡安·德·帕雷哈肖像,entity,units/works/velasquez-juan-de-pareja,resolved_entity
ref-dc654a0c70ebefb8,enr-00997,units/institutions/metropolitan-museum-of-art,value,,0,凝视荷马像的亚里士多德,entity,units/works/rembrandt-aristotle-contemplating-the-bust-of-homer,resolved_entity
ref-210e6fdc8fee93f2,enr-00997,units/institutions/metropolitan-museum-of-art,cells,1,0,凝视荷马像的亚里士多德,entity,units/works/rembrandt-aristotle-contemplating-the-bust-of-homer,resolved_entity
ref-a0714be43de132bd,enr-01001,units/institutions/ministry-of-works,value,,0,汉普顿宫楼梯壁画,entity,units/works/antonio-verrio-fresco-on-staircase-of-hampton-court-palace,resolved_entity
ref-08e909953174c673,enr-01001,units/institutions/ministry-of-works,cells,1,0,汉普顿宫楼梯壁画,entity,units/works/antonio-verrio-fresco-on-staircase-of-hampton-court-palace,resolved_entity
ref-d8e094bd4c5a6b49,enr-01010,units/institutions/musee-cognacq-jay,value,,0,安东尼与克娄巴特拉宴会：科涅克—杰藏本,entity,units/works/tiepolo-banquet-cognacq-jay,resolved_entity
ref-c2cf64b9faba942e,enr-01010,units/institutions/musee-cognacq-jay,cells,1,0,安东尼与克娄巴特拉宴会：科涅克—杰藏本,entity,units/works/tiepolo-banquet-cognacq-jay,resolved_entity
ref-8b3777d14271a9c3,enr-01011,units/institutions/musee-cognacq-jay,value,,0,巴黎,entity,units/places/paris,resolved_entity
ref-6cb4f6b4bf188ba4,enr-01011,units/institutions/musee-cognacq-jay,cells,1,0,巴黎,entity,units/places/paris,resolved_entity
ref-bad79fa1714ef26a,enr-09415,units/institutions/musee-cognacq-jay,value,,0,克娄巴特拉的宴会：巴黎藏本,entity,units/works/tiepolo-banquet-cognacq-jay,resolved_entity
ref-ffaee82f2ead1694,enr-09415,units/institutions/musee-cognacq-jay,cells,1,0,克娄巴特拉的宴会：巴黎藏本,entity,units/works/tiepolo-banquet-cognacq-jay,resolved_entity
ref-0c1db5b2ece66e9e,enr-09417,units/institutions/musee-cognacq-jay,value,,0,巴黎市政当局,entity,units/institutions/city-of-paris,resolved_entity
ref-7f840eb38aa62caa,enr-09417,units/institutions/musee-cognacq-jay,cells,1,0,巴黎市政当局,entity,units/institutions/city-of-paris,resolved_entity
ref-5e83b237348d8eb4,enr-09420,units/institutions/musee-cognacq-jay,value,,0,泰奥多尔—埃内斯特·科涅克,entity,units/persons/ernest-cognacq,resolved_entity
ref-69cc96c2786b5fb6,enr-09420,units/institutions/musee-cognacq-jay,cells,1,0,泰奥多尔—埃内斯特·科涅克,entity,units/persons/ernest-cognacq,resolved_entity
ref-b6f5ee96bd5abaef,enr-09422,units/institutions/musei-civici-veneziani,value,,0,威尼斯,entity,units/places/venice,resolved_entity
ref-1f38a4ab3b633cf4,enr-09422,units/institutions/musei-civici-veneziani,cells,1,0,威尼斯,entity,units/places/venice,resolved_entity
ref-f2952824e2dfaded,enr-09423,units/institutions/musei-civici-veneziani,value,,0,特里西奥·皮尼亚蒂,entity,units/persons/terisio-pignatti,resolved_entity
ref-ba9fd979e61d4061,enr-09423,units/institutions/musei-civici-veneziani,cells,1,0,特里西奥·皮尼亚蒂,entity,units/persons/terisio-pignatti,resolved_entity
ref-d9864c200e3decc1,enr-01027,units/institutions/museo-correr,value,,0,扎卡里亚·萨格雷多肖像,entity,units/works/gian-antonio-faldoni-zaccaria-sagredo,resolved_entity
ref-f277d09325681b91,enr-01027,units/institutions/museo-correr,cells,1,0,扎卡里亚·萨格雷多肖像,entity,units/works/gian-antonio-faldoni-zaccaria-sagredo,resolved_entity
ref-db56b5580ab5502e,enr-01029,units/institutions/museo-correr,value,,0,卡洛·洛多利肖像,entity,units/works/alessandro-longhi-carlo-lodoli,resolved_entity
ref-0650bb755fbd8539,enr-01029,units/institutions/museo-correr,cells,1,0,卡洛·洛多利肖像,entity,units/works/alessandro-longhi-carlo-lodoli,resolved_entity
ref-dcb56bb1f99d243a,enr-01031,units/institutions/museo-correr,value,,0,弗朗切斯科·阿尔加罗蒂肖像,entity,units/works/francesco-algarotti,resolved_entity
ref-30a0ce294c312a0a,enr-01031,units/institutions/museo-correr,cells,1,0,弗朗切斯科·阿尔加罗蒂肖像,entity,units/works/francesco-algarotti,resolved_entity
ref-e1865aa5f9bde7be,enr-01033,units/institutions/museo-correr,value,,0,老扎内蒂与杰里尼侯爵,entity,units/works/giuseppe-zocchi-a-m-zanetti-the-elder-with-marchese-gerini,resolved_entity
ref-4af8a5c457bc8aa5,enr-01033,units/institutions/museo-correr,cells,1,0,老扎内蒂与杰里尼侯爵,entity,units/works/giuseppe-zocchi-a-m-zanetti-the-elder-with-marchese-gerini,resolved_entity
ref-020ad01f7759dddd,enr-01035,units/institutions/museo-correr,value,,0,乔万尼·马里亚·萨索肖像,entity,units/works/alessandro-longhi-g-m-sasso,resolved_entity
ref-9263112e18df4cb8,enr-01035,units/institutions/museo-correr,cells,1,0,乔万尼·马里亚·萨索肖像,entity,units/works/alessandro-longhi-g-m-sasso,resolved_entity
ref-97108ad5a4f097b3,enr-01037,units/institutions/museo-correr,value,,0,阿马德奥·斯瓦耶尔肖像,entity,units/works/canova-amadeo-swajer,resolved_entity
ref-16e2b84eecad97b9,enr-01037,units/institutions/museo-correr,cells,1,0,阿马德奥·斯瓦耶尔肖像,entity,units/works/canova-amadeo-swajer,resolved_entity
ref-dcf9d5ef9200ec1e,enr-01039,units/institutions/museo-correr,value,,0,泰奥多罗·科雷尔肖像,entity,units/works/bernardino-castelli-teodoro-correr,resolved_entity
ref-32334aae59d67c68,enr-01039,units/institutions/museo-correr,cells,1,0,泰奥多罗·科雷尔肖像,entity,units/works/bernardino-castelli-teodoro-correr,resolved_entity
ref-17ed7d9804ea1085,enr-09426,units/institutions/museo-correr,value,,0,乔万尼·马里亚·萨索肖像,entity,units/works/alessandro-longhi-g-m-sasso,resolved_entity
ref-bc5ed4dddac52653,enr-09426,units/institutions/museo-correr,cells,1,0,乔万尼·马里亚·萨索肖像,entity,units/works/alessandro-longhi-g-m-sasso,resolved_entity
ref-2d62477fb4815bc2,enr-09428,units/institutions/museo-correr,value,,0,威尼斯,entity,units/places/venice,resolved_entity
ref-c5280646ad9e769c,enr-09428,units/institutions/museo-correr,cells,1,0,威尼斯,entity,units/places/venice,resolved_entity
ref-62275f61737d49c4,enr-09430,units/institutions/museo-correr,value,,0,泰奥多罗·科雷尔,entity,units/persons/teodoro-correr,resolved_entity
ref-be84b2023f0788ad,enr-09430,units/institutions/museo-correr,cells,1,0,泰奥多罗·科雷尔,entity,units/persons/teodoro-correr,resolved_entity
ref-6e5a45d2c8d3b34d,enr-09431,units/institutions/museo-correr,value,,0,科雷尔图书馆,entity,units/institutions/correr-library,resolved_entity
ref-e0b96ea7464aeffd,enr-09431,units/institutions/museo-correr,cells,1,0,科雷尔图书馆,entity,units/institutions/correr-library,resolved_entity
ref-6309032cf90fddac,enr-01054,units/institutions/museo-di-capodimonte,value,,0,醉西勒诺斯,entity,units/works/ribera-the-drunken-silenus,resolved_entity
ref-88766aed9904288c,enr-01054,units/institutions/museo-di-capodimonte,cells,1,0,醉西勒诺斯,entity,units/works/ribera-the-drunken-silenus,resolved_entity
ref-b4c9eba26f7d1b05,enr-09434,units/institutions/museo-di-capodimonte,value,,0,那不勒斯,entity,units/places/naples,resolved_entity
ref-1594906414ec7bc3,enr-09434,units/institutions/museo-di-capodimonte,cells,1,0,那不勒斯,entity,units/places/naples,resolved_entity
ref-6abf13193e6a12d2,enr-09436,units/institutions/museo-di-capodimonte,value,,0,醉西勒诺斯,entity,units/works/ribera-the-drunken-silenus,resolved_entity
ref-0772dbba45a78dc9,enr-09436,units/institutions/museo-di-capodimonte,cells,1,0,醉西勒诺斯,entity,units/works/ribera-the-drunken-silenus,resolved_entity
ref-51294306fbd4594d,enr-01062,units/institutions/museum-boymansvan-beuningen,value,,0,卡西亚诺·达尔·波佐漫画,entity,units/works/bernini-caricature-of-cassiano-dal-pozzo,resolved_entity
ref-398b99f5572aa54d,enr-01062,units/institutions/museum-boymansvan-beuningen,cells,1,0,卡西亚诺·达尔·波佐漫画,entity,units/works/bernini-caricature-of-cassiano-dal-pozzo,resolved_entity
ref-64a28dc7b2978a99,enr-09438,units/institutions/museum-boymansvan-beuningen,value,,0,卡西亚诺·达尔·波佐漫画,entity,units/works/bernini-caricature-of-cassiano-dal-pozzo,resolved_entity
ref-054b3659ab095e2e,enr-09438,units/institutions/museum-boymansvan-beuningen,cells,1,0,卡西亚诺·达尔·波佐漫画,entity,units/works/bernini-caricature-of-cassiano-dal-pozzo,resolved_entity
ref-8a2fd53f07bd8531,enr-09440,units/institutions/museum-boymansvan-beuningen,value,,0,博伊曼斯—范伯宁恩博物馆基金会,entity,units/institutions/stichting-museum-boijmans-van-beuningen,resolved_entity
ref-26136f6f943ae9ff,enr-09440,units/institutions/museum-boymansvan-beuningen,cells,1,0,博伊曼斯—范伯宁恩博物馆基金会,entity,units/institutions/stichting-museum-boijmans-van-beuningen,resolved_entity
ref-971ac918a26f5d38,enr-09445,units/institutions/museum-of-fine-arts-houston,value,,0,狄多与埃涅阿斯的皇家狩猎,entity,units/works/solimena-dido-and-aeneas,resolved_entity
ref-f2e5917b6e4fc187,enr-09445,units/institutions/museum-of-fine-arts-houston,cells,1,0,狄多与埃涅阿斯的皇家狩猎,entity,units/works/solimena-dido-and-aeneas,resolved_entity
ref-32655e6e01744893,enr-09450,units/institutions/museum-of-fine-arts-houston,value,,0,休斯敦,entity,units/places/houston,resolved_entity
ref-b269a344199bb9ea,enr-09450,units/institutions/museum-of-fine-arts-houston,cells,1,0,休斯敦,entity,units/places/houston,resolved_entity
ref-101ddcec581fdb17,enr-09453,units/institutions/museum-schloss-wilhelmshoehe,value,,0,卡塞尔,entity,units/places/kassel,resolved_entity
ref-d2f364fb627ef446,enr-09453,units/institutions/museum-schloss-wilhelmshoehe,cells,1,0,卡塞尔,entity,units/places/kassel,resolved_entity
ref-43e4ce07501ac3e9,enr-09454,units/institutions/museum-schloss-wilhelmshoehe,value,,0,画家及友人群像,entity,units/works/michelangelo-cerquozzi-the-artist-with-a-group-of-friends,resolved_entity
ref-04dd1c0151d9a2df,enr-09454,units/institutions/museum-schloss-wilhelmshoehe,cells,1,0,画家及友人群像,entity,units/works/michelangelo-cerquozzi-the-artist-with-a-group-of-friends,resolved_entity
ref-90158556df1ad989,enr-09456,units/institutions/museum-schloss-wilhelmshoehe,value,,0,威廉高地宫,entity,units/places/schloss-wilhelmshoehe,resolved_entity
ref-dd57320bc682df6c,enr-09456,units/institutions/museum-schloss-wilhelmshoehe,cells,1,0,威廉高地宫,entity,units/places/schloss-wilhelmshoehe,resolved_entity
ref-c4f790851fb18e18,enr-09462,units/institutions/national-art-collections-fund,value,,0,芬奇肖像PD.12-1972,entity,units/works/carlo-dolci-sir-john-finch,resolved_entity
ref-a11741fe9dcd0824,enr-09462,units/institutions/national-art-collections-fund,cells,1,0,芬奇肖像PD.12-1972,entity,units/works/carlo-dolci-sir-john-finch,resolved_entity
ref-f9b1bf1b76a0a9e0,enr-09463,units/institutions/national-art-collections-fund,value,,0,贝恩斯肖像PD.13-1972,entity,units/works/carlo-dolci-sir-thomas-baines,resolved_entity
ref-235d8bbf372004ea,enr-09463,units/institutions/national-art-collections-fund,cells,1,0,贝恩斯肖像PD.13-1972,entity,units/works/carlo-dolci-sir-thomas-baines,resolved_entity
ref-47c088ad8a33de63,enr-09464,units/institutions/national-art-collections-fund,value,,0,菲茨威廉博物馆,entity,units/institutions/fitzwilliam-museum,resolved_entity
ref-52a9992c8986452c,enr-09464,units/institutions/national-art-collections-fund,cells,1,0,菲茨威廉博物馆,entity,units/institutions/fitzwilliam-museum,resolved_entity
ref-de9f7674e967375f,enr-01107,units/institutions/national-gallery-of-scotland,value,,0,希律王宴会,entity,units/works/rubens-the-feast-of-herod,resolved_entity
ref-eb63158994503abf,enr-01107,units/institutions/national-gallery-of-scotland,cells,1,0,希律王宴会,entity,units/works/rubens-the-feast-of-herod,resolved_entity
ref-bf40341ca0aac738,enr-09469,units/institutions/national-gallery-of-scotland,value,,0,爱丁堡,entity,units/places/edinburgh,resolved_entity
ref-91be0c8bae45a658,enr-09469,units/institutions/national-gallery-of-scotland,cells,1,0,爱丁堡,entity,units/places/edinburgh,resolved_entity
ref-8610699131e57fb7,enr-09471,units/institutions/national-gallery-of-scotland,value,,0,希律王宴会,entity,units/works/rubens-the-feast-of-herod,resolved_entity
ref-b2abfb64f9108b50,enr-09471,units/institutions/national-gallery-of-scotland,cells,1,0,希律王宴会,entity,units/works/rubens-the-feast-of-herod,resolved_entity
ref-efde2272922b7f2d,enr-01116,units/institutions/national-gallery-of-victoria,value,,0,安东尼与克娄巴特拉宴会：维多利亚国家美术馆藏本,entity,units/works/tiepolo-banquet-victoria,resolved_entity
ref-8831f41271906e6d,enr-01116,units/institutions/national-gallery-of-victoria,cells,1,0,安东尼与克娄巴特拉宴会：维多利亚国家美术馆藏本,entity,units/works/tiepolo-banquet-victoria,resolved_entity
ref-41c68abe83480daf,enr-01117,units/institutions/national-gallery-of-victoria,value,,0,墨尔本,entity,units/places/melbourne,resolved_entity
ref-c779821b5803bb97,enr-01117,units/institutions/national-gallery-of-victoria,cells,1,0,墨尔本,entity,units/places/melbourne,resolved_entity
ref-e31605d97a0b7d18,enr-09474,units/institutions/national-gallery-of-victoria,value,,0,克娄巴特拉的宴会：墨尔本藏本,entity,units/works/tiepolo-banquet-victoria,resolved_entity
ref-1702722c6b95fbc4,enr-09474,units/institutions/national-gallery-of-victoria,cells,1,0,克娄巴特拉的宴会：墨尔本藏本,entity,units/works/tiepolo-banquet-victoria,resolved_entity
ref-8eaa02f9c100904f,enr-01124,units/institutions/national-museum-stockholm,value,,0,莫拉为亚历山大七世作像,entity,units/works/agostino-masucci-mola-painting-the-portrait-of-pope-alexander-vii,resolved_entity
ref-5a2087a578b5cce5,enr-01124,units/institutions/national-museum-stockholm,cells,1,0,莫拉为亚历山大七世作像,entity,units/works/agostino-masucci-mola-painting-the-portrait-of-pope-alexander-vii,resolved_entity
ref-bb5d231ecbb0ccc3,enr-01128,units/institutions/national-museum-stockholm,value,,0,斯德哥尔摩,entity,units/places/stockholm,resolved_entity
ref-5474a93e1f28f23b,enr-01128,units/institutions/national-museum-stockholm,cells,1,0,斯德哥尔摩,entity,units/places/stockholm,resolved_entity
ref-b83d0c723be59184,enr-09480,units/institutions/national-museum-stockholm,value,,0,莫拉为亚历山大七世作像,entity,units/works/agostino-masucci-mola-painting-the-portrait-of-pope-alexander-vii,resolved_entity
ref-88fa42bc64eef0af,enr-09480,units/institutions/national-museum-stockholm,cells,1,0,莫拉为亚历山大七世作像,entity,units/works/agostino-masucci-mola-painting-the-portrait-of-pope-alexander-vii,resolved_entity
ref-f0db282b21a5af3e,enr-01134,units/institutions/national-portrait-gallery,value,,0,欧文·麦克斯温尼肖像,entity,units/works/p-van-bleek-owen-mcswiny,resolved_entity
ref-5bdd2955175522ce,enr-01134,units/institutions/national-portrait-gallery,cells,1,0,欧文·麦克斯温尼肖像,entity,units/works/p-van-bleek-owen-mcswiny,resolved_entity
ref-262bef929a65871b,enr-01136,units/institutions/national-portrait-gallery,value,,0,欧文·麦克斯温尼肖像,entity,units/works/p-van-bleek-owen-mcswiny,resolved_entity
ref-1454cfb502fcee03,enr-01136,units/institutions/national-portrait-gallery,cells,1,0,欧文·麦克斯温尼肖像,entity,units/works/p-van-bleek-owen-mcswiny,resolved_entity
ref-a38a7fa0fe99e3d3,enr-09482,units/institutions/national-portrait-gallery,value,,0,伦敦（London）,entity,units/places/london,resolved_entity
ref-d4acd72a012d5ba4,enr-09482,units/institutions/national-portrait-gallery,cells,1,0,伦敦（London）,entity,units/places/london,resolved_entity
ref-24a78fd37261a217,enr-09485,units/institutions/national-trust,value,,0,金斯顿莱西庄园,entity,units/places/kingston-lacy,resolved_entity
ref-167f26b012538c5d,enr-09485,units/institutions/national-trust,cells,1,0,金斯顿莱西庄园,entity,units/places/kingston-lacy,resolved_entity
ref-ebf8666eba0fa326,enr-09486,units/institutions/national-trust,value,,0,亨利·约翰·拉尔夫·班克斯,entity,units/persons/ralph-bankes,resolved_entity
ref-2a5bd9306fd40eca,enr-09486,units/institutions/national-trust,cells,1,0,亨利·约翰·拉尔夫·班克斯,entity,units/persons/ralph-bankes,resolved_entity
ref-d185ca9b85fcb23c,enr-09487,units/institutions/national-trust,value,,0,杰罗姆·班克斯肖像,entity,units/works/massimo-stanzione-jerome-bankes,resolved_entity
ref-d75384024c764b73,enr-09487,units/institutions/national-trust,cells,1,0,杰罗姆·班克斯肖像,entity,units/works/massimo-stanzione-jerome-bankes,resolved_entity
ref-4cf8116fa2193b5e,enr-09488,units/institutions/national-trust,value,,0,卡米洛·马西米肖像,entity,units/works/velasquez-camillo-massimi,resolved_entity
ref-1544df746377481c,enr-09488,units/institutions/national-trust,cells,1,0,卡米洛·马西米肖像,entity,units/works/velasquez-camillo-massimi,resolved_entity
ref-2abcdbafc5d9a18b,enr-01148,units/institutions/north-carolina-museum-of-art,value,,0,威尼斯的胜利,entity,units/works/pompeo-batoni-the-triumph-of-venice,resolved_entity
ref-8fc83b33bc229bd3,enr-01148,units/institutions/north-carolina-museum-of-art,cells,1,0,威尼斯的胜利,entity,units/works/pompeo-batoni-the-triumph-of-venice,resolved_entity
ref-82960eda64bf243c,enr-09489,units/institutions/north-carolina-museum-of-art,value,,0,《威尼斯的胜利》,entity,units/works/pompeo-batoni-the-triumph-of-venice,resolved_entity
ref-6e5eda90769a637d,enr-09489,units/institutions/north-carolina-museum-of-art,cells,1,0,《威尼斯的胜利》,entity,units/works/pompeo-batoni-the-triumph-of-venice,resolved_entity
ref-8ea3734f4c4b8fbd,enr-09490,units/institutions/north-carolina-museum-of-art,value,,0,塞缪尔·H. 克雷斯基金会,entity,units/institutions/samuel-h-kress-foundation,resolved_entity
ref-454c383adc26b514,enr-09490,units/institutions/north-carolina-museum-of-art,cells,1,0,塞缪尔·H. 克雷斯基金会,entity,units/institutions/samuel-h-kress-foundation,resolved_entity
ref-d8771eaa1251a486,enr-09514,units/institutions/osvaldo-bohm-photographic-publisher,value,,0,威尼斯（Venice）,entity,units/places/venice,resolved_entity
ref-29ba6489252c6ef1,enr-09514,units/institutions/osvaldo-bohm-photographic-publisher,cells,1,0,威尼斯（Venice）,entity,units/places/venice,resolved_entity
ref-0bc6d31887b924ac,enr-01179,units/institutions/osvaldo-bohm-photographic-publisher,value,,0,乔瓦尼·佩萨罗总督纪念碑,entity,units/works/monument-to-doge-giovanni-pesaro,resolved_entity
ref-8bf411184e58638b,enr-01179,units/institutions/osvaldo-bohm-photographic-publisher,cells,1,0,乔瓦尼·佩萨罗总督纪念碑,entity,units/works/monument-to-doge-giovanni-pesaro,resolved_entity
ref-17d4750055d0fd7a,enr-01180,units/institutions/osvaldo-bohm-photographic-publisher,value,,0,皮萨尼家族的荣耀,entity,units/works/tiepolo-glorification-of-the-pisani-family,resolved_entity
ref-501315bafb594e55,enr-01180,units/institutions/osvaldo-bohm-photographic-publisher,cells,1,0,皮萨尼家族的荣耀,entity,units/works/tiepolo-glorification-of-the-pisani-family,resolved_entity
ref-b4540e52133a8875,enr-09516,units/institutions/phaidon,value,,0,维也纳,entity,units/places/vienna,resolved_entity
ref-c5a33e1071aed2c0,enr-09516,units/institutions/phaidon,cells,1,0,维也纳,entity,units/places/vienna,resolved_entity
ref-fb84bcd9d8c1c6fb,enr-09517,units/institutions/phaidon,value,,0,《安德烈亚·萨基》,entity,units/archives/harris-andrea-sacchi-1977,resolved_entity
ref-067480976281093a,enr-09517,units/institutions/phaidon,cells,1,0,《安德烈亚·萨基》,entity,units/archives/harris-andrea-sacchi-1977,resolved_entity
ref-663e286b7550b462,enr-01193,units/institutions/pinacoteca-capitolina,value,,0,劫夺萨宾妇女,entity,units/works/pietro-da-cortona-rape-of-the-sabines,resolved_entity
ref-783c920c71b38688,enr-01193,units/institutions/pinacoteca-capitolina,cells,1,0,劫夺萨宾妇女,entity,units/works/pietro-da-cortona-rape-of-the-sabines,resolved_entity
ref-b804b541ef8e12ea,enr-01195,units/institutions/pinacoteca-capitolina,value,,0,以扫与雅各相会,entity,units/works/gio-maria-bottalla-meeting-of-esau-and-jacob,resolved_entity
ref-deea6fa75f746eee,enr-01195,units/institutions/pinacoteca-capitolina,cells,1,0,以扫与雅各相会,entity,units/works/gio-maria-bottalla-meeting-of-esau-and-jacob,resolved_entity
ref-a23c1445ade72f71,enr-01197,units/institutions/pinacoteca-capitolina,value,,0,约瑟被兄弟出卖,entity,units/works/pietro-testa-joseph-sold-by-his-brothers,resolved_entity
ref-dc02069e74218782,enr-01197,units/institutions/pinacoteca-capitolina,cells,1,0,约瑟被兄弟出卖,entity,units/works/pietro-testa-joseph-sold-by-his-brothers,resolved_entity
ref-249aebc7ae5ee96e,enr-09519,units/institutions/pinacoteca-capitolina,value,,0,卡比托利欧博物馆,entity,units/institutions/capitoline-museums,resolved_entity
ref-11978986193a5ee4,enr-09519,units/institutions/pinacoteca-capitolina,cells,1,0,卡比托利欧博物馆,entity,units/institutions/capitoline-museums,resolved_entity
ref-ceb4595715389872,enr-09520,units/institutions/pinacoteca-capitolina,value,,0,保守宫,entity,units/places/palazzo-dei-conservatori,resolved_entity
ref-1183a8edeff6bae1,enr-09520,units/institutions/pinacoteca-capitolina,cells,1,0,保守宫,entity,units/places/palazzo-dei-conservatori,resolved_entity
ref-22b5fc79d206228f,enr-09531,units/institutions/princeton-university-art-museum,value,,0,雷古鲁斯之死准备稿,entity,units/works/rosa-regulus-study-princeton,resolved_entity
ref-422b399af874db8c,enr-09531,units/institutions/princeton-university-art-museum,cells,1,0,雷古鲁斯之死准备稿,entity,units/works/rosa-regulus-study-princeton,resolved_entity
ref-8f75a391b40b0176,enr-09533,units/institutions/princeton-university-art-museum,value,,0,丹·费洛斯·普拉特,entity,units/persons/dan-fellows-platt,resolved_entity
ref-f0b86d589f0c56fc,enr-09533,units/institutions/princeton-university-art-museum,cells,1,0,丹·费洛斯·普拉特,entity,units/persons/dan-fellows-platt,resolved_entity
ref-3e6be7eb6d5688b8,enr-09536,units/institutions/princeton-university-art-museum,value,,0,普林斯顿大学,entity,units/institutions/princeton-university,resolved_entity
ref-db62d60779f3c48c,enr-09536,units/institutions/princeton-university-art-museum,cells,1,0,普林斯顿大学,entity,units/institutions/princeton-university,resolved_entity
ref-9f62db2df3e14551,enr-09537,units/institutions/princeton-university-art-museum,value,,0,普林斯顿（新泽西州）,entity,units/places/princeton-new-jersey,resolved_entity
ref-582101b69f3c91a2,enr-09537,units/institutions/princeton-university-art-museum,cells,1,0,普林斯顿（新泽西州）,entity,units/places/princeton-new-jersey,resolved_entity
ref-be165b600ff58db1,enr-09540,units/institutions/princeton-university,value,,0,普林斯顿,entity,units/places/princeton-new-jersey,resolved_entity
ref-accb669b303e13a5,enr-09540,units/institutions/princeton-university,cells,1,0,普林斯顿,entity,units/places/princeton-new-jersey,resolved_entity
ref-5d68e1a7c689fbb8,enr-09541,units/institutions/princeton-university,value,,0,普林斯顿大学艺术博物馆,entity,units/institutions/princeton-university-art-museum,resolved_entity
ref-5e8a9b1fbdc7b01d,enr-09541,units/institutions/princeton-university,cells,1,0,普林斯顿大学艺术博物馆,entity,units/institutions/princeton-university-art-museum,resolved_entity
ref-cf5f1660a60d553f,enr-01233,units/institutions/royal-academy,value,,0,安东尼奥·巴贝里尼枢机,entity,units/works/carlo-maratta-cardinal-antonio-barberini,resolved_entity
ref-85620e5f17523f06,enr-01233,units/institutions/royal-academy,cells,1,0,安东尼奥·巴贝里尼枢机,entity,units/works/carlo-maratta-cardinal-antonio-barberini,resolved_entity
ref-68510670fa7d4f40,enr-01234,units/institutions/royal-academy,value,,0,杰罗姆·班克斯肖像,entity,units/works/massimo-stanzione-jerome-bankes,resolved_entity
ref-d4ed07767df65159,enr-01234,units/institutions/royal-academy,cells,1,0,杰罗姆·班克斯肖像,entity,units/works/massimo-stanzione-jerome-bankes,resolved_entity
ref-847025e745082899,enr-01235,units/institutions/royal-academy,value,,0,托马斯·贝恩斯,entity,units/works/carlo-dolci-sir-thomas-baines,resolved_entity
ref-30bd81d387386957,enr-01235,units/institutions/royal-academy,cells,1,0,托马斯·贝恩斯,entity,units/works/carlo-dolci-sir-thomas-baines,resolved_entity
ref-7360b90e1974cc20,enr-01236,units/institutions/royal-academy,value,,0,查尔斯·福克斯肖像,entity,units/works/carlo-maratta-charles-fox,resolved_entity
ref-e4c068d57d587978,enr-01236,units/institutions/royal-academy,cells,1,0,查尔斯·福克斯肖像,entity,units/works/carlo-maratta-charles-fox,resolved_entity
ref-4e5e734d8e28d3c4,enr-01237,units/institutions/royal-academy,value,,0,托马斯·伊舍姆,entity,units/works/carlo-maratta-sir-thomas-isham,resolved_entity
ref-457aaa6bbaf2aeb3,enr-01237,units/institutions/royal-academy,cells,1,0,托马斯·伊舍姆,entity,units/works/carlo-maratta-sir-thomas-isham,resolved_entity
ref-8aa7b88f132c4336,enr-01238,units/institutions/royal-academy,value,,0,歌剧排练,entity,units/works/marco-ricci-an-operatic-rehearsal,resolved_entity
ref-daff8d46a78b1678,enr-01238,units/institutions/royal-academy,cells,1,0,歌剧排练,entity,units/works/marco-ricci-an-operatic-rehearsal,resolved_entity
ref-e115cbf15f21e272,enr-01239,units/institutions/royal-academy,value,,0,朱庇特与伊娥,entity,units/works/amigoni-jupiter-and-io,resolved_entity
ref-c6231859db928737,enr-01239,units/institutions/royal-academy,cells,1,0,朱庇特与伊娥,entity,units/works/amigoni-jupiter-and-io,resolved_entity
ref-c15df43df8d42ccf,enr-01240,units/institutions/royal-academy,value,,0,巴德明顿景观,entity,units/works/canaletto-view-from-badminton-1748,resolved_entity
ref-fa1be0edcd22841f,enr-01240,units/institutions/royal-academy,cells,1,0,巴德明顿景观,entity,units/works/canaletto-view-from-badminton-1748,resolved_entity
ref-b6c9ce5517ab7633,enr-01241,units/institutions/royal-academy,value,,0,田园,entity,units/works/piazzetta-idyll,resolved_entity
ref-c5d1cd86a0f930e4,enr-01241,units/institutions/royal-academy,cells,1,0,田园,entity,units/works/piazzetta-idyll,resolved_entity
ref-3341f647603a1ce7,enr-01242,units/institutions/royal-academy,value,,0,安东尼与克娄巴特拉宴会：维多利亚国家美术馆藏本,entity,units/works/tiepolo-banquet-victoria,resolved_entity
ref-d573baf605a88dc6,enr-01242,units/institutions/royal-academy,cells,1,0,安东尼与克娄巴特拉宴会：维多利亚国家美术馆藏本,entity,units/works/tiepolo-banquet-victoria,resolved_entity
ref-ebb30e1a5fca5421,enr-09545,units/institutions/royal-academy,value,,0,伦敦,entity,units/places/london,resolved_entity
ref-e451167a41ea23c8,enr-09545,units/institutions/royal-academy,cells,1,0,伦敦,entity,units/places/london,resolved_entity
ref-75df47a24e8426bc,enr-09553,units/institutions/samuel-h-kress-foundation,value,,0,《威尼斯的胜利》,entity,units/works/pompeo-batoni-the-triumph-of-venice,resolved_entity
ref-a2434b8676e50b50,enr-09553,units/institutions/samuel-h-kress-foundation,cells,1,0,《威尼斯的胜利》,entity,units/works/pompeo-batoni-the-triumph-of-venice,resolved_entity
ref-f2c72e1d53e6cd8a,enr-09554,units/institutions/samuel-h-kress-foundation,value,,0,《威尼斯的胜利》,entity,units/works/pompeo-batoni-the-triumph-of-venice,resolved_entity
ref-85364a7da171f829,enr-09554,units/institutions/samuel-h-kress-foundation,cells,1,0,《威尼斯的胜利》,entity,units/works/pompeo-batoni-the-triumph-of-venice,resolved_entity
ref-e1e8c38f70a96304,enr-09555,units/institutions/samuel-h-kress-foundation,value,,0,北卡罗来纳艺术博物馆,entity,units/institutions/north-carolina-museum-of-art,resolved_entity
ref-10762489e952a9ed,enr-09555,units/institutions/samuel-h-kress-foundation,cells,1,0,北卡罗来纳艺术博物馆,entity,units/institutions/north-carolina-museum-of-art,resolved_entity
ref-0aef7e365defdbbf,enr-01270,units/institutions/service-de-documentation-photographique-des-musees-nationaux,value,,0,路易十四肖像,entity,units/works/bernini-louis-xiv,resolved_entity
ref-1a27b677d9f22338,enr-01270,units/institutions/service-de-documentation-photographique-des-musees-nationaux,cells,1,0,路易十四肖像,entity,units/works/bernini-louis-xiv,resolved_entity
ref-845faf539f25751f,enr-01272,units/institutions/service-de-documentation-photographique-des-musees-nationaux,value,,0,巴黎,entity,units/places/paris,resolved_entity
ref-f918bf89eb53fe2f,enr-01272,units/institutions/service-de-documentation-photographique-des-musees-nationaux,cells,1,0,巴黎,entity,units/places/paris,resolved_entity
ref-5bf19e12548f221d,enr-09566,units/institutions/sir-john-soanes-museum,value,,0,伦敦,entity,units/places/london,resolved_entity
ref-cdab26f7c843a481,enr-09566,units/institutions/sir-john-soanes-museum,cells,1,0,伦敦,entity,units/places/london,resolved_entity
ref-21e2bef97365b9c3,enr-09568,units/institutions/sir-john-soanes-museum,value,,0,布鲁斯·安布勒·鲍彻,entity,units/persons/bruce-boucher,resolved_entity
ref-937d7560b96152ec,enr-09568,units/institutions/sir-john-soanes-museum,cells,1,0,布鲁斯·安布勒·鲍彻,entity,units/persons/bruce-boucher,resolved_entity
ref-8f18f4f5a81ca9d1,enr-01282,units/institutions/soprintendenza-alle-gallerie-florence,value,,0,劫夺欧罗巴,entity,units/works/sebastiano-ricci-rape-of-europa,resolved_entity
ref-0c0e26f8ccfe537b,enr-01282,units/institutions/soprintendenza-alle-gallerie-florence,cells,1,0,劫夺欧罗巴,entity,units/works/sebastiano-ricci-rape-of-europa,resolved_entity
ref-13a146019922a8d6,enr-01283,units/institutions/soprintendenza-alle-gallerie-florence,value,,0,潘与绪任克斯,entity,units/works/sebastiano-ricci-pan-and-syrinx,resolved_entity
ref-74023a1b68f2c9d3,enr-01283,units/institutions/soprintendenza-alle-gallerie-florence,cells,1,0,潘与绪任克斯,entity,units/works/sebastiano-ricci-pan-and-syrinx,resolved_entity
ref-1433020783c665fd,enr-01284,units/institutions/soprintendenza-alle-gallerie-florence,value,,0,维纳斯与阿多尼斯,entity,units/works/sebastiano-ricci-venus-and-adonis,resolved_entity
ref-0ec708ed81edec9c,enr-01284,units/institutions/soprintendenza-alle-gallerie-florence,cells,1,0,维纳斯与阿多尼斯,entity,units/works/sebastiano-ricci-venus-and-adonis,resolved_entity
ref-aca3522d90b9a205,enr-01285,units/institutions/soprintendenza-alle-gallerie-florence,value,,0,乐师群像,entity,units/works/a-d-gabbiani-a-group-of-musicians,resolved_entity
ref-a02dbfd56b42849f,enr-01285,units/institutions/soprintendenza-alle-gallerie-florence,cells,1,0,乐师群像,entity,units/works/a-d-gabbiani-a-group-of-musicians,resolved_entity
ref-ad1dadd1bb751631,enr-09570,units/institutions/soprintendenza-alle-gallerie-florence,value,,0,佛罗伦萨,entity,units/places/florence,resolved_entity
ref-0fab489893bd0fab,enr-09570,units/institutions/soprintendenza-alle-gallerie-florence,cells,1,0,佛罗伦萨,entity,units/places/florence,resolved_entity
ref-b5c92773f2ea6c45,enr-01292,units/institutions/staatsgalerie-stuttgart,value,,0,库柏勒将朱庇特交给科律班忒斯哺育,entity,units/works/g-m-crespi-jupiter-handed-over-by-cybele-to-the-corybantes-to-be-fed,resolved_entity
ref-3ebf60601dd6054f,enr-01292,units/institutions/staatsgalerie-stuttgart,cells,1,0,库柏勒将朱庇特交给科律班忒斯哺育,entity,units/works/g-m-crespi-jupiter-handed-over-by-cybele-to-the-corybantes-to-be-fed,resolved_entity
ref-a7c97811650f2979,enr-09575,units/institutions/staatsgalerie-stuttgart,value,,0,斯图加特,entity,units/places/stuttgart,resolved_entity
ref-9354d87435b29e33,enr-09575,units/institutions/staatsgalerie-stuttgart,cells,1,0,斯图加特,entity,units/places/stuttgart,resolved_entity
ref-68733363c08cdfd1,enr-01303,units/institutions/stearn-and-son,value,,0,文琴佐·朱斯蒂尼亚尼肖像,entity,units/works/claude-mellan-vincenzo-giustiniani,resolved_entity
ref-edb6fe428ea2bdc4,enr-01303,units/institutions/stearn-and-son,cells,1,0,文琴佐·朱斯蒂尼亚尼肖像,entity,units/works/claude-mellan-vincenzo-giustiniani,resolved_entity
ref-576ff2446f9f9c84,enr-01304,units/institutions/stearn-and-son,value,,0,画廊中的马扎然,entity,units/works/nanteuil-cardinal-mazarin-in-his-gallery,resolved_entity
ref-2b45181fa0865a88,enr-01304,units/institutions/stearn-and-son,cells,1,0,画廊中的马扎然,entity,units/works/nanteuil-cardinal-mazarin-in-his-gallery,resolved_entity
ref-5d47b0841c578e53,enr-01305,units/institutions/stearn-and-son,value,,0,歌剧《拉丁君权凯旋》的极乐世界,entity,units/works/burnacini-the-elysian-fields,resolved_entity
ref-238ac5b0f0aa8307,enr-01305,units/institutions/stearn-and-son,cells,1,0,歌剧《拉丁君权凯旋》的极乐世界,entity,units/works/burnacini-the-elysian-fields,resolved_entity
ref-ffbab532f8e9cbc0,enr-01306,units/institutions/stearn-and-son,value,,0,圣洛克堂画展,entity,units/works/marieschi-picture-exhibition-at-church-of-s-rocco,resolved_entity
ref-d3758ced7f6898dd,enr-01306,units/institutions/stearn-and-son,cells,1,0,圣洛克堂画展,entity,units/works/marieschi-picture-exhibition-at-church-of-s-rocco,resolved_entity
ref-9395f37726d2e0e2,enr-01307,units/institutions/stearn-and-son,value,,0,Prà广场整治原始方案,entity,units/works/domenico-cerato-original-proposals-for-reclaiming-pra-della-valle,resolved_entity
ref-85f335c9b240d95a,enr-01307,units/institutions/stearn-and-son,cells,1,0,Prà广场整治原始方案,entity,units/works/domenico-cerato-original-proposals-for-reclaiming-pra-della-valle,resolved_entity
ref-e22addeb42a95aed,enr-09581,units/institutions/stearn-and-son,value,,0,剑桥,entity,units/places/cambridge,resolved_entity
ref-9e3873ca814c304f,enr-09581,units/institutions/stearn-and-son,cells,1,0,剑桥,entity,units/places/cambridge,resolved_entity
ref-897b7f50c172cb21,enr-09584,units/institutions/stichting-museum-boijmans-van-beuningen,value,,0,卡西亚诺·达尔·波佐漫画,entity,units/works/bernini-caricature-of-cassiano-dal-pozzo,resolved_entity
ref-91a1e0812954456b,enr-09584,units/institutions/stichting-museum-boijmans-van-beuningen,cells,1,0,卡西亚诺·达尔·波佐漫画,entity,units/works/bernini-caricature-of-cassiano-dal-pozzo,resolved_entity
ref-1ba0b8c13d2c6512,enr-09585,units/institutions/stichting-museum-boijmans-van-beuningen,value,,0,博伊曼斯—范伯宁恩博物馆,entity,units/institutions/museum-boymansvan-beuningen,resolved_entity
ref-3f117ac06460467a,enr-09585,units/institutions/stichting-museum-boijmans-van-beuningen,cells,1,0,博伊曼斯—范伯宁恩博物馆,entity,units/institutions/museum-boymansvan-beuningen,resolved_entity
ref-2c5dedec43080e69,enr-09589,units/institutions/streitsche-stiftung,value,,0,柏林,entity,units/places/berlin,resolved_entity
ref-88f77a9428f60287,enr-09589,units/institutions/streitsche-stiftung,cells,1,0,柏林,entity,units/places/berlin,resolved_entity
ref-b82e5a1ad13dcfab,enr-09590,units/institutions/streitsche-stiftung,value,,0,施特赖特肖像,entity,units/works/amigoni-sigismund-streit,resolved_entity
ref-5561bb94dfd73569,enr-09590,units/institutions/streitsche-stiftung,cells,1,0,施特赖特肖像,entity,units/works/amigoni-sigismund-streit,resolved_entity
ref-9aa02a759fbaed6c,enr-09592,units/institutions/streitsche-stiftung,value,,0,柏林绘画馆,entity,units/institutions/gemaeldegalerie-berlin,resolved_entity
ref-ab74e99a5b500f35,enr-09592,units/institutions/streitsche-stiftung,cells,1,0,柏林绘画馆,entity,units/institutions/gemaeldegalerie-berlin,resolved_entity
ref-2f2041ae7f43a2e2,enr-09596,units/institutions/studio-fotografico-balelli,value,,0,马切拉塔（Macerata）,entity,units/places/macerata,resolved_entity
ref-9344b16b8966c728,enr-09596,units/institutions/studio-fotografico-balelli,cells,1,0,马切拉塔（Macerata）,entity,units/places/macerata,resolved_entity
ref-45a6db22f640453f,enr-01330,units/institutions/studio-fotografico-balelli,value,,0,布奥纳科尔西宫画廊,entity,units/places/gallery-palazzo-buonaccorsi,resolved_entity
ref-1b727941129280e8,enr-01330,units/institutions/studio-fotografico-balelli,cells,1,0,布奥纳科尔西宫画廊,entity,units/places/gallery-palazzo-buonaccorsi,resolved_entity
ref-b741745e860ad78c,enr-09598,units/institutions/t-and-a-constable,value,,0,爱丁堡,entity,units/places/edinburgh,resolved_entity
ref-31463aa0af3e17f2,enr-09598,units/institutions/t-and-a-constable,cells,1,0,爱丁堡,entity,units/places/edinburgh,resolved_entity
ref-ad814ff9d2ef0211,enr-01336,units/institutions/t-and-a-constable,value,,0,《赞助人与画家》,entity,units/archives/patrons-and-painters,resolved_entity
ref-1ea5ab49db035621,enr-01336,units/institutions/t-and-a-constable,cells,1,0,《赞助人与画家》,entity,units/archives/patrons-and-painters,resolved_entity
ref-0bb4cffc2307be9c,enr-01361,units/institutions/turners-of-cambridge,value,,0,弗朗切斯科·巴贝里尼枢机,entity,units/works/ottavio-leoni-cardinal-francesco-barberini,resolved_entity
ref-fdd3b8ed593bb24e,enr-01361,units/institutions/turners-of-cambridge,cells,1,0,弗朗切斯科·巴贝里尼枢机,entity,units/works/ottavio-leoni-cardinal-francesco-barberini,resolved_entity
ref-c495e95ba745ccf5,enr-01362,units/institutions/turners-of-cambridge,value,,0,布拉恰诺公爵,entity,units/works/ottavio-leoni-paolo-giordano-orsini-duke-of-bracciano,resolved_entity
ref-07a84a6f9d73ac24,enr-01362,units/institutions/turners-of-cambridge,cells,1,0,布拉恰诺公爵,entity,units/works/ottavio-leoni-paolo-giordano-orsini-duke-of-bracciano,resolved_entity
ref-a0dcf8f594ba330f,enr-01363,units/institutions/turners-of-cambridge,value,,0,逃往埃及途中的休息,entity,units/works/pietro-testa-rest-on-the-flight-into-egypt,resolved_entity
ref-4fdf7a6fe7a4b7ee,enr-01363,units/institutions/turners-of-cambridge,cells,1,0,逃往埃及途中的休息,entity,units/works/pietro-testa-rest-on-the-flight-into-egypt,resolved_entity
ref-f2574c6e731cdfe1,enr-09619,units/institutions/turners-of-cambridge,value,,0,剑桥,entity,units/places/cambridge,resolved_entity
ref-6eb48dfd317547ec,enr-09619,units/institutions/turners-of-cambridge,cells,1,0,剑桥,entity,units/places/cambridge,resolved_entity
ref-0cf994e35161bb26,enr-01373,units/institutions/ufficio-dell-assessore-comunale-alle-belle-arti,value,,0,劫夺海伦,entity,units/works/pietro-da-cortona-rape-of-helen,resolved_entity
ref-1d1be6de6cd1fea8,enr-01373,units/institutions/ufficio-dell-assessore-comunale-alle-belle-arti,cells,1,0,劫夺海伦,entity,units/works/pietro-da-cortona-rape-of-helen,resolved_entity
ref-06bc435fbc0fba35,enr-01374,units/institutions/ufficio-dell-assessore-comunale-alle-belle-arti,value,,0,罗马,entity,units/places/rome,resolved_entity
ref-a76a785a40113301,enr-01374,units/institutions/ufficio-dell-assessore-comunale-alle-belle-arti,cells,1,0,罗马,entity,units/places/rome,resolved_entity
ref-d14ef96e8630b5c9,enr-01381,units/institutions/uffizi-gallery,value,,0,梳妆少女,entity,units/works/g-m-crespi-girl-at-her-toilet,resolved_entity
ref-26ec5f69afe9bb89,enr-01381,units/institutions/uffizi-gallery,cells,1,0,梳妆少女,entity,units/works/g-m-crespi-girl-at-her-toilet,resolved_entity
ref-f2ece15a90e67959,enr-01383,units/institutions/uffizi-gallery,value,,0,画家一家,entity,units/works/g-m-crespi-the-painter-s-family,resolved_entity
ref-eb0632723f0a156f,enr-01383,units/institutions/uffizi-gallery,cells,1,0,画家一家,entity,units/works/g-m-crespi-the-painter-s-family,resolved_entity
ref-058711c9a2029d04,enr-01385,units/institutions/uffizi-gallery,value,,0,波焦阿卡亚诺集市局部,entity,units/works/g-m-crespi-detail-from-fair-at-poggio-a-caiano,resolved_entity
ref-5c180e9fdc9b59e0,enr-01385,units/institutions/uffizi-gallery,cells,1,0,波焦阿卡亚诺集市局部,entity,units/works/g-m-crespi-detail-from-fair-at-poggio-a-caiano,resolved_entity
ref-b748fe8a9f9fb41a,enr-01387,units/institutions/uffizi-gallery,value,,0,阿尔洛托教区神父的玩笑,entity,units/works/baldassare-franceschini-la-burla-del-piovano-arlotto,resolved_entity
ref-6c43bd67870af9e6,enr-01387,units/institutions/uffizi-gallery,cells,1,0,阿尔洛托教区神父的玩笑,entity,units/works/baldassare-franceschini-la-burla-del-piovano-arlotto,resolved_entity
ref-b379da42b1317a55,enr-01389,units/institutions/uffizi-gallery,value,,0,撒迦利亚被石击,entity,units/works/giannantonio-fumiani-the-stoning-of-zechariah,resolved_entity
ref-e21cc5f0d69e879c,enr-01389,units/institutions/uffizi-gallery,cells,1,0,撒迦利亚被石击,entity,units/works/giannantonio-fumiani-the-stoning-of-zechariah,resolved_entity
ref-0dfcd26af0634853,enr-01394,units/institutions/university-library-cambridge,value,,0,《巴贝里尼宫》卷首图,entity,units/works/guido-abbatini-frontispiece-of-aedes-barberinae-ad-quirinalem,resolved_entity
ref-929759d0d2778a5c,enr-01394,units/institutions/university-library-cambridge,cells,1,0,《巴贝里尼宫》卷首图,entity,units/works/guido-abbatini-frontispiece-of-aedes-barberinae-ad-quirinalem,resolved_entity
ref-1c296ba3a515e03f,enr-01395,units/institutions/university-library-cambridge,value,,0,《耶路撒冷解放》插图末页,entity,units/works/piazzetta-final-plate-of-illustrations-to-gerusalemme-liberata,resolved_entity
ref-48f6c407020680ff,enr-01395,units/institutions/university-library-cambridge,cells,1,0,《耶路撒冷解放》插图末页,entity,units/works/piazzetta-final-plate-of-illustrations-to-gerusalemme-liberata,resolved_entity
ref-d96f96f20d5f467f,enr-09625,units/institutions/university-library-cambridge,value,,0,剑桥大学,entity,units/institutions/university-of-cambridge,resolved_entity
ref-7c1de5c5f7793013,enr-09625,units/institutions/university-library-cambridge,cells,1,0,剑桥大学,entity,units/institutions/university-of-cambridge,resolved_entity
ref-74d064dcca9d0fbf,enr-09626,units/institutions/university-library-cambridge,value,,0,剑桥,entity,units/places/cambridge,resolved_entity
ref-d4026fbf2edd7a29,enr-09626,units/institutions/university-library-cambridge,cells,1,0,剑桥,entity,units/places/cambridge,resolved_entity
ref-c75feab4098f92d6,enr-09634,units/institutions/university-of-cambridge,value,,0,剑桥,entity,units/places/cambridge,resolved_entity
ref-ea97654b94ef4e64,enr-09634,units/institutions/university-of-cambridge,cells,1,0,剑桥,entity,units/places/cambridge,resolved_entity
ref-ed961a898cfe69aa,enr-09635,units/institutions/university-of-cambridge,value,,0,剑桥大学图书馆,entity,units/institutions/university-library-cambridge,resolved_entity
ref-534d4ace064f6029,enr-09635,units/institutions/university-of-cambridge,cells,1,0,剑桥大学图书馆,entity,units/institutions/university-library-cambridge,resolved_entity
ref-b6c4a9d43d948cf3,enr-09639,units/institutions/university-of-london,value,,0,伦敦,entity,units/places/london,resolved_entity
ref-0b84c9fbacf6dcc2,enr-09639,units/institutions/university-of-london,cells,1,0,伦敦,entity,units/places/london,resolved_entity
ref-51f557136cb84f94,enr-09640,units/institutions/university-of-london,value,,0,瓦尔堡研究所,entity,units/institutions/warburg-institute,resolved_entity
ref-4f5fecd86e3fa720,enr-09640,units/institutions/university-of-london,cells,1,0,瓦尔堡研究所,entity,units/institutions/warburg-institute,resolved_entity
ref-b271e5715e11aa88,enr-09645,units/institutions/university-of-padua,value,,0,加埃塔诺·科齐,entity,units/persons/gaetano-cozzi,resolved_entity
ref-5ba673e96c6948c8,enr-09645,units/institutions/university-of-padua,cells,1,0,加埃塔诺·科齐,entity,units/persons/gaetano-cozzi,resolved_entity
ref-506f9f82a564e572,enr-09647,units/institutions/university-of-padua,value,,0,帕多瓦,entity,units/places/padua,resolved_entity
ref-52157547d8d154c1,enr-09647,units/institutions/university-of-padua,cells,1,0,帕多瓦,entity,units/places/padua,resolved_entity
ref-583bd8882507b101,enr-09650,units/institutions/university-of-pittsburgh,value,,0,安·萨瑟兰·哈里斯,entity,units/persons/ann-sutherland-harris,resolved_entity
ref-4822caaa3719d768,enr-09650,units/institutions/university-of-pittsburgh,cells,1,0,安·萨瑟兰·哈里斯,entity,units/persons/ann-sutherland-harris,resolved_entity
ref-a0f45dfe8b4c00fc,enr-09652,units/institutions/university-of-pittsburgh,value,,0,匹兹堡,entity,units/places/pittsburgh,resolved_entity
ref-ebd316a3054a9e48,enr-09652,units/institutions/university-of-pittsburgh,cells,1,0,匹兹堡,entity,units/places/pittsburgh,resolved_entity
ref-e8d3ca7d267d46f9,enr-09654,units/institutions/university-of-turin,value,,0,都灵,entity,units/places/turin,resolved_entity
ref-1bc4e08ce2251942,enr-09654,units/institutions/university-of-turin,cells,1,0,都灵,entity,units/places/turin,resolved_entity
ref-cb2af3ccd01a8ac9,enr-09655,units/institutions/university-of-turin,value,,0,弗兰科·文图里,entity,units/persons/franco-venturi,resolved_entity
ref-14af53b52b65595d,enr-09655,units/institutions/university-of-turin,cells,1,0,弗兰科·文图里,entity,units/persons/franco-venturi,resolved_entity
ref-fb49722e7c316b63,enr-01432,units/institutions/virginia-museum-of-fine-arts,value,,0,雷古鲁斯之死,entity,units/works/salvator-rosa-the-death-of-regulus,resolved_entity
ref-6addb66b7d3e9e98,enr-01432,units/institutions/virginia-museum-of-fine-arts,cells,1,0,雷古鲁斯之死,entity,units/works/salvator-rosa-the-death-of-regulus,resolved_entity
ref-b76ace6951553224,enr-01433,units/institutions/virginia-museum-of-fine-arts,value,,0,雷古鲁斯之死,entity,units/works/salvator-rosa-the-death-of-regulus,resolved_entity
ref-7563facd0a695732,enr-01433,units/institutions/virginia-museum-of-fine-arts,cells,1,0,雷古鲁斯之死,entity,units/works/salvator-rosa-the-death-of-regulus,resolved_entity
ref-aab42a8454c9bcc8,enr-01443,units/institutions/wallraf-richartz-museum,value,,0,田园,entity,units/works/piazzetta-idyll,resolved_entity
ref-ad418f0d23f23c01,enr-01443,units/institutions/wallraf-richartz-museum,cells,1,0,田园,entity,units/works/piazzetta-idyll,resolved_entity
ref-c090dec447bfac48,enr-09665,units/institutions/wallraf-richartz-museum,value,,0,科隆,entity,units/places/cologne,resolved_entity
ref-295d1067e69f899b,enr-09665,units/institutions/wallraf-richartz-museum,cells,1,0,科隆,entity,units/places/cologne,resolved_entity
ref-090310a7c04471e8,enr-09670,units/institutions/warburg-institute-library,value,,0,瓦尔堡研究所,entity,units/institutions/warburg-institute,resolved_entity
ref-dbfd66cf1724b656,enr-09670,units/institutions/warburg-institute-library,cells,1,0,瓦尔堡研究所,entity,units/institutions/warburg-institute,resolved_entity
ref-723411136dd8f528,enr-09671,units/institutions/warburg-institute-library,value,,0,伦敦,entity,units/places/london,resolved_entity
ref-ce4b64549173afdd,enr-09671,units/institutions/warburg-institute-library,cells,1,0,伦敦,entity,units/places/london,resolved_entity
ref-3846cb1d1d71748f,enr-01455,units/institutions/warburg-institute-library,value,,0,弗朗西斯·哈斯克尔,entity,units/persons/francis-haskell,resolved_entity
ref-eddc59c36670a608,enr-01455,units/institutions/warburg-institute-library,cells,1,0,弗朗西斯·哈斯克尔,entity,units/persons/francis-haskell,resolved_entity
ref-97fd71af828d05f3,enr-01457,units/institutions/warburg-institute-library,value,,0,《赞助人与画家》,entity,units/archives/patrons-and-painters,resolved_entity
ref-89b73bc69c7c3926,enr-01457,units/institutions/warburg-institute-library,cells,1,0,《赞助人与画家》,entity,units/archives/patrons-and-painters,resolved_entity
ref-471e03289b476661,enr-09673,units/institutions/warburg-institute,value,,0,伦敦,entity,units/places/london,resolved_entity
ref-878180b2ac1f1407,enr-09673,units/institutions/warburg-institute,cells,1,0,伦敦,entity,units/places/london,resolved_entity
ref-7e19c7a5ad584d8f,enr-09674,units/institutions/warburg-institute,value,,0,伦敦大学,entity,units/institutions/university-of-london,resolved_entity
ref-7ef0425682ff501c,enr-09674,units/institutions/warburg-institute,cells,1,0,伦敦大学,entity,units/institutions/university-of-london,resolved_entity
ref-bc55ed017a078964,enr-09676,units/institutions/warburg-institute,value,,0,瓦尔堡研究所图书馆,entity,units/institutions/warburg-institute-library,resolved_entity
ref-52cfec7566066f0a,enr-09676,units/institutions/warburg-institute,cells,1,0,瓦尔堡研究所图书馆,entity,units/institutions/warburg-institute-library,resolved_entity
ref-315278a8e20ed9c2,enr-09678,units/institutions/warburg-institute,value,,0,伦敦,entity,units/places/london,resolved_entity
ref-9f195cbdddbea7ff,enr-09678,units/institutions/warburg-institute,cells,1,0,伦敦,entity,units/places/london,resolved_entity
ref-797a8a128bfef9f8,enr-09681,units/institutions/yale-university-press,value,,0,耶鲁大学,entity,units/institutions/yale-university,resolved_entity
ref-6eb20952bb911474,enr-09681,units/institutions/yale-university-press,cells,1,0,耶鲁大学,entity,units/institutions/yale-university,resolved_entity
ref-2ea7e77ead586a7c,enr-09684,units/institutions/yale-university-press,value,,0,纽黑文,entity,units/places/new-haven,resolved_entity
ref-3fdba90863ebf8cf,enr-09684,units/institutions/yale-university-press,cells,1,0,纽黑文,entity,units/places/new-haven,resolved_entity
ref-eb7858c668d4f91e,enr-09685,units/institutions/yale-university-press,value,,0,耶鲁大学,entity,units/institutions/yale-university,resolved_entity
ref-ab3e4383e08e84b2,enr-09685,units/institutions/yale-university-press,cells,1,0,耶鲁大学,entity,units/institutions/yale-university,resolved_entity
ref-92393f68b478dcc5,enr-09686,units/institutions/yale-university-press,value,,0,伦敦,entity,units/places/london,resolved_entity
ref-bde74f4ff5d523d0,enr-09686,units/institutions/yale-university-press,cells,1,0,伦敦,entity,units/places/london,resolved_entity
ref-c613bb5bc0b2cb0f,enr-01479,units/institutions/yale-university-press,value,,0,《赞助人与画家》,entity,units/archives/patrons-and-painters,resolved_entity
ref-ee4d305cdd94a15d,enr-01479,units/institutions/yale-university-press,cells,1,0,《赞助人与画家》,entity,units/archives/patrons-and-painters,resolved_entity
ref-961b39be2c31105a,enr-01481,units/institutions/yale-university-press,value,,0,纽黑文,entity,units/places/new-haven,resolved_entity
ref-8e9acac5c124e399,enr-01481,units/institutions/yale-university-press,cells,1,0,纽黑文,entity,units/places/new-haven,resolved_entity
ref-8dc98197eedd1030,enr-01482,units/institutions/yale-university-press,value,,0,伦敦,entity,units/places/london,resolved_entity
ref-f6ef0754e029e44e,enr-01482,units/institutions/yale-university-press,cells,1,0,伦敦,entity,units/places/london,resolved_entity
ref-46cf2a82aa154f3f,enr-09691,units/institutions/yale-university,value,,0,耶鲁大学出版社,entity,units/institutions/yale-university-press,resolved_entity
ref-4e069c4de3a3af73,enr-09691,units/institutions/yale-university,cells,1,0,耶鲁大学出版社,entity,units/institutions/yale-university-press,resolved_entity
ref-2c891f394779da28,enr-01492,units/institutions/yale-university,value,,0,《赞助人与画家》,entity,units/archives/patrons-and-painters,resolved_entity
ref-519d3b63a6345647,enr-01492,units/institutions/yale-university,cells,1,0,《赞助人与画家》,entity,units/archives/patrons-and-painters,resolved_entity
ref-1467adec43b01f5e,enr-01498,units/persons/a-d-gabbiani,value,,0,乐师群像,entity,units/works/a-d-gabbiani-a-group-of-musicians,resolved_entity
ref-d1ddd9286e9e4365,enr-01498,units/persons/a-d-gabbiani,cells,1,0,乐师群像,entity,units/works/a-d-gabbiani-a-group-of-musicians,resolved_entity
ref-4f78193d98cf3c0b,enr-09702,units/persons/a-de-montaiglon,value,,0,罗马法国学院主管通信集,entity,units/archives/montaiglon-academy-correspondence,resolved_entity
ref-c92b6ed1fb89fbb8,enr-09702,units/persons/a-de-montaiglon,cells,1,0,罗马法国学院主管通信集,entity,units/archives/montaiglon-academy-correspondence,resolved_entity
ref-ecac2332a332d77e,enr-09703,units/persons/a-de-montaiglon,value,,0,朱尔·吉弗雷,entity,units/persons/jules-guiffrey,resolved_entity
ref-6e1fb309052be253,enr-09703,units/persons/a-de-montaiglon,cells,1,0,朱尔·吉弗雷,entity,units/persons/jules-guiffrey,resolved_entity
ref-09551152e80875a1,enr-09707,units/persons/a-m-zanetti-the-elder,value,,0,扎内蒂与杰里尼侯爵肖像,entity,units/works/giuseppe-zocchi-a-m-zanetti-the-elder-with-marchese-gerini,resolved_entity
ref-4adc4861116a4d33,enr-09707,units/persons/a-m-zanetti-the-elder,cells,1,0,扎内蒂与杰里尼侯爵肖像,entity,units/works/giuseppe-zocchi-a-m-zanetti-the-elder-with-marchese-gerini,resolved_entity
ref-995b2674ed1ab908,enr-01526,units/persons/a-n-l-munby,value,,0,弗朗西斯·哈斯克尔（Francis Haskell）,entity,units/persons/francis-haskell,resolved_entity
ref-6d2bfe3dbbde4d8e,enr-01526,units/persons/a-n-l-munby,cells,1,0,弗朗西斯·哈斯克尔（Francis Haskell）,entity,units/persons/francis-haskell,resolved_entity
ref-cdb0be8976335725,enr-09723,units/persons/abate-lancellotti,value,,0,乌尔班八世,entity,units/persons/urbano-viii,resolved_entity
ref-26e44a457ecc06be,enr-09723,units/persons/abate-lancellotti,cells,1,0,乌尔班八世,entity,units/persons/urbano-viii,resolved_entity
ref-6d582c279facba27,enr-09726,units/persons/abate-lancellotti,value,,0,《当今》,entity,units/archives/lhoggidi-1627,resolved_entity
ref-bb22df6aaeb444fc,enr-09726,units/persons/abate-lancellotti,cells,1,0,《当今》,entity,units/archives/lhoggidi-1627,resolved_entity
ref-7ec4ba72255cb4cb,enr-01550,units/persons/abraham-hume,value,,0,乔万尼·马里亚·萨索,entity,units/persons/g-m-sasso,resolved_entity
ref-6d4fd481e01e4437,enr-01550,units/persons/abraham-hume,cells,1,0,乔万尼·马里亚·萨索,entity,units/persons/g-m-sasso,resolved_entity
ref-db8516e798fc7660,enr-01556,units/persons/agostino-masucci,value,,0,莫拉为亚历山大七世作像,entity,units/works/agostino-masucci-mola-painting-the-portrait-of-pope-alexander-vii,resolved_entity
ref-2821e2589277e95c,enr-01556,units/persons/agostino-masucci,cells,1,0,莫拉为亚历山大七世作像,entity,units/works/agostino-masucci-mola-painting-the-portrait-of-pope-alexander-vii,resolved_entity
ref-06734ab11e5785f1,enr-09750,units/persons/albrizzi,value,,0,《耶路撒冷解放》插图本（1745）,entity,units/archives/gerusalemme-liberata-illustrations-1745,resolved_entity
ref-e3ee184f2fc0759e,enr-09750,units/persons/albrizzi,cells,1,0,《耶路撒冷解放》插图本（1745）,entity,units/archives/gerusalemme-liberata-illustrations-1745,resolved_entity
ref-404945c5ba05c176,enr-01569,units/persons/albrizzi,value,,0,《耶路撒冷解放》插图末页,entity,units/works/piazzetta-final-plate-of-illustrations-to-gerusalemme-liberata,resolved_entity
ref-da79ec62def6b6f4,enr-01569,units/persons/albrizzi,cells,1,0,《耶路撒冷解放》插图末页,entity,units/works/piazzetta-final-plate-of-illustrations-to-gerusalemme-liberata,resolved_entity
ref-4ea00336b7ce3eb9,enr-01581,units/persons/alessandro-bettagno,value,,0,弗朗西斯·哈斯克尔,entity,units/persons/francis-haskell,resolved_entity
ref-6a8d17abb782bcaf,enr-01581,units/persons/alessandro-bettagno,cells,1,0,弗朗西斯·哈斯克尔,entity,units/persons/francis-haskell,resolved_entity
ref-a509ec9533a69198,enr-01582,units/persons/alessandro-bettagno,value,,0,拉里萨·萨尔米娜,entity,units/persons/larissa-dedicatee,resolved_entity
ref-00bdf84a0f948ee0,enr-01582,units/persons/alessandro-bettagno,cells,1,0,拉里萨·萨尔米娜,entity,units/persons/larissa-dedicatee,resolved_entity
ref-bd44582883870acc,enr-01583,units/persons/alessandro-bettagno,value,,0,威尼斯,entity,units/places/venice,resolved_entity
ref-6ead20b789a839ad,enr-01583,units/persons/alessandro-bettagno,cells,1,0,威尼斯,entity,units/places/venice,resolved_entity
ref-edbae284fc72b08b,enr-01587,units/persons/alessandro-longhi,value,,0,卡洛·洛多利肖像,entity,units/works/alessandro-longhi-carlo-lodoli,resolved_entity
ref-c30ad738afe7cc56,enr-01587,units/persons/alessandro-longhi,cells,1,0,卡洛·洛多利肖像,entity,units/works/alessandro-longhi-carlo-lodoli,resolved_entity
ref-d37a463c75569cc5,enr-01589,units/persons/alessandro-longhi,value,,0,乔万尼·马里亚·萨索肖像,entity,units/works/alessandro-longhi-g-m-sasso,resolved_entity
ref-a32429fca2e5e601,enr-01589,units/persons/alessandro-longhi,cells,1,0,乔万尼·马里亚·萨索肖像,entity,units/works/alessandro-longhi-g-m-sasso,resolved_entity
ref-42a1f80e5db38c68,enr-01594,units/persons/alessandro-marabottini-marabotti,value,,0,弗朗西斯·哈斯克尔（Francis Haskell）,entity,units/persons/francis-haskell,resolved_entity
ref-cf80b7748d4ece63,enr-01594,units/persons/alessandro-marabottini-marabotti,cells,1,0,弗朗西斯·哈斯克尔（Francis Haskell）,entity,units/persons/francis-haskell,resolved_entity
ref-0ceba842e735b3d8,enr-01595,units/persons/alessandro-marabottini-marabotti,value,,0,弗朗西斯·哈斯克尔（Francis Haskell）,entity,units/persons/francis-haskell,resolved_entity
ref-94ff7d7a6aa415d2,enr-01595,units/persons/alessandro-marabottini-marabotti,cells,1,0,弗朗西斯·哈斯克尔（Francis Haskell）,entity,units/persons/francis-haskell,resolved_entity
ref-d2b46cd032fb3cf9,enr-01605,units/persons/alessandro-peretti-montalto,value,,0,罗马（Rome）,entity,units/places/rome,resolved_entity
ref-a9216dad9a9c35c8,enr-01605,units/persons/alessandro-peretti-montalto,cells,1,0,罗马（Rome）,entity,units/places/rome,resolved_entity
ref-94c22b52251d3fa6,enr-09768,units/persons/alessandro-peretti-montalto,evidence,,0,异文记录,processing_record,patrons-and-painters-chp-1/process/knowledge.md#rev-072-persons-alessandro-peretti-montalto,not_in_package
ref-53e1879efc51ee49,enr-09768,units/persons/alessandro-peretti-montalto,cells,2,0,异文记录,processing_record,patrons-and-painters-chp-1/process/knowledge.md#rev-072-persons-alessandro-peretti-montalto,not_in_package
ref-6e969a286b486859,enr-09771,units/persons/alessandro-peretti-montalto,value,,0,西斯笃五世,entity,units/persons/sixtus-v,resolved_entity
ref-e1d17636e8efb186,enr-09771,units/persons/alessandro-peretti-montalto,cells,1,0,西斯笃五世,entity,units/persons/sixtus-v,resolved_entity
ref-5b9a236d25959582,enr-09778,units/persons/alessandro-peretti-montalto,value,,0,圣安德烈亚德拉瓦莱教堂,entity,units/places/sant-andrea-della-valle,resolved_entity
ref-9ad352c9bfaa84a9,enr-09778,units/persons/alessandro-peretti-montalto,cells,1,0,圣安德烈亚德拉瓦莱教堂,entity,units/places/sant-andrea-della-valle,resolved_entity
ref-7ddfb7d712cd4695,enr-09781,units/persons/alessandro-peretti-montalto,value,,0,贝尔尼尼,entity,units/persons/gian-lorenzo-bernini,resolved_entity
ref-cd576be2aa960a6a,enr-09781,units/persons/alessandro-peretti-montalto,cells,1,0,贝尔尼尼,entity,units/persons/gian-lorenzo-bernini,resolved_entity
ref-123fc25f7154b808,enr-01621,units/persons/alexander-vii,value,,0,莫拉为亚历山大七世作像,entity,units/works/agostino-masucci-mola-painting-the-portrait-of-pope-alexander-vii,resolved_entity
ref-d586122a2cf2995c,enr-01621,units/persons/alexander-vii,cells,1,0,莫拉为亚历山大七世作像,entity,units/works/agostino-masucci-mola-painting-the-portrait-of-pope-alexander-vii,resolved_entity
ref-57d1bc3ad4c5c028,enr-01639,units/persons/amadeo-swajer,value,,0,阿马德奥·斯瓦耶尔肖像,entity,units/works/canova-amadeo-swajer,resolved_entity
ref-1c8bec1ef3c5131b,enr-01639,units/persons/amadeo-swajer,cells,1,0,阿马德奥·斯瓦耶尔肖像,entity,units/works/canova-amadeo-swajer,resolved_entity
ref-d239f17d3621c92f,enr-09798,units/persons/amadeo-swajer,value,,0,威尼斯,entity,units/places/venice,resolved_entity
ref-b1db21f3bf55a57f,enr-09798,units/persons/amadeo-swajer,cells,1,0,威尼斯,entity,units/places/venice,resolved_entity
ref-d70c8c40fe3cc338,enr-09799,units/persons/amadeo-swajer,value,,0,威尼斯,entity,units/places/venice,resolved_entity
ref-9dbc86053cb09d46,enr-09799,units/persons/amadeo-swajer,cells,1,0,威尼斯,entity,units/places/venice,resolved_entity
ref-e486fb4f815259d2,enr-09811,units/persons/amadeo-swajer,value,,0,卡塔琳娜·海因策尔曼,entity,units/persons/katharina-heinzelmann,resolved_entity
ref-eae190e4ba6ccc4f,enr-09811,units/persons/amadeo-swajer,cells,1,0,卡塔琳娜·海因策尔曼,entity,units/persons/katharina-heinzelmann,resolved_entity
ref-c7ec72d86b85f6bb,enr-09813,units/persons/amadeo-swajer,value,,0,约翰·康拉德·霍夫曼,entity,units/persons/johann-conrad-hofmann,resolved_entity
ref-8f25a23c3b3be199,enr-09813,units/persons/amadeo-swajer,cells,1,0,约翰·康拉德·霍夫曼,entity,units/persons/johann-conrad-hofmann,resolved_entity
ref-77cb6c5617bc5b51,enr-09814,units/persons/amadeo-swajer,value,,0,阿贾蒂学会,entity,units/institutions/accademia-degli-agiati,resolved_entity
ref-85951b8ddfaf5586,enr-09814,units/persons/amadeo-swajer,cells,1,0,阿贾蒂学会,entity,units/institutions/accademia-degli-agiati,resolved_entity
ref-8fab6541110eb722,enr-01669,units/persons/ameyden,value,,0,罗马,entity,units/places/rome,resolved_entity
ref-1dbf2c6f027105a6,enr-01669,units/persons/ameyden,cells,1,0,罗马,entity,units/places/rome,resolved_entity
ref-8f0cdbb428f823a4,enr-09833,units/persons/ameyden,value,,0,《罗马城记述》（1642）,entity,units/archives/ameyden-relazione-1642,resolved_entity
ref-c5f92019c0ad5e8f,enr-09833,units/persons/ameyden,cells,0,0,《罗马城记述》（1642）,entity,units/archives/ameyden-relazione-1642,resolved_entity
ref-402e3bba49c972b0,enr-01684,units/persons/amigoni,value,,0,朱庇特与伊娥,entity,units/works/amigoni-jupiter-and-io,resolved_entity
ref-6eeb217c49ac59a9,enr-01684,units/persons/amigoni,cells,1,0,朱庇特与伊娥,entity,units/works/amigoni-jupiter-and-io,resolved_entity
ref-6ab2ee1b92a5cc02,enr-01686,units/persons/amigoni,value,,0,西吉斯蒙德·施特赖特肖像,entity,units/works/amigoni-sigismund-streit,resolved_entity
ref-63b9d4e8372926f2,enr-01686,units/persons/amigoni,cells,1,0,西吉斯蒙德·施特赖特肖像,entity,units/works/amigoni-sigismund-streit,resolved_entity
ref-18db4ec1bd52a363,enr-09839,units/persons/amigoni,value,,0,西吉斯蒙德·施特赖特,entity,units/persons/sigismund-streit,resolved_entity
ref-a38364754577e790,enr-09839,units/persons/amigoni,cells,1,0,西吉斯蒙德·施特赖特,entity,units/persons/sigismund-streit,resolved_entity
ref-7352a8ed2902b2b0,enr-09840,units/persons/amigoni,value,,0,施特赖特肖像,entity,units/works/amigoni-sigismund-streit,resolved_entity
ref-c86f81a733e40ae3,enr-09840,units/persons/amigoni,cells,1,0,施特赖特肖像,entity,units/works/amigoni-sigismund-streit,resolved_entity
ref-8bbd1658b6c35513,enr-09864,units/persons/andrea-camassei,cells,0,0,《圣塞巴斯蒂安殉难》,entity,units/works/camassei-martyrdom-saint-sebastian,resolved_entity
ref-60f3d55cba601734,enr-09865,units/persons/andrea-camassei,cells,0,0,圣彼得施洗准备稿,entity,units/works/camassei-peter-paul-mamertine-modello,resolved_entity
ref-60a232d75a3c11e7,enr-09873,units/persons/andrea-memmo,value,,0,托尔切兰：18世纪威尼斯人物,entity,units/archives/torcellan-andrea-memmo-1963,resolved_entity
ref-b1fb9c4d1e4a5cbd,enr-09873,units/persons/andrea-memmo,cells,1,0,托尔切兰：18世纪威尼斯人物,entity,units/archives/torcellan-andrea-memmo-1963,resolved_entity
ref-8ea1146879b8430d,enr-09874,units/persons/andrea-memmo,value,,0,卡洛·洛多利,entity,units/persons/carlo-lodoli,resolved_entity
ref-f5b6d396d026f61c,enr-09874,units/persons/andrea-memmo,cells,1,0,卡洛·洛多利,entity,units/persons/carlo-lodoli,resolved_entity
ref-3cd38fed924928d6,enr-01741,units/persons/andrea-pozzo,value,,0,圣依纳爵堂拱顶壁画模型,entity,units/works/andrea-pozzo-modello-for-fresco-on-vault-of-s-ignazio,resolved_entity
ref-820fca5599a2058b,enr-01741,units/persons/andrea-pozzo,cells,1,0,圣依纳爵堂拱顶壁画模型,entity,units/works/andrea-pozzo-modello-for-fresco-on-vault-of-s-ignazio,resolved_entity
ref-81cddb8da2a91b4a,enr-01767,units/persons/andrea-sacchi,value,,0,神圣智慧寓意,entity,units/works/andrea-sacchi-allegory-of-divine-wisdom,resolved_entity
ref-1ca7703d32be2e5c,enr-01767,units/persons/andrea-sacchi,cells,1,0,神圣智慧寓意,entity,units/works/andrea-sacchi-allegory-of-divine-wisdom,resolved_entity
ref-e8520228221682f2,enr-09924,units/persons/angela-mizzina,value,,0,乔万尼·巴蒂斯塔·萨尔维,entity,units/persons/sassoferrato,resolved_entity
ref-dc78ba9917a7e0c1,enr-09924,units/persons/angela-mizzina,cells,1,0,乔万尼·巴蒂斯塔·萨尔维,entity,units/persons/sassoferrato,resolved_entity
ref-0fecce5332091b4f,enr-09925,units/persons/angela-mizzina,value,,0,博洛尼亚,entity,units/places/bologna,resolved_entity
ref-453f9cf0c2905df0,enr-09925,units/persons/angela-mizzina,cells,1,0,博洛尼亚,entity,units/places/bologna,resolved_entity
ref-e64be7e20244892f,enr-09926,units/persons/angela-mizzina,value,,0,罗马,entity,units/places/rome,resolved_entity
ref-c5e24856be3526d5,enr-09926,units/persons/angela-mizzina,cells,1,0,罗马,entity,units/places/rome,resolved_entity
ref-b3b38afbcf7eec69,enr-09928,units/persons/ann-sutherland-harris,value,,0,匹兹堡大学,entity,units/institutions/university-of-pittsburgh,resolved_entity
ref-b0562645d764bd3d,enr-09928,units/persons/ann-sutherland-harris,cells,1,0,匹兹堡大学,entity,units/institutions/university-of-pittsburgh,resolved_entity
ref-da4c3f7f9ea8b07c,enr-09931,units/persons/ann-sutherland-harris,value,,0,考陶尔德艺术学院,entity,units/institutions/courtauld-institute-of-art,resolved_entity
ref-c22e4a69a505f7c0,enr-09931,units/persons/ann-sutherland-harris,cells,1,0,考陶尔德艺术学院,entity,units/institutions/courtauld-institute-of-art,resolved_entity
ref-37cd9aabb326ba26,enr-09932,units/persons/ann-sutherland-harris,value,,0,安德烈亚·萨基（Andrea Sacchi）,entity,units/archives/harris-andrea-sacchi-1977,resolved_entity
ref-4901c10d63c56848,enr-09932,units/persons/ann-sutherland-harris,cells,1,0,安德烈亚·萨基（Andrea Sacchi）,entity,units/archives/harris-andrea-sacchi-1977,resolved_entity
ref-c3b8e516c0a2c3fb,enr-09935,units/persons/annibale-bentivoglio,value,,0,佛罗伦萨,entity,units/places/florence,resolved_entity
ref-8d96fdc465d6fd36,enr-09935,units/persons/annibale-bentivoglio,cells,1,0,佛罗伦萨,entity,units/places/florence,resolved_entity
ref-e38ff13dd85463de,enr-09936,units/persons/annibale-bentivoglio,value,,0,圭多·本蒂沃利奥枢机肖像,entity,units/works/van-dyck-cardinal-bentivoglio,resolved_entity
ref-69ff0b3ef2d46f63,enr-09936,units/persons/annibale-bentivoglio,cells,1,0,圭多·本蒂沃利奥枢机肖像,entity,units/works/van-dyck-cardinal-bentivoglio,resolved_entity
ref-37eb32a0525b74c9,enr-09937,units/persons/annibale-bentivoglio,value,,0,费迪南多二世·德·美第奇,entity,units/persons/ferdinando-ii-de-medici,resolved_entity
ref-da06516133ccdec6,enr-09937,units/persons/annibale-bentivoglio,cells,1,0,费迪南多二世·德·美第奇,entity,units/persons/ferdinando-ii-de-medici,resolved_entity
ref-89a7f7706ec654a3,enr-01797,units/persons/annibale-carracci,value,,0,博洛尼亚,entity,units/places/bologna,resolved_entity
ref-576bf95994d8d2de,enr-01797,units/persons/annibale-carracci,cells,1,0,博洛尼亚,entity,units/places/bologna,resolved_entity
ref-6992b9baff46f1db,enr-01798,units/persons/annibale-carracci,value,,0,罗马,entity,units/places/rome,resolved_entity
ref-00f5034cecd64f93,enr-01798,units/persons/annibale-carracci,cells,1,0,罗马,entity,units/places/rome,resolved_entity
ref-28bce3b63194be0a,enr-09968,units/persons/anthony-blunt,value,,0,考陶尔德艺术学院,entity,units/institutions/courtauld-institute-of-art,resolved_entity
ref-487ae9c746028591,enr-09968,units/persons/anthony-blunt,cells,1,0,考陶尔德艺术学院,entity,units/institutions/courtauld-institute-of-art,resolved_entity
ref-48df4281b6f918b2,enr-09977,units/persons/anthony-clark,value,,0,大都会艺术博物馆,entity,units/institutions/metropolitan-museum-of-art,resolved_entity
ref-ce1fdf7f7a601ee7,enr-09977,units/persons/anthony-clark,cells,1,0,大都会艺术博物馆,entity,units/institutions/metropolitan-museum-of-art,resolved_entity
ref-5bff62c8a003c462,enr-01864,units/persons/antonio-barberini,value,,0,安东尼奥·巴贝里尼枢机,entity,units/works/carlo-maratta-cardinal-antonio-barberini,resolved_entity
ref-078a648e465503dc,enr-01864,units/persons/antonio-barberini,cells,1,0,安东尼奥·巴贝里尼枢机,entity,units/works/carlo-maratta-cardinal-antonio-barberini,resolved_entity
ref-057ce71c58a917fa,enr-01866,units/persons/antonio-draghi,value,,0,拉丁君权凯旋,entity,units/works/la-monarchia-latina-trionfante,resolved_entity
ref-1ceb7dd56a98317c,enr-01866,units/persons/antonio-draghi,cells,1,0,拉丁君权凯旋,entity,units/works/la-monarchia-latina-trionfante,resolved_entity
ref-7f1ebc25e0f5f239,enr-01887,units/persons/antonio-verrio,value,,0,汉普顿宫楼梯壁画,entity,units/works/antonio-verrio-fresco-on-staircase-of-hampton-court-palace,resolved_entity
ref-ea4e9f194e8d5338,enr-01887,units/persons/antonio-verrio,cells,1,0,汉普顿宫楼梯壁画,entity,units/works/antonio-verrio-fresco-on-staircase-of-hampton-court-palace,resolved_entity
ref-1254b214c299a37f,enr-01897,units/persons/archbishop-tillotson,value,,0,蒂洛特森大主教寓意纪念墓,entity,units/works/canaletto-allegorical-tomb-to-the-memory-of-archbishop-tillotson,resolved_entity
ref-8f154c11ace8b73e,enr-01897,units/persons/archbishop-tillotson,cells,1,0,蒂洛特森大主教寓意纪念墓,entity,units/works/canaletto-allegorical-tomb-to-the-memory-of-archbishop-tillotson,resolved_entity
ref-43bc09abc14a2dbd,enr-01904,units/persons/aristotle,value,,0,凝视荷马像的亚里士多德,entity,units/works/rembrandt-aristotle-contemplating-the-bust-of-homer,resolved_entity
ref-9a56c3df2a2a1f20,enr-01904,units/persons/aristotle,cells,1,0,凝视荷马像的亚里士多德,entity,units/works/rembrandt-aristotle-contemplating-the-bust-of-homer,resolved_entity
ref-c230b5c9457dbd11,enr-10022,units/persons/artemisia-gentileschi,value,,0,Rome,entity,units/places/rome,resolved_entity
ref-92e78d211647b98a,enr-10022,units/persons/artemisia-gentileschi,cells,2,0,Rome,entity,units/places/rome,resolved_entity
ref-7bc1f6aea7c6d0bd,enr-10026,units/persons/artemisia-gentileschi,value,,0,Florence,entity,units/places/florence,resolved_entity
ref-732d2cf2153c3944,enr-10026,units/persons/artemisia-gentileschi,cells,2,0,Florence,entity,units/places/florence,resolved_entity
ref-ec1d6b4d96139ed3,enr-10029,units/persons/artemisia-gentileschi,value,,0,Rome,entity,units/places/rome,resolved_entity
ref-6ee0b2110b3e5e94,enr-10029,units/persons/artemisia-gentileschi,cells,2,0,Rome,entity,units/places/rome,resolved_entity
ref-5f3b298f9333021a,enr-10030,units/persons/artemisia-gentileschi,value,,0,Venice,entity,units/places/venice,resolved_entity
ref-e9d3159497cb5217,enr-10030,units/persons/artemisia-gentileschi,cells,2,0,Venice,entity,units/places/venice,resolved_entity
ref-09a57821f57a18ef,enr-10031,units/persons/artemisia-gentileschi,value,,0,Naples,entity,units/places/naples,resolved_entity
ref-ab3b8b2bc0f78caf,enr-10031,units/persons/artemisia-gentileschi,cells,2,0,Naples,entity,units/places/naples,resolved_entity
ref-e7984ba83598012e,enr-10035,units/persons/artemisia-gentileschi,value,,0,Antonio Ruffo,entity,units/persons/antonio-ruffo,resolved_entity
ref-7aaf64d1fcd0e1e6,enr-10035,units/persons/artemisia-gentileschi,cells,1,0,Antonio Ruffo,entity,units/persons/antonio-ruffo,resolved_entity
ref-551cc4f2915cd3e0,enr-01932,units/persons/b-nazari,value,,0,扎卡里亚·萨格雷多肖像,entity,units/works/gian-antonio-faldoni-zaccaria-sagredo,resolved_entity
ref-d67f98cd7a9e7635,enr-01932,units/persons/b-nazari,cells,1,0,扎卡里亚·萨格雷多肖像,entity,units/works/gian-antonio-faldoni-zaccaria-sagredo,resolved_entity
ref-01ba0e86c880aefe,enr-10042,units/persons/b-nazari,value,,0,舒伦堡骑马肖像,entity,units/works/nazari-equestrian-portrait-of-schulenburg,resolved_entity
ref-7c95bf27176fefe4,enr-10042,units/persons/b-nazari,cells,1,0,舒伦堡骑马肖像,entity,units/works/nazari-equestrian-portrait-of-schulenburg,resolved_entity
ref-3914be093928451f,enr-10043,units/persons/b-nazari,value,,0,约翰·马蒂亚斯·冯·德尔·舒伦堡,entity,units/persons/marshal-schulenburg,resolved_entity
ref-4ff66079088e7c21,enr-10043,units/persons/b-nazari,cells,1,0,约翰·马蒂亚斯·冯·德尔·舒伦堡,entity,units/persons/marshal-schulenburg,resolved_entity
ref-19700d1a64854308,enr-10044,units/persons/b-nazari,value,,0,舒伦堡,entity,units/persons/marshal-schulenburg,resolved_entity
ref-99437771cadec902,enr-10044,units/persons/b-nazari,cells,1,0,舒伦堡,entity,units/persons/marshal-schulenburg,resolved_entity
ref-3e958208714586e9,enr-01944,units/persons/baldassare-franceschini,value,,0,阿尔洛托教区神父的玩笑,entity,units/works/baldassare-franceschini-la-burla-del-piovano-arlotto,resolved_entity
ref-eedf7dda05f9f9fb,enr-01944,units/persons/baldassare-franceschini,cells,1,0,阿尔洛托教区神父的玩笑,entity,units/works/baldassare-franceschini-la-burla-del-piovano-arlotto,resolved_entity
ref-cf7763058d37c8a0,enr-01946,units/persons/baldassare-franceschini,value,,0,声名携路易十四之名入不朽殿堂,entity,units/works/baldassare-franceschini-fame-carrying-the-name-of-louis-xiv-to-the-temple-of-immortality,resolved_entity
ref-2b3c8cd5e92fd217,enr-01946,units/persons/baldassare-franceschini,cells,1,0,声名携路易十四之名入不朽殿堂,entity,units/works/baldassare-franceschini-fame-carrying-the-name-of-louis-xiv-to-the-temple-of-immortality,resolved_entity
ref-51228654445faf2c,enr-10048,units/persons/baldassare-franceschini,value,,0,佛罗伦萨,entity,units/places/florence,resolved_entity
ref-42aae50842ebd1db,enr-10048,units/persons/baldassare-franceschini,cells,1,0,佛罗伦萨,entity,units/places/florence,resolved_entity
ref-3409de0e7027bb5e,enr-01962,units/persons/bartolozzi,value,,0,村景,entity,units/works/marco-ricci-village-scene,resolved_entity
ref-6151c87d91d92035,enr-01962,units/persons/bartolozzi,cells,1,0,村景,entity,units/works/marco-ricci-village-scene,resolved_entity
ref-db51ae096b26914d,enr-10055,units/persons/bartolozzi,value,,0,威尼斯,entity,units/places/venice,resolved_entity
ref-0a8e6ac8fe047fd6,enr-10055,units/persons/bartolozzi,cells,1,0,威尼斯,entity,units/places/venice,resolved_entity
ref-5af4486eb712257f,enr-10056,units/persons/bartolozzi,value,,0,乔万尼·沃尔帕托,entity,units/persons/g-volpato,resolved_entity
ref-b67d8864d72353d2,enr-10056,units/persons/bartolozzi,cells,1,0,乔万尼·沃尔帕托,entity,units/persons/g-volpato,resolved_entity
ref-899c7d491ae1cde6,enr-01981,units/persons/benedict-nicolson,value,,0,弗朗西斯·哈斯克尔（Francis Haskell）,entity,units/persons/francis-haskell,resolved_entity
ref-c3f7dfc376171032,enr-01981,units/persons/benedict-nicolson,cells,1,0,弗朗西斯·哈斯克尔（Francis Haskell）,entity,units/persons/francis-haskell,resolved_entity
ref-64250ff6694b5452,enr-02007,units/persons/bernardino-castelli,value,,0,泰奥多罗·科雷尔肖像,entity,units/works/bernardino-castelli-teodoro-correr,resolved_entity
ref-0e62714e5f528c3b,enr-02007,units/persons/bernardino-castelli,cells,1,0,泰奥多罗·科雷尔肖像,entity,units/works/bernardino-castelli-teodoro-correr,resolved_entity
ref-08ad794263cc3eca,enr-10077,units/persons/bernardino-castelli,value,,0,威尼斯,entity,units/places/venice,resolved_entity
ref-bebf58b5404d89c9,enr-10077,units/persons/bernardino-castelli,cells,1,0,威尼斯,entity,units/places/venice,resolved_entity
ref-d3c0122e3d18b86f,enr-10080,units/persons/bernardino-castelli,value,,0,帕多瓦,entity,units/places/padua,resolved_entity
ref-e04c0fad66c26ead,enr-10080,units/persons/bernardino-castelli,cells,1,0,帕多瓦,entity,units/places/padua,resolved_entity
ref-97fe1d07b99c63ec,enr-10090,units/persons/bruce-boucher,value,,0,考陶尔德艺术学院,entity,units/institutions/courtauld-institute-of-art,resolved_entity
ref-bebe8050dd7f4557,enr-10090,units/persons/bruce-boucher,cells,1,0,考陶尔德艺术学院,entity,units/institutions/courtauld-institute-of-art,resolved_entity
ref-d83da5ac25724628,enr-10091,units/persons/bruce-boucher,value,,0,芝加哥艺术博物馆,entity,units/institutions/art-institute-of-chicago,resolved_entity
ref-d2e4bb688d57441f,enr-10091,units/persons/bruce-boucher,cells,1,0,芝加哥艺术博物馆,entity,units/institutions/art-institute-of-chicago,resolved_entity
ref-7262b9c838c4bbc6,enr-10092,units/persons/bruce-boucher,value,,0,约翰·索恩爵士博物馆,entity,units/institutions/sir-john-soanes-museum,resolved_entity
ref-60c79c4ea3e80d63,enr-10092,units/persons/bruce-boucher,cells,1,0,约翰·索恩爵士博物馆,entity,units/institutions/sir-john-soanes-museum,resolved_entity
ref-45e531b2b8b5052f,enr-02039,units/persons/burnacini,value,,0,歌剧《拉丁君权凯旋》的极乐世界,entity,units/works/burnacini-the-elysian-fields,resolved_entity
ref-dacf8f4f8626b813,enr-02039,units/persons/burnacini,cells,1,0,歌剧《拉丁君权凯旋》的极乐世界,entity,units/works/burnacini-the-elysian-fields,resolved_entity
ref-6c60f63e07e30314,enr-10095,units/persons/burnacini,value,,0,《拉丁君权凯旋》,entity,units/works/la-monarchia-latina-trionfante,resolved_entity
ref-836a3c64e4ffa063,enr-10095,units/persons/burnacini,cells,1,0,《拉丁君权凯旋》,entity,units/works/la-monarchia-latina-trionfante,resolved_entity
ref-a7bfe2478aaa7ba4,enr-10096,units/persons/burnacini,value,,0,极乐世界,entity,units/works/burnacini-the-elysian-fields,resolved_entity
ref-9d6f7dc4bbcd71a7,enr-10096,units/persons/burnacini,cells,1,0,极乐世界,entity,units/works/burnacini-the-elysian-fields,resolved_entity
ref-ea51c748c8f82682,enr-10097,units/persons/burnacini,value,,0,马特乌斯·屈塞尔,entity,units/persons/matthaeus-kusel,resolved_entity
ref-7705441ab9557eef,enr-10097,units/persons/burnacini,cells,1,0,马特乌斯·屈塞尔,entity,units/persons/matthaeus-kusel,resolved_entity
ref-822bfc33da06127e,enr-10104,units/persons/camillo-gavasetti,value,,0,圣安托尼诺堂,entity,units/places/sant-antonino-piacenza,resolved_entity
ref-b2089ed223047f83,enr-10104,units/persons/camillo-gavasetti,cells,2,0,圣安托尼诺堂,entity,units/places/sant-antonino-piacenza,resolved_entity
ref-37fede293a9c076e,enr-02063,units/persons/camillo-massimi,value,,0,卡米洛·马西米肖像,entity,units/works/velasquez-camillo-massimi,resolved_entity
ref-23d03daf4e4df821,enr-02063,units/persons/camillo-massimi,cells,1,0,卡米洛·马西米肖像,entity,units/works/velasquez-camillo-massimi,resolved_entity
ref-06fc7446d9f6e07e,enr-10124,units/persons/camillo-pamfili,value,,0,莫拉,entity,units/persons/pier-francesco-mola,resolved_entity
ref-7eb8556e3050c264,enr-10124,units/persons/camillo-pamfili,value,,1,科尔泰塞,entity,units/persons/guglielmo-cortese,resolved_entity
ref-48c1ff93fc7c1fb7,enr-10124,units/persons/camillo-pamfili,cells,1,0,莫拉,entity,units/persons/pier-francesco-mola,resolved_entity
ref-7a48fdf592237aed,enr-10124,units/persons/camillo-pamfili,cells,1,1,科尔泰塞,entity,units/persons/guglielmo-cortese,resolved_entity
ref-55aad3cd26e4deaf,enr-02079,units/persons/canaletto,value,,0,巴德明顿景观,entity,units/works/canaletto-view-from-badminton-1748,resolved_entity
ref-2c0c9c74e702f996,enr-02079,units/persons/canaletto,cells,1,0,巴德明顿景观,entity,units/works/canaletto-view-from-badminton-1748,resolved_entity
ref-e15738f4ec79163a,enr-02081,units/persons/canaletto,value,,0,蒂洛特森大主教寓意纪念墓,entity,units/works/canaletto-allegorical-tomb-to-the-memory-of-archbishop-tillotson,resolved_entity
ref-17af5519d092a875,enr-02081,units/persons/canaletto,cells,1,0,蒂洛特森大主教寓意纪念墓,entity,units/works/canaletto-allegorical-tomb-to-the-memory-of-archbishop-tillotson,resolved_entity
ref-6636f7779e3d56e1,enr-02083,units/persons/canaletto,value,,0,蚀刻集献辞卷首图,entity,units/works/canaletto-dedicatory-frontispiece-to-etchings,resolved_entity
ref-1eba062c1d3d0f61,enr-02083,units/persons/canaletto,cells,1,0,蚀刻集献辞卷首图,entity,units/works/canaletto-dedicatory-frontispiece-to-etchings,resolved_entity
ref-1e841a931b69d307,enr-02085,units/persons/canaletto,value,,0,帕多瓦Prà广场,entity,units/works/canaletto-pra-della-valle-padua,resolved_entity
ref-9e265448141c192a,enr-02085,units/persons/canaletto,cells,1,0,帕多瓦Prà广场,entity,units/works/canaletto-pra-della-valle-padua,resolved_entity
ref-4bb96fd78868c6de,enr-10129,units/persons/canaletto,value,,0,《蒂洛特森大主教寓意纪念墓》,entity,units/works/canaletto-allegorical-tomb-to-the-memory-of-archbishop-tillotson,resolved_entity
ref-ac32a8ea07271514,enr-10129,units/persons/canaletto,cells,1,0,《蒂洛特森大主教寓意纪念墓》,entity,units/works/canaletto-allegorical-tomb-to-the-memory-of-archbishop-tillotson,resolved_entity
ref-19295437d7462035,enr-02092,units/persons/canova,value,,0,阿马德奥·斯瓦耶尔肖像,entity,units/works/canova-amadeo-swajer,resolved_entity
ref-dc682987ae9a9be3,enr-02092,units/persons/canova,cells,1,0,阿马德奥·斯瓦耶尔肖像,entity,units/works/canova-amadeo-swajer,resolved_entity
ref-e6b37460c91ab330,enr-10132,units/persons/canova,value,,0,威尼斯,entity,units/places/venice,resolved_entity
ref-35385e41e0afcc21,enr-10132,units/persons/canova,cells,1,0,威尼斯,entity,units/places/venice,resolved_entity
ref-96ab12870c8fca86,enr-10135,units/persons/canova,value,,0,乔万尼·沃尔帕托,entity,units/persons/g-volpato,resolved_entity
ref-199da98d195f8791,enr-10135,units/persons/canova,cells,1,0,乔万尼·沃尔帕托,entity,units/persons/g-volpato,resolved_entity
ref-0345fcc386325304,enr-02107,units/persons/caravaggio,evidence,,0,异文记录,processing_record,patrons-and-painters-chp-1/process/knowledge.md#rev-072-persons-caravaggio,not_in_package
ref-01d1cdc40a933c62,enr-02107,units/persons/caravaggio,cells,2,0,异文记录,processing_record,patrons-and-painters-chp-1/process/knowledge.md#rev-072-persons-caravaggio,not_in_package
ref-caee552423b9be0d,enr-10140,units/persons/caravaggio,value,,0,《果篮》／Basket of Fruit,entity,units/works/caravaggio-basket-of-fruit,resolved_entity
ref-522abe119409c9f4,enr-10140,units/persons/caravaggio,cells,1,0,《果篮》／Basket of Fruit,entity,units/works/caravaggio-basket-of-fruit,resolved_entity
ref-6a6b538ae818b6e6,enr-10141,units/persons/caravaggio,value,,0,《纸牌作弊者》（金贝尔版本）／The Cardsharps (Kimbell version),entity,units/works/caravaggio-cardsharps-kimbell,resolved_entity
ref-9be91982e698e768,enr-10141,units/persons/caravaggio,cells,1,0,《纸牌作弊者》（金贝尔版本）／The Cardsharps (Kimbell version),entity,units/works/caravaggio-cardsharps-kimbell,resolved_entity
ref-7dda0c58ec487326,enr-10142,units/persons/caravaggio,value,,0,《音乐家们》／The Musicians,entity,units/works/caravaggio-musicians,resolved_entity
ref-31a36a30ff919a8b,enr-10142,units/persons/caravaggio,cells,1,0,《音乐家们》／The Musicians,entity,units/works/caravaggio-musicians,resolved_entity
ref-c0664cabddf7c83b,enr-10143,units/persons/caravaggio,value,,0,《削水果的男孩》（皇家收藏版本）／Boy Peeling Fruit (Royal Collection version),entity,units/works/caravaggio-boy-peeling-fruit-royal,resolved_entity
ref-345576361067449f,enr-10143,units/persons/caravaggio,cells,1,0,《削水果的男孩》（皇家收藏版本）／Boy Peeling Fruit (Royal Collection version),entity,units/works/caravaggio-boy-peeling-fruit-royal,resolved_entity
ref-953bbb6e88cba02a,enr-10144,units/persons/caravaggio,value,,0,《提果篮的男孩》／Boy with a Basket of Fruit,entity,units/works/caravaggio-boy-with-basket-fruit,resolved_entity
ref-e4e17b65d670c8db,enr-10144,units/persons/caravaggio,cells,1,0,《提果篮的男孩》／Boy with a Basket of Fruit,entity,units/works/caravaggio-boy-with-basket-fruit,resolved_entity
ref-1bbb9c3656ca74b6,enr-10145,units/persons/caravaggio,value,,0,《生病的巴克斯》／Young Sick Bacchus,entity,units/works/caravaggio-young-sick-bacchus,resolved_entity
ref-90e02a5e02b6138f,enr-10145,units/persons/caravaggio,cells,1,0,《生病的巴克斯》／Young Sick Bacchus,entity,units/works/caravaggio-young-sick-bacchus,resolved_entity
ref-f44c35dbc5140a29,enr-10146,units/persons/caravaggio,value,,0,《圣方济各入神》／Saint Francis of Assisi in Ecstasy,entity,units/works/caravaggio-saint-francis-ecstasy,resolved_entity
ref-5505cf90244fe108,enr-10146,units/persons/caravaggio,cells,1,0,《圣方济各入神》／Saint Francis of Assisi in Ecstasy,entity,units/works/caravaggio-saint-francis-ecstasy,resolved_entity
ref-9bec86d6715a7d8a,enr-10147,units/persons/caravaggio,value,,0,《算命者》（卡比托利欧第一版）／The Fortune Teller (Capitoline first version),entity,units/works/caravaggio-fortune-teller-capitoline,resolved_entity
ref-c541c04f8ed85447,enr-10147,units/persons/caravaggio,value,,1,《算命者》（卢浮宫第二版）／The Fortune Teller (Louvre second version),entity,units/works/caravaggio-fortune-teller-louvre,resolved_entity
ref-d26c013df4f17a32,enr-10147,units/persons/caravaggio,cells,1,0,《算命者》（卡比托利欧第一版）／The Fortune Teller (Capitoline first version),entity,units/works/caravaggio-fortune-teller-capitoline,resolved_entity
ref-1173744ec84ade8f,enr-10147,units/persons/caravaggio,cells,1,1,《算命者》（卢浮宫第二版）／The Fortune Teller (Louvre second version),entity,units/works/caravaggio-fortune-teller-louvre,resolved_entity
ref-4af0ffb6320459a9,enr-10148,units/persons/caravaggio,value,,0,《鲁特琴演奏者》（艾尔米塔什版本）／The Lute Player (Hermitage version),entity,units/works/caravaggio-lute-player-hermitage,resolved_entity
ref-d24b1e2e4a05a3d4,enr-10148,units/persons/caravaggio,cells,1,0,《鲁特琴演奏者》（艾尔米塔什版本）／The Lute Player (Hermitage version),entity,units/works/caravaggio-lute-player-hermitage,resolved_entity
ref-5056d0fbb9c9c7ab,enr-10149,units/persons/caravaggio,value,,0,《巴克斯》／Bacchus,entity,units/works/caravaggio-bacchus-uffizi,resolved_entity
ref-24022bd0bec98ff6,enr-10149,units/persons/caravaggio,cells,1,0,《巴克斯》／Bacchus,entity,units/works/caravaggio-bacchus-uffizi,resolved_entity
ref-d0505b478a844ca0,enr-10150,units/persons/caravaggio,value,,0,《被蜥蜴咬伤的男孩》（伦敦版本）／Boy Bitten by a Lizard (London version),entity,units/works/caravaggio-boy-bitten-lizard-london,resolved_entity
ref-587b6321c5055bdd,enr-10150,units/persons/caravaggio,cells,1,0,《被蜥蜴咬伤的男孩》（伦敦版本）／Boy Bitten by a Lizard (London version),entity,units/works/caravaggio-boy-bitten-lizard-london,resolved_entity
ref-06695ca09b82fc36,enr-10151,units/persons/caravaggio,value,,0,《悔罪的抹大拉》／Penitent Magdalene,entity,units/works/caravaggio-penitent-magdalene,resolved_entity
ref-515cd0c38cf2cbe4,enr-10151,units/persons/caravaggio,cells,1,0,《悔罪的抹大拉》／Penitent Magdalene,entity,units/works/caravaggio-penitent-magdalene,resolved_entity
ref-dca6304a33c1796b,enr-10152,units/persons/caravaggio,value,,0,《亚历山大的圣凯瑟琳》／Saint Catherine of Alexandria,entity,units/works/caravaggio-saint-catherine-alexandria,resolved_entity
ref-b13757b20b2ec852,enr-10152,units/persons/caravaggio,cells,1,0,《亚历山大的圣凯瑟琳》／Saint Catherine of Alexandria,entity,units/works/caravaggio-saint-catherine-alexandria,resolved_entity
ref-5019751ea8f7ea4e,enr-10153,units/persons/caravaggio,value,,0,《马大与抹大拉的马利亚》／Martha and Mary Magdalene,entity,units/works/caravaggio-martha-mary-magdalene,resolved_entity
ref-191a2ad1edf81270,enr-10153,units/persons/caravaggio,cells,1,0,《马大与抹大拉的马利亚》／Martha and Mary Magdalene,entity,units/works/caravaggio-martha-mary-magdalene,resolved_entity
ref-7d7ef768ed408ab9,enr-10154,units/persons/caravaggio,value,,0,《朱迪斯斩杀赫罗弗尼斯》（巴贝里尼宫版本）／Judith Beheading Holofernes (Palazzo Barberini version),entity,units/works/caravaggio-judith-barberini,resolved_entity
ref-415edf0b8285d730,enr-10154,units/persons/caravaggio,cells,1,0,《朱迪斯斩杀赫罗弗尼斯》（巴贝里尼宫版本）／Judith Beheading Holofernes (Palazzo Barberini version),entity,units/works/caravaggio-judith-barberini,resolved_entity
ref-94427aea57735905,enr-10155,units/persons/caravaggio,value,,0,《以撒献祭》（乌菲齐版本）／Sacrifice of Isaac (Uffizi version),entity,units/works/caravaggio-sacrifice-isaac-uffizi,resolved_entity
ref-b994a2bd8c44ecf2,enr-10155,units/persons/caravaggio,value,,1,《以撒献祭》（原普林斯顿旧藏版本）／Sacrifice of Isaac (former Princeton version),entity,units/works/caravaggio-sacrifice-isaac-princeton,resolved_entity
ref-e7ae89eb7e818cc4,enr-10155,units/persons/caravaggio,cells,1,0,《以撒献祭》（乌菲齐版本）／Sacrifice of Isaac (Uffizi version),entity,units/works/caravaggio-sacrifice-isaac-uffizi,resolved_entity
ref-67df23fbefa9f48a,enr-10155,units/persons/caravaggio,cells,1,1,《以撒献祭》（原普林斯顿旧藏版本）／Sacrifice of Isaac (former Princeton version),entity,units/works/caravaggio-sacrifice-isaac-princeton,resolved_entity
ref-7e99fdffd87949b7,enr-10156,units/persons/caravaggio,value,,0,《逃往埃及途中的休息》／Rest on the Flight into Egypt,entity,units/works/caravaggio-rest-flight-egypt,resolved_entity
ref-0d59abf5c132f29b,enr-10156,units/persons/caravaggio,cells,1,0,《逃往埃及途中的休息》／Rest on the Flight into Egypt,entity,units/works/caravaggio-rest-flight-egypt,resolved_entity
ref-3e1b0326a959bb3a,enr-10157,units/persons/caravaggio,value,,0,《美杜莎》（乌菲齐版本）／Medusa (Uffizi version),entity,units/works/caravaggio-medusa-uffizi,resolved_entity
ref-17cd3126a5d4d2b4,enr-10157,units/persons/caravaggio,value,,1,《美杜莎》（穆尔托拉版本）／Medusa Murtola,entity,units/works/caravaggio-medusa-murtola,resolved_entity
ref-9a5ed4c8757a7fbf,enr-10157,units/persons/caravaggio,cells,1,0,《美杜莎》（乌菲齐版本）／Medusa (Uffizi version),entity,units/works/caravaggio-medusa-uffizi,resolved_entity
ref-cbeff68d3184345b,enr-10157,units/persons/caravaggio,cells,1,1,《美杜莎》（穆尔托拉版本）／Medusa Murtola,entity,units/works/caravaggio-medusa-murtola,resolved_entity
ref-3fb3f76f1c78d5dd,enr-10158,units/persons/caravaggio,value,,0,《水仙》／Narcissus,entity,units/works/caravaggio-narcissus,resolved_entity
ref-70ca1604221e2796,enr-10158,units/persons/caravaggio,cells,1,0,《水仙》／Narcissus,entity,units/works/caravaggio-narcissus,resolved_entity
ref-f2a67c5505182962,enr-10159,units/persons/caravaggio,value,,0,《以马忤斯的晚餐》（伦敦版本）／Supper at Emmaus (London version),entity,units/works/caravaggio-supper-emmaus-london,resolved_entity
ref-94d72c2116b75989,enr-10159,units/persons/caravaggio,cells,1,0,《以马忤斯的晚餐》（伦敦版本）／Supper at Emmaus (London version),entity,units/works/caravaggio-supper-emmaus-london,resolved_entity
ref-0eb9cc045fd60837,enr-10160,units/persons/caravaggio,value,,0,《圣马太殉难》／The Martyrdom of Saint Matthew,entity,units/works/caravaggio-martyrdom-saint-matthew,resolved_entity
ref-887751ed09947be9,enr-10160,units/persons/caravaggio,cells,1,0,《圣马太殉难》／The Martyrdom of Saint Matthew,entity,units/works/caravaggio-martyrdom-saint-matthew,resolved_entity
ref-9a7da455b5302434,enr-10161,units/persons/caravaggio,value,,0,《圣马太蒙召》／The Calling of Saint Matthew,entity,units/works/caravaggio-calling-saint-matthew,resolved_entity
ref-5deebc124569ff97,enr-10161,units/persons/caravaggio,cells,1,0,《圣马太蒙召》／The Calling of Saint Matthew,entity,units/works/caravaggio-calling-saint-matthew,resolved_entity
ref-c413a5fcc3eb5773,enr-10162,units/persons/caravaggio,value,,0,《多疑的圣多马》（无忧宫版本）／The Incredulity of Saint Thomas (Sanssouci version),entity,units/works/caravaggio-incredulity-thomas-sanssouci,resolved_entity
ref-2d5fca80fd05ab2e,enr-10162,units/persons/caravaggio,value,,1,《多疑的圣多马》（所谓“教会版本”）／The Incredulity of Saint Thomas (so-called Ecclesiastical version),entity,units/works/caravaggio-incredulity-thomas-ecclesiastical,resolved_entity
ref-716529fb1cc7c949,enr-10162,units/persons/caravaggio,cells,1,0,《多疑的圣多马》（无忧宫版本）／The Incredulity of Saint Thomas (Sanssouci version),entity,units/works/caravaggio-incredulity-thomas-sanssouci,resolved_entity
ref-83cba913000f46b7,enr-10162,units/persons/caravaggio,cells,1,1,《多疑的圣多马》（所谓“教会版本”）／The Incredulity of Saint Thomas (so-called Ecclesiastical version),entity,units/works/caravaggio-incredulity-thomas-ecclesiastical,resolved_entity
ref-848a796be85d160a,enr-10163,units/persons/caravaggio,value,,0,《逮捕基督》（都柏林版本）／The Taking of Christ (Dublin version),entity,units/works/caravaggio-taking-christ-dublin,resolved_entity
ref-2dde0b3048fc8cf2,enr-10163,units/persons/caravaggio,value,,1,《逮捕基督》（敖德萨复制品）／The Taking of Christ (Odesa copy),entity,units/works/caravaggio-taking-christ-odesa,resolved_entity
ref-57bc4e55342d2ac3,enr-10163,units/persons/caravaggio,cells,1,0,《逮捕基督》（都柏林版本）／The Taking of Christ (Dublin version),entity,units/works/caravaggio-taking-christ-dublin,resolved_entity
ref-66a1c318716597b9,enr-10163,units/persons/caravaggio,cells,1,1,《逮捕基督》（敖德萨复制品）／The Taking of Christ (Odesa copy),entity,units/works/caravaggio-taking-christ-odesa,resolved_entity
ref-c75ac44416abc9d6,enr-10164,units/persons/caravaggio,value,,0,《圣马太与天使》（第一版）／Saint Matthew and the Angel (first version),entity,units/works/caravaggio-giustiniani-rejected-altarpiece,resolved_entity
ref-43841202a755399f,enr-10164,units/persons/caravaggio,cells,1,0,《圣马太与天使》（第一版）／Saint Matthew and the Angel (first version),entity,units/works/caravaggio-giustiniani-rejected-altarpiece,resolved_entity
ref-4f763a85326baa95,enr-10165,units/persons/caravaggio,value,,0,《圣马太的启示》／The Inspiration of Saint Matthew,entity,units/works/caravaggio-inspiration-saint-matthew,resolved_entity
ref-632f6e73227afde0,enr-10165,units/persons/caravaggio,cells,1,0,《圣马太的启示》／The Inspiration of Saint Matthew,entity,units/works/caravaggio-inspiration-saint-matthew,resolved_entity
ref-98855124a5d2dbc8,enr-10166,units/persons/caravaggio,value,,0,《圣保罗归化》（第一版）／The Conversion of Saint Paul (first version),entity,units/works/caravaggio-conversion-saint-paul-first,resolved_entity
ref-74fd74c3f1c792a4,enr-10166,units/persons/caravaggio,cells,1,0,《圣保罗归化》（第一版）／The Conversion of Saint Paul (first version),entity,units/works/caravaggio-conversion-saint-paul-first,resolved_entity
ref-8b6abc132de8fce3,enr-10167,units/persons/caravaggio,value,,0,《大马士革路上的归化》／Conversion on the Way to Damascus,entity,units/works/caravaggio-conversion-damascus-cerasi,resolved_entity
ref-5c2492ab5f2d8ea8,enr-10167,units/persons/caravaggio,cells,1,0,《大马士革路上的归化》／Conversion on the Way to Damascus,entity,units/works/caravaggio-conversion-damascus-cerasi,resolved_entity
ref-33d623a60331fa80,enr-10168,units/persons/caravaggio,value,,0,《圣彼得钉十字架》／Crucifixion of Saint Peter,entity,units/works/caravaggio-crucifixion-saint-peter,resolved_entity
ref-6772bc4dee263a93,enr-10168,units/persons/caravaggio,cells,1,0,《圣彼得钉十字架》／Crucifixion of Saint Peter,entity,units/works/caravaggio-crucifixion-saint-peter,resolved_entity
ref-db53191fb122b6e2,enr-10169,units/persons/caravaggio,value,,0,《施洗者约翰与公羊》／Young Saint John the Baptist with a Ram,entity,units/works/caravaggio-john-baptist-ram-capitoline,resolved_entity
ref-3123a79fee3b8b7a,enr-10169,units/persons/caravaggio,cells,1,0,《施洗者约翰与公羊》／Young Saint John the Baptist with a Ram,entity,units/works/caravaggio-john-baptist-ram-capitoline,resolved_entity
ref-d5617488faf9888a,enr-10170,units/persons/caravaggio,value,,0,《基督下葬》／The Entombment of Christ,entity,units/works/caravaggio-entombment-christ,resolved_entity
ref-2c951ddb1fb7be0a,enr-10170,units/persons/caravaggio,cells,1,0,《基督下葬》／The Entombment of Christ,entity,units/works/caravaggio-entombment-christ,resolved_entity
ref-4161b67a09da9d9b,enr-10171,units/persons/caravaggio,value,,0,《洛雷托圣母》／Madonna di Loreto,entity,units/works/caravaggio-madonna-loreto,resolved_entity
ref-b1dff980bb5a87f4,enr-10171,units/persons/caravaggio,cells,1,0,《洛雷托圣母》／Madonna di Loreto,entity,units/works/caravaggio-madonna-loreto,resolved_entity
ref-26a6faf88c1c06eb,enr-10172,units/persons/caravaggio,value,,0,《马夫圣母》／Madonna and Child with Saint Anne (Madonna dei Palafrenieri),entity,units/works/caravaggio-madonna-palafrenieri,resolved_entity
ref-61e7356ea4661da3,enr-10172,units/persons/caravaggio,cells,1,0,《马夫圣母》／Madonna and Child with Saint Anne (Madonna dei Palafrenieri),entity,units/works/caravaggio-madonna-palafrenieri,resolved_entity
ref-a9c3599fc8a09778,enr-10173,units/persons/caravaggio,value,,0,《圣母之死》／Death of the Virgin,entity,units/works/caravaggio-death-virgin,resolved_entity
ref-6ea800a6b4cb9902,enr-10173,units/persons/caravaggio,cells,1,0,《圣母之死》／Death of the Virgin,entity,units/works/caravaggio-death-virgin,resolved_entity
ref-e5b39355837202bc,enr-10174,units/persons/caravaggio,value,,0,《爱神战胜一切》／Amor Vincit Omnia,entity,units/works/caravaggio-amor-vincit-omnia,resolved_entity
ref-be0572c12ce97264,enr-10174,units/persons/caravaggio,cells,1,0,《爱神战胜一切》／Amor Vincit Omnia,entity,units/works/caravaggio-amor-vincit-omnia,resolved_entity
ref-744d2f3ce3ea5a98,enr-10175,units/persons/caravaggio,value,,0,《书写中的圣哲罗姆》（博尔盖塞版本）／Saint Jerome Writing (Borghese version),entity,units/works/caravaggio-saint-jerome-borghese,resolved_entity
ref-7c8d021e4c07a0a9,enr-10175,units/persons/caravaggio,cells,1,0,《书写中的圣哲罗姆》（博尔盖塞版本）／Saint Jerome Writing (Borghese version),entity,units/works/caravaggio-saint-jerome-borghese,resolved_entity
ref-58a9e3ebd69ed8b7,enr-10176,units/persons/caravaggio,value,,0,《玫瑰经圣母》／Madonna of the Rosary,entity,units/works/caravaggio-madonna-rosary,resolved_entity
ref-ddd8bdaee9b394e9,enr-10176,units/persons/caravaggio,cells,1,0,《玫瑰经圣母》／Madonna of the Rosary,entity,units/works/caravaggio-madonna-rosary,resolved_entity
ref-cde374d2130f20a9,enr-10177,units/persons/caravaggio,value,,0,《七件善事》／The Seven Works of Mercy,entity,units/works/caravaggio-seven-works-mercy,resolved_entity
ref-750f81ea109d61d1,enr-10177,units/persons/caravaggio,cells,1,0,《七件善事》／The Seven Works of Mercy,entity,units/works/caravaggio-seven-works-mercy,resolved_entity
ref-0d3beffebc7ee336,enr-10178,units/persons/caravaggio,value,,0,《施洗者圣约翰斩首》／The Beheading of Saint John the Baptist,entity,units/works/caravaggio-beheading-john-baptist,resolved_entity
ref-d985c5f7d4e3d2aa,enr-10178,units/persons/caravaggio,cells,1,0,《施洗者圣约翰斩首》／The Beheading of Saint John the Baptist,entity,units/works/caravaggio-beheading-john-baptist,resolved_entity
ref-43d168545f2d4b28,enr-10179,units/persons/caravaggio,value,,0,《书写中的圣哲罗姆》（瓦莱塔版本）／Saint Jerome Writing (Valletta version),entity,units/works/caravaggio-saint-jerome-valletta,resolved_entity
ref-cd7ed46b20037dce,enr-10179,units/persons/caravaggio,cells,1,0,《书写中的圣哲罗姆》（瓦莱塔版本）／Saint Jerome Writing (Valletta version),entity,units/works/caravaggio-saint-jerome-valletta,resolved_entity
ref-b47b4aeb805b821f,enr-10180,units/persons/caravaggio,value,,0,《阿洛夫·德·维尼亚库尔与侍从肖像》／Portrait of Alof de Wignacourt and his Page,entity,units/works/caravaggio-portrait-wignacourt,resolved_entity
ref-861b0949351edd40,enr-10180,units/persons/caravaggio,cells,1,0,《阿洛夫·德·维尼亚库尔与侍从肖像》／Portrait of Alof de Wignacourt and his Page,entity,units/works/caravaggio-portrait-wignacourt,resolved_entity
ref-e6ac1829ea6e4da1,enr-10181,units/persons/caravaggio,value,,0,《圣露西下葬》／The Burial of Saint Lucy,entity,units/works/caravaggio-burial-saint-lucy,resolved_entity
ref-806ce52d8271af45,enr-10181,units/persons/caravaggio,cells,1,0,《圣露西下葬》／The Burial of Saint Lucy,entity,units/works/caravaggio-burial-saint-lucy,resolved_entity
ref-8f6b6d21b5ed1a79,enr-10182,units/persons/caravaggio,value,,0,《拉撒路复活》／The Raising of Lazarus,entity,units/works/caravaggio-raising-lazarus,resolved_entity
ref-16fd72e01aa2aa45,enr-10182,units/persons/caravaggio,cells,1,0,《拉撒路复活》／The Raising of Lazarus,entity,units/works/caravaggio-raising-lazarus,resolved_entity
ref-86e0fa8c03b8c673,enr-10183,units/persons/caravaggio,value,,0,《牧羊人朝拜》／Adoration of the Shepherds,entity,units/works/caravaggio-adoration-shepherds,resolved_entity
ref-3c03f6ba13212467,enr-10183,units/persons/caravaggio,cells,1,0,《牧羊人朝拜》／Adoration of the Shepherds,entity,units/works/caravaggio-adoration-shepherds,resolved_entity
ref-6aa9b61a65afd19a,enr-10184,units/persons/caravaggio,value,,0,《莎乐美与施洗者圣约翰之首》（马德里版本）／Salome with the Head of John the Baptist (Madrid version),entity,units/works/caravaggio-salome-madrid,resolved_entity
ref-9c756b85e940547d,enr-10184,units/persons/caravaggio,cells,1,0,《莎乐美与施洗者圣约翰之首》（马德里版本）／Salome with the Head of John the Baptist (Madrid version),entity,units/works/caravaggio-salome-madrid,resolved_entity
ref-f8869b3a10de7ad0,enr-10185,units/persons/caravaggio,value,,0,《圣彼得不认主》／The Denial of Saint Peter,entity,units/works/caravaggio-denial-saint-peter,resolved_entity
ref-0054798f48590ab4,enr-10185,units/persons/caravaggio,cells,1,0,《圣彼得不认主》／The Denial of Saint Peter,entity,units/works/caravaggio-denial-saint-peter,resolved_entity
ref-e0f5f84a3fe3c4b5,enr-10186,units/persons/caravaggio,value,,0,《施洗者约翰》（博尔盖塞版本）／Saint John the Baptist (Borghese version),entity,units/works/caravaggio-john-baptist-borghese,resolved_entity
ref-9a51c646c1a4fe87,enr-10186,units/persons/caravaggio,cells,1,0,《施洗者约翰》（博尔盖塞版本）／Saint John the Baptist (Borghese version),entity,units/works/caravaggio-john-baptist-borghese,resolved_entity
ref-1a1063923cfcf8b4,enr-10187,units/persons/caravaggio,value,,0,《圣乌尔苏拉殉难》／The Martyrdom of Saint Ursula,entity,units/works/caravaggio-martyrdom-saint-ursula,resolved_entity
ref-bd83ddf6c456d039,enr-10187,units/persons/caravaggio,cells,1,0,《圣乌尔苏拉殉难》／The Martyrdom of Saint Ursula,entity,units/works/caravaggio-martyrdom-saint-ursula,resolved_entity
ref-83827714d1f5171b,enr-10188,units/persons/caravaggio,value,,0,《大卫与歌利亚之首》（博尔盖塞版本）／David with the Head of Goliath (Borghese version),entity,units/works/caravaggio-david-goliath-borghese,resolved_entity
ref-ca38398b541f84a9,enr-10188,units/persons/caravaggio,cells,1,0,《大卫与歌利亚之首》（博尔盖塞版本）／David with the Head of Goliath (Borghese version),entity,units/works/caravaggio-david-goliath-borghese,resolved_entity
ref-df59aefa44ca4b28,enr-10189,units/persons/caravaggio,value,,0,《圣彼得与圣安德烈蒙召》／The Calling of Saints Peter and Andrew,entity,units/works/caravaggio-calling-peter-andrew,resolved_entity
ref-76505080d9d120cc,enr-10189,units/persons/caravaggio,cells,1,0,《圣彼得与圣安德烈蒙召》／The Calling of Saints Peter and Andrew,entity,units/works/caravaggio-calling-peter-andrew,resolved_entity
ref-ccb918aa3ea79980,enr-10190,units/persons/caravaggio,value,,0,《圣奥古斯丁》（2011年公布对象）／Saint Augustine (object announced in 2011),entity,units/works/caravaggio-saint-augustine-disputed,resolved_entity
ref-c9577dc9181bf09e,enr-10190,units/persons/caravaggio,cells,1,0,《圣奥古斯丁》（2011年公布对象）／Saint Augustine (object announced in 2011),entity,units/works/caravaggio-saint-augustine-disputed,resolved_entity
ref-d2e0fb4a6d642e74,enr-10191,units/persons/caravaggio,value,,0,《朱迪斯斩杀赫罗弗尼斯》（图卢兹对象）／Judith Beheading Holofernes (Toulouse object),entity,units/works/caravaggio-judith-toulouse,resolved_entity
ref-7254db7c5a48a51b,enr-10191,units/persons/caravaggio,cells,1,0,《朱迪斯斩杀赫罗弗尼斯》（图卢兹对象）／Judith Beheading Holofernes (Toulouse object),entity,units/works/caravaggio-judith-toulouse,resolved_entity
ref-cd801336362f1596,enr-10192,units/persons/caravaggio,value,,0,《看这个人》（马德里对象）／Ecce Homo (Madrid object),entity,units/works/caravaggio-ecce-homo-madrid,resolved_entity
ref-182f2172ae8210d4,enr-10192,units/persons/caravaggio,cells,1,0,《看这个人》（马德里对象）／Ecce Homo (Madrid object),entity,units/works/caravaggio-ecce-homo-madrid,resolved_entity
ref-23d8cec8996d1068,enr-10193,units/persons/caravaggio,value,,0,《圣方济各与圣劳伦斯在场的耶稣诞生》／Nativity with Saint Francis and Saint Lawrence,entity,units/works/caravaggio-nativity-palermo,resolved_entity
ref-d9b2441d4d6e4e8f,enr-10193,units/persons/caravaggio,cells,1,0,《圣方济各与圣劳伦斯在场的耶稣诞生》／Nativity with Saint Francis and Saint Lawrence,entity,units/works/caravaggio-nativity-palermo,resolved_entity
ref-214cc4f642f1f94b,enr-10194,units/persons/caravaggio,value,,0,《菲利德·梅兰德罗尼肖像》／Portrait of Fillide Melandroni,entity,units/works/caravaggio-portrait-fillide,resolved_entity
ref-ecd607506a86c52b,enr-10194,units/persons/caravaggio,cells,1,0,《菲利德·梅兰德罗尼肖像》／Portrait of Fillide Melandroni,entity,units/works/caravaggio-portrait-fillide,resolved_entity
ref-c521c2052a38371e,enr-10195,units/persons/caravaggio,value,,0,《橄榄山上的基督》／Christ on the Mount of Olives,entity,units/works/caravaggio-christ-mount-olives,resolved_entity
ref-875c1d2656f13081,enr-10195,units/persons/caravaggio,cells,1,0,《橄榄山上的基督》／Christ on the Mount of Olives,entity,units/works/caravaggio-christ-mount-olives,resolved_entity
ref-9c64c5ce98376b96,enr-02114,units/persons/caravaggio,value,,0,马费奥·巴贝里尼肖像,entity,units/works/caravaggio-maffeo-barberini,resolved_entity
ref-89c8b3526a36ebdc,enr-02114,units/persons/caravaggio,cells,1,0,马费奥·巴贝里尼肖像,entity,units/works/caravaggio-maffeo-barberini,resolved_entity
ref-fa5da3be1af0a122,enr-02120,units/persons/cardinal-bentivoglio,value,,0,本蒂沃利奥枢机肖像,entity,units/works/van-dyck-cardinal-bentivoglio,resolved_entity
ref-00fa75bc92635ba1,enr-02120,units/persons/cardinal-bentivoglio,cells,1,0,本蒂沃利奥枢机肖像,entity,units/works/van-dyck-cardinal-bentivoglio,resolved_entity
ref-440b1e5aa9ef26be,enr-10202,units/persons/cardinal-bentivoglio,value,,0,安东尼·范·戴克,entity,units/persons/van-dyck,resolved_entity
ref-8e3a3cb76f76c916,enr-10202,units/persons/cardinal-bentivoglio,cells,1,0,安东尼·范·戴克,entity,units/persons/van-dyck,resolved_entity
ref-3b7bdfec09c4d950,enr-10203,units/persons/cardinal-bentivoglio,value,,0,本人肖像,entity,units/works/van-dyck-cardinal-bentivoglio,resolved_entity
ref-903aa0b814cc8c80,enr-10203,units/persons/cardinal-bentivoglio,cells,1,0,本人肖像,entity,units/works/van-dyck-cardinal-bentivoglio,resolved_entity
ref-58f3bb8ab48b8c55,enr-10204,units/persons/cardinal-bentivoglio,value,,0,罗马,entity,units/places/rome,resolved_entity
ref-3962414c2b160fb4,enr-10204,units/persons/cardinal-bentivoglio,cells,1,0,罗马,entity,units/places/rome,resolved_entity
ref-15c3c67df0cc4149,enr-02144,units/persons/cardinal-borghese-ch1,value,,0,保禄五世（Paul V）,entity,units/persons/paul-v,resolved_entity
ref-7e414c8cfc618737,enr-02144,units/persons/cardinal-borghese-ch1,cells,1,0,保禄五世（Paul V）,entity,units/persons/paul-v,resolved_entity
ref-9fc7941c3185275c,enr-10257,units/persons/carlo-bianconi,value,,0,博洛尼亚,entity,units/places/bologna,resolved_entity
ref-7d94d90b3bbdfbbb,enr-10257,units/persons/carlo-bianconi,cells,1,0,博洛尼亚,entity,units/places/bologna,resolved_entity
ref-ea6f2c5c210bc807,enr-10258,units/persons/carlo-bianconi,value,,0,米兰,entity,units/places/milan,resolved_entity
ref-6298a71af223872a,enr-10258,units/persons/carlo-bianconi,cells,1,0,米兰,entity,units/places/milan,resolved_entity
ref-b84a9dcaec856377,enr-10260,units/persons/carlo-bianconi,value,,0,弗朗切斯科·阿尔加罗蒂墓,entity,units/works/tomb-of-francesco-algarotti,resolved_entity
ref-8c5aee5d5c50e474,enr-10260,units/persons/carlo-bianconi,cells,1,0,弗朗切斯科·阿尔加罗蒂墓,entity,units/works/tomb-of-francesco-algarotti,resolved_entity
ref-d5ffa62bf4496a33,enr-10261,units/persons/carlo-bianconi,value,,0,毛罗·安东尼奥·泰西,entity,units/persons/mauro-antonio-tesi,resolved_entity
ref-63b7b6405995ba9b,enr-10261,units/persons/carlo-bianconi,cells,1,0,毛罗·安东尼奥·泰西,entity,units/persons/mauro-antonio-tesi,resolved_entity
ref-aa996d61359991a2,enr-02183,units/persons/carlo-bianconi,value,,0,沃尔帕托,entity,units/persons/g-volpato,resolved_entity
ref-5ab45fd133eb1b75,enr-02183,units/persons/carlo-bianconi,value,,1,阿尔加罗蒂墓版画,entity,units/works/g-volpato-mourners-at-tomb-of-francesco-algarotti-in-pisa,resolved_entity
ref-b63b8e8c5ee72151,enr-02183,units/persons/carlo-bianconi,cells,1,0,沃尔帕托,entity,units/persons/g-volpato,resolved_entity
ref-496778482c2727c4,enr-02183,units/persons/carlo-bianconi,cells,1,1,阿尔加罗蒂墓版画,entity,units/works/g-volpato-mourners-at-tomb-of-francesco-algarotti-in-pisa,resolved_entity
ref-5738fd8c8bd04a66,enr-10268,units/persons/carlo-dolci,value,,0,托马斯·贝恩斯肖像,entity,units/works/carlo-dolci-sir-thomas-baines,resolved_entity
ref-9942fc497c555827,enr-10268,units/persons/carlo-dolci,cells,1,0,托马斯·贝恩斯肖像,entity,units/works/carlo-dolci-sir-thomas-baines,resolved_entity
ref-351a2db38fb4d2a0,enr-10269,units/persons/carlo-dolci,value,,0,约翰·芬奇（John Finch）,entity,units/persons/john-finch,resolved_entity
ref-8095113d30e49046,enr-10269,units/persons/carlo-dolci,cells,1,0,约翰·芬奇（John Finch）,entity,units/persons/john-finch,resolved_entity
ref-5bb45709fa971270,enr-10270,units/persons/carlo-dolci,value,,0,PD.12-1972,entity,units/works/carlo-dolci-sir-john-finch,resolved_entity
ref-ff5adcd32da38390,enr-10270,units/persons/carlo-dolci,cells,1,0,PD.12-1972,entity,units/works/carlo-dolci-sir-john-finch,resolved_entity
ref-6e5271379733a5f4,enr-10271,units/persons/carlo-dolci,value,,0,PD.13-1972,entity,units/works/carlo-dolci-sir-thomas-baines,resolved_entity
ref-74f38e0fc1266eef,enr-10271,units/persons/carlo-dolci,cells,1,0,PD.13-1972,entity,units/works/carlo-dolci-sir-thomas-baines,resolved_entity
ref-81315234dbf454f6,enr-02210,units/persons/carlo-lodoli,value,,0,卡洛·洛多利肖像,entity,units/works/alessandro-longhi-carlo-lodoli,resolved_entity
ref-b2589da6879678e8,enr-02210,units/persons/carlo-lodoli,cells,1,0,卡洛·洛多利肖像,entity,units/works/alessandro-longhi-carlo-lodoli,resolved_entity
ref-006655b1bf241bdc,enr-10277,units/persons/carlo-lodoli,value,,0,威尼斯,entity,units/places/venice,resolved_entity
ref-90ec77ccc5f9c905,enr-10277,units/persons/carlo-lodoli,cells,1,0,威尼斯,entity,units/places/venice,resolved_entity
ref-4b3377c9c2131aa6,enr-10278,units/persons/carlo-lodoli,value,,0,帕多瓦,entity,units/places/padua,resolved_entity
ref-0a30833d3b69fc7d,enr-10278,units/persons/carlo-lodoli,cells,1,0,帕多瓦,entity,units/places/padua,resolved_entity
ref-2f07ef8b12a9cd69,enr-10284,units/persons/carlo-lodoli,value,,0,弗朗切斯科·阿尔加罗蒂,entity,units/persons/francesco-algarotti,resolved_entity
ref-1d967e61f6693219,enr-10284,units/persons/carlo-lodoli,cells,1,0,弗朗切斯科·阿尔加罗蒂,entity,units/persons/francesco-algarotti,resolved_entity
ref-fc4032f2b27d61b1,enr-10285,units/persons/carlo-lodoli,value,,0,安德烈亚·梅莫,entity,units/persons/andrea-memmo,resolved_entity
ref-ed015b02bfe9af1d,enr-10285,units/persons/carlo-lodoli,cells,1,0,安德烈亚·梅莫,entity,units/persons/andrea-memmo,resolved_entity
ref-78a4e6b98ede0061,enr-10287,units/persons/carlo-lodoli,value,,0,威尼斯,entity,units/places/venice,resolved_entity
ref-825e4679a453f7bf,enr-10287,units/persons/carlo-lodoli,cells,1,0,威尼斯,entity,units/places/venice,resolved_entity
ref-c0b50ad25cedc7fa,enr-10293,units/persons/carlo-maratta,value,,0,Andrea Sacchi,entity,units/persons/andrea-sacchi,resolved_entity
ref-f305a8136aa8eacf,enr-10293,units/persons/carlo-maratta,cells,1,0,Andrea Sacchi,entity,units/persons/andrea-sacchi,resolved_entity
ref-267b3f092dbaf644,enr-02248,units/persons/carlo-maratta,value,,0,安东尼奥·巴贝里尼枢机,entity,units/works/carlo-maratta-cardinal-antonio-barberini,resolved_entity
ref-eceb2cffd34bbda4,enr-02248,units/persons/carlo-maratta,cells,1,0,安东尼奥·巴贝里尼枢机,entity,units/works/carlo-maratta-cardinal-antonio-barberini,resolved_entity
ref-84a1f62739ce6c04,enr-02250,units/persons/carlo-maratta,value,,0,查尔斯·福克斯肖像,entity,units/works/carlo-maratta-charles-fox,resolved_entity
ref-14187604ac51d9e7,enr-02250,units/persons/carlo-maratta,cells,1,0,查尔斯·福克斯肖像,entity,units/works/carlo-maratta-charles-fox,resolved_entity
ref-3d438486b31f5bb8,enr-02252,units/persons/carlo-maratta,value,,0,托马斯·伊舍姆,entity,units/works/carlo-maratta-sir-thomas-isham,resolved_entity
ref-b4ac1cadff7cb1f8,enr-02252,units/persons/carlo-maratta,cells,1,0,托马斯·伊舍姆,entity,units/works/carlo-maratta-sir-thomas-isham,resolved_entity
ref-83ccebb1180ce3ff,enr-02269,units/persons/cassiano-dal-pozzo,value,,0,卡西亚诺·达尔·波佐漫画,entity,units/works/bernini-caricature-of-cassiano-dal-pozzo,resolved_entity
ref-b8692639fb9fcbcd,enr-02269,units/persons/cassiano-dal-pozzo,cells,1,0,卡西亚诺·达尔·波佐漫画,entity,units/works/bernini-caricature-of-cassiano-dal-pozzo,resolved_entity
ref-6d2d0df9a4e2714b,enr-10315,units/persons/charles-fox,value,,0,查尔斯·福克斯肖像,entity,units/works/carlo-maratta-charles-fox,resolved_entity
ref-63a13dd11b134380,enr-10315,units/persons/charles-fox,cells,1,0,查尔斯·福克斯肖像,entity,units/works/carlo-maratta-charles-fox,resolved_entity
ref-579874bb50495cf3,enr-10319,units/persons/charles-francois-poerson,value,,0,巴黎,entity,units/places/paris,resolved_entity
ref-2b7160cf2d7bc682,enr-10319,units/persons/charles-francois-poerson,cells,1,0,巴黎,entity,units/places/paris,resolved_entity
ref-a3bc62743e9a03f3,enr-10321,units/persons/charles-francois-poerson,value,,0,罗马,entity,units/places/rome,resolved_entity
ref-f2320a3dc58b05ee,enr-10321,units/persons/charles-francois-poerson,cells,1,0,罗马,entity,units/places/rome,resolved_entity
ref-ff8a8c570afa712d,enr-10322,units/persons/charles-francois-poerson,value,,0,罗马法国学院,entity,units/institutions/french-academy-in-rome,resolved_entity
ref-d4351fae9942e2c1,enr-10322,units/persons/charles-francois-poerson,cells,1,0,罗马法国学院,entity,units/institutions/french-academy-in-rome,resolved_entity
ref-f52561a00323b409,enr-02296,units/persons/charles-francois-poerson,value,,0,关于罗马绘画赞助的书信,entity,units/archives/poerson-letter-1708,resolved_entity
ref-9535fba8d9ca14e5,enr-02296,units/persons/charles-francois-poerson,cells,1,0,关于罗马绘画赞助的书信,entity,units/archives/poerson-letter-1708,resolved_entity
ref-d41302748715876d,enr-02300,units/persons/charles-i,value,,0,查理一世肖像,entity,units/works/francesco-fanelli-charles-i,resolved_entity
ref-3e704f8f36d07aef,enr-02300,units/persons/charles-i,cells,1,0,查理一世肖像,entity,units/works/francesco-fanelli-charles-i,resolved_entity
ref-4f6f492aa65a08b3,enr-02329,units/persons/cimaroli,value,,0,蒂洛特森大主教寓意纪念墓,entity,units/works/canaletto-allegorical-tomb-to-the-memory-of-archbishop-tillotson,resolved_entity
ref-77154d01158e6719,enr-02329,units/persons/cimaroli,cells,1,0,蒂洛特森大主教寓意纪念墓,entity,units/works/canaletto-allegorical-tomb-to-the-memory-of-archbishop-tillotson,resolved_entity
ref-821fc042c5145ae1,enr-10331,units/persons/cimaroli,value,,0,《蒂洛特森大主教寓意纪念墓》,entity,units/works/canaletto-allegorical-tomb-to-the-memory-of-archbishop-tillotson,resolved_entity
ref-b0e50f0298d42262,enr-10331,units/persons/cimaroli,cells,1,0,《蒂洛特森大主教寓意纪念墓》,entity,units/works/canaletto-allegorical-tomb-to-the-memory-of-archbishop-tillotson,resolved_entity
ref-ccd833f61f6c9198,enr-10333,units/persons/ciro-ferri,value,,0,彼得罗·达·科尔托纳,entity,units/persons/pietro-da-cortona,resolved_entity
ref-df064531544ebd52,enr-10333,units/persons/ciro-ferri,cells,1,0,彼得罗·达·科尔托纳,entity,units/persons/pietro-da-cortona,resolved_entity
ref-1375e72fa523b748,enr-02361,units/persons/claude-lorrain,value,,0,有队列的德尔斐景观,entity,units/works/claude-view-of-delphi-with-a-procession,resolved_entity
ref-ed9594cda888aaa1,enr-02361,units/persons/claude-lorrain,cells,1,0,有队列的德尔斐景观,entity,units/works/claude-view-of-delphi-with-a-procession,resolved_entity
ref-5b1c9e4737f3173c,enr-10345,units/persons/claude-mellan,value,,0,阿布维尔,entity,units/places/abbeville,resolved_entity
ref-65793dabee500734,enr-10345,units/persons/claude-mellan,cells,1,0,阿布维尔,entity,units/places/abbeville,resolved_entity
ref-0a715e7ca993f43a,enr-10347,units/persons/claude-mellan,value,,0,巴黎,entity,units/places/paris,resolved_entity
ref-d7617c81f14f03e0,enr-10347,units/persons/claude-mellan,cells,1,0,巴黎,entity,units/places/paris,resolved_entity
ref-b5ca63db15ce59d1,enr-02371,units/persons/claude-mellan,value,,0,文琴佐·朱斯蒂尼亚尼肖像,entity,units/works/claude-mellan-vincenzo-giustiniani,resolved_entity
ref-fc6e6b560040ee1d,enr-02371,units/persons/claude-mellan,cells,1,0,文琴佐·朱斯蒂尼亚尼肖像,entity,units/works/claude-mellan-vincenzo-giustiniani,resolved_entity
ref-61dce9ded1518ebc,enr-10350,units/persons/clement-i,value,,0,"罗马圣克莱孟堂（S. Clemente, Rome）",entity,units/places/san-clemente-rome,resolved_entity
ref-2d28794212437c8d,enr-10350,units/persons/clement-i,cells,1,0,"罗马圣克莱孟堂（S. Clemente, Rome）",entity,units/places/san-clemente-rome,resolved_entity
ref-b2850eaccfb26abd,enr-02376,units/persons/clement-i,value,,0,克勉十一世（Clement XI）,entity,units/persons/clement-xi,resolved_entity
ref-5754c09dd3da1c2e,enr-02376,units/persons/clement-i,cells,1,0,克勉十一世（Clement XI）,entity,units/persons/clement-xi,resolved_entity
ref-739574c32f82edad,enr-02394,units/persons/clement-xi,value,,0,圣克莱孟堂重新装饰,entity,units/events/san-clemente-redecoration,resolved_entity
ref-397684e281a2f9fb,enr-02394,units/persons/clement-xi,cells,1,0,圣克莱孟堂重新装饰,entity,units/events/san-clemente-redecoration,resolved_entity
ref-dd772bb1dd5df5b6,enr-10402,units/persons/dan-fellows-platt,value,,0,雷古鲁斯之死准备稿,entity,units/works/rosa-regulus-study-princeton,resolved_entity
ref-c2c3efe4075364cc,enr-10402,units/persons/dan-fellows-platt,cells,1,0,雷古鲁斯之死准备稿,entity,units/works/rosa-regulus-study-princeton,resolved_entity
ref-b9b5bf3681ad78ef,enr-10403,units/persons/dan-fellows-platt,value,,0,普林斯顿大学艺术博物馆,entity,units/institutions/princeton-university-art-museum,resolved_entity
ref-0bfe930b3f5a7d68,enr-10403,units/persons/dan-fellows-platt,cells,1,0,普林斯顿大学艺术博物馆,entity,units/institutions/princeton-university-art-museum,resolved_entity
ref-947e1542bb15ef2a,enr-02435,units/persons/daphne-ionides,value,,0,查理一世肖像,entity,units/works/francesco-fanelli-charles-i,resolved_entity
ref-19a0e41291eee06c,enr-02435,units/persons/daphne-ionides,cells,1,0,查理一世肖像,entity,units/works/francesco-fanelli-charles-i,resolved_entity
ref-a3c834d460d071ee,enr-02460,units/persons/domenichino,value,,0,狄安娜狩猎,entity,units/works/domenichino-hunt-of-diana,resolved_entity
ref-78abf298bc2bec5c,enr-02460,units/persons/domenichino,cells,1,0,狄安娜狩猎,entity,units/works/domenichino-hunt-of-diana,resolved_entity
ref-e8a415be58fabc4d,enr-10438,units/persons/domenico-cerato,value,,0,帕多瓦,entity,units/places/padua,resolved_entity
ref-83b1dd144c0be172,enr-10438,units/persons/domenico-cerato,cells,1,0,帕多瓦,entity,units/places/padua,resolved_entity
ref-017449f5113818b4,enr-10441,units/persons/domenico-cerato,value,,0,帕多瓦,entity,units/places/padua,resolved_entity
ref-ff2da54e4b32e01f,enr-10441,units/persons/domenico-cerato,cells,1,0,帕多瓦,entity,units/places/padua,resolved_entity
ref-87aa6b53b6af44c0,enr-10442,units/persons/domenico-cerato,value,,0,安德烈亚·梅莫,entity,units/persons/andrea-memmo,resolved_entity
ref-3b76f1a4c3f0f4d5,enr-10442,units/persons/domenico-cerato,value,,1,Prà广场,entity,units/places/pra-della-valle,resolved_entity
ref-4d25f1d2c0a9699d,enr-10442,units/persons/domenico-cerato,cells,1,0,安德烈亚·梅莫,entity,units/persons/andrea-memmo,resolved_entity
ref-df7b7351972d9ab1,enr-10442,units/persons/domenico-cerato,cells,1,1,Prà广场,entity,units/places/pra-della-valle,resolved_entity
ref-878fef2a8aaf5d63,enr-02469,units/persons/domenico-cerato,value,,0,Prà广场整治原始方案,entity,units/works/domenico-cerato-original-proposals-for-reclaiming-pra-della-valle,resolved_entity
ref-ffd7e28924d28285,enr-02469,units/persons/domenico-cerato,cells,1,0,Prà广场整治原始方案,entity,units/works/domenico-cerato-original-proposals-for-reclaiming-pra-della-valle,resolved_entity
ref-41de25fbfffd70a4,enr-10446,units/persons/domenico-maria-viani,value,,0,博洛尼亚,entity,units/places/bologna,resolved_entity
ref-9746851fa9223c0b,enr-10446,units/persons/domenico-maria-viani,cells,1,0,博洛尼亚,entity,units/places/bologna,resolved_entity
ref-7794d5562eb730cb,enr-10447,units/persons/domenico-maria-viani,value,,0,皮斯托亚,entity,units/places/pistoia,resolved_entity
ref-ccbc521182246684,enr-10447,units/persons/domenico-maria-viani,cells,1,0,皮斯托亚,entity,units/places/pistoia,resolved_entity
ref-50f71337fbca178b,enr-10449,units/persons/domenico-maria-viani,value,,0,乔瓦尼·马里亚·维亚尼,entity,units/persons/giovanni-maria-viani,resolved_entity
ref-ac69762660e96ee8,enr-10449,units/persons/domenico-maria-viani,cells,1,0,乔瓦尼·马里亚·维亚尼,entity,units/persons/giovanni-maria-viani,resolved_entity
ref-8fd54dd17c5d51b3,enr-10450,units/persons/domenico-maria-viani,value,,0,乔瓦尼·马里亚·维亚尼,entity,units/persons/giovanni-maria-viani,resolved_entity
ref-723f50b20864bdd9,enr-10450,units/persons/domenico-maria-viani,cells,1,0,乔瓦尼·马里亚·维亚尼,entity,units/persons/giovanni-maria-viani,resolved_entity
ref-5582a597ecc03eb8,enr-02509,units/persons/eberhard-zwicker,value,,0,维尔茨堡宫楼梯顶画局部,entity,units/works/tiepolo-detail-from-fresco-on-ceiling-of-staircase-in-residenz,resolved_entity
ref-88affb1f24efa2cc,enr-02509,units/persons/eberhard-zwicker,cells,1,0,维尔茨堡宫楼梯顶画局部,entity,units/works/tiepolo-detail-from-fresco-on-ceiling-of-staircase-in-residenz,resolved_entity
ref-9c3e019c84cab253,enr-10472,units/persons/ellis-waterhouse,value,,0,英国国家美术馆,entity,units/institutions/national-gallery-london,resolved_entity
ref-1781c4c4f73974d9,enr-10472,units/persons/ellis-waterhouse,cells,1,0,英国国家美术馆,entity,units/institutions/national-gallery-london,resolved_entity
ref-23bf3e681dc197dc,enr-10482,units/persons/ernest-cognacq,value,,0,圣马丹德雷,entity,units/places/saint-martin-de-re,resolved_entity
ref-8a72cd66b2ab599c,enr-10482,units/persons/ernest-cognacq,cells,1,0,圣马丹德雷,entity,units/places/saint-martin-de-re,resolved_entity
ref-fce3b2294d786588,enr-10483,units/persons/ernest-cognacq,value,,0,巴黎,entity,units/places/paris,resolved_entity
ref-596b4b750a63686a,enr-10483,units/persons/ernest-cognacq,cells,1,0,巴黎,entity,units/places/paris,resolved_entity
ref-f18bea713e890504,enr-02545,units/persons/ernest-cognacq,value,,0,玛丽—路易丝·杰,entity,units/persons/marie-louise-jay,resolved_entity
ref-abf6c92df21dd49d,enr-02545,units/persons/ernest-cognacq,cells,1,0,玛丽—路易丝·杰,entity,units/persons/marie-louise-jay,resolved_entity
ref-dbb9c06a10fe8b31,enr-02548,units/persons/ernest-cognacq,value,,0,巴黎市政当局,entity,units/institutions/city-of-paris,resolved_entity
ref-9107f8890a3c7435,enr-02548,units/persons/ernest-cognacq,cells,1,0,巴黎市政当局,entity,units/institutions/city-of-paris,resolved_entity
ref-ed5be73f72bc1b5a,enr-10489,units/persons/ernest-cognacq,value,,0,提埃坡罗《克娄巴特拉的宴会》，J 104,entity,units/works/tiepolo-banquet-cognacq-jay,resolved_entity
ref-93fded9594449270,enr-10489,units/persons/ernest-cognacq,cells,1,0,提埃坡罗《克娄巴特拉的宴会》，J 104,entity,units/works/tiepolo-banquet-cognacq-jay,resolved_entity
ref-9fefad5edce4bfbf,enr-02550,units/persons/ernest-cognacq,value,,0,科涅克—杰博物馆,entity,units/institutions/musee-cognacq-jay,resolved_entity
ref-68b87845d561eeca,enr-02550,units/persons/ernest-cognacq,cells,1,0,科涅克—杰博物馆,entity,units/institutions/musee-cognacq-jay,resolved_entity
ref-b1b2223fe3d88679,enr-10493,units/persons/ernest-graf,value,,0,《教皇史》英文版第三十三卷,entity,units/archives/pastor-popes-english-vol33,resolved_entity
ref-0bf683d670dd4aaa,enr-10493,units/persons/ernest-graf,cells,1,0,《教皇史》英文版第三十三卷,entity,units/archives/pastor-popes-english-vol33,resolved_entity
ref-9cd86eeff95eb92c,enr-02584,units/persons/ferdinand-grand-prince-tuscany,value,,0,托斯卡纳大公子费迪南多肖像,entity,units/works/francesco-petrucci-grand-prince-ferdinand-of-tuscany,resolved_entity
ref-ff9ab4ecafe62e03,enr-02584,units/persons/ferdinand-grand-prince-tuscany,cells,1,0,托斯卡纳大公子费迪南多肖像,entity,units/works/francesco-petrucci-grand-prince-ferdinand-of-tuscany,resolved_entity
ref-060bcfd7dc28c4d6,enr-02588,units/persons/ferdinando-ii-de-medici,value,,0,圭多·本蒂沃利奥枢机肖像,entity,units/works/van-dyck-cardinal-bentivoglio,resolved_entity
ref-eae1172cf71fe7c0,enr-02588,units/persons/ferdinando-ii-de-medici,cells,1,0,圭多·本蒂沃利奥枢机肖像,entity,units/works/van-dyck-cardinal-bentivoglio,resolved_entity
ref-c3c4e09495bd0397,enr-10513,units/persons/ferdinando-ii-de-medici,value,,0,安尼巴莱·本蒂沃利奥,entity,units/persons/annibale-bentivoglio,resolved_entity
ref-ed1c9f070f026aa3,enr-10513,units/persons/ferdinando-ii-de-medici,cells,1,0,安尼巴莱·本蒂沃利奥,entity,units/persons/annibale-bentivoglio,resolved_entity
ref-d9f3a53c839473dc,enr-10515,units/persons/ferdinando-marescalchi,value,,0,博洛尼亚,entity,units/places/bologna,resolved_entity
ref-b60dfc06b5715f2b,enr-10515,units/persons/ferdinando-marescalchi,cells,1,0,博洛尼亚,entity,units/places/bologna,resolved_entity
ref-b333294a2a1fed2c,enr-10516,units/persons/ferdinando-marescalchi,value,,0,摩德纳,entity,units/places/modena,resolved_entity
ref-93952ea77afa00dd,enr-10516,units/persons/ferdinando-marescalchi,cells,1,0,摩德纳,entity,units/places/modena,resolved_entity
ref-da76031df4677ef3,enr-10519,units/persons/ferdinando-marescalchi,value,,0,卡米洛·马西米肖像,entity,units/works/velasquez-camillo-massimi,resolved_entity
ref-eb46db97ba6ad80a,enr-10519,units/persons/ferdinando-marescalchi,cells,0,0,卡米洛·马西米肖像,entity,units/works/velasquez-camillo-massimi,resolved_entity
ref-e3dd50e46a6dcc9f,enr-10525,units/persons/filippo-hercolani-1736,value,,0,Marcantonio Hercolani（1709–1772）,entity,units/persons/marcantonio-hercolani-1709,resolved_entity
ref-0b9bf4136f58573d,enr-10525,units/persons/filippo-hercolani-1736,cells,1,0,Marcantonio Hercolani（1709–1772）,entity,units/persons/marcantonio-hercolani-1709,resolved_entity
ref-a06ee2c2fb867496,enr-02627,units/persons/flaminio-corner,value,,0,弗拉米尼奥·科尔内尔肖像,entity,units/works/marco-pitteri-flaminio-corner,resolved_entity
ref-f0630d47f0e10653,enr-02627,units/persons/flaminio-corner,cells,1,0,弗拉米尼奥·科尔内尔肖像,entity,units/works/marco-pitteri-flaminio-corner,resolved_entity
ref-51f3bbb5c91ad4a6,enr-02651,units/persons/francesco-algarotti,value,,0,弗朗切斯科·阿尔加罗蒂肖像,entity,units/works/francesco-algarotti,resolved_entity
ref-c4dbc331afd0679f,enr-02651,units/persons/francesco-algarotti,cells,1,0,弗朗切斯科·阿尔加罗蒂肖像,entity,units/works/francesco-algarotti,resolved_entity
ref-b5ee19545a82523d,enr-02653,units/persons/francesco-algarotti,value,,0,阿尔加罗蒂墓前悼念者,entity,units/works/g-volpato-mourners-at-tomb-of-francesco-algarotti-in-pisa,resolved_entity
ref-5bb2f9dbacd5cf30,enr-02653,units/persons/francesco-algarotti,cells,1,0,阿尔加罗蒂墓前悼念者,entity,units/works/g-volpato-mourners-at-tomb-of-francesco-algarotti-in-pisa,resolved_entity
ref-38ac33105f380c7d,enr-10543,units/persons/francesco-algarotti,value,,0,弗朗切斯科·阿尔加罗蒂墓,entity,units/works/tomb-of-francesco-algarotti,resolved_entity
ref-d4d609441ba0ebb5,enr-10543,units/persons/francesco-algarotti,cells,1,0,弗朗切斯科·阿尔加罗蒂墓,entity,units/works/tomb-of-francesco-algarotti,resolved_entity
ref-c0e0ab6556e42400,enr-10544,units/persons/francesco-algarotti,value,,0,毛罗·安东尼奥·泰西,entity,units/persons/mauro-antonio-tesi,resolved_entity
ref-e43c7b468fae8821,enr-10544,units/persons/francesco-algarotti,cells,1,0,毛罗·安东尼奥·泰西,entity,units/persons/mauro-antonio-tesi,resolved_entity
ref-03741f70ad528f5b,enr-10545,units/persons/francesco-algarotti,value,,0,毛罗·安东尼奥·泰西,entity,units/persons/mauro-antonio-tesi,resolved_entity
ref-4324338a80961659,enr-10545,units/persons/francesco-algarotti,cells,1,0,毛罗·安东尼奥·泰西,entity,units/persons/mauro-antonio-tesi,resolved_entity
ref-0615992f7badbc26,enr-10546,units/persons/francesco-algarotti,value,,0,卡洛·洛多利,entity,units/persons/carlo-lodoli,resolved_entity
ref-3bf58467262e18fe,enr-10546,units/persons/francesco-algarotti,cells,1,0,卡洛·洛多利,entity,units/persons/carlo-lodoli,resolved_entity
ref-89f89bf859c5ee73,enr-02672,units/persons/francesco-barberini,value,,0,弗朗切斯科·巴贝里尼枢机,entity,units/works/ottavio-leoni-cardinal-francesco-barberini,resolved_entity
ref-23380c0c6ff98cb2,enr-02672,units/persons/francesco-barberini,cells,1,0,弗朗切斯科·巴贝里尼枢机,entity,units/works/ottavio-leoni-cardinal-francesco-barberini,resolved_entity
ref-1a553bd5093f20ac,enr-10554,units/persons/francesco-fanelli,value,,0,佛罗伦萨,entity,units/places/florence,resolved_entity
ref-e4670f722820df04,enr-10554,units/persons/francesco-fanelli,cells,1,0,佛罗伦萨,entity,units/places/florence,resolved_entity
ref-cc62ec6ef461b267,enr-10560,units/persons/francesco-fanelli,value,,0,热那亚,entity,units/places/genoa,resolved_entity
ref-0452143de8cf72af,enr-10560,units/persons/francesco-fanelli,cells,1,0,热那亚,entity,units/places/genoa,resolved_entity
ref-13f6c3dfa216e755,enr-10561,units/persons/francesco-fanelli,value,,0,伦敦,entity,units/places/london,resolved_entity
ref-5eb0b38cd48d0919,enr-10561,units/persons/francesco-fanelli,cells,1,0,伦敦,entity,units/places/london,resolved_entity
ref-1342557e9bf2883e,enr-10562,units/persons/francesco-fanelli,value,,0,查理一世,entity,units/persons/charles-i,resolved_entity
ref-6e25489cce142d45,enr-10562,units/persons/francesco-fanelli,cells,1,0,查理一世,entity,units/persons/charles-i,resolved_entity
ref-a9827c8d871d808b,enr-10563,units/persons/francesco-fanelli,value,,0,查理一世,entity,units/persons/charles-i,resolved_entity
ref-88e2ccebc724521a,enr-10563,units/persons/francesco-fanelli,cells,1,0,查理一世,entity,units/persons/charles-i,resolved_entity
ref-c57da1a70f62fab9,enr-02683,units/persons/francesco-fanelli,value,,0,查理一世肖像,entity,units/works/francesco-fanelli-charles-i,resolved_entity
ref-3cebc297b0279332,enr-02683,units/persons/francesco-fanelli,cells,1,0,查理一世肖像,entity,units/works/francesco-fanelli-charles-i,resolved_entity
ref-88b6c39c5ea3f1c5,enr-10570,units/persons/francesco-fontana,evidence,,0,书信知识元,entity,units/archives/testi-fontana-bernini-letter,resolved_entity
ref-ea6c4343fdbb7505,enr-10570,units/persons/francesco-fontana,cells,2,0,书信知识元,entity,units/archives/testi-fontana-bernini-letter,resolved_entity
ref-9740c094be0df0b5,enr-10571,units/persons/francesco-fontana,evidence,,0,书信知识元,entity,units/archives/testi-fontana-letter-1634-01-18,resolved_entity
ref-9baf0adba6cc107b,enr-10571,units/persons/francesco-fontana,cells,2,0,书信知识元,entity,units/archives/testi-fontana-letter-1634-01-18,resolved_entity
ref-96b8ee93df388ac9,enr-02687,units/persons/francesco-guardi,value,,0,约翰·斯特兰奇别墅景观,entity,units/works/francesco-guardi-view-of-john-strange-s-villa-at-paese-near-treviso,resolved_entity
ref-319e6c7db8427e97,enr-02687,units/persons/francesco-guardi,cells,1,0,约翰·斯特兰奇别墅景观,entity,units/works/francesco-guardi-view-of-john-strange-s-villa-at-paese-near-treviso,resolved_entity
ref-107c7609e769bf46,enr-10577,units/persons/francesco-guardi,value,,0,威尼斯,entity,units/places/venice,resolved_entity
ref-55f6ba547766a66f,enr-10577,units/persons/francesco-guardi,cells,1,0,威尼斯,entity,units/places/venice,resolved_entity
ref-83380f3b4020e4e0,enr-10587,units/persons/francesco-maggiotto,value,,0,多梅尼科·费代利（又称马焦托）,entity,units/persons/domenico-fedeli-venice-painter,resolved_entity
ref-7d5992469afd8f0d,enr-10587,units/persons/francesco-maggiotto,cells,1,0,多梅尼科·费代利（又称马焦托）,entity,units/persons/domenico-fedeli-venice-painter,resolved_entity
ref-ec05c3fdfa440498,enr-10588,units/persons/francesco-maggiotto,value,,0,埃莱娜·祖利亚尼,entity,units/persons/elena-zuliani,resolved_entity
ref-cd8773bb53220f06,enr-10588,units/persons/francesco-maggiotto,cells,1,0,埃莱娜·祖利亚尼,entity,units/persons/elena-zuliani,resolved_entity
ref-1e00a71632d4bc0e,enr-10589,units/persons/francesco-maggiotto,value,,0,安杰拉·费代利,entity,units/persons/angela-fedeli,resolved_entity
ref-be72497e8390ec1f,enr-10589,units/persons/francesco-maggiotto,cells,1,0,安杰拉·费代利,entity,units/persons/angela-fedeli,resolved_entity
ref-2b8af05f9881f8e4,enr-10590,units/persons/francesco-maggiotto,value,,0,埃莱娜·费代利,entity,units/persons/elena-fedeli-daughter,resolved_entity
ref-a9a02fc0cce92859,enr-10590,units/persons/francesco-maggiotto,cells,1,0,埃莱娜·费代利,entity,units/persons/elena-fedeli-daughter,resolved_entity
ref-6743c72f668d36c6,enr-10591,units/persons/francesco-maggiotto,value,,0,乔万·巴蒂斯塔·费代利,entity,units/persons/giovan-battista-fedeli,resolved_entity
ref-777ef8f6329122c3,enr-10591,units/persons/francesco-maggiotto,cells,1,0,乔万·巴蒂斯塔·费代利,entity,units/persons/giovan-battista-fedeli,resolved_entity
ref-966d992bd5e8dff9,enr-10592,units/persons/francesco-maggiotto,value,,0,多梅尼科·费代利（弗朗切斯科之子）,entity,units/persons/domenico-fedeli-son-of-francesco,resolved_entity
ref-8ee9fa6ca9b4f9bd,enr-10592,units/persons/francesco-maggiotto,cells,1,0,多梅尼科·费代利（弗朗切斯科之子）,entity,units/persons/domenico-fedeli-son-of-francesco,resolved_entity
ref-57a3c6b0865a94ef,enr-10601,units/persons/francesco-maggiotto,cells,0,0,皮内利委托的168幅肖像组,entity,units/works/francesco-maggiotto-portraits-of-doges-1778,resolved_entity
ref-fbf11318c1787335,enr-10629,units/persons/francesco-petrucci,value,,0,巴尔达萨雷·弗兰切斯基尼（沃尔泰拉诺）,entity,units/persons/baldassare-franceschini,resolved_entity
ref-505c2a2f3af862d4,enr-10629,units/persons/francesco-petrucci,cells,0,0,巴尔达萨雷·弗兰切斯基尼（沃尔泰拉诺）,entity,units/persons/baldassare-franceschini,resolved_entity
ref-8c6d8347adee76a3,enr-10630,units/persons/francesco-petrucci,value,,0,托斯卡纳大公子费迪南多,entity,units/persons/ferdinand-grand-prince-tuscany,resolved_entity
ref-d909047a13649d9f,enr-10630,units/persons/francesco-petrucci,cells,1,0,托斯卡纳大公子费迪南多,entity,units/persons/ferdinand-grand-prince-tuscany,resolved_entity
ref-65a6624f4f53a832,enr-02751,units/persons/francesco-petrucci,value,,0,托斯卡纳大公子费迪南多肖像,entity,units/works/francesco-petrucci-grand-prince-ferdinand-of-tuscany,resolved_entity
ref-4f71a0fdc629a060,enr-02751,units/persons/francesco-petrucci,cells,1,0,托斯卡纳大公子费迪南多肖像,entity,units/works/francesco-petrucci-grand-prince-ferdinand-of-tuscany,resolved_entity
ref-abdf7552e37cf817,enr-02772,units/persons/francis-haskell,value,,0,赞助人与画家,entity,units/archives/patrons-and-painters,resolved_entity
ref-d4d3dc79b14dbe43,enr-02772,units/persons/francis-haskell,cells,1,0,赞助人与画家,entity,units/archives/patrons-and-painters,resolved_entity
ref-34379fef1e1e82ed,enr-02774,units/persons/francis-haskell,value,,0,伦敦,entity,units/places/london,resolved_entity
ref-a5a69c235f11ab7b,enr-02774,units/persons/francis-haskell,cells,1,0,伦敦,entity,units/places/london,resolved_entity
ref-4e1c876c69a47d21,enr-02775,units/persons/francis-haskell,value,,0,剑桥大学国王学院,entity,units/institutions/kings-college-cambridge,resolved_entity
ref-730a155999a3770b,enr-02775,units/persons/francis-haskell,cells,1,0,剑桥大学国王学院,entity,units/institutions/kings-college-cambridge,resolved_entity
ref-7648748e3a40d57d,enr-02778,units/persons/francis-haskell,value,,0,尼古拉斯·佩夫斯纳,entity,units/persons/nikolaus-pevsner,resolved_entity
ref-0c20d373770996db,enr-02778,units/persons/francis-haskell,cells,1,0,尼古拉斯·佩夫斯纳,entity,units/persons/nikolaus-pevsner,resolved_entity
ref-ced8701abfe17012,enr-02779,units/persons/francis-haskell,value,,0,拉里萨·萨尔米娜,entity,units/persons/larissa-dedicatee,resolved_entity
ref-d49aac9af58ab3dd,enr-02779,units/persons/francis-haskell,cells,1,0,拉里萨·萨尔米娜,entity,units/persons/larissa-dedicatee,resolved_entity
ref-f50e0f3f2d4c1c54,enr-02780,units/persons/francis-haskell,value,,0,亚历山德罗·贝塔尼奥,entity,units/persons/alessandro-bettagno,resolved_entity
ref-7eb96bce4e7b7ac9,enr-02780,units/persons/francis-haskell,value,,1,拉里萨·萨尔米娜,entity,units/persons/larissa-dedicatee,resolved_entity
ref-46542848d9fde3cf,enr-02780,units/persons/francis-haskell,cells,1,0,亚历山德罗·贝塔尼奥,entity,units/persons/alessandro-bettagno,resolved_entity
ref-9f9cc77cab89f469,enr-02780,units/persons/francis-haskell,cells,1,1,拉里萨·萨尔米娜,entity,units/persons/larissa-dedicatee,resolved_entity
ref-771c3ae4f1c75752,enr-10660,units/persons/franco-venturi,value,,0,罗马,entity,units/places/rome,resolved_entity
ref-2a5e24e1eaf54ac7,enr-10660,units/persons/franco-venturi,cells,1,0,罗马,entity,units/places/rome,resolved_entity
ref-f27325a5b0d432a8,enr-10661,units/persons/franco-venturi,value,,0,都灵,entity,units/places/turin,resolved_entity
ref-2d560b3670b81a80,enr-10661,units/persons/franco-venturi,cells,1,0,都灵,entity,units/places/turin,resolved_entity
ref-21996e3b15d2d212,enr-10663,units/persons/franco-venturi,value,,0,都灵大学,entity,units/institutions/university-of-turin,resolved_entity
ref-aea5dd32284b6cf4,enr-10663,units/persons/franco-venturi,cells,1,0,都灵大学,entity,units/institutions/university-of-turin,resolved_entity
ref-8a99b8d45c85660d,enr-10664,units/persons/franco-venturi,value,,0,都灵大学,entity,units/institutions/university-of-turin,resolved_entity
ref-4e999182d5212ede,enr-10664,units/persons/franco-venturi,cells,1,0,都灵大学,entity,units/institutions/university-of-turin,resolved_entity
ref-acaae2447eb2f7ed,enr-10668,units/persons/francois-chauveau,value,,0,画廊中的马扎然,entity,units/works/nanteuil-cardinal-mazarin-in-his-gallery,resolved_entity
ref-04d0d96f2059b316,enr-10668,units/persons/francois-chauveau,cells,1,0,画廊中的马扎然,entity,units/works/nanteuil-cardinal-mazarin-in-his-gallery,resolved_entity
ref-d9d8b41a060d01e1,enr-02797,units/persons/francois-chauveau,value,,0,罗贝尔·南特伊,entity,units/persons/nanteuil,resolved_entity
ref-79de1466201b7b6d,enr-02797,units/persons/francois-chauveau,cells,1,0,罗贝尔·南特伊,entity,units/persons/nanteuil,resolved_entity
ref-5f52711b2ad21c07,enr-10669,units/persons/francois-mansart,value,,0,朱尔·马扎然,entity,units/persons/mazarin,resolved_entity
ref-644e533c2e0b1a8b,enr-10669,units/persons/francois-mansart,cells,1,0,朱尔·马扎然,entity,units/persons/mazarin,resolved_entity
ref-eb192cb5c53771cf,enr-02802,units/persons/francois-mansart,value,,0,马扎然宫,entity,units/places/palais-mazarin,resolved_entity
ref-bbd31b79f79aa91f,enr-02802,units/persons/francois-mansart,cells,1,0,马扎然宫,entity,units/places/palais-mazarin,resolved_entity
ref-89ba0dabdf280623,enr-02803,units/persons/francois-mansart,value,,0,马扎然画廊,entity,units/places/galerie-mazarin,resolved_entity
ref-680a357cc807f9b7,enr-02803,units/persons/francois-mansart,cells,1,0,马扎然画廊,entity,units/places/galerie-mazarin,resolved_entity
ref-5c8c1ff428350400,enr-10672,units/persons/franz-koenigs,value,,0,卡西亚诺·达尔·波佐漫画,entity,units/works/bernini-caricature-of-cassiano-dal-pozzo,resolved_entity
ref-be5cd8873a43b72d,enr-10672,units/persons/franz-koenigs,cells,1,0,卡西亚诺·达尔·波佐漫画,entity,units/works/bernini-caricature-of-cassiano-dal-pozzo,resolved_entity
ref-4c8eb543a3b96165,enr-10682,units/persons/fulvio-testi,evidence,,0,信件知识元,entity,units/archives/testi-fontana-bernini-letter,resolved_entity
ref-efe2704ef5cbea4e,enr-10682,units/persons/fulvio-testi,cells,2,0,信件知识元,entity,units/archives/testi-fontana-bernini-letter,resolved_entity
ref-003f5a6c2fa7ff9a,enr-10683,units/persons/fulvio-testi,evidence,,0,信件知识元,entity,units/archives/testi-fontana-letter-1634-01-18,resolved_entity
ref-abeade04c18f0539,enr-10683,units/persons/fulvio-testi,cells,2,0,信件知识元,entity,units/archives/testi-fontana-letter-1634-01-18,resolved_entity
ref-b09986c9b59c7fc2,enr-10693,units/persons/g-h-w-rylands,value,,0,剑桥大学国王学院,entity,units/institutions/kings-college-cambridge,resolved_entity
ref-a0b32e9da8a1624f,enr-10693,units/persons/g-h-w-rylands,cells,1,0,剑桥大学国王学院,entity,units/institutions/kings-college-cambridge,resolved_entity
ref-a8947b1d372b6c2e,enr-02838,units/persons/g-h-w-rylands,value,,0,赞助人与画家,entity,units/archives/patrons-and-painters,resolved_entity
ref-e2ef9f2bc948311c,enr-02838,units/persons/g-h-w-rylands,cells,1,0,赞助人与画家,entity,units/archives/patrons-and-painters,resolved_entity
ref-aef5ffd49cb4945c,enr-02843,units/persons/g-m-sasso,value,,0,乔万尼·马里亚·萨索肖像,entity,units/works/alessandro-longhi-g-m-sasso,resolved_entity
ref-0660f99009955c73,enr-02843,units/persons/g-m-sasso,cells,1,0,乔万尼·马里亚·萨索肖像,entity,units/works/alessandro-longhi-g-m-sasso,resolved_entity
ref-bf2cf9c284068649,enr-10695,units/persons/g-m-sasso,value,,0,威尼斯,entity,units/places/venice,resolved_entity
ref-af24f2315839eba7,enr-10695,units/persons/g-m-sasso,cells,1,0,威尼斯,entity,units/places/venice,resolved_entity
ref-b848cc4108bd26c0,enr-02846,units/persons/g-m-sasso,value,,0,亚伯拉罕·休谟,entity,units/persons/abraham-hume,resolved_entity
ref-549acb90fa15179d,enr-02846,units/persons/g-m-sasso,cells,1,0,亚伯拉罕·休谟,entity,units/persons/abraham-hume,resolved_entity
ref-bd2582a04e3e1edb,enr-02854,units/persons/g-volpato,value,,0,阿尔加罗蒂墓前悼念者,entity,units/works/g-volpato-mourners-at-tomb-of-francesco-algarotti-in-pisa,resolved_entity
ref-003108ba66d9b658,enr-02854,units/persons/g-volpato,cells,1,0,阿尔加罗蒂墓前悼念者,entity,units/works/g-volpato-mourners-at-tomb-of-francesco-algarotti-in-pisa,resolved_entity
ref-3f4db3f801ceda7c,enr-10702,units/persons/g-volpato,value,,0,弗朗切斯科·巴尔托洛齐,entity,units/persons/bartolozzi,resolved_entity
ref-9f494ec945027958,enr-10702,units/persons/g-volpato,value,,1,威尼斯,entity,units/places/venice,resolved_entity
ref-0c6386a30d2dfe72,enr-10702,units/persons/g-volpato,cells,1,0,弗朗切斯科·巴尔托洛齐,entity,units/persons/bartolozzi,resolved_entity
ref-6f95645766c591e7,enr-10702,units/persons/g-volpato,cells,1,1,威尼斯,entity,units/places/venice,resolved_entity
ref-fc5aac4f2a34a2a9,enr-10703,units/persons/g-volpato,value,,0,阿尔加罗蒂墓版画,entity,units/works/g-volpato-mourners-at-tomb-of-francesco-algarotti-in-pisa,resolved_entity
ref-1a861e8aa9a56dfd,enr-10703,units/persons/g-volpato,cells,1,0,阿尔加罗蒂墓版画,entity,units/works/g-volpato-mourners-at-tomb-of-francesco-algarotti-in-pisa,resolved_entity
ref-83fc34d8b5556af1,enr-10704,units/persons/g-volpato,value,,0,卡洛·比安科尼,entity,units/persons/carlo-bianconi,resolved_entity
ref-8079966f394fe82c,enr-10704,units/persons/g-volpato,cells,1,0,卡洛·比安科尼,entity,units/persons/carlo-bianconi,resolved_entity
ref-6f09dbc9e6808786,enr-10705,units/persons/g-volpato,value,,0,安东尼奥·卡诺瓦,entity,units/persons/canova,resolved_entity
ref-bcf45910574a947c,enr-10705,units/persons/g-volpato,cells,1,0,安东尼奥·卡诺瓦,entity,units/persons/canova,resolved_entity
ref-4705c7272c0dac49,enr-10708,units/persons/gaetano-cozzi,value,,0,威尼斯,entity,units/places/venice,resolved_entity
ref-bebc8f7eeecd1d3f,enr-10708,units/persons/gaetano-cozzi,cells,1,0,威尼斯,entity,units/places/venice,resolved_entity
ref-c9f4e87e66e32135,enr-10710,units/persons/gaetano-cozzi,value,,0,威尼斯卡福斯卡里大学,entity,units/institutions/ca-foscari-university-venice,resolved_entity
ref-4e41c0355622e9ab,enr-10710,units/persons/gaetano-cozzi,cells,1,0,威尼斯卡福斯卡里大学,entity,units/institutions/ca-foscari-university-venice,resolved_entity
ref-8dbec155db4106b8,enr-10711,units/persons/gaetano-cozzi,value,,0,帕多瓦大学,entity,units/institutions/university-of-padua,resolved_entity
ref-690a14306610195e,enr-10711,units/persons/gaetano-cozzi,cells,1,0,帕多瓦大学,entity,units/institutions/university-of-padua,resolved_entity
ref-a95204ca4175cae6,enr-10712,units/persons/gaetano-cozzi,value,,0,威尼斯卡福斯卡里大学,entity,units/institutions/ca-foscari-university-venice,resolved_entity
ref-a06b1447e65335f9,enr-10712,units/persons/gaetano-cozzi,cells,1,0,威尼斯卡福斯卡里大学,entity,units/institutions/ca-foscari-university-venice,resolved_entity
ref-f1cff78b4bacaabc,enr-10718,units/persons/gaspar-roomer,value,,0,那不勒斯,entity,units/places/naples,resolved_entity
ref-c849c48d23bb39df,enr-10718,units/persons/gaspar-roomer,cells,1,0,那不勒斯,entity,units/places/naples,resolved_entity
ref-4f36b38cde311df0,enr-10719,units/persons/gaspar-roomer,value,,0,希律王宴会,entity,units/works/rubens-the-feast-of-herod,resolved_entity
ref-649e1d2849ff85a7,enr-10719,units/persons/gaspar-roomer,cells,1,0,希律王宴会,entity,units/works/rubens-the-feast-of-herod,resolved_entity
ref-14845b579ca07bb7,enr-10720,units/persons/gaspar-roomer,value,,0,鲁本斯,entity,units/persons/peter-paul-rubens,resolved_entity
ref-ff367a66c0d14b09,enr-10720,units/persons/gaspar-roomer,cells,1,0,鲁本斯,entity,units/persons/peter-paul-rubens,resolved_entity
ref-52f1ab85254a0df2,enr-10724,units/persons/gentile-bellini,evidence,,0,异文记录,processing_record,patrons-and-painters-chp-1/process/knowledge.md#rev-072-persons-gentile-bellini,not_in_package
ref-bd0964a0bb5f0f42,enr-10724,units/persons/gentile-bellini,cells,2,0,异文记录,processing_record,patrons-and-painters-chp-1/process/knowledge.md#rev-072-persons-gentile-bellini,not_in_package
ref-7652adcf22bc75eb,enr-02901,units/persons/giacomo-triga,value,,0,圣克莱孟堂重新装饰,entity,units/events/san-clemente-redecoration,resolved_entity
ref-4cec0dad35c6b2e7,enr-02901,units/persons/giacomo-triga,cells,1,0,圣克莱孟堂重新装饰,entity,units/events/san-clemente-redecoration,resolved_entity
ref-a770f11db9348124,enr-02910,units/persons/giambattista-passeri,value,,0,罗马（Rome）,entity,units/places/rome,resolved_entity
ref-1ebfacebc8ba8776,enr-02910,units/persons/giambattista-passeri,cells,1,0,罗马（Rome）,entity,units/places/rome,resolved_entity
ref-45ae193cf70b867e,enr-02911,units/persons/giambattista-passeri,value,,0,罗马（Rome）,entity,units/places/rome,resolved_entity
ref-2fa8ec7f9bc1ee65,enr-02911,units/persons/giambattista-passeri,cells,1,0,罗马（Rome）,entity,units/places/rome,resolved_entity
ref-88acf32be2c66b3f,enr-10745,units/persons/giambattista-passeri,value,,0,多梅尼基诺,entity,units/persons/domenichino,resolved_entity
ref-237da092b8ced404,enr-10745,units/persons/giambattista-passeri,cells,1,0,多梅尼基诺,entity,units/persons/domenichino,resolved_entity
ref-9bf2b8167da673a4,enr-10746,units/persons/giambattista-passeri,value,,0,圣路加学院,entity,units/institutions/accademia-di-san-luca,resolved_entity
ref-72da94c8a116dc37,enr-10746,units/persons/giambattista-passeri,cells,1,0,圣路加学院,entity,units/institutions/accademia-di-san-luca,resolved_entity
ref-1de8820b37b07f61,enr-02920,units/persons/giambattista-tiepolo,value,,0,威尼托（Veneto）,entity,units/places/veneto,resolved_entity
ref-a343b458eda81467,enr-02920,units/persons/giambattista-tiepolo,cells,1,0,威尼托（Veneto）,entity,units/places/veneto,resolved_entity
ref-92e3f5eaf949b911,enr-10756,units/persons/giambattista-tiepolo,value,,0,克娄巴特拉的宴会：巴黎藏本,entity,units/works/tiepolo-banquet-cognacq-jay,resolved_entity
ref-332e799446573efe,enr-10756,units/persons/giambattista-tiepolo,cells,1,0,克娄巴特拉的宴会：巴黎藏本,entity,units/works/tiepolo-banquet-cognacq-jay,resolved_entity
ref-0742afc25e0ad494,enr-10757,units/persons/giambattista-tiepolo,value,,0,克娄巴特拉的宴会：墨尔本藏本,entity,units/works/tiepolo-banquet-victoria,resolved_entity
ref-378183b50034fe71,enr-10757,units/persons/giambattista-tiepolo,cells,1,0,克娄巴特拉的宴会：墨尔本藏本,entity,units/works/tiepolo-banquet-victoria,resolved_entity
ref-a3fe402742e16493,enr-10760,units/persons/giambattista-tiepolo,value,,0,海神向威尼斯致敬,entity,units/works/tiepolo-neptune-paying-homage-to-venice,resolved_entity
ref-f62b7a2a88b29031,enr-10760,units/persons/giambattista-tiepolo,cells,1,0,海神向威尼斯致敬,entity,units/works/tiepolo-neptune-paying-homage-to-venice,resolved_entity
ref-78a799e81a627813,enr-10761,units/persons/giambattista-tiepolo,value,,0,雷佐尼科家族婚姻寓意,entity,units/works/tiepolo-marriage-allegory-of-the-rezzonico-family,resolved_entity
ref-9925bfe8f57500d8,enr-10761,units/persons/giambattista-tiepolo,cells,1,0,雷佐尼科家族婚姻寓意,entity,units/works/tiepolo-marriage-allegory-of-the-rezzonico-family,resolved_entity
ref-ebc21635c6588b04,enr-10762,units/persons/giambattista-tiepolo,value,,0,皮萨尼家族的荣耀,entity,units/works/tiepolo-glorification-of-the-pisani-family,resolved_entity
ref-bdabec5d53e4302b,enr-10762,units/persons/giambattista-tiepolo,cells,1,0,皮萨尼家族的荣耀,entity,units/works/tiepolo-glorification-of-the-pisani-family,resolved_entity
ref-54a0551109bc65a3,enr-10763,units/persons/giambattista-tiepolo,value,,0,维尔茨堡宫楼梯厅顶画,entity,units/works/tiepolo-detail-from-fresco-on-ceiling-of-staircase-in-residenz,resolved_entity
ref-0555725473a339fa,enr-10763,units/persons/giambattista-tiepolo,cells,1,0,维尔茨堡宫楼梯厅顶画,entity,units/works/tiepolo-detail-from-fresco-on-ceiling-of-staircase-in-residenz,resolved_entity
ref-bbcff5e8b50a410c,enr-10764,units/persons/giambattista-tiepolo,value,,0,梅塞纳斯向奥古斯都呈献艺术（版画）,entity,units/works/tiepolo-maecenas-presenting-the-arts-to-augustus,resolved_entity
ref-345d6f275b704f22,enr-10764,units/persons/giambattista-tiepolo,cells,1,0,梅塞纳斯向奥古斯都呈献艺术（版画）,entity,units/works/tiepolo-maecenas-presenting-the-arts-to-augustus,resolved_entity
ref-092fd125231e1157,enr-10765,units/persons/giambattista-tiepolo,value,,0,乔万多梅尼科·提埃坡罗（Giandomenico Tiepolo）,entity,units/persons/giandomenico-tiepolo,resolved_entity
ref-db42e7a363d34233,enr-10765,units/persons/giambattista-tiepolo,cells,1,0,乔万多梅尼科·提埃坡罗（Giandomenico Tiepolo）,entity,units/persons/giandomenico-tiepolo,resolved_entity
ref-14f7ed07a670d298,enr-02931,units/persons/giambattista-tiepolo,value,,0,格雷戈里奥·拉扎里尼（Gregorio Lazzarini）,entity,units/persons/gregorio-lazzarini,resolved_entity
ref-ac9da07c683196a0,enr-02931,units/persons/giambattista-tiepolo,cells,1,0,格雷戈里奥·拉扎里尼（Gregorio Lazzarini）,entity,units/persons/gregorio-lazzarini,resolved_entity
ref-c891687d0917147a,enr-02946,units/persons/gian-antonio-faldoni,value,,0,扎卡里亚·萨格雷多肖像,entity,units/works/gian-antonio-faldoni-zaccaria-sagredo,resolved_entity
ref-6dd96d00b10b1228,enr-02946,units/persons/gian-antonio-faldoni,cells,1,0,扎卡里亚·萨格雷多肖像,entity,units/works/gian-antonio-faldoni-zaccaria-sagredo,resolved_entity
ref-2f39b34fa1ac6f88,enr-10778,units/persons/gian-antonio-faldoni,value,,0,克洛德·梅朗,entity,units/persons/claude-mellan,resolved_entity
ref-84057c01f91c05a3,enr-10778,units/persons/gian-antonio-faldoni,cells,1,0,克洛德·梅朗,entity,units/persons/claude-mellan,resolved_entity
ref-547d90535d4cf2eb,enr-02961,units/persons/gian-lorenzo-bernini,value,,0,彼得罗·贝尔尼尼（Pietro Bernini）,entity,units/persons/pietro-bernini,resolved_entity
ref-0f1e330ac2e6b185,enr-02961,units/persons/gian-lorenzo-bernini,cells,1,0,彼得罗·贝尔尼尼（Pietro Bernini）,entity,units/persons/pietro-bernini,resolved_entity
ref-d1fb9b7ffaa36e09,enr-02962,units/persons/gian-lorenzo-bernini,value,,0,安杰莉卡·加兰特（Angelica Galante）,entity,units/persons/angelica-galante,resolved_entity
ref-e8f0aa5f401cad11,enr-02962,units/persons/gian-lorenzo-bernini,cells,1,0,安杰莉卡·加兰特（Angelica Galante）,entity,units/persons/angelica-galante,resolved_entity
ref-4771f9416241fc93,enr-02968,units/persons/gian-lorenzo-bernini,value,,0,乌尔班八世肖像,entity,units/works/bernini-maffeo-barberini-as-pope-urban-viii,resolved_entity
ref-3eb0df23df35450d,enr-02968,units/persons/gian-lorenzo-bernini,cells,1,0,乌尔班八世肖像,entity,units/works/bernini-maffeo-barberini-as-pope-urban-viii,resolved_entity
ref-23c28182d4b3a2ee,enr-02971,units/persons/gian-lorenzo-bernini,value,,0,奎里纳尔圣安德烈堂内部,entity,units/places/interior-sant-andrea-quirinale,resolved_entity
ref-7a2d1f47f0bcfd99,enr-02971,units/persons/gian-lorenzo-bernini,cells,1,0,奎里纳尔圣安德烈堂内部,entity,units/places/interior-sant-andrea-quirinale,resolved_entity
ref-1af46cb773642f30,enr-02973,units/persons/gian-lorenzo-bernini,value,,0,卡西亚诺·达尔·波佐漫画,entity,units/works/bernini-caricature-of-cassiano-dal-pozzo,resolved_entity
ref-e1b32bdcf0159652,enr-02973,units/persons/gian-lorenzo-bernini,cells,1,0,卡西亚诺·达尔·波佐漫画,entity,units/works/bernini-caricature-of-cassiano-dal-pozzo,resolved_entity
ref-df19f66ef64f5b35,enr-02975,units/persons/gian-lorenzo-bernini,value,,0,路易十四肖像,entity,units/works/bernini-louis-xiv,resolved_entity
ref-e0f495ae82fb5f40,enr-02975,units/persons/gian-lorenzo-bernini,cells,1,0,路易十四肖像,entity,units/works/bernini-louis-xiv,resolved_entity
ref-7a140d01bc522bba,enr-10782,units/persons/gianandrea-carlone,value,,0,异文记录,processing_record,patrons-and-painters-chp-1/process/knowledge.md#rev-072-persons-gianandrea-carlone,not_in_package
ref-274fca5a4ab42e73,enr-10782,units/persons/gianandrea-carlone,cells,1,0,异文记录,processing_record,patrons-and-painters-chp-1/process/knowledge.md#rev-072-persons-gianandrea-carlone,not_in_package
ref-67566e3b048c9bf3,enr-10783,units/persons/gianandrea-carlone,value,,0,卡洛·马拉塔,entity,units/persons/carlo-maratta,resolved_entity
ref-350348b94ea6f5f8,enr-10783,units/persons/gianandrea-carlone,cells,2,0,卡洛·马拉塔,entity,units/persons/carlo-maratta,resolved_entity
ref-7ae7b1edcda005a5,enr-10791,units/persons/giandomenico-tiepolo,value,,0,雷佐尼科家族婚姻寓意,entity,units/works/tiepolo-marriage-allegory-of-the-rezzonico-family,resolved_entity
ref-94ae04eb0c613179,enr-10791,units/persons/giandomenico-tiepolo,cells,1,0,雷佐尼科家族婚姻寓意,entity,units/works/tiepolo-marriage-allegory-of-the-rezzonico-family,resolved_entity
ref-02ee85030bb8b908,enr-10793,units/persons/giandomenico-tiepolo,value,,0,乔万巴蒂斯塔·提埃坡罗（Giambattista Tiepolo）,entity,units/persons/giambattista-tiepolo,resolved_entity
ref-3979db9a59a1de9a,enr-10793,units/persons/giandomenico-tiepolo,cells,1,0,乔万巴蒂斯塔·提埃坡罗（Giambattista Tiepolo）,entity,units/persons/giambattista-tiepolo,resolved_entity
ref-e735364f658a1ed4,enr-10797,units/persons/gianfranco-torcellan,value,,0,18世纪威尼斯人物：安德烈亚·梅莫,entity,units/archives/torcellan-andrea-memmo-1963,resolved_entity
ref-c9008045d47776ed,enr-10797,units/persons/gianfranco-torcellan,cells,1,0,18世纪威尼斯人物：安德烈亚·梅莫,entity,units/archives/torcellan-andrea-memmo-1963,resolved_entity
ref-d2762181f416850d,enr-10798,units/persons/gianfranco-torcellan,value,,0,威尼托的18世纪与其他历史著作,entity,units/archives/torcellan-settecento-veneto-1969,resolved_entity
ref-6b9cc9405a4230c2,enr-10798,units/persons/gianfranco-torcellan,cells,1,0,威尼托的18世纪与其他历史著作,entity,units/archives/torcellan-settecento-veneto-1969,resolved_entity
ref-4674d6d15f1ed458,enr-10799,units/persons/gianfranco-torcellan,value,,0,弗兰科·文图里,entity,units/persons/franco-venturi,resolved_entity
ref-cd1255ba7246524d,enr-10799,units/persons/gianfranco-torcellan,cells,1,0,弗兰科·文图里,entity,units/persons/franco-venturi,resolved_entity
ref-6ae6d3589ac24d74,enr-03007,units/persons/giannantonio-fumiani,value,,0,撒迦利亚被石击,entity,units/works/giannantonio-fumiani-the-stoning-of-zechariah,resolved_entity
ref-06db077ca7948e42,enr-03007,units/persons/giannantonio-fumiani,cells,1,0,撒迦利亚被石击,entity,units/works/giannantonio-fumiani-the-stoning-of-zechariah,resolved_entity
ref-0e807d0f894df583,enr-10803,units/persons/giannantonio-fumiani,value,,0,威尼斯,entity,units/places/venice,resolved_entity
ref-812ac967f99dc3c4,enr-10803,units/persons/giannantonio-fumiani,cells,1,0,威尼斯,entity,units/places/venice,resolved_entity
ref-b617b5a354e156e9,enr-10804,units/persons/giannantonio-fumiani,value,,0,威尼斯,entity,units/places/venice,resolved_entity
ref-0ede001cdabb7ff7,enr-10804,units/persons/giannantonio-fumiani,cells,1,0,威尼斯,entity,units/places/venice,resolved_entity
ref-12c18cc8f01f9047,enr-10810,units/persons/giaquinto-front-matter,value,,0,莫尔费塔,entity,units/places/molfetta,resolved_entity
ref-93c5517a6f6b9887,enr-10810,units/persons/giaquinto-front-matter,cells,1,0,莫尔费塔,entity,units/places/molfetta,resolved_entity
ref-ca19554133fe5b6b,enr-10811,units/persons/giaquinto-front-matter,value,,0,那不勒斯,entity,units/places/naples,resolved_entity
ref-9169a426d08d197c,enr-10811,units/persons/giaquinto-front-matter,cells,1,0,那不勒斯,entity,units/places/naples,resolved_entity
ref-83fa7df7701b4ae6,enr-10813,units/persons/giaquinto-front-matter,value,,0,莫尔费塔,entity,units/places/molfetta,resolved_entity
ref-284a0afefcf598d6,enr-10813,units/persons/giaquinto-front-matter,value,,1,那不勒斯,entity,units/places/naples,resolved_entity
ref-84995a5608b036ab,enr-10813,units/persons/giaquinto-front-matter,cells,1,0,莫尔费塔,entity,units/places/molfetta,resolved_entity
ref-e550bc4916b57afe,enr-10813,units/persons/giaquinto-front-matter,cells,1,1,那不勒斯,entity,units/places/naples,resolved_entity
ref-2c2a112e0dc0c795,enr-10814,units/persons/giaquinto-front-matter,value,,0,莫尔费塔,entity,units/places/molfetta,resolved_entity
ref-bc35f477599a9750,enr-10814,units/persons/giaquinto-front-matter,cells,1,0,莫尔费塔,entity,units/places/molfetta,resolved_entity
ref-a438f611f05e6ef3,enr-10815,units/persons/giaquinto-front-matter,value,,0,罗马,entity,units/places/rome,resolved_entity
ref-67655614114a940f,enr-10815,units/persons/giaquinto-front-matter,cells,1,0,罗马,entity,units/places/rome,resolved_entity
ref-9ee5dee195ede865,enr-10816,units/persons/giaquinto-front-matter,value,,0,洛林人圣尼古拉堂装饰,entity,units/works/giaquinto-san-nicola-dei-lorenesi-decoration,resolved_entity
ref-ab9d611dbd96a668,enr-10816,units/persons/giaquinto-front-matter,cells,1,0,洛林人圣尼古拉堂装饰,entity,units/works/giaquinto-san-nicola-dei-lorenesi-decoration,resolved_entity
ref-6a84eda5a9702439,enr-10817,units/persons/giaquinto-front-matter,value,,0,圣路加学院,entity,units/institutions/accademia-di-san-luca,resolved_entity
ref-7d8fad4aed58a518,enr-10817,units/persons/giaquinto-front-matter,cells,1,0,圣路加学院,entity,units/institutions/accademia-di-san-luca,resolved_entity
ref-c5817290f13d35a9,enr-10827,units/persons/gio-gasparo-baldoini,value,,0,Bernardin Baldoino／Baudoin（尼斯1625–1711）,entity,units/persons/bernardin-baldoino,resolved_entity
ref-b147044d6927a52f,enr-10827,units/persons/gio-gasparo-baldoini,cells,1,0,Bernardin Baldoino／Baudoin（尼斯1625–1711）,entity,units/persons/bernardin-baldoino,resolved_entity
ref-46fdabe6ce870ce4,enr-10833,units/persons/gio-gasparo-baldoini,value,,0,《圣埃洛伊与圣若翰洗者、圣安德烈》（Saint Eloi between Saint John the Baptist and Saint Andrew）,entity,units/works/baldoino-saint-eloi-1661,resolved_entity
ref-b341991f30785997,enr-10833,units/persons/gio-gasparo-baldoini,cells,1,0,《圣埃洛伊与圣若翰洗者、圣安德烈》（Saint Eloi between Saint John the Baptist and Saint Andrew）,entity,units/works/baldoino-saint-eloi-1661,resolved_entity
ref-e2f19bd1d956d9fe,enr-03047,units/persons/gio-maria-bottalla,value,,0,以扫与雅各相会,entity,units/works/gio-maria-bottalla-meeting-of-esau-and-jacob,resolved_entity
ref-c679b5bc290909e1,enr-03047,units/persons/gio-maria-bottalla,cells,1,0,以扫与雅各相会,entity,units/works/gio-maria-bottalla-meeting-of-esau-and-jacob,resolved_entity
ref-9642e64f1e543637,enr-03050,units/persons/gio-maria-bottalla,value,,0,萨沃纳,entity,units/places/savona,resolved_entity
ref-91cd2485e05d7685,enr-03050,units/persons/gio-maria-bottalla,cells,1,0,萨沃纳,entity,units/places/savona,resolved_entity
ref-83b8f80ffe93ff82,enr-03051,units/persons/gio-maria-bottalla,value,,0,米兰,entity,units/places/milan,resolved_entity
ref-c65c8d47f532c5eb,enr-03051,units/persons/gio-maria-bottalla,cells,1,0,米兰,entity,units/places/milan,resolved_entity
ref-3d574463a9bd57ff,enr-10839,units/persons/gio-maria-bottalla,value,,0,朱利奥·萨凯蒂,entity,units/persons/giulio-sacchetti,resolved_entity
ref-572e5dbe7a9028bc,enr-10839,units/persons/gio-maria-bottalla,cells,1,0,朱利奥·萨凯蒂,entity,units/persons/giulio-sacchetti,resolved_entity
ref-df09c03f123778dd,enr-10840,units/persons/gio-maria-bottalla,value,,0,皮耶特罗·达·科尔托纳,entity,units/persons/pietro-da-cortona,resolved_entity
ref-12446dab82a5492a,enr-10840,units/persons/gio-maria-bottalla,cells,1,0,皮耶特罗·达·科尔托纳,entity,units/persons/pietro-da-cortona,resolved_entity
ref-49dd1fd5d3e828d9,enr-10841,units/persons/gio-maria-bottalla,value,,0,萨凯蒂家族,entity,units/families/sacchetti-family,resolved_entity
ref-2167a7478ad761be,enr-10841,units/persons/gio-maria-bottalla,cells,1,0,萨凯蒂家族,entity,units/families/sacchetti-family,resolved_entity
ref-5efaafe4dbc07cb3,enr-03079,units/persons/giovan-battista-gaulli,value,,0,耶稣圣名的胜利,entity,units/works/gaulli-triumph-name-jesus,resolved_entity
ref-b117219ad5c1ddc7,enr-03079,units/persons/giovan-battista-gaulli,cells,1,0,耶稣圣名的胜利,entity,units/works/gaulli-triumph-name-jesus,resolved_entity
ref-fd1c3a9a07e89df8,enr-10853,units/persons/giovanni-battista-pamphilj-aldobrandini,value,,0,Pamphili家族,entity,units/families/pamphili-family,resolved_entity
ref-0ddd9d811330cf68,enr-10853,units/persons/giovanni-battista-pamphilj-aldobrandini,cells,1,0,Pamphili家族,entity,units/families/pamphili-family,resolved_entity
ref-248868bf4044e549,enr-10854,units/persons/giovanni-battista-pamphilj-aldobrandini,value,,0,费里《圣阿涅塞被引入天堂荣耀》穹顶壁画,entity,units/works/ferri-sant-agnese-cupola,resolved_entity
ref-1dcbbde2343e1114,enr-10854,units/persons/giovanni-battista-pamphilj-aldobrandini,cells,2,0,费里《圣阿涅塞被引入天堂荣耀》穹顶壁画,entity,units/works/ferri-sant-agnese-cupola,resolved_entity
ref-1085b0931e01c56a,enr-03117,units/persons/giovanni-domenico-piastrini,value,,0,圣克莱孟堂重新装饰,entity,units/events/san-clemente-redecoration,resolved_entity
ref-0447ec6e92d9047f,enr-03117,units/persons/giovanni-domenico-piastrini,cells,1,0,圣克莱孟堂重新装饰,entity,units/events/san-clemente-redecoration,resolved_entity
ref-f2a8b2677c9b7caa,enr-10877,units/persons/giovanni-lanfranco,evidence,,0,通信条目,entity,units/archives/lanfranco-barberini-letter-1640,resolved_entity
ref-c2bc1a3f25f280fa,enr-10877,units/persons/giovanni-lanfranco,cells,2,0,通信条目,entity,units/archives/lanfranco-barberini-letter-1640,resolved_entity
ref-b6e59a90053696e1,enr-10882,units/persons/giovanni-lanfranco,value,,0,《受难》画稿,entity,units/works/lanfranco-crucifixion-stock,resolved_entity
ref-1364eed887630bdb,enr-10882,units/persons/giovanni-lanfranco,value,,1,《抹大拉》画稿,entity,units/works/lanfranco-magdalene-stock,resolved_entity
ref-8ef563cc3430fa3e,enr-10882,units/persons/giovanni-lanfranco,cells,0,0,《受难》画稿,entity,units/works/lanfranco-crucifixion-stock,resolved_entity
ref-5d249d780fca507e,enr-10882,units/persons/giovanni-lanfranco,cells,0,1,《抹大拉》画稿,entity,units/works/lanfranco-magdalene-stock,resolved_entity
ref-cfe57b6598ec34cc,enr-10891,units/persons/giovanni-maria-viani,value,,0,博洛尼亚,entity,units/places/bologna,resolved_entity
ref-d52fefe6b2361c91,enr-10891,units/persons/giovanni-maria-viani,cells,1,0,博洛尼亚,entity,units/places/bologna,resolved_entity
ref-3c5146e6586e0f48,enr-10892,units/persons/giovanni-maria-viani,value,,0,博洛尼亚,entity,units/places/bologna,resolved_entity
ref-5f19e1cab6bd4171,enr-10892,units/persons/giovanni-maria-viani,cells,1,0,博洛尼亚,entity,units/places/bologna,resolved_entity
ref-9acce52c919e2651,enr-10894,units/persons/giovanni-maria-viani,value,,0,多梅尼科·马里亚·维亚尼,entity,units/persons/domenico-maria-viani,resolved_entity
ref-58e33580e757b71d,enr-10894,units/persons/giovanni-maria-viani,cells,1,0,多梅尼科·马里亚·维亚尼,entity,units/persons/domenico-maria-viani,resolved_entity
ref-4073bfd7211c60a7,enr-10895,units/persons/giovanni-maria-viani,value,,0,多梅尼科·马里亚·维亚尼,entity,units/persons/domenico-maria-viani,resolved_entity
ref-f565671f09fcc553,enr-10895,units/persons/giovanni-maria-viani,cells,1,0,多梅尼科·马里亚·维亚尼,entity,units/persons/domenico-maria-viani,resolved_entity
ref-56e8bf44de135c0d,enr-03150,units/persons/giovanni-odazzi,value,,0,圣克莱孟堂重新装饰,entity,units/events/san-clemente-redecoration,resolved_entity
ref-56b199b67bf240cc,enr-03150,units/persons/giovanni-odazzi,cells,1,0,圣克莱孟堂重新装饰,entity,units/events/san-clemente-redecoration,resolved_entity
ref-a12bc802bd763aaf,enr-10915,units/persons/giovanni-pesaro,value,,0,乔万尼·佩萨罗总督纪念碑,entity,units/works/monument-to-doge-giovanni-pesaro,resolved_entity
ref-251aac6346ccc885,enr-10915,units/persons/giovanni-pesaro,cells,0,0,乔万尼·佩萨罗总督纪念碑,entity,units/works/monument-to-doge-giovanni-pesaro,resolved_entity
ref-f3845e586ab94d0c,enr-10921,units/persons/girolamo-mengozzi-colonna,value,,0,雷佐尼科家族婚姻寓意,entity,units/works/tiepolo-marriage-allegory-of-the-rezzonico-family,resolved_entity
ref-43cf072dfa4e59b9,enr-10921,units/persons/girolamo-mengozzi-colonna,cells,1,0,雷佐尼科家族婚姻寓意,entity,units/works/tiepolo-marriage-allegory-of-the-rezzonico-family,resolved_entity
ref-dcc35167712baac9,enr-03192,units/persons/girolamo-teti,value,,0,《巴贝里尼宫》卷首图,entity,units/works/guido-abbatini-frontispiece-of-aedes-barberinae-ad-quirinalem,resolved_entity
ref-03730369506df0aa,enr-03192,units/persons/girolamo-teti,cells,1,0,《巴贝里尼宫》卷首图,entity,units/works/guido-abbatini-frontispiece-of-aedes-barberinae-ad-quirinalem,resolved_entity
ref-461f30eb42af5b62,enr-03194,units/persons/girolamo-teti,value,,0,《奎里纳尔山的巴贝里尼宫》,entity,units/archives/aedes-barberinae-ad-quirinalem,resolved_entity
ref-f797428959701265,enr-03194,units/persons/girolamo-teti,cells,1,0,《奎里纳尔山的巴贝里尼宫》,entity,units/archives/aedes-barberinae-ad-quirinalem,resolved_entity
ref-348cda660b8dde73,enr-10928,units/persons/giulio-sacchetti,value,,0,乔万尼·马里亚·博塔拉,entity,units/persons/gio-maria-bottalla,resolved_entity
ref-755fee8f2a0385f1,enr-10928,units/persons/giulio-sacchetti,cells,1,0,乔万尼·马里亚·博塔拉,entity,units/persons/gio-maria-bottalla,resolved_entity
ref-98dea464091da098,enr-10929,units/persons/giulio-sacchetti,value,,0,皮耶特罗·达·科尔托纳,entity,units/persons/pietro-da-cortona,resolved_entity
ref-6fb448f188211ba7,enr-10929,units/persons/giulio-sacchetti,cells,1,0,皮耶特罗·达·科尔托纳,entity,units/persons/pietro-da-cortona,resolved_entity
ref-405ceacddbadeb0c,enr-03212,units/persons/giuseppe-angeli,value,,0,弗拉米尼奥·科尔内尔肖像,entity,units/works/marco-pitteri-flaminio-corner,resolved_entity
ref-f155b1137b9c3346,enr-03212,units/persons/giuseppe-angeli,cells,1,0,弗拉米尼奥·科尔内尔肖像,entity,units/works/marco-pitteri-flaminio-corner,resolved_entity
ref-375fe3b064100b83,enr-10933,units/persons/giuseppe-angeli,value,,0,威尼斯,entity,units/places/venice,resolved_entity
ref-03a5ca00e820415d,enr-10933,units/persons/giuseppe-angeli,cells,1,0,威尼斯,entity,units/places/venice,resolved_entity
ref-e09b85483c61f5eb,enr-10934,units/persons/giuseppe-angeli,value,,0,威尼斯,entity,units/places/venice,resolved_entity
ref-163553f895b5b968,enr-10934,units/persons/giuseppe-angeli,cells,1,0,威尼斯,entity,units/places/venice,resolved_entity
ref-9e8a6858f6e796cb,enr-10937,units/persons/giuseppe-angeli,value,,0,皮亚泽塔,entity,units/persons/piazzetta,resolved_entity
ref-044ea53b6dc658fc,enr-10937,units/persons/giuseppe-angeli,cells,1,0,皮亚泽塔,entity,units/persons/piazzetta,resolved_entity
ref-347b164562e275e2,enr-03246,units/persons/giuseppe-maria-crespi,value,,0,梳妆少女（Girl at her toilet）,entity,units/works/g-m-crespi-girl-at-her-toilet,resolved_entity
ref-1cbd503449ca39b4,enr-03246,units/persons/giuseppe-maria-crespi,cells,1,0,梳妆少女（Girl at her toilet）,entity,units/works/g-m-crespi-girl-at-her-toilet,resolved_entity
ref-036298f5e418e96d,enr-03247,units/persons/giuseppe-maria-crespi,value,,0,画家一家（The Painter's Family）,entity,units/works/g-m-crespi-the-painter-s-family,resolved_entity
ref-cd32edae77e71111,enr-03247,units/persons/giuseppe-maria-crespi,cells,1,0,画家一家（The Painter's Family）,entity,units/works/g-m-crespi-the-painter-s-family,resolved_entity
ref-7111bca4d393c801,enr-03248,units/persons/giuseppe-maria-crespi,value,,0,波焦阿卡亚诺集市局部（Detail from Fair at Poggio a Caiano）,entity,units/works/g-m-crespi-detail-from-fair-at-poggio-a-caiano,resolved_entity
ref-9643620ac5c6b976,enr-03248,units/persons/giuseppe-maria-crespi,cells,1,0,波焦阿卡亚诺集市局部（Detail from Fair at Poggio a Caiano）,entity,units/works/g-m-crespi-detail-from-fair-at-poggio-a-caiano,resolved_entity
ref-753616692db04e14,enr-03249,units/persons/giuseppe-maria-crespi,value,,0,库柏勒将朱庇特交给科律班忒斯哺育（Jupiter handed over by Cybele to the Corybantes to be fed）,entity,units/works/g-m-crespi-jupiter-handed-over-by-cybele-to-the-corybantes-to-be-fed,resolved_entity
ref-8600b529acc38ce4,enr-03249,units/persons/giuseppe-maria-crespi,cells,1,0,库柏勒将朱庇特交给科律班忒斯哺育（Jupiter handed over by Cybele to the Corybantes to be fed）,entity,units/works/g-m-crespi-jupiter-handed-over-by-cybele-to-the-corybantes-to-be-fed,resolved_entity
ref-c295b073b2d06af8,enr-10969,units/persons/giuseppe-maria-crespi,value,,0,斯特凡诺·孔蒂,entity,units/persons/stefano-conti,resolved_entity
ref-41a1816d3a02be30,enr-10969,units/persons/giuseppe-maria-crespi,cells,1,0,斯特凡诺·孔蒂,entity,units/persons/stefano-conti,resolved_entity
ref-547105cec2802d4e,enr-03251,units/persons/giuseppe-maria-crespi,value,,0,朱庇特的养育,entity,units/works/g-m-crespi-jupiter-handed-over-by-cybele-to-the-corybantes-to-be-fed,resolved_entity
ref-6ee19f1298199d89,enr-03251,units/persons/giuseppe-maria-crespi,cells,1,0,朱庇特的养育,entity,units/works/g-m-crespi-jupiter-handed-over-by-cybele-to-the-corybantes-to-be-fed,resolved_entity
ref-e6c0f451fc64e1b8,enr-10974,units/persons/giuseppe-zocchi,value,,0,扎内蒂与杰里尼侯爵肖像,entity,units/works/giuseppe-zocchi-a-m-zanetti-the-elder-with-marchese-gerini,resolved_entity
ref-25ad7a984568563f,enr-10974,units/persons/giuseppe-zocchi,cells,1,0,扎内蒂与杰里尼侯爵肖像,entity,units/works/giuseppe-zocchi-a-m-zanetti-the-elder-with-marchese-gerini,resolved_entity
ref-ae2c8a6c2b3ced20,enr-10975,units/persons/giuseppe-zocchi,value,,0,安德烈亚·杰里尼,entity,units/persons/marchese-gerini,resolved_entity
ref-e84c49e9b57b364a,enr-10975,units/persons/giuseppe-zocchi,cells,1,0,安德烈亚·杰里尼,entity,units/persons/marchese-gerini,resolved_entity
ref-062929112ca26ee0,enr-10979,units/persons/goldoni,value,,0,《喜剧集》第二卷（帕斯夸利版，标年1761）,entity,units/archives/goldoni-opere-vol-2-1761,resolved_entity
ref-6bd5fa31e06a46c2,enr-10979,units/persons/goldoni,cells,1,0,《喜剧集》第二卷（帕斯夸利版，标年1761）,entity,units/archives/goldoni-opere-vol-2-1761,resolved_entity
ref-1de832ab6497a436,enr-03273,units/persons/goldoni,value,,0,第二卷卷首图,entity,units/works/pietro-antonio-novelli-frontispiece-to-vol-2-of-goldoni-opere,resolved_entity
ref-527a71b28f231868,enr-03273,units/persons/goldoni,cells,1,0,第二卷卷首图,entity,units/works/pietro-antonio-novelli-frontispiece-to-vol-2-of-goldoni-opere,resolved_entity
ref-4e2a8e63c124b50e,enr-03281,units/persons/gregorio-lazzarini,value,,0,威尼斯（Venice）,entity,units/places/venice,resolved_entity
ref-8edb8f3d2874fcdd,enr-03281,units/persons/gregorio-lazzarini,cells,1,0,威尼斯（Venice）,entity,units/places/venice,resolved_entity
ref-02895b95a12f261c,enr-03282,units/persons/gregorio-lazzarini,value,,0,乔万巴蒂斯塔·提埃坡罗（Giambattista Tiepolo）,entity,units/persons/giambattista-tiepolo,resolved_entity
ref-bd2c9c49af2646e5,enr-03282,units/persons/gregorio-lazzarini,cells,1,0,乔万巴蒂斯塔·提埃坡罗（Giambattista Tiepolo）,entity,units/persons/giambattista-tiepolo,resolved_entity
ref-37269109334f5dff,enr-10983,units/persons/gregorio-lazzarini,value,,0,罗马（Rome）,entity,units/places/rome,resolved_entity
ref-10837028de95c84c,enr-10983,units/persons/gregorio-lazzarini,cells,1,0,罗马（Rome）,entity,units/places/rome,resolved_entity
ref-68c393086bc39c4a,enr-03285,units/persons/gregorio-lazzarini,value,,0,埃利斯·沃特豪斯（Ellis Waterhouse）,entity,units/persons/ellis-waterhouse,resolved_entity
ref-6c0f42f72f8d1302,enr-03285,units/persons/gregorio-lazzarini,cells,1,0,埃利斯·沃特豪斯（Ellis Waterhouse）,entity,units/persons/ellis-waterhouse,resolved_entity
ref-35e56c535aeefaaa,enr-03296,units/persons/gregory-xv,value,,0,博洛尼亚（Bologna）,entity,units/places/bologna,resolved_entity
ref-b5cd47129e7996ee,enr-03296,units/persons/gregory-xv,cells,1,0,博洛尼亚（Bologna）,entity,units/places/bologna,resolved_entity
ref-f56c168e6ec95606,enr-03297,units/persons/gregory-xv,value,,0,罗马（Rome）,entity,units/places/rome,resolved_entity
ref-e3c0c94c53d463dd,enr-03297,units/persons/gregory-xv,cells,1,0,罗马（Rome）,entity,units/places/rome,resolved_entity
ref-a1de58d9a5fb2e73,enr-10988,units/persons/gregory-xv,evidence,,0,异文记录,processing_record,patrons-and-painters-chp-1/process/knowledge.md#rev-072-persons-gregory-xv,not_in_package
ref-1897f27c3bd357b5,enr-10988,units/persons/gregory-xv,cells,2,0,异文记录,processing_record,patrons-and-painters-chp-1/process/knowledge.md#rev-072-persons-gregory-xv,not_in_package
ref-9e7cba276ac5fc23,enr-10994,units/persons/gregory-xv,value,,0,Cardinal Ludovico,entity,units/persons/ludovico-ludovisi,resolved_entity
ref-372d205ff75668c3,enr-10994,units/persons/gregory-xv,cells,2,0,Cardinal Ludovico,entity,units/persons/ludovico-ludovisi,resolved_entity
ref-6c205073c200be9a,enr-10995,units/persons/gregory-xv,value,,0,Orazio Ludovisi,entity,units/persons/orazio-ludovisi,resolved_entity
ref-b116115348827316,enr-10995,units/persons/gregory-xv,cells,1,0,Orazio Ludovisi,entity,units/persons/orazio-ludovisi,resolved_entity
ref-0f28b350397f9238,enr-10996,units/persons/gregory-xv,value,,0,Ludovico Ludovisi（枢机）,entity,units/persons/ludovico-ludovisi,resolved_entity
ref-9396e8ab02eb8c34,enr-10996,units/persons/gregory-xv,cells,1,0,Ludovico Ludovisi（枢机）,entity,units/persons/ludovico-ludovisi,resolved_entity
ref-c9578d1098740bee,enr-10997,units/persons/gregory-xv,value,,0,Niccolò Ludovisi,entity,units/persons/niccolo-ludovisi,resolved_entity
ref-e0c9e409c34d356a,enr-10997,units/persons/gregory-xv,cells,1,0,Niccolò Ludovisi,entity,units/persons/niccolo-ludovisi,resolved_entity
ref-de8d93d14af8fe5e,enr-11004,units/persons/gregory-xv,evidence,,0,异文记录,processing_record,patrons-and-painters-chp-1/process/knowledge.md#rev-072-persons-gregory-xv,not_in_package
ref-0ad013553737c848,enr-11004,units/persons/gregory-xv,cells,3,0,异文记录,processing_record,patrons-and-painters-chp-1/process/knowledge.md#rev-072-persons-gregory-xv,not_in_package
ref-e56daab166400ca0,enr-11012,units/persons/gregory-xv,value,,0,圣路加学院,entity,units/institutions/accademia-di-san-luca,resolved_entity
ref-fccd743d822f3266,enr-11012,units/persons/gregory-xv,cells,2,0,圣路加学院,entity,units/institutions/accademia-di-san-luca,resolved_entity
ref-2effc0861dd19e0f,enr-11015,units/persons/gregory-xv,value,,0,多梅尼基诺,entity,units/persons/domenichino,resolved_entity
ref-9f19144795f6fb36,enr-11015,units/persons/gregory-xv,cells,0,0,多梅尼基诺,entity,units/persons/domenichino,resolved_entity
ref-7c60a98fd981a1bd,enr-11016,units/persons/gregory-xv,value,,0,圭尔奇诺,entity,units/persons/guercino,resolved_entity
ref-d8dbfef4a82a5417,enr-11016,units/persons/gregory-xv,cells,0,0,圭尔奇诺,entity,units/persons/guercino,resolved_entity
ref-5fb583776ca114c9,enr-03336,units/persons/guercino,value,,0,博洛尼亚（Bologna）,entity,units/places/bologna,resolved_entity
ref-f4ff6c9081a197c1,enr-03336,units/persons/guercino,cells,1,0,博洛尼亚（Bologna）,entity,units/places/bologna,resolved_entity
ref-6ea31f28208ddb3e,enr-03338,units/persons/guercino,evidence,,0,异文记录,processing_record,patrons-and-painters-chp-1/process/knowledge.md#rev-072-persons-guercino,not_in_package
ref-d35109cd8d928f4a,enr-03338,units/persons/guercino,cells,2,0,异文记录,processing_record,patrons-and-painters-chp-1/process/knowledge.md#rev-072-persons-guercino,not_in_package
ref-820bd458e0bb5d4f,enr-11031,units/persons/guercino,value,,0,罗马,entity,units/places/rome,resolved_entity
ref-9908bee493fefd22,enr-11031,units/persons/guercino,value,,1,格列高利十五世,entity,units/persons/gregory-xv,resolved_entity
ref-35b7a399f8e63ea4,enr-11031,units/persons/guercino,cells,2,0,罗马,entity,units/places/rome,resolved_entity
ref-f3175f60724496e3,enr-11031,units/persons/guercino,cells,2,1,格列高利十五世,entity,units/persons/gregory-xv,resolved_entity
ref-8ad2835bf228df3b,enr-11034,units/persons/guercino,value,,0,博洛尼亚,entity,units/places/bologna,resolved_entity
ref-e218d06ccadda111,enr-11034,units/persons/guercino,value,,1,异文记录,processing_record,patrons-and-painters-chp-1/process/knowledge.md#rev-072-persons-guercino,not_in_package
ref-2fc4bb2ae57d3cfa,enr-11034,units/persons/guercino,cells,2,0,博洛尼亚,entity,units/places/bologna,resolved_entity
ref-9b8f86e0b2073504,enr-11034,units/persons/guercino,cells,3,0,异文记录,processing_record,patrons-and-painters-chp-1/process/knowledge.md#rev-072-persons-guercino,not_in_package
ref-7abff855d069f4c0,enr-11037,units/persons/guercino,value,,0,安东尼奥·鲁福（Antonio Ruffo）,entity,units/persons/antonio-ruffo,resolved_entity
ref-c77066dcd0770669,enr-11037,units/persons/guercino,cells,2,0,安东尼奥·鲁福（Antonio Ruffo）,entity,units/persons/antonio-ruffo,resolved_entity
ref-7fbd05b504424e6f,enr-11039,units/persons/guercino,cells,0,0,西西里祭坛画委托对象,entity,units/works/guercino-sicilian-altarpiece-1665,resolved_entity
ref-2ff462d3c0570b66,enr-11040,units/persons/guercino,value,,0,致鲁福信,entity,units/archives/guercino-ruffo-letter-1649,resolved_entity
ref-a1f4100f9d6a79cf,enr-11040,units/persons/guercino,cells,0,0,致鲁福信,entity,units/archives/guercino-ruffo-letter-1649,resolved_entity
ref-d8301c0a0b9bde95,enr-03366,units/persons/guglielmo-baur,value,,0,1630年博尔盖塞别墅景观,entity,units/works/guglielmo-baur-view-of-villa-borghese-in-1630,resolved_entity
ref-df6f18ea2f3a091f,enr-03366,units/persons/guglielmo-baur,cells,1,0,1630年博尔盖塞别墅景观,entity,units/works/guglielmo-baur-view-of-villa-borghese-in-1630,resolved_entity
ref-7e306eaf75c77324,enr-11046,units/persons/guglielmo-baur,value,,0,维也纳,entity,units/places/vienna,resolved_entity
ref-aaf69d82efd1bb19,enr-11046,units/persons/guglielmo-baur,cells,1,0,维也纳,entity,units/places/vienna,resolved_entity
ref-9c1505f7d7d30abc,enr-11058,units/persons/guido-abbatini,value,,0,卡斯泰洛城,entity,units/places/citta-di-castello,resolved_entity
ref-6e4768a31a2ee413,enr-11058,units/persons/guido-abbatini,cells,1,0,卡斯泰洛城,entity,units/places/citta-di-castello,resolved_entity
ref-6967c70360c25447,enr-11060,units/persons/guido-abbatini,value,,0,罗马,entity,units/places/rome,resolved_entity
ref-93da2adea3ca377c,enr-11060,units/persons/guido-abbatini,cells,1,0,罗马,entity,units/places/rome,resolved_entity
ref-14549524d068255f,enr-11063,units/persons/guido-abbatini,value,,0,朱塞佩·切萨里,entity,units/persons/giuseppe-cesari,resolved_entity
ref-b8c434ef3f2dc7df,enr-11063,units/persons/guido-abbatini,cells,1,0,朱塞佩·切萨里,entity,units/persons/giuseppe-cesari,resolved_entity
ref-1e20df77a0a9a3ed,enr-11064,units/persons/guido-abbatini,value,,0,贝尔尼尼,entity,units/persons/gian-lorenzo-bernini,resolved_entity
ref-29bde6d5cf939c71,enr-11064,units/persons/guido-abbatini,cells,1,0,贝尔尼尼,entity,units/persons/gian-lorenzo-bernini,resolved_entity
ref-43cc5ea06238ee0a,enr-11065,units/persons/guido-abbatini,value,,0,罗马内利,entity,units/persons/romanelli,resolved_entity
ref-6fbdf72c105815d4,enr-11065,units/persons/guido-abbatini,cells,1,0,罗马内利,entity,units/persons/romanelli,resolved_entity
ref-b3de8465ea258e4b,enr-03396,units/persons/guido-abbatini,value,,0,《巴贝里尼宫》卷首图,entity,units/works/guido-abbatini-frontispiece-of-aedes-barberinae-ad-quirinalem,resolved_entity
ref-265a488c3b924199,enr-03396,units/persons/guido-abbatini,cells,1,0,《巴贝里尼宫》卷首图,entity,units/works/guido-abbatini-frontispiece-of-aedes-barberinae-ad-quirinalem,resolved_entity
ref-859a863cd7a6bf76,enr-03400,units/persons/guido-cagnacci,value,,0,克娄巴特拉之死,entity,units/works/guido-cagnacci-death-of-cleopatra,resolved_entity
ref-b7b21baa146ec72c,enr-03400,units/persons/guido-cagnacci,cells,1,0,克娄巴特拉之死,entity,units/works/guido-cagnacci-death-of-cleopatra,resolved_entity
ref-78bd47d38460b7e0,enr-11068,units/persons/guido-cagnacci,value,,0,维也纳,entity,units/places/vienna,resolved_entity
ref-1e951ed43005bc31,enr-11068,units/persons/guido-cagnacci,cells,1,0,维也纳,entity,units/places/vienna,resolved_entity
ref-0b5a8879a0e61ed5,enr-11070,units/persons/guido-cagnacci,value,,0,维也纳,entity,units/places/vienna,resolved_entity
ref-02b04f8993128e8a,enr-11070,units/persons/guido-cagnacci,cells,1,0,维也纳,entity,units/places/vienna,resolved_entity
ref-d18d90453595cabf,enr-11083,units/persons/gyles-isham,value,,0,托马斯·伊舍姆肖像,entity,units/works/carlo-maratta-sir-thomas-isham,resolved_entity
ref-1c14cb74d839f653,enr-11083,units/persons/gyles-isham,cells,1,0,托马斯·伊舍姆肖像,entity,units/works/carlo-maratta-sir-thomas-isham,resolved_entity
ref-6585280609077b27,enr-11084,units/persons/gyles-isham,value,,0,兰波特庄园（Lamport Hall）,entity,units/places/lamport-hall,resolved_entity
ref-d2d8992bbdb0dc22,enr-11084,units/persons/gyles-isham,cells,1,0,兰波特庄园（Lamport Hall）,entity,units/places/lamport-hall,resolved_entity
ref-2aa60df364615e56,enr-03430,units/persons/homer,value,,0,凝视荷马像的亚里士多德,entity,units/works/rembrandt-aristotle-contemplating-the-bust-of-homer,resolved_entity
ref-fabc1a406dc53ffc,enr-03430,units/persons/homer,cells,1,0,凝视荷马像的亚里士多德,entity,units/works/rembrandt-aristotle-contemplating-the-bust-of-homer,resolved_entity
ref-81ed8c60b4261af2,enr-11091,units/persons/howard-hibbard,value,,0,美国艺术与科学院,entity,units/institutions/american-academy-of-arts-and-sciences,resolved_entity
ref-b30aee2d95543e43,enr-11091,units/persons/howard-hibbard,cells,1,0,美国艺术与科学院,entity,units/institutions/american-academy-of-arts-and-sciences,resolved_entity
ref-56ae38b29fca7200,enr-11095,units/persons/hugh-honour,value,,0,英国国家学术院,entity,units/institutions/british-academy,resolved_entity
ref-dc5014e24b10e4e2,enr-11095,units/persons/hugh-honour,cells,1,0,英国国家学术院,entity,units/institutions/british-academy,resolved_entity
ref-cc003c434eb6788a,enr-03448,units/persons/hugh-honour,value,,0,《赞助人与画家》书评,entity,units/archives/honour-patrons-painters-review-1963,resolved_entity
ref-960168510475dbdb,enr-03448,units/persons/hugh-honour,cells,1,0,《赞助人与画家》书评,entity,units/archives/honour-patrons-painters-review-1963,resolved_entity
ref-546f1538f118f82d,enr-03461,units/persons/innocent-xi,value,,0,迈克尔·康福尔蒂,entity,units/persons/michael-conforti,resolved_entity
ref-586b862a44e005b1,enr-03461,units/persons/innocent-xi,cells,1,0,迈克尔·康福尔蒂,entity,units/persons/michael-conforti,resolved_entity
ref-137c77d807140df0,enr-03462,units/persons/innocent-xi,value,,0,勒格罗与雕塑家设计角色论文,entity,units/archives/conforti-legros-designers-1977,resolved_entity
ref-1fd58f001e62297d,enr-03462,units/persons/innocent-xi,cells,1,0,勒格罗与雕塑家设计角色论文,entity,units/archives/conforti-legros-designers-1977,resolved_entity
ref-59f46bddededfca8,enr-03493,units/persons/jerome-bankes,value,,0,杰罗姆·班克斯肖像,entity,units/works/massimo-stanzione-jerome-bankes,resolved_entity
ref-fd776d245f86be60,enr-03493,units/persons/jerome-bankes,cells,1,0,杰罗姆·班克斯肖像,entity,units/works/massimo-stanzione-jerome-bankes,resolved_entity
ref-3591811cd6eb3141,enr-11109,units/persons/jerome-bankes,value,,0,拉尔夫·班克斯爵士,entity,units/persons/ralph-bankes-1631-1677,resolved_entity
ref-975b0479ba013bfb,enr-11109,units/persons/jerome-bankes,cells,1,0,拉尔夫·班克斯爵士,entity,units/persons/ralph-bankes-1631-1677,resolved_entity
ref-01eebb5d3243a7ea,enr-11113,units/persons/johann-conrad-hofmann,value,,0,帕多瓦,entity,units/places/padua,resolved_entity
ref-d8b5d3afb984d6e7,enr-11113,units/persons/johann-conrad-hofmann,cells,1,0,帕多瓦,entity,units/places/padua,resolved_entity
ref-6d2362bd9388133a,enr-11115,units/persons/johann-conrad-hofmann,value,,0,阿马德奥·斯瓦耶尔,entity,units/persons/amadeo-swajer,resolved_entity
ref-62cd69835ccc286f,enr-11115,units/persons/johann-conrad-hofmann,cells,1,0,阿马德奥·斯瓦耶尔,entity,units/persons/amadeo-swajer,resolved_entity
ref-89a12bab6f84d33c,enr-11117,units/persons/johann-heinrich-schmelzer,value,,0,拉丁君权凯旋,entity,units/works/la-monarchia-latina-trionfante,resolved_entity
ref-4c6b14f3a2eb0340,enr-11117,units/persons/johann-heinrich-schmelzer,cells,1,0,拉丁君权凯旋,entity,units/works/la-monarchia-latina-trionfante,resolved_entity
ref-9d23a82887a6ca1e,enr-11127,units/persons/johann-wilhelm-elector-palatine,value,,0,佩莱格里尼《普法尔茨王储教育寓意》,entity,units/works/pellegrini-allegory-of-the-education-of-the-crown-prince-of-the-palatinate,resolved_entity
ref-71610956760a3143,enr-11127,units/persons/johann-wilhelm-elector-palatine,cells,1,0,佩莱格里尼《普法尔茨王储教育寓意》,entity,units/works/pellegrini-allegory-of-the-education-of-the-crown-prince-of-the-palatinate,resolved_entity
ref-72a69feb2037b317,enr-11134,units/persons/john-finch,value,,0,托马斯·贝恩斯（Thomas Baines）,entity,units/persons/thomas-baines,resolved_entity
ref-c8b0d6c5cb15aee1,enr-11134,units/persons/john-finch,cells,1,0,托马斯·贝恩斯（Thomas Baines）,entity,units/persons/thomas-baines,resolved_entity
ref-2a8878f4a1f5fbf7,enr-11135,units/persons/john-finch,value,,0,卡洛·多尔奇（Carlo Dolci）,entity,units/persons/carlo-dolci,resolved_entity
ref-fde2245b4f86f749,enr-11135,units/persons/john-finch,cells,1,0,卡洛·多尔奇（Carlo Dolci）,entity,units/persons/carlo-dolci,resolved_entity
ref-252b27b177e91a1c,enr-11136,units/persons/john-finch,value,,0,托马斯·贝恩斯肖像,entity,units/works/carlo-dolci-sir-thomas-baines,resolved_entity
ref-f8dad01c599cc874,enr-11136,units/persons/john-finch,cells,1,0,托马斯·贝恩斯肖像,entity,units/works/carlo-dolci-sir-thomas-baines,resolved_entity
ref-27c0746ba3672cf6,enr-11138,units/persons/john-finch,value,,0,多尔奇《约翰·芬奇爵士肖像》,entity,units/works/carlo-dolci-sir-john-finch,resolved_entity
ref-98591ebd7c621b49,enr-11138,units/persons/john-finch,cells,1,0,多尔奇《约翰·芬奇爵士肖像》,entity,units/works/carlo-dolci-sir-john-finch,resolved_entity
ref-ebc89b1fbe660d10,enr-11141,units/persons/john-gilmartin,value,,0,克勉十一世为罗马圣克莱孟圣殿委托的绘画,entity,units/archives/gilmartin-san-clemente-1974,resolved_entity
ref-382bcff34f1a7e9a,enr-11141,units/persons/john-gilmartin,cells,1,0,克勉十一世为罗马圣克莱孟圣殿委托的绘画,entity,units/archives/gilmartin-san-clemente-1974,resolved_entity
ref-4bd21689605fe3e8,enr-11143,units/persons/john-nicoll,value,,0,耶鲁大学出版社,entity,units/institutions/yale-university-press,resolved_entity
ref-2e35df3ce97f6959,enr-11143,units/persons/john-nicoll,cells,1,0,耶鲁大学出版社,entity,units/institutions/yale-university-press,resolved_entity
ref-1962e0fb0a822b2b,enr-03544,units/persons/john-r-freeman,value,,0,托斯卡纳大公子费迪南多肖像,entity,units/works/francesco-petrucci-grand-prince-ferdinand-of-tuscany,resolved_entity
ref-aa58c73a5750a658,enr-03544,units/persons/john-r-freeman,cells,1,0,托斯卡纳大公子费迪南多肖像,entity,units/works/francesco-petrucci-grand-prince-ferdinand-of-tuscany,resolved_entity
ref-ddf9a0e6d45d6512,enr-03545,units/persons/john-r-freeman,value,,0,弗拉米尼奥·科尔内尔肖像,entity,units/works/marco-pitteri-flaminio-corner,resolved_entity
ref-dd5f7a1e09d3e998,enr-03545,units/persons/john-r-freeman,cells,1,0,弗拉米尼奥·科尔内尔肖像,entity,units/works/marco-pitteri-flaminio-corner,resolved_entity
ref-8d2dc5721b764f47,enr-03546,units/persons/john-r-freeman,value,,0,戈尔多尼《作品集》第二卷卷首图,entity,units/works/pietro-antonio-novelli-frontispiece-to-vol-2-of-goldoni-opere,resolved_entity
ref-cf6e40d1d6140518,enr-03546,units/persons/john-r-freeman,cells,1,0,戈尔多尼《作品集》第二卷卷首图,entity,units/works/pietro-antonio-novelli-frontispiece-to-vol-2-of-goldoni-opere,resolved_entity
ref-9587ad5e2ec702a8,enr-11156,units/persons/john-strange,value,,0,"洛雷丹别墅（Villa Loredan, Paese）",entity,units/places/villa-loredan-paese,resolved_entity
ref-1ae0f0b294dbc379,enr-11156,units/persons/john-strange,cells,1,0,"洛雷丹别墅（Villa Loredan, Paese）",entity,units/places/villa-loredan-paese,resolved_entity
ref-b44de2e27f8a737c,enr-03564,units/persons/juan-de-pareja,value,,0,胡安·德·帕雷哈肖像,entity,units/works/velasquez-juan-de-pareja,resolved_entity
ref-d2d2847b73455c0e,enr-03564,units/persons/juan-de-pareja,cells,1,0,胡安·德·帕雷哈肖像,entity,units/works/velasquez-juan-de-pareja,resolved_entity
ref-3056af2e896ab9c3,enr-11160,units/persons/juan-de-pareja,value,,0,迭戈·委拉斯开兹,entity,units/persons/velasquez,resolved_entity
ref-e443acccf9ca2e00,enr-11160,units/persons/juan-de-pareja,cells,1,0,迭戈·委拉斯开兹,entity,units/persons/velasquez,resolved_entity
ref-70ccfc15802c7c99,enr-11163,units/persons/jules-guiffrey,value,,0,罗马法国学院主管通信集,entity,units/archives/montaiglon-academy-correspondence,resolved_entity
ref-1fd67caf87d97858,enr-11163,units/persons/jules-guiffrey,cells,1,0,罗马法国学院主管通信集,entity,units/archives/montaiglon-academy-correspondence,resolved_entity
ref-6df91d90a7a80a3a,enr-11164,units/persons/jules-guiffrey,value,,0,阿纳托尔·德·蒙泰格隆,entity,units/persons/a-de-montaiglon,resolved_entity
ref-33127ebc348391a7,enr-11164,units/persons/jules-guiffrey,cells,1,0,阿纳托尔·德·蒙泰格隆,entity,units/persons/a-de-montaiglon,resolved_entity
ref-0b1e0be84cc88980,enr-11166,units/persons/katharina-heinzelmann,value,,0,阿马德奥·斯瓦耶尔,entity,units/persons/amadeo-swajer,resolved_entity
ref-33ffccdb91326d59,enr-11166,units/persons/katharina-heinzelmann,cells,1,0,阿马德奥·斯瓦耶尔,entity,units/persons/amadeo-swajer,resolved_entity
ref-41a82b27f2a60f36,enr-03588,units/persons/larissa-dedicatee,value,,0,艾尔米塔什博物馆,entity,units/institutions/hermitage-museum,resolved_entity
ref-184aec255fbf8735,enr-03588,units/persons/larissa-dedicatee,cells,1,0,艾尔米塔什博物馆,entity,units/institutions/hermitage-museum,resolved_entity
ref-8780257fd7d77b2f,enr-03589,units/persons/larissa-dedicatee,value,,0,弗朗西斯·詹姆斯·赫伯特·哈斯克尔,entity,units/persons/francis-haskell,resolved_entity
ref-539e37be35e20657,enr-03589,units/persons/larissa-dedicatee,cells,1,0,弗朗西斯·詹姆斯·赫伯特·哈斯克尔,entity,units/persons/francis-haskell,resolved_entity
ref-23a783d087cce9b7,enr-03590,units/persons/larissa-dedicatee,value,,0,威尼斯,entity,units/places/venice,resolved_entity
ref-6e89987a597f2446,enr-03590,units/persons/larissa-dedicatee,cells,1,0,威尼斯,entity,units/places/venice,resolved_entity
ref-ee93d5c4a914c222,enr-03591,units/persons/larissa-dedicatee,value,,0,亚历山德罗·贝塔尼奥,entity,units/persons/alessandro-bettagno,resolved_entity
ref-bf367c0de9bc5234,enr-03591,units/persons/larissa-dedicatee,cells,1,0,亚历山德罗·贝塔尼奥,entity,units/persons/alessandro-bettagno,resolved_entity
ref-bb218439ad5e047f,enr-11170,units/persons/lavinia-albergati,value,,0,Orazio Ludovisi,entity,units/persons/orazio-ludovisi,resolved_entity
ref-6592695d170f1d4d,enr-11170,units/persons/lavinia-albergati,cells,1,0,Orazio Ludovisi,entity,units/persons/orazio-ludovisi,resolved_entity
ref-ca0977d2fc65066b,enr-03594,units/persons/lavinia-albergati,value,,0,Cardinal Ludovico Ludovisi,entity,units/persons/ludovico-ludovisi,resolved_entity
ref-f7828278225cf7a7,enr-03594,units/persons/lavinia-albergati,value,,1,Niccolò Ludovisi,entity,units/persons/niccolo-ludovisi,resolved_entity
ref-2a407977eb11fbc1,enr-03594,units/persons/lavinia-albergati,cells,1,0,Cardinal Ludovico Ludovisi,entity,units/persons/ludovico-ludovisi,resolved_entity
ref-1d016dca54f00272,enr-03594,units/persons/lavinia-albergati,cells,1,1,Niccolò Ludovisi,entity,units/persons/niccolo-ludovisi,resolved_entity
ref-53b618c00b0bce98,enr-03610,units/persons/leonardis,value,,0,梅塞纳斯向奥古斯都呈献艺术,entity,units/works/tiepolo-maecenas-presenting-the-arts-to-augustus,resolved_entity
ref-7e132f0127731b87,enr-03610,units/persons/leonardis,cells,1,0,梅塞纳斯向奥古斯都呈献艺术,entity,units/works/tiepolo-maecenas-presenting-the-arts-to-augustus,resolved_entity
ref-88f62707fc79d2ad,enr-11224,units/persons/louis-antoine-de-pardaillan-de-gondrin,value,,0,普瓦松致其信,entity,units/archives/poerson-letter-1708,resolved_entity
ref-3bc03ebf24880534,enr-11224,units/persons/louis-antoine-de-pardaillan-de-gondrin,cells,1,0,普瓦松致其信,entity,units/archives/poerson-letter-1708,resolved_entity
ref-fec602b3f343ed64,enr-03669,units/persons/louis-xiv,value,,0,路易十四肖像,entity,units/works/bernini-louis-xiv,resolved_entity
ref-d4ba0d6d296aeb93,enr-03669,units/persons/louis-xiv,cells,1,0,路易十四肖像,entity,units/works/bernini-louis-xiv,resolved_entity
ref-3c955a1ba22dc340,enr-03671,units/persons/louis-xiv,value,,0,声名携路易十四之名入不朽殿堂,entity,units/works/baldassare-franceschini-fame-carrying-the-name-of-louis-xiv-to-the-temple-of-immortality,resolved_entity
ref-503e7c1d04bb2656,enr-03671,units/persons/louis-xiv,cells,1,0,声名携路易十四之名入不朽殿堂,entity,units/works/baldassare-franceschini-fame-carrying-the-name-of-louis-xiv-to-the-temple-of-immortality,resolved_entity
ref-1dc5d71c3cf1a4f3,enr-11230,units/persons/luigi-bernini,value,,0,Angelica Galante,entity,units/persons/angelica-galante,resolved_entity
ref-517aa215b9e023bc,enr-11230,units/persons/luigi-bernini,cells,1,0,Angelica Galante,entity,units/persons/angelica-galante,resolved_entity
ref-749ec2e5d3b6d27a,enr-03707,units/persons/ludovico-ludovisi,value,,0,Orazio Ludovisi（奥拉齐奥·卢多维西）,entity,units/persons/orazio-ludovisi,resolved_entity
ref-f7c3c6195e9b88d1,enr-03707,units/persons/ludovico-ludovisi,cells,1,0,Orazio Ludovisi（奥拉齐奥·卢多维西）,entity,units/persons/orazio-ludovisi,resolved_entity
ref-a285a39f61c0b5cf,enr-03708,units/persons/ludovico-ludovisi,value,,0,Lavinia Albergati（拉维尼娅·阿尔贝尔加蒂）,entity,units/persons/lavinia-albergati,resolved_entity
ref-692688237c27d066,enr-03708,units/persons/ludovico-ludovisi,cells,1,0,Lavinia Albergati（拉维尼娅·阿尔贝尔加蒂）,entity,units/persons/lavinia-albergati,resolved_entity
ref-a5becb09e61049b3,enr-11244,units/persons/ludovico-ludovisi,value,,0,格列高利十五世,entity,units/persons/gregory-xv,resolved_entity
ref-5993c211f9c33373,enr-11244,units/persons/ludovico-ludovisi,cells,1,0,格列高利十五世,entity,units/persons/gregory-xv,resolved_entity
ref-986cc42d53ac03c5,enr-11245,units/persons/ludovico-ludovisi,value,,0,Niccolò Ludovisi（尼科洛·卢多维西）,entity,units/persons/niccolo-ludovisi,resolved_entity
ref-449808a9fcca17bb,enr-11245,units/persons/ludovico-ludovisi,cells,1,0,Niccolò Ludovisi（尼科洛·卢多维西）,entity,units/persons/niccolo-ludovisi,resolved_entity
ref-21ab6e8a88977fd8,enr-11258,units/persons/ludovico-ludovisi,value,,0,圭尔奇诺（Guercino）,entity,units/persons/guercino,resolved_entity
ref-afebbc628a5d72dc,enr-11258,units/persons/ludovico-ludovisi,cells,1,0,圭尔奇诺（Guercino）,entity,units/persons/guercino,resolved_entity
ref-402b5d13dfa3d045,enr-03737,units/persons/marcello-sacchetti,value,,0,马尔切洛·萨凯蒂肖像,entity,units/works/pietro-da-cortona-marcello-sacchetti,resolved_entity
ref-eba096e085171651,enr-03737,units/persons/marcello-sacchetti,cells,1,0,马尔切洛·萨凯蒂肖像,entity,units/works/pietro-da-cortona-marcello-sacchetti,resolved_entity
ref-f1cf54ed221efbca,enr-11296,units/persons/marchese-del-carpio,value,,0,马德里（Madrid）,entity,units/places/madrid,resolved_entity
ref-dffd40fb7412b997,enr-11296,units/persons/marchese-del-carpio,cells,1,0,马德里（Madrid）,entity,units/places/madrid,resolved_entity
ref-8ad5edfea23444e0,enr-11297,units/persons/marchese-del-carpio,value,,0,卡米洛·马西米肖像,entity,units/works/velasquez-camillo-massimi,resolved_entity
ref-2986706a2fbbe960,enr-11297,units/persons/marchese-del-carpio,cells,1,0,卡米洛·马西米肖像,entity,units/works/velasquez-camillo-massimi,resolved_entity
ref-2465af58f86e23c6,enr-11304,units/persons/marchese-gerini,value,,0,朱塞佩·佐基,entity,units/persons/giuseppe-zocchi,resolved_entity
ref-e7523a5e8a7aa30e,enr-11304,units/persons/marchese-gerini,cells,1,0,朱塞佩·佐基,entity,units/persons/giuseppe-zocchi,resolved_entity
ref-50e7b5136b22970a,enr-11305,units/persons/marchese-gerini,value,,0,扎内蒂与杰里尼侯爵肖像,entity,units/works/giuseppe-zocchi-a-m-zanetti-the-elder-with-marchese-gerini,resolved_entity
ref-c321fdb37d64e37b,enr-11305,units/persons/marchese-gerini,cells,1,0,扎内蒂与杰里尼侯爵肖像,entity,units/works/giuseppe-zocchi-a-m-zanetti-the-elder-with-marchese-gerini,resolved_entity
ref-59427fb87f4d760f,enr-03775,units/persons/marchese-giustiniani-ch1,value,,0,文琴佐·朱斯蒂尼亚尼肖像,entity,units/works/claude-mellan-vincenzo-giustiniani,resolved_entity
ref-779b86305bb9f853,enr-03775,units/persons/marchese-giustiniani-ch1,cells,1,0,文琴佐·朱斯蒂尼亚尼肖像,entity,units/works/claude-mellan-vincenzo-giustiniani,resolved_entity
ref-5814f3e3c7336eff,enr-11321,units/persons/marco-chiarini,value,,0,罗马,entity,units/places/rome,resolved_entity
ref-c427d81799521db6,enr-11321,units/persons/marco-chiarini,cells,1,0,罗马,entity,units/places/rome,resolved_entity
ref-73f96849a8a79c85,enr-11322,units/persons/marco-chiarini,value,,0,佛罗伦萨,entity,units/places/florence,resolved_entity
ref-b9463ed9d7fffb4e,enr-11322,units/persons/marco-chiarini,cells,1,0,佛罗伦萨,entity,units/places/florence,resolved_entity
ref-4f4e210410db2a8e,enr-11324,units/persons/marco-chiarini,value,,0,佛罗伦萨,entity,units/places/florence,resolved_entity
ref-248ccf46af74ac1d,enr-11324,units/persons/marco-chiarini,cells,1,0,佛罗伦萨,entity,units/places/florence,resolved_entity
ref-c7dfe43e88feb2cd,enr-11325,units/persons/marco-chiarini,value,,0,帕拉蒂纳美术馆,entity,units/institutions/galleria-palatina,resolved_entity
ref-0e9267722f355f89,enr-11325,units/persons/marco-chiarini,cells,1,0,帕拉蒂纳美术馆,entity,units/institutions/galleria-palatina,resolved_entity
ref-27f089b14dd3af5e,enr-11332,units/persons/marco-foscarini,value,,0,威尼斯共和国,entity,units/institutions/republic-of-venice,resolved_entity
ref-e3db797ee86a39c1,enr-11332,units/persons/marco-foscarini,value,,1,罗马,entity,units/places/rome,resolved_entity
ref-89da63cc70c7b8c7,enr-11332,units/persons/marco-foscarini,cells,1,0,威尼斯共和国,entity,units/institutions/republic-of-venice,resolved_entity
ref-9e2fa2727cca0bb2,enr-11332,units/persons/marco-foscarini,cells,1,1,罗马,entity,units/places/rome,resolved_entity
ref-4ec90ffadf1ff433,enr-11333,units/persons/marco-foscarini,value,,0,威尼斯共和国,entity,units/institutions/republic-of-venice,resolved_entity
ref-ac29842c8329dd3e,enr-11333,units/persons/marco-foscarini,cells,1,0,威尼斯共和国,entity,units/institutions/republic-of-venice,resolved_entity
ref-bba69adf6665a864,enr-03808,units/persons/marco-foscarini,value,,0,《威尼斯的胜利》,entity,units/works/pompeo-batoni-the-triumph-of-venice,resolved_entity
ref-09cc5b7827af6a69,enr-03808,units/persons/marco-foscarini,cells,1,0,《威尼斯的胜利》,entity,units/works/pompeo-batoni-the-triumph-of-venice,resolved_entity
ref-e3ba6272071d3103,enr-03809,units/persons/marco-foscarini,value,,0,蓬佩奥·吉罗拉莫·巴托尼,entity,units/persons/pompeo-batoni,resolved_entity
ref-0e585ab19cf146d3,enr-03809,units/persons/marco-foscarini,cells,1,0,蓬佩奥·吉罗拉莫·巴托尼,entity,units/persons/pompeo-batoni,resolved_entity
ref-38ce9057f8d8077c,enr-03814,units/persons/marco-pitteri,value,,0,弗拉米尼奥·科尔内尔肖像,entity,units/works/marco-pitteri-flaminio-corner,resolved_entity
ref-94ade06b6dc406a6,enr-03814,units/persons/marco-pitteri,cells,1,0,弗拉米尼奥·科尔内尔肖像,entity,units/works/marco-pitteri-flaminio-corner,resolved_entity
ref-a0053c5c8f503685,enr-11337,units/persons/marco-pitteri,value,,0,威尼斯,entity,units/places/venice,resolved_entity
ref-53af086d847e08aa,enr-11337,units/persons/marco-pitteri,cells,1,0,威尼斯,entity,units/places/venice,resolved_entity
ref-db1e054779dc6ced,enr-11338,units/persons/marco-pitteri,value,,0,威尼斯,entity,units/places/venice,resolved_entity
ref-8706e44f98ce40f2,enr-11338,units/persons/marco-pitteri,cells,1,0,威尼斯,entity,units/places/venice,resolved_entity
ref-6a2fba34df249560,enr-11341,units/persons/marco-pitteri,value,,0,法尔多尼,entity,units/persons/gian-antonio-faldoni,resolved_entity
ref-c4dfe50c2c49f782,enr-11341,units/persons/marco-pitteri,cells,1,0,法尔多尼,entity,units/persons/gian-antonio-faldoni,resolved_entity
ref-7d14cd8373c9c2be,enr-11342,units/persons/marco-pitteri,value,,0,皮亚泽塔,entity,units/persons/piazzetta,resolved_entity
ref-f5c9d6e5ccd54562,enr-11342,units/persons/marco-pitteri,cells,1,0,皮亚泽塔,entity,units/persons/piazzetta,resolved_entity
ref-c1bfcfdb01030a90,enr-03826,units/persons/marco-ricci,value,,0,歌剧排练,entity,units/works/marco-ricci-an-operatic-rehearsal,resolved_entity
ref-3aefa160765de7e2,enr-03826,units/persons/marco-ricci,cells,1,0,歌剧排练,entity,units/works/marco-ricci-an-operatic-rehearsal,resolved_entity
ref-35c2674cc85f4ef2,enr-03828,units/persons/marco-ricci,value,,0,村景,entity,units/works/marco-ricci-village-scene,resolved_entity
ref-f67fa9989cc9599e,enr-03828,units/persons/marco-ricci,cells,1,0,村景,entity,units/works/marco-ricci-village-scene,resolved_entity
ref-ea2eefcbc7e34394,enr-11350,units/persons/marco-ricci,value,,0,塞巴斯蒂亚诺·里奇,entity,units/persons/sebastiano-ricci,resolved_entity
ref-384447eaf4e87c00,enr-11350,units/persons/marco-ricci,cells,1,0,塞巴斯蒂亚诺·里奇,entity,units/persons/sebastiano-ricci,resolved_entity
ref-d89d4234396b8844,enr-11352,units/persons/marco-ricci,value,,0,佩莱格里尼,entity,units/persons/pellegrini,resolved_entity
ref-3729e8cb0893b3a0,enr-11352,units/persons/marco-ricci,value,,1,霍华德城堡,entity,units/places/castle-howard,resolved_entity
ref-0ceca929f3cfae24,enr-11352,units/persons/marco-ricci,cells,1,0,佩莱格里尼,entity,units/persons/pellegrini,resolved_entity
ref-ea098270713d47f7,enr-11352,units/persons/marco-ricci,cells,1,1,霍华德城堡,entity,units/places/castle-howard,resolved_entity
ref-7f735f12af9f3d5b,enr-11353,units/persons/marco-ricci,value,,0,威尼斯,entity,units/places/venice,resolved_entity
ref-f61ce2a95059d898,enr-11353,units/persons/marco-ricci,cells,1,0,威尼斯,entity,units/places/venice,resolved_entity
ref-cf808c1dd31e9862,enr-11358,units/persons/marianne-roland-michel,value,,0,《夏尔丹》,entity,units/archives/roland-michel-chardin-1994,resolved_entity
ref-a2cca8ebfe921790,enr-11358,units/persons/marianne-roland-michel,cells,1,0,《夏尔丹》,entity,units/archives/roland-michel-chardin-1994,resolved_entity
ref-19c208274ec1e1b1,enr-03866,units/persons/marie-louise-jay,value,,0,泰奥多尔—埃内斯特·科涅克,entity,units/persons/ernest-cognacq,resolved_entity
ref-ba291845e9bddecf,enr-03866,units/persons/marie-louise-jay,cells,1,0,泰奥多尔—埃内斯特·科涅克,entity,units/persons/ernest-cognacq,resolved_entity
ref-33ee67bf0b449fd2,enr-11367,units/persons/marie-louise-jay,value,,0,科涅克—杰博物馆,entity,units/institutions/musee-cognacq-jay,resolved_entity
ref-d73658648a8b084d,enr-11367,units/persons/marie-louise-jay,cells,1,0,科涅克—杰博物馆,entity,units/institutions/musee-cognacq-jay,resolved_entity
ref-62395648326bc0d8,enr-03873,units/persons/marieschi,value,,0,圣洛克堂画展,entity,units/works/marieschi-picture-exhibition-at-church-of-s-rocco,resolved_entity
ref-3ad81c9193ea1127,enr-03873,units/persons/marieschi,cells,1,0,圣洛克堂画展,entity,units/works/marieschi-picture-exhibition-at-church-of-s-rocco,resolved_entity
ref-7b551e77e2af2f8a,enr-11368,units/persons/marieschi,value,,0,威尼斯,entity,units/places/venice,resolved_entity
ref-dc039ff76e6f2bd2,enr-11368,units/persons/marieschi,cells,1,0,威尼斯,entity,units/places/venice,resolved_entity
ref-f7cb60c34d5936b9,enr-11369,units/persons/marieschi,value,,0,威尼斯,entity,units/places/venice,resolved_entity
ref-660330ee67ce3087,enr-11369,units/persons/marieschi,cells,1,0,威尼斯,entity,units/places/venice,resolved_entity
ref-de2507e9bee96996,enr-03890,units/persons/mario-minnitti,value,,0,异文记录,processing_record,patrons-and-painters-chp-1/process/knowledge.md#rev-072-persons-mario-minnitti,not_in_package
ref-68cae626bfd4f30a,enr-03890,units/persons/mario-minnitti,cells,1,0,异文记录,processing_record,patrons-and-painters-chp-1/process/knowledge.md#rev-072-persons-mario-minnitti,not_in_package
ref-6fdd7003285ac02b,enr-11375,units/persons/mario-minnitti,value,,0,卡拉瓦乔,entity,units/persons/caravaggio,resolved_entity
ref-4a13dd484e447e7c,enr-11375,units/persons/mario-minnitti,cells,1,0,卡拉瓦乔,entity,units/persons/caravaggio,resolved_entity
ref-31fc13bf6ffba1d3,enr-03902,units/persons/marshal-schulenburg,value,,0,舒伦堡元帅肖像,entity,units/works/piazzetta-marshal-schulenburg,resolved_entity
ref-c83e8ef748fd44e3,enr-03902,units/persons/marshal-schulenburg,cells,1,0,舒伦堡元帅肖像,entity,units/works/piazzetta-marshal-schulenburg,resolved_entity
ref-242502849dbff8e5,enr-11385,units/persons/marshal-schulenburg,value,,0,威尼斯共和国,entity,units/institutions/republic-of-venice,resolved_entity
ref-d09cb03e7ea28e41,enr-11385,units/persons/marshal-schulenburg,cells,1,0,威尼斯共和国,entity,units/institutions/republic-of-venice,resolved_entity
ref-b273c75bcec02ead,enr-11388,units/persons/marshal-schulenburg,value,,0,皮亚泽塔,entity,units/persons/piazzetta,resolved_entity
ref-eedf34bcf63fc940,enr-11388,units/persons/marshal-schulenburg,cells,1,0,皮亚泽塔,entity,units/persons/piazzetta,resolved_entity
ref-b4b4dd782a092695,enr-11389,units/persons/marshal-schulenburg,value,,0,皮亚泽塔,entity,units/persons/piazzetta,resolved_entity
ref-395551faf0442c33,enr-11389,units/persons/marshal-schulenburg,cells,1,0,皮亚泽塔,entity,units/persons/piazzetta,resolved_entity
ref-d83f9da5eaf4ea0f,enr-11390,units/persons/marshal-schulenburg,value,,0,纳扎里骑马肖像,entity,units/works/nazari-equestrian-portrait-of-schulenburg,resolved_entity
ref-bc37a672471b2f05,enr-11390,units/persons/marshal-schulenburg,cells,1,0,纳扎里骑马肖像,entity,units/works/nazari-equestrian-portrait-of-schulenburg,resolved_entity
ref-7f2624ce3cfdc7ef,enr-11391,units/persons/marshal-schulenburg,value,,0,巴托洛梅奥·纳扎里,entity,units/persons/b-nazari,resolved_entity
ref-d70704ba1ff7a91a,enr-11391,units/persons/marshal-schulenburg,cells,1,0,巴托洛梅奥·纳扎里,entity,units/persons/b-nazari,resolved_entity
ref-208b3367560573ad,enr-11392,units/persons/marshal-schulenburg,value,,0,田园,entity,units/works/piazzetta-idyll,resolved_entity
ref-782b9c93f128a1f3,enr-11392,units/persons/marshal-schulenburg,cells,1,0,田园,entity,units/works/piazzetta-idyll,resolved_entity
ref-1a5e787e38a8cb31,enr-11393,units/persons/marshal-schulenburg,value,,0,田园场景,entity,units/works/piazzetta-pastoral-scene-chicago,resolved_entity
ref-736354ce18806a01,enr-11393,units/persons/marshal-schulenburg,cells,1,0,田园场景,entity,units/works/piazzetta-pastoral-scene-chicago,resolved_entity
ref-94f9c2c4c5f8d87e,enr-03918,units/persons/massimo-stanzione,value,,0,杰罗姆·班克斯肖像,entity,units/works/massimo-stanzione-jerome-bankes,resolved_entity
ref-2ba2640bcb3f82b1,enr-03918,units/persons/massimo-stanzione,cells,1,0,杰罗姆·班克斯肖像,entity,units/works/massimo-stanzione-jerome-bankes,resolved_entity
ref-f9cb7c54640eb12c,enr-03929,units/persons/matteo-castelli,value,,0,谷地圣安德烈堂巴贝里尼礼拜堂,entity,units/places/barberini-chapel-sant-andrea-valle,resolved_entity
ref-1e239d92fe89038c,enr-03929,units/persons/matteo-castelli,cells,1,0,谷地圣安德烈堂巴贝里尼礼拜堂,entity,units/places/barberini-chapel-sant-andrea-valle,resolved_entity
ref-ab17b8ec065d6251,enr-11406,units/persons/matthaeus-kusel,value,,0,《极乐世界》,entity,units/works/burnacini-the-elysian-fields,resolved_entity
ref-2ebab4643224128b,enr-11406,units/persons/matthaeus-kusel,cells,1,0,《极乐世界》,entity,units/works/burnacini-the-elysian-fields,resolved_entity
ref-3cdfc59ca7328967,enr-11408,units/persons/matthaeus-kusel,value,,0,布尔纳奇尼,entity,units/persons/burnacini,resolved_entity
ref-94a1d992b7ff6d67,enr-11408,units/persons/matthaeus-kusel,cells,1,0,布尔纳奇尼,entity,units/persons/burnacini,resolved_entity
ref-7c24e6ce343aac2b,enr-11413,units/persons/mattia-preti,value,,0,Antonio Ruffo,entity,units/persons/antonio-ruffo,resolved_entity
ref-f8a19c78c1bfc307,enr-11413,units/persons/mattia-preti,cells,1,0,Antonio Ruffo,entity,units/persons/antonio-ruffo,resolved_entity
ref-df13e752cd415137,enr-03985,units/persons/mauro-antonio-tesi,value,,0,弗朗切斯科·阿尔加罗蒂墓,entity,units/works/tomb-of-francesco-algarotti,resolved_entity
ref-cd25c7b8ab425489,enr-03985,units/persons/mauro-antonio-tesi,cells,1,0,弗朗切斯科·阿尔加罗蒂墓,entity,units/works/tomb-of-francesco-algarotti,resolved_entity
ref-c8421b9d24214dd0,enr-11447,units/persons/mauro-antonio-tesi,value,,0,弗朗切斯科·阿尔加罗蒂,entity,units/persons/francesco-algarotti,resolved_entity
ref-9a193660465c0cc3,enr-11447,units/persons/mauro-antonio-tesi,cells,1,0,弗朗切斯科·阿尔加罗蒂,entity,units/persons/francesco-algarotti,resolved_entity
ref-a25c275a0bfe513b,enr-11448,units/persons/mauro-antonio-tesi,value,,0,弗朗切斯科·阿尔加罗蒂,entity,units/persons/francesco-algarotti,resolved_entity
ref-17ceafc25ba01b88,enr-11448,units/persons/mauro-antonio-tesi,cells,1,0,弗朗切斯科·阿尔加罗蒂,entity,units/persons/francesco-algarotti,resolved_entity
ref-cfbb17a379942ee1,enr-11449,units/persons/mauro-antonio-tesi,value,,0,卡洛·比安科尼,entity,units/persons/carlo-bianconi,resolved_entity
ref-b276dd9cf32b2399,enr-11449,units/persons/mauro-antonio-tesi,cells,1,0,卡洛·比安科尼,entity,units/persons/carlo-bianconi,resolved_entity
ref-f94b01e6f893b982,enr-03994,units/persons/mazarin,value,,0,画廊中的马扎然,entity,units/works/nanteuil-cardinal-mazarin-in-his-gallery,resolved_entity
ref-08bbb7366f97566d,enr-03994,units/persons/mazarin,cells,1,0,画廊中的马扎然,entity,units/works/nanteuil-cardinal-mazarin-in-his-gallery,resolved_entity
ref-2aa8aeaeef40b885,enr-11456,units/persons/mazarin,value,,0,马扎然宫,entity,units/places/palais-mazarin,resolved_entity
ref-8bf9cd331f95613e,enr-11456,units/persons/mazarin,cells,1,0,马扎然宫,entity,units/places/palais-mazarin,resolved_entity
ref-e8bed85cda28c9a0,enr-11457,units/persons/mazarin,value,,0,弗朗索瓦·芒萨尔,entity,units/persons/francois-mansart,resolved_entity
ref-41a6780799ecd2f8,enr-11457,units/persons/mazarin,cells,1,0,弗朗索瓦·芒萨尔,entity,units/persons/francois-mansart,resolved_entity
ref-238e2d4c7129a374,enr-11458,units/persons/mazarin,value,,0,乔万尼·弗朗切斯科·罗马内利,entity,units/persons/romanelli,resolved_entity
ref-6b74c18692116fa5,enr-11458,units/persons/mazarin,cells,1,0,乔万尼·弗朗切斯科·罗马内利,entity,units/persons/romanelli,resolved_entity
ref-970684c3fed46878,enr-11459,units/persons/mazarin,value,,0,马扎然画廊穹顶装饰,entity,units/works/mazarin-gallery-vault-decoration,resolved_entity
ref-5f75baf7c7db988c,enr-11459,units/persons/mazarin,cells,1,0,马扎然画廊穹顶装饰,entity,units/works/mazarin-gallery-vault-decoration,resolved_entity
ref-a7a9d61a1d524803,enr-11464,units/persons/michael-conforti,value,,0,克拉克艺术研究所,entity,units/institutions/clark-art-institute,resolved_entity
ref-177b6f22a1fa5885,enr-11464,units/persons/michael-conforti,cells,1,0,克拉克艺术研究所,entity,units/institutions/clark-art-institute,resolved_entity
ref-c13696d41bb0c969,enr-11466,units/persons/michael-conforti,value,,0,皮埃尔·勒格罗与雕塑家的设计师角色,entity,units/archives/conforti-legros-designers-1977,resolved_entity
ref-9e3905f4aa3c4e14,enr-11466,units/persons/michael-conforti,cells,1,0,皮埃尔·勒格罗与雕塑家的设计师角色,entity,units/archives/conforti-legros-designers-1977,resolved_entity
ref-54c4ae88c39f8295,enr-11470,units/persons/michael-levey,value,,0,英国国家美术馆,entity,units/institutions/national-gallery-london,resolved_entity
ref-79b3736f90398beb,enr-11470,units/persons/michael-levey,cells,1,0,英国国家美术馆,entity,units/institutions/national-gallery-london,resolved_entity
ref-3cbc674110e99a0a,enr-04032,units/persons/michelangelo-cerquozzi,value,,0,画家及友人群像,entity,units/works/michelangelo-cerquozzi-the-artist-with-a-group-of-friends,resolved_entity
ref-d341c06460289d33,enr-04032,units/persons/michelangelo-cerquozzi,cells,1,0,画家及友人群像,entity,units/works/michelangelo-cerquozzi-the-artist-with-a-group-of-friends,resolved_entity
ref-81dbe9b5be7c1390,enr-04033,units/persons/michelangelo-cerquozzi,value,,0,画家及友人群像,entity,units/works/michelangelo-cerquozzi-the-artist-with-a-group-of-friends,resolved_entity
ref-231c7a2013be6050,enr-04033,units/persons/michelangelo-cerquozzi,cells,1,0,画家及友人群像,entity,units/works/michelangelo-cerquozzi-the-artist-with-a-group-of-friends,resolved_entity
ref-7aa34918768d0d8a,enr-04035,units/persons/michelangelo-cerquozzi,value,,0,马萨涅洛起义,entity,units/works/michelangelo-cerquozzi-the-revolt-of-masaniello,resolved_entity
ref-d62cf1c5801de12d,enr-04035,units/persons/michelangelo-cerquozzi,cells,1,0,马萨涅洛起义,entity,units/works/michelangelo-cerquozzi-the-revolt-of-masaniello,resolved_entity
ref-058b9ee7be300b03,enr-04037,units/persons/michelangelo-cerquozzi,value,,0,女浴,entity,units/works/michelangelo-cerquozzi-women-s-bath,resolved_entity
ref-3cd92024d3bb67ba,enr-04037,units/persons/michelangelo-cerquozzi,cells,1,0,女浴,entity,units/works/michelangelo-cerquozzi-women-s-bath,resolved_entity
ref-32fa465d7b2dc081,enr-04065,units/persons/nanteuil,value,,0,画廊中的马扎然,entity,units/works/nanteuil-cardinal-mazarin-in-his-gallery,resolved_entity
ref-fd412250d09b655a,enr-04065,units/persons/nanteuil,cells,1,0,画廊中的马扎然,entity,units/works/nanteuil-cardinal-mazarin-in-his-gallery,resolved_entity
ref-9b0e2b3f331535cf,enr-11495,units/persons/nanteuil,value,,0,弗朗索瓦·肖沃,entity,units/persons/francois-chauveau,resolved_entity
ref-50a061ad7353060b,enr-11495,units/persons/nanteuil,cells,1,0,弗朗索瓦·肖沃,entity,units/persons/francois-chauveau,resolved_entity
ref-0f7e6730477011bf,enr-11496,units/persons/nanteuil,value,,0,皮埃尔·范·斯许彭,entity,units/persons/pierre-van-schuppen,resolved_entity
ref-f9d7a9fbfb826db7,enr-11496,units/persons/nanteuil,cells,1,0,皮埃尔·范·斯许彭,entity,units/persons/pierre-van-schuppen,resolved_entity
ref-f5a83f38b7d4d7d8,enr-11497,units/persons/nanteuil,value,,0,皮埃尔·米尼亚尔,entity,units/persons/pierre-mignard,resolved_entity
ref-dfc97c688e474021,enr-11497,units/persons/nanteuil,cells,1,0,皮埃尔·米尼亚尔,entity,units/persons/pierre-mignard,resolved_entity
ref-24ead1117a5d4caf,enr-11503,units/persons/niccolo-bambini,value,,0,威尼斯,entity,units/places/venice,resolved_entity
ref-1b3b793a47f4f75d,enr-11503,units/persons/niccolo-bambini,cells,1,0,威尼斯,entity,units/places/venice,resolved_entity
ref-5f2c4f6cac45c3b8,enr-11504,units/persons/niccolo-bambini,value,,0,罗马,entity,units/places/rome,resolved_entity
ref-7c4a3eb00ccd51a5,enr-11504,units/persons/niccolo-bambini,cells,1,0,罗马,entity,units/places/rome,resolved_entity
ref-1af43d81baa201d1,enr-04080,units/persons/niccolo-bambini,value,,0,威尼斯寓意,entity,units/works/niccolo-bambini-allegory-of-venice,resolved_entity
ref-c7e73dc70d0ae7b4,enr-04080,units/persons/niccolo-bambini,cells,1,0,威尼斯寓意,entity,units/works/niccolo-bambini-allegory-of-venice,resolved_entity
ref-dc526219ad58d0d8,enr-11505,units/persons/niccolo-bambini,cells,0,0,埃涅阿斯向狄多讲述特洛伊的陷落,entity,units/works/bambini-aeneas-tells-dido-fall-of-troy,resolved_entity
ref-fd4e85ebec047319,enr-11508,units/persons/niccolo-ludovisi,value,,0,Orazio Ludovisi,entity,units/persons/orazio-ludovisi,resolved_entity
ref-131b36aafadfd127,enr-11508,units/persons/niccolo-ludovisi,cells,1,0,Orazio Ludovisi,entity,units/persons/orazio-ludovisi,resolved_entity
ref-78b39cc21b42f1cf,enr-11510,units/persons/niccolo-ludovisi,value,,0,Ludovico Ludovisi（枢机）,entity,units/persons/ludovico-ludovisi,resolved_entity
ref-6ad569ced358719a,enr-11510,units/persons/niccolo-ludovisi,cells,1,0,Ludovico Ludovisi（枢机）,entity,units/persons/ludovico-ludovisi,resolved_entity
ref-07b0e28b07853770,enr-11511,units/persons/niccolo-ludovisi,value,,0,Alessandro Ludovisi（格列高利十五世）,entity,units/persons/gregory-xv,resolved_entity
ref-7a8fef3b5e8a488e,enr-11511,units/persons/niccolo-ludovisi,cells,1,0,Alessandro Ludovisi（格列高利十五世）,entity,units/persons/gregory-xv,resolved_entity
ref-cb6531f0aefd65cb,enr-04099,units/persons/nicolas-poussin,value,,0,婚姻,entity,units/works/poussin-marriage,resolved_entity
ref-f7cc2a545f18779a,enr-04099,units/persons/nicolas-poussin,cells,1,0,婚姻,entity,units/works/poussin-marriage,resolved_entity
ref-6554c5cc4636f0c5,enr-04101,units/persons/nicolas-poussin,value,,0,摩西践踏法老王冠,entity,units/works/poussin-moses-trampling-on-pharaoh-s-crown,resolved_entity
ref-3a24d534f92b5b2d,enr-04101,units/persons/nicolas-poussin,cells,1,0,摩西践踏法老王冠,entity,units/works/poussin-moses-trampling-on-pharaoh-s-crown,resolved_entity
ref-3951afcf37390bb0,enr-04103,units/persons/nicolo-minato,value,,0,拉丁君权凯旋,entity,units/works/la-monarchia-latina-trionfante,resolved_entity
ref-2a4c4166181ec599,enr-04103,units/persons/nicolo-minato,cells,1,0,拉丁君权凯旋,entity,units/works/la-monarchia-latina-trionfante,resolved_entity
ref-564d3c98b04361eb,enr-04108,units/persons/nikolaus-pevsner,value,,0,弗朗西斯·哈斯克尔,entity,units/persons/francis-haskell,resolved_entity
ref-605053d88e50b6ac,enr-04108,units/persons/nikolaus-pevsner,cells,1,0,弗朗西斯·哈斯克尔,entity,units/persons/francis-haskell,resolved_entity
ref-ed393ccedaff1369,enr-04128,units/persons/olimpia-aldobrandini,value,,0,Paolo Borghese,entity,units/persons/paolo-borghese,resolved_entity
ref-7a4a123793f8956b,enr-04128,units/persons/olimpia-aldobrandini,cells,1,0,Paolo Borghese,entity,units/persons/paolo-borghese,resolved_entity
ref-c16ab117d3fff2e8,enr-04129,units/persons/olimpia-aldobrandini,value,,0,Camillo Pamphili,entity,units/persons/camillo-pamfili,resolved_entity
ref-4c26c3f7e21089a9,enr-04129,units/persons/olimpia-aldobrandini,cells,1,0,Camillo Pamphili,entity,units/persons/camillo-pamfili,resolved_entity
ref-cbabb9fe76eba45a,enr-11530,units/persons/olimpia-aldobrandini,value,,0,乔万尼·巴蒂斯塔·萨尔维,entity,units/persons/sassoferrato,resolved_entity
ref-40549877003ada58,enr-11530,units/persons/olimpia-aldobrandini,cells,1,0,乔万尼·巴蒂斯塔·萨尔维,entity,units/persons/sassoferrato,resolved_entity
ref-331ba93d53d1b1bd,enr-11531,units/persons/olimpia-aldobrandini,value,,0,玫瑰圣母与道明、加大利纳,entity,units/works/sassoferrato-madonna-of-the-rosary-with-saints-dominic-and-catherine,resolved_entity
ref-4722c9b0a9da9c61,enr-11531,units/persons/olimpia-aldobrandini,cells,1,0,玫瑰圣母与道明、加大利纳,entity,units/works/sassoferrato-madonna-of-the-rosary-with-saints-dominic-and-catherine,resolved_entity
ref-796f5cb5482c6915,enr-11539,units/persons/orazio-gentileschi,value,,0,比萨,entity,units/places/pisa,resolved_entity
ref-862aec93a07bdaed,enr-11539,units/persons/orazio-gentileschi,cells,1,0,比萨,entity,units/places/pisa,resolved_entity
ref-95675f4136731449,enr-11542,units/persons/orazio-gentileschi,value,,0,阿尔泰米西娅·真蒂莱斯基,entity,units/persons/artemisia-gentileschi,resolved_entity
ref-b712595c31630079,enr-11542,units/persons/orazio-gentileschi,cells,1,0,阿尔泰米西娅·真蒂莱斯基,entity,units/persons/artemisia-gentileschi,resolved_entity
ref-a1568943170e88a3,enr-11543,units/persons/orazio-gentileschi,value,,0,阿尔泰米西娅,entity,units/persons/artemisia-gentileschi,resolved_entity
ref-afec330c6f120c72,enr-11543,units/persons/orazio-gentileschi,cells,1,0,阿尔泰米西娅,entity,units/persons/artemisia-gentileschi,resolved_entity
ref-9d3a4e1cf56d9eaa,enr-11544,units/persons/orazio-gentileschi,value,,0,卡拉瓦乔,entity,units/persons/caravaggio,resolved_entity
ref-fe078a18870bbd46,enr-11544,units/persons/orazio-gentileschi,cells,1,0,卡拉瓦乔,entity,units/persons/caravaggio,resolved_entity
ref-c63ea3b4fee03556,enr-11545,units/persons/orazio-gentileschi,value,,0,罗马,entity,units/places/rome,resolved_entity
ref-bcb7dc71a068db9a,enr-11545,units/persons/orazio-gentileschi,cells,1,0,罗马,entity,units/places/rome,resolved_entity
ref-9d674f99c9b59fed,enr-11546,units/persons/orazio-gentileschi,value,,0,热那亚,entity,units/places/genoa,resolved_entity
ref-d2f2903e6b04046c,enr-11546,units/persons/orazio-gentileschi,cells,1,0,热那亚,entity,units/places/genoa,resolved_entity
ref-53599bf6db2cd2d9,enr-11547,units/persons/orazio-gentileschi,value,,0,巴黎,entity,units/places/paris,resolved_entity
ref-85ffe6dda66e3978,enr-11547,units/persons/orazio-gentileschi,cells,1,0,巴黎,entity,units/places/paris,resolved_entity
ref-2de56cddccd70622,enr-11548,units/persons/orazio-gentileschi,value,,0,伦敦,entity,units/places/london,resolved_entity
ref-27e3a1f954075b78,enr-11548,units/persons/orazio-gentileschi,value,,1,查理一世,entity,units/persons/charles-i,resolved_entity
ref-4b6cac3632a97e2d,enr-11548,units/persons/orazio-gentileschi,cells,1,0,伦敦,entity,units/places/london,resolved_entity
ref-42ca703b9651ed48,enr-11548,units/persons/orazio-gentileschi,cells,1,1,查理一世,entity,units/persons/charles-i,resolved_entity
ref-02c633cd1a7ce4bd,enr-04153,units/persons/orazio-gentileschi,value,,0,公共幸福战胜危难,entity,units/works/orazio-gentileschi-public-felicity-triumphant-over-dangers,resolved_entity
ref-0a0b105ada5aa441,enr-04153,units/persons/orazio-gentileschi,cells,1,0,公共幸福战胜危难,entity,units/works/orazio-gentileschi-public-felicity-triumphant-over-dangers,resolved_entity
ref-1731e0125f5fa951,enr-11552,units/persons/orazio-ludovisi,value,,0,Alessandro Ludovisi（格列高利十五世）,entity,units/persons/gregory-xv,resolved_entity
ref-02185810e4548ba2,enr-11552,units/persons/orazio-ludovisi,cells,1,0,Alessandro Ludovisi（格列高利十五世）,entity,units/persons/gregory-xv,resolved_entity
ref-94a64b38e5d4eb58,enr-11553,units/persons/orazio-ludovisi,value,,0,Lavinia Albergati,entity,units/persons/lavinia-albergati,resolved_entity
ref-303e323c1a9b57dd,enr-11553,units/persons/orazio-ludovisi,cells,1,0,Lavinia Albergati,entity,units/persons/lavinia-albergati,resolved_entity
ref-d5e1085e560baf0d,enr-11554,units/persons/orazio-ludovisi,value,,0,Ludovico Ludovisi（枢机）,entity,units/persons/ludovico-ludovisi,resolved_entity
ref-d91d491ffeea5d13,enr-11554,units/persons/orazio-ludovisi,cells,1,0,Ludovico Ludovisi（枢机）,entity,units/persons/ludovico-ludovisi,resolved_entity
ref-9f18ef6dd537f1f3,enr-11555,units/persons/orazio-ludovisi,value,,0,Niccolò Ludovisi,entity,units/persons/niccolo-ludovisi,resolved_entity
ref-2ba64d197513fce6,enr-11555,units/persons/orazio-ludovisi,cells,1,0,Niccolò Ludovisi,entity,units/persons/niccolo-ludovisi,resolved_entity
ref-91b1c5f6f6500d7a,enr-04164,units/persons/oscar-savio,value,,0,罗马寓意,entity,units/works/valentin-allegory-of-rome,resolved_entity
ref-70235d371f658fc0,enr-04164,units/persons/oscar-savio,cells,1,0,罗马寓意,entity,units/works/valentin-allegory-of-rome,resolved_entity
ref-7ca54e0c75556256,enr-04165,units/persons/oscar-savio,value,,0,以扫与雅各相会,entity,units/works/gio-maria-bottalla-meeting-of-esau-and-jacob,resolved_entity
ref-c46876de199d3786,enr-04165,units/persons/oscar-savio,cells,1,0,以扫与雅各相会,entity,units/works/gio-maria-bottalla-meeting-of-esau-and-jacob,resolved_entity
ref-558e1314c8c45a84,enr-04166,units/persons/oscar-savio,value,,0,约瑟被兄弟出卖,entity,units/works/pietro-testa-joseph-sold-by-his-brothers,resolved_entity
ref-d6e6935146463dbd,enr-04166,units/persons/oscar-savio,cells,1,0,约瑟被兄弟出卖,entity,units/works/pietro-testa-joseph-sold-by-his-brothers,resolved_entity
ref-cac1adfcdd1b0dff,enr-04167,units/persons/oscar-savio,value,,0,奎里纳尔圣安德烈堂内部,entity,units/places/interior-sant-andrea-quirinale,resolved_entity
ref-9126c27c29bfc7a2,enr-04167,units/persons/oscar-savio,cells,1,0,奎里纳尔圣安德烈堂内部,entity,units/places/interior-sant-andrea-quirinale,resolved_entity
ref-3c6b2e4960a03aeb,enr-11563,units/persons/ottaviano-ottoviani,value,,0,马扎然画廊穹顶装饰,entity,units/works/mazarin-gallery-vault-decoration,resolved_entity
ref-8313c18208899d27,enr-11563,units/persons/ottaviano-ottoviani,cells,1,0,马扎然画廊穹顶装饰,entity,units/works/mazarin-gallery-vault-decoration,resolved_entity
ref-e16cb9b1f97071d0,enr-11572,units/persons/ottavio-leoni,value,,0,卢多维科·莱奥尼,entity,units/persons/ludovico-leoni,resolved_entity
ref-b73d54629dd61bdd,enr-11572,units/persons/ottavio-leoni,cells,1,0,卢多维科·莱奥尼,entity,units/persons/ludovico-leoni,resolved_entity
ref-2444f8a743756aab,enr-11573,units/persons/ottavio-leoni,value,,0,卡特里娜·库基亚罗尼,entity,units/persons/caterina-cucchiaroni,resolved_entity
ref-d0431ce7fb67d4f1,enr-11573,units/persons/ottavio-leoni,cells,1,0,卡特里娜·库基亚罗尼,entity,units/persons/caterina-cucchiaroni,resolved_entity
ref-de1948d894fdb6fc,enr-11574,units/persons/ottavio-leoni,value,,0,巴蒂斯塔·泰利,entity,units/persons/battista-telli,resolved_entity
ref-db31d440af3d5769,enr-11574,units/persons/ottavio-leoni,cells,1,0,巴蒂斯塔·泰利,entity,units/persons/battista-telli,resolved_entity
ref-a6f9b48e78759389,enr-11575,units/persons/ottavio-leoni,value,,0,马达莱娜·泰利,entity,units/persons/maddalena-telli,resolved_entity
ref-094cc3eea1639713,enr-11575,units/persons/ottavio-leoni,cells,1,0,马达莱娜·泰利,entity,units/persons/maddalena-telli,resolved_entity
ref-082f9cb4d491c770,enr-11576,units/persons/ottavio-leoni,value,,0,伊波利托·莱奥尼,entity,units/persons/ippolito-leoni,resolved_entity
ref-e15be02acbbe8353,enr-11576,units/persons/ottavio-leoni,cells,1,0,伊波利托·莱奥尼,entity,units/persons/ippolito-leoni,resolved_entity
ref-e935380e16b3619f,enr-11577,units/persons/ottavio-leoni,value,,0,欧弗拉西亚·泰利,entity,units/persons/eufrasia-telli,resolved_entity
ref-485c38ad3a14c7a3,enr-11577,units/persons/ottavio-leoni,cells,1,0,欧弗拉西亚·泰利,entity,units/persons/eufrasia-telli,resolved_entity
ref-fc9b5a64b4942b2b,enr-11584,units/persons/ottavio-leoni,value,,0,万神殿Virtuosi学院,entity,units/institutions/accademia-dei-virtuosi-al-pantheon,resolved_entity
ref-62fd7f55ad5c6b8a,enr-11584,units/persons/ottavio-leoni,cells,1,0,万神殿Virtuosi学院,entity,units/institutions/accademia-dei-virtuosi-al-pantheon,resolved_entity
ref-63c9bd73fea7ea40,enr-11585,units/persons/ottavio-leoni,cells,0,0,弗朗切斯科·巴贝里尼枢机肖像,entity,units/works/ottavio-leoni-cardinal-francesco-barberini,resolved_entity
ref-64db89b8b05300fa,enr-11586,units/persons/ottavio-leoni,cells,0,0,布拉恰诺公爵肖像,entity,units/works/ottavio-leoni-paolo-giordano-orsini-duke-of-bracciano,resolved_entity
ref-e3d831456e1904e6,enr-11587,units/persons/ottavio-leoni,cells,0,0,烛光下的马达莱娜·泰利肖像,entity,units/works/ottavio-leoni-portrait-of-maddalena-telli-by-candlelight,resolved_entity
ref-34437fc7f5023107,enr-11588,units/persons/ottavio-leoni,cells,0,0,《苏珊娜与长老》,entity,units/works/ottavio-leoni-susanna-and-the-elders-1620,resolved_entity
ref-382dff27416f9810,enr-11589,units/persons/ottavio-leoni,cells,0,0,格列高利十五世肖像（约1621年原作）,entity,units/works/ottavio-leoni-portrait-of-gregory-xv-original-1621,resolved_entity
ref-3637bff36a2a4532,enr-11590,units/persons/ottavio-leoni,cells,0,0,格列高利十五世肖像（学院本，1628–1630）,entity,units/works/ottavio-leoni-portrait-of-gregory-xv-academy-copy,resolved_entity
ref-94ea7ffe2f83db6c,enr-11591,units/persons/ottavio-leoni,cells,0,0,希皮奥内·博尔盖塞枢机肖像（Musée Fesch馆藏）,entity,units/works/ottavio-leoni-portrait-of-scipione-borghese-ajaccio,resolved_entity
ref-43edcd5067645766,enr-11595,units/persons/ottavio-leoni,value,,0,机构知识元,entity,units/institutions/accademia-dei-virtuosi-al-pantheon,resolved_entity
ref-4c3eca0c213aba05,enr-11595,units/persons/ottavio-leoni,evidence,,0,机构知识元,entity,units/institutions/accademia-dei-virtuosi-al-pantheon,resolved_entity
ref-d5dde82e547f158c,enr-11595,units/persons/ottavio-leoni,cells,1,0,机构知识元,entity,units/institutions/accademia-dei-virtuosi-al-pantheon,resolved_entity
ref-ad245a12e32fb2b2,enr-04201,units/persons/owen-mcswiny,value,,0,欧文·麦克斯温尼肖像,entity,units/works/p-van-bleek-owen-mcswiny,resolved_entity
ref-ab28fc36c72291a9,enr-04201,units/persons/owen-mcswiny,cells,1,0,欧文·麦克斯温尼肖像,entity,units/works/p-van-bleek-owen-mcswiny,resolved_entity
ref-9be7b71231ba345b,enr-11603,units/persons/owen-mcswiny,value,,0,《蒂洛特森大主教寓意纪念墓》,entity,units/works/canaletto-allegorical-tomb-to-the-memory-of-archbishop-tillotson,resolved_entity
ref-cfaf039485ff179f,enr-11603,units/persons/owen-mcswiny,cells,1,0,《蒂洛特森大主教寓意纪念墓》,entity,units/works/canaletto-allegorical-tomb-to-the-memory-of-archbishop-tillotson,resolved_entity
ref-c57738c4e9c49d8b,enr-11604,units/persons/owen-mcswiny,value,,0,卡纳莱托（Canaletto）,entity,units/persons/canaletto,resolved_entity
ref-aa7563d144487467,enr-11604,units/persons/owen-mcswiny,cells,1,0,卡纳莱托（Canaletto）,entity,units/persons/canaletto,resolved_entity
ref-8f597ac50e61cd52,enr-11605,units/persons/owen-mcswiny,value,,0,奇马罗利（Giovanni Battista Cimaroli）,entity,units/persons/cimaroli,resolved_entity
ref-19bfa90faff0d404,enr-11605,units/persons/owen-mcswiny,cells,1,0,奇马罗利（Giovanni Battista Cimaroli）,entity,units/persons/cimaroli,resolved_entity
ref-bb0bdfbf6c21ef42,enr-11606,units/persons/owen-mcswiny,value,,0,皮托尼（Giovanni Battista Pittoni）,entity,units/persons/pittoni,resolved_entity
ref-3c7cd0ae2e79e72f,enr-11606,units/persons/owen-mcswiny,cells,1,0,皮托尼（Giovanni Battista Pittoni）,entity,units/persons/pittoni,resolved_entity
ref-21d21996500cc669,enr-04215,units/persons/p-van-bleek,value,,0,欧文·麦克斯温尼肖像,entity,units/works/p-van-bleek-owen-mcswiny,resolved_entity
ref-996a430dfbb0842a,enr-04215,units/persons/p-van-bleek,cells,1,0,欧文·麦克斯温尼肖像,entity,units/works/p-van-bleek-owen-mcswiny,resolved_entity
ref-932240dbd6a92606,enr-04226,units/persons/paolo-borghese,value,,0,Olimpia Aldobrandini,entity,units/persons/olimpia-aldobrandini,resolved_entity
ref-5429b740d5cc9711,enr-04226,units/persons/paolo-borghese,cells,1,0,Olimpia Aldobrandini,entity,units/persons/olimpia-aldobrandini,resolved_entity
ref-c51aff31da2828dc,enr-11618,units/persons/paolo-de-matteis,value,,0,德乔·德·马泰伊斯,entity,units/persons/decio-de-matteis,resolved_entity
ref-c2df4b0ef0febe98,enr-11618,units/persons/paolo-de-matteis,cells,1,0,德乔·德·马泰伊斯,entity,units/persons/decio-de-matteis,resolved_entity
ref-2e7986cb19a1db7a,enr-11619,units/persons/paolo-de-matteis,value,,0,卢克雷齐娅·奥里科,entity,units/persons/lucrezia-orico,resolved_entity
ref-1e67d5b04b18340f,enr-11619,units/persons/paolo-de-matteis,cells,1,0,卢克雷齐娅·奥里科,entity,units/persons/lucrezia-orico,resolved_entity
ref-6bb8711058ec315e,enr-11620,units/persons/paolo-de-matteis,value,,0,罗索莱娜·佩罗内,entity,units/persons/rosolena-perrone,resolved_entity
ref-b15e3493bb6c9e16,enr-11620,units/persons/paolo-de-matteis,cells,1,0,罗索莱娜·佩罗内,entity,units/persons/rosolena-perrone,resolved_entity
ref-86e34258ccde67a9,enr-11621,units/persons/paolo-de-matteis,value,,0,玛丽安乔拉·德·马泰伊斯,entity,units/persons/mariangiola-de-matteis,resolved_entity
ref-f2df05a0ff86769d,enr-11621,units/persons/paolo-de-matteis,cells,1,0,玛丽安乔拉·德·马泰伊斯,entity,units/persons/mariangiola-de-matteis,resolved_entity
ref-5a5d65290cdefbef,enr-11622,units/persons/paolo-de-matteis,value,,0,费莉切·德·马泰伊斯,entity,units/persons/felice-de-matteis,resolved_entity
ref-c7e235611262c600,enr-11622,units/persons/paolo-de-matteis,cells,1,0,费莉切·德·马泰伊斯,entity,units/persons/felice-de-matteis,resolved_entity
ref-e0314621918463ff,enr-11623,units/persons/paolo-de-matteis,value,,0,埃曼努埃拉·德·马泰伊斯,entity,units/persons/emmanuella-de-matteis,resolved_entity
ref-68f8267bf889a6ac,enr-11623,units/persons/paolo-de-matteis,cells,1,0,埃曼努埃拉·德·马泰伊斯,entity,units/persons/emmanuella-de-matteis,resolved_entity
ref-413958f53490173c,enr-11625,units/persons/paolo-de-matteis,value,,0,卢卡·焦尔达诺,entity,units/persons/luca-giordano,resolved_entity
ref-8148425a3fcc39e0,enr-11625,units/persons/paolo-de-matteis,cells,1,0,卢卡·焦尔达诺,entity,units/persons/luca-giordano,resolved_entity
ref-9b4ce90b7375b2af,enr-11626,units/persons/paolo-de-matteis,value,,0,卡尔皮奥侯爵,entity,units/persons/marchese-del-carpio,resolved_entity
ref-e3f2b910d7b6feec,enr-11626,units/persons/paolo-de-matteis,value,,1,乔瓦尼·玛丽亚·莫兰迪,entity,units/persons/giammaria-morandi,resolved_entity
ref-a300c7ece7087363,enr-11626,units/persons/paolo-de-matteis,cells,1,0,卡尔皮奥侯爵,entity,units/persons/marchese-del-carpio,resolved_entity
ref-bf8cdacd8dff021a,enr-11626,units/persons/paolo-de-matteis,cells,1,1,乔瓦尼·玛丽亚·莫兰迪,entity,units/persons/giammaria-morandi,resolved_entity
ref-ce062b417663e626,enr-11631,units/persons/paolo-de-matteis,cells,0,0,《赫拉克勒斯的选择》利兹藏本,entity,units/works/paolo-de-matteis-the-choice-of-hercules,resolved_entity
ref-1f5d9a88cd8b3a70,enr-11632,units/persons/paolo-de-matteis,cells,0,0,《赫拉克勒斯的选择》阿什莫林藏本,entity,units/works/paolo-de-matteis-choice-of-hercules-ashmolean-wa1980-92,resolved_entity
ref-0d71d9f57f1fe20b,enr-04260,units/persons/paolo-giordano-orsini,value,,0,布拉恰诺公爵,entity,units/works/ottavio-leoni-paolo-giordano-orsini-duke-of-bracciano,resolved_entity
ref-01b87c4b480840c6,enr-04260,units/persons/paolo-giordano-orsini,cells,1,0,布拉恰诺公爵,entity,units/works/ottavio-leoni-paolo-giordano-orsini-duke-of-bracciano,resolved_entity
ref-8bf0f2151560b9fc,enr-11647,units/persons/paolo-girolamo-piola,value,,0,Pallavicini,entity,units/persons/marchese-pallavicini-piola,resolved_entity
ref-5dc5795fcfca07d3,enr-11647,units/persons/paolo-girolamo-piola,cells,2,0,Pallavicini,entity,units/persons/marchese-pallavicini-piola,resolved_entity
ref-670d2abbb4407149,enr-11654,units/persons/paolo-gismondi,value,,0,马扎然画廊穹顶装饰,entity,units/works/mazarin-gallery-vault-decoration,resolved_entity
ref-d32762bcb9b7aa44,enr-11654,units/persons/paolo-gismondi,cells,1,0,马扎然画廊穹顶装饰,entity,units/works/mazarin-gallery-vault-decoration,resolved_entity
ref-119a6693590fa160,enr-11655,units/persons/paolo-gismondi,value,,0,乔万尼·弗朗切斯科·罗马内利,entity,units/persons/romanelli,resolved_entity
ref-389073ca52c87956,enr-11655,units/persons/paolo-gismondi,cells,1,0,乔万尼·弗朗切斯科·罗马内利,entity,units/persons/romanelli,resolved_entity
ref-a2052eae658bdb75,enr-11689,units/persons/pasquali,value,,0,戈尔多尼《喜剧集》第二卷（标年1761）,entity,units/archives/goldoni-opere-vol-2-1761,resolved_entity
ref-aca69de6b0fc96ae,enr-11689,units/persons/pasquali,cells,1,0,戈尔多尼《喜剧集》第二卷（标年1761）,entity,units/archives/goldoni-opere-vol-2-1761,resolved_entity
ref-667a860f10f79bdf,enr-04328,units/persons/pasquali,value,,0,第二卷卷首图,entity,units/works/pietro-antonio-novelli-frontispiece-to-vol-2-of-goldoni-opere,resolved_entity
ref-18866f28936d480c,enr-04328,units/persons/pasquali,cells,1,0,第二卷卷首图,entity,units/works/pietro-antonio-novelli-frontispiece-to-vol-2-of-goldoni-opere,resolved_entity
ref-4d2c5592997fbd34,enr-11691,units/persons/pastor-historian,value,,0,1941年伦敦版,entity,units/archives/pastor-popes-english-vol33,resolved_entity
ref-3b0c7893318862d8,enr-11691,units/persons/pastor-historian,cells,1,0,1941年伦敦版,entity,units/archives/pastor-popes-english-vol33,resolved_entity
ref-85c2eb6acc9a1581,enr-04339,units/persons/paul-v,value,,0,罗马（Rome）,entity,units/places/rome,resolved_entity
ref-52c0e3336e211e6b,enr-04339,units/persons/paul-v,cells,1,0,罗马（Rome）,entity,units/places/rome,resolved_entity
ref-3fae0b7b8c85e4d6,enr-11693,units/persons/paul-v,value,,0,圣母大殿（Santa Maria Maggiore）,entity,units/places/santa-maria-maggiore,resolved_entity
ref-cd4ae5c451c860f4,enr-11693,units/persons/paul-v,cells,1,0,圣母大殿（Santa Maria Maggiore）,entity,units/places/santa-maria-maggiore,resolved_entity
ref-23a1575102cbed63,enr-11697,units/persons/paul-v,value,,0,Scipione Caffarelli Borghese,entity,units/persons/cardinal-borghese-ch1,resolved_entity
ref-59ad1b91c470810f,enr-11697,units/persons/paul-v,cells,1,0,Scipione Caffarelli Borghese,entity,units/persons/cardinal-borghese-ch1,resolved_entity
ref-bd87a6fa1adf964a,enr-04351,units/persons/paul-v,value,,0,博尔盖塞家族,entity,units/families/borghese-family,resolved_entity
ref-bad87657eeef292b,enr-04351,units/persons/paul-v,cells,1,0,博尔盖塞家族,entity,units/families/borghese-family,resolved_entity
ref-ca5f64dd81103b87,enr-11706,units/persons/paul-v,value,,0,圣路加学院,entity,units/institutions/accademia-di-san-luca,resolved_entity
ref-34f92789a654eebc,enr-11706,units/persons/paul-v,cells,1,0,圣路加学院,entity,units/institutions/accademia-di-san-luca,resolved_entity
ref-012c84b358e686e9,enr-11707,units/persons/paul-v,value,,0,圣彼得大殿,entity,units/places/st-peters-basilica,resolved_entity
ref-1e59a645b4df25c3,enr-11707,units/persons/paul-v,cells,1,0,圣彼得大殿,entity,units/places/st-peters-basilica,resolved_entity
ref-e379d2bb35594320,enr-04356,units/persons/pellegrini,value,,0,皮埃尔·莫特及家人,entity,units/works/pellegrini-pierre-motteux-and-his-family,resolved_entity
ref-d79259a850f60c64,enr-04356,units/persons/pellegrini,cells,1,0,皮埃尔·莫特及家人,entity,units/works/pellegrini-pierre-motteux-and-his-family,resolved_entity
ref-64b7581e9755623b,enr-04358,units/persons/pellegrini,value,,0,普法尔茨王储教育寓意,entity,units/works/pellegrini-allegory-of-the-education-of-the-crown-prince-of-the-palatinate,resolved_entity
ref-efe2792b8701c353,enr-04358,units/persons/pellegrini,cells,1,0,普法尔茨王储教育寓意,entity,units/works/pellegrini-allegory-of-the-education-of-the-crown-prince-of-the-palatinate,resolved_entity
ref-a144c2d4d019869b,enr-11716,units/persons/pellegrini,value,,0,莫特一家素描,entity,units/works/pellegrini-pierre-motteux-and-his-family,resolved_entity
ref-8f3dea4ac9f727f1,enr-11716,units/persons/pellegrini,cells,1,0,莫特一家素描,entity,units/works/pellegrini-pierre-motteux-and-his-family,resolved_entity
ref-dd65ec566bb1f7cf,enr-11718,units/persons/peter-calvocoressi,value,,0,查托与温达斯公司,entity,units/institutions/chatto-and-windus,resolved_entity
ref-24715911f2a887ee,enr-11718,units/persons/peter-calvocoressi,cells,1,0,查托与温达斯公司,entity,units/institutions/chatto-and-windus,resolved_entity
ref-a4491dfd29eb3663,enr-04378,units/persons/peter-moores,value,,0,蒂洛特森大主教寓意纪念墓,entity,units/works/canaletto-allegorical-tomb-to-the-memory-of-archbishop-tillotson,resolved_entity
ref-2ccef0558914e396,enr-04378,units/persons/peter-moores,cells,1,0,蒂洛特森大主教寓意纪念墓,entity,units/works/canaletto-allegorical-tomb-to-the-memory-of-archbishop-tillotson,resolved_entity
ref-57f9659a2d594306,enr-11727,units/persons/peter-moores,value,,0,《蒂洛特森大主教寓意纪念墓》,entity,units/works/canaletto-allegorical-tomb-to-the-memory-of-archbishop-tillotson,resolved_entity
ref-ea34283e5dfc0b97,enr-11727,units/persons/peter-moores,cells,1,0,《蒂洛特森大主教寓意纪念墓》,entity,units/works/canaletto-allegorical-tomb-to-the-memory-of-archbishop-tillotson,resolved_entity
ref-a7c2157aa7882378,enr-04404,units/persons/peter-paul-rubens,value,,0,希律王宴会,entity,units/works/rubens-the-feast-of-herod,resolved_entity
ref-59f1951741a0b058,enr-04404,units/persons/peter-paul-rubens,cells,1,0,希律王宴会,entity,units/works/rubens-the-feast-of-herod,resolved_entity
ref-0a651eb817691a99,enr-11732,units/persons/peter-paul-rubens,value,,0,希律王宴会,entity,units/works/rubens-the-feast-of-herod,resolved_entity
ref-564aeac984a8696b,enr-11732,units/persons/peter-paul-rubens,cells,1,0,希律王宴会,entity,units/works/rubens-the-feast-of-herod,resolved_entity
ref-db13c7101e542003,enr-11733,units/persons/peter-paul-rubens,value,,0,加斯帕尔·罗默,entity,units/persons/gaspar-roomer,resolved_entity
ref-17cddc55cbe3df25,enr-11733,units/persons/peter-paul-rubens,cells,1,0,加斯帕尔·罗默,entity,units/persons/gaspar-roomer,resolved_entity
ref-6f4758e2f998aac8,enr-04416,units/persons/piazzetta,value,,0,舒伦堡元帅肖像,entity,units/works/piazzetta-marshal-schulenburg,resolved_entity
ref-6e5cd71a975e7f4f,enr-04416,units/persons/piazzetta,cells,1,0,舒伦堡元帅肖像,entity,units/works/piazzetta-marshal-schulenburg,resolved_entity
ref-c9b7e8986940da19,enr-04417,units/persons/piazzetta,value,,0,田园,entity,units/works/piazzetta-idyll,resolved_entity
ref-04aba6c2178d8734,enr-04417,units/persons/piazzetta,cells,1,0,田园,entity,units/works/piazzetta-idyll,resolved_entity
ref-cae39a6ed3fe140a,enr-11739,units/persons/piazzetta,value,,0,《耶路撒冷解放》插图末页,entity,units/works/piazzetta-final-plate-of-illustrations-to-gerusalemme-liberata,resolved_entity
ref-a208ba3a7723d241,enr-11739,units/persons/piazzetta,cells,1,0,《耶路撒冷解放》插图末页,entity,units/works/piazzetta-final-plate-of-illustrations-to-gerusalemme-liberata,resolved_entity
ref-3c38a0dbf316a20b,enr-04419,units/persons/piazzetta,value,,0,《耶路撒冷解放》插图末页,entity,units/works/piazzetta-final-plate-of-illustrations-to-gerusalemme-liberata,resolved_entity
ref-8c4c26ef1f20597e,enr-04419,units/persons/piazzetta,cells,1,0,《耶路撒冷解放》插图末页,entity,units/works/piazzetta-final-plate-of-illustrations-to-gerusalemme-liberata,resolved_entity
ref-a1add3c64b503b2a,enr-11740,units/persons/piazzetta,value,,0,《耶路撒冷解放》插图本（1745）,entity,units/archives/gerusalemme-liberata-illustrations-1745,resolved_entity
ref-e16930160aae4b3b,enr-11740,units/persons/piazzetta,cells,1,0,《耶路撒冷解放》插图本（1745）,entity,units/archives/gerusalemme-liberata-illustrations-1745,resolved_entity
ref-77c0ab3e56afd497,enr-11741,units/persons/piazzetta,value,,0,舒伦堡元帅,entity,units/persons/marshal-schulenburg,resolved_entity
ref-52f8c934ff8b80b8,enr-11741,units/persons/piazzetta,cells,1,0,舒伦堡元帅,entity,units/persons/marshal-schulenburg,resolved_entity
ref-7080744c2aa9edb0,enr-11744,units/persons/piazzetta,value,,0,田园,entity,units/works/piazzetta-idyll,resolved_entity
ref-489604c47d9f8544,enr-11744,units/persons/piazzetta,cells,1,0,田园,entity,units/works/piazzetta-idyll,resolved_entity
ref-ef7c0068815f3364,enr-11745,units/persons/piazzetta,value,,0,田园场景,entity,units/works/piazzetta-pastoral-scene-chicago,resolved_entity
ref-524096add465faaf,enr-11745,units/persons/piazzetta,cells,1,0,田园场景,entity,units/works/piazzetta-pastoral-scene-chicago,resolved_entity
ref-0307c13b6ddbe791,enr-11746,units/persons/piazzetta,value,,0,女性侧面头像,entity,units/works/piazzetta-female-head-in-profile-milan,resolved_entity
ref-6d3bda28d6b2e09a,enr-11746,units/persons/piazzetta,cells,1,0,女性侧面头像,entity,units/works/piazzetta-female-head-in-profile-milan,resolved_entity
ref-8e1366495d86a7ee,enr-04445,units/persons/pier-francesco-mola,value,,0,西莫内利与莫拉联合漫画,entity,units/works/mola-joint-caricature-of-simonelli-and-mola,resolved_entity
ref-086e063d7b8d5c82,enr-04445,units/persons/pier-francesco-mola,cells,1,0,西莫内利与莫拉联合漫画,entity,units/works/mola-joint-caricature-of-simonelli-and-mola,resolved_entity
ref-e8d34dfb9a9ae3fd,enr-04446,units/persons/pier-francesco-mola,value,,0,西莫内利与莫拉联合漫画,entity,units/works/mola-joint-caricature-of-simonelli-and-mola,resolved_entity
ref-a36e1809dd41239e,enr-04446,units/persons/pier-francesco-mola,cells,1,0,西莫内利与莫拉联合漫画,entity,units/works/mola-joint-caricature-of-simonelli-and-mola,resolved_entity
ref-9f794ac044702936,enr-04448,units/persons/pier-francesco-mola,value,,0,莫拉为亚历山大七世作像,entity,units/works/agostino-masucci-mola-painting-the-portrait-of-pope-alexander-vii,resolved_entity
ref-441f0b8d819ec428,enr-04448,units/persons/pier-francesco-mola,cells,1,0,莫拉为亚历山大七世作像,entity,units/works/agostino-masucci-mola-painting-the-portrait-of-pope-alexander-vii,resolved_entity
ref-d67e33b515d0546d,enr-04449,units/persons/pier-francesco-mola,value,,0,尼科洛·西莫内利,entity,units/persons/simonelli,resolved_entity
ref-808c98d2eff8dd8f,enr-04449,units/persons/pier-francesco-mola,cells,1,0,尼科洛·西莫内利,entity,units/persons/simonelli,resolved_entity
ref-0859de0de29e4055,enr-04450,units/persons/pier-francesco-mola,value,,0,西莫内利与莫拉联合漫画,entity,units/works/mola-joint-caricature-of-simonelli-and-mola,resolved_entity
ref-5a5f5695e02360fd,enr-04450,units/persons/pier-francesco-mola,cells,1,0,西莫内利与莫拉联合漫画,entity,units/works/mola-joint-caricature-of-simonelli-and-mola,resolved_entity
ref-861f9dac98a02bba,enr-11774,units/persons/pier-leone-ghezzi,value,,0,圣克莱孟堂重新装饰（Redecoration of S. Clemente）,entity,units/events/san-clemente-redecoration,resolved_entity
ref-e355d69cb1755df4,enr-11774,units/persons/pier-leone-ghezzi,cells,1,0,圣克莱孟堂重新装饰（Redecoration of S. Clemente）,entity,units/events/san-clemente-redecoration,resolved_entity
ref-1f695222e7fe59b7,enr-11781,units/persons/pierre-mignard,value,,0,画廊中的马扎然,entity,units/works/nanteuil-cardinal-mazarin-in-his-gallery,resolved_entity
ref-ec5e2e38ec06d6c0,enr-11781,units/persons/pierre-mignard,cells,1,0,画廊中的马扎然,entity,units/works/nanteuil-cardinal-mazarin-in-his-gallery,resolved_entity
ref-25f3db1de243c158,enr-11782,units/persons/pierre-mignard,value,,0,罗贝尔·南特伊,entity,units/persons/nanteuil,resolved_entity
ref-4d2f6dc156076316,enr-11782,units/persons/pierre-mignard,cells,1,0,罗贝尔·南特伊,entity,units/persons/nanteuil,resolved_entity
ref-5d6dc12b355d5cc8,enr-11783,units/persons/pierre-mignard,value,,0,朱尔·马扎然,entity,units/persons/mazarin,resolved_entity
ref-afd732a1d6321e09,enr-11783,units/persons/pierre-mignard,cells,1,0,朱尔·马扎然,entity,units/persons/mazarin,resolved_entity
ref-40b771bb5e24b866,enr-04470,units/persons/pierre-motteux,value,,0,皮埃尔·莫特及家人,entity,units/works/pellegrini-pierre-motteux-and-his-family,resolved_entity
ref-a3d40eb2ebbc65d7,enr-04470,units/persons/pierre-motteux,cells,1,0,皮埃尔·莫特及家人,entity,units/works/pellegrini-pierre-motteux-and-his-family,resolved_entity
ref-650b42ef7445c769,enr-11792,units/persons/pierre-rosenberg,value,,0,巴黎,entity,units/places/paris,resolved_entity
ref-cbbf085687980882,enr-11792,units/persons/pierre-rosenberg,cells,1,0,巴黎,entity,units/places/paris,resolved_entity
ref-50e2a38ceb7dfd18,enr-11796,units/persons/pierre-rosenberg,value,,0,卢浮宫,entity,units/institutions/louvre-museum,resolved_entity
ref-db7b2d0774c58537,enr-11796,units/persons/pierre-rosenberg,cells,1,0,卢浮宫,entity,units/institutions/louvre-museum,resolved_entity
ref-7673989dce5c2f02,enr-11797,units/persons/pierre-rosenberg,value,,0,卢浮宫,entity,units/institutions/louvre-museum,resolved_entity
ref-a92e51c14e53374b,enr-11797,units/persons/pierre-rosenberg,cells,1,0,卢浮宫,entity,units/institutions/louvre-museum,resolved_entity
ref-4a8fe902b97b24d2,enr-11798,units/persons/pierre-rosenberg,value,,0,法兰西学院,entity,units/institutions/academie-francaise,resolved_entity
ref-5739f569c5311f66,enr-11798,units/persons/pierre-rosenberg,cells,1,0,法兰西学院,entity,units/institutions/academie-francaise,resolved_entity
ref-ddc836dd5b37b318,enr-11803,units/persons/pierre-van-schuppen,value,,0,画廊中的马扎然,entity,units/works/nanteuil-cardinal-mazarin-in-his-gallery,resolved_entity
ref-d4dcd7f3fa20d940,enr-11803,units/persons/pierre-van-schuppen,cells,1,0,画廊中的马扎然,entity,units/works/nanteuil-cardinal-mazarin-in-his-gallery,resolved_entity
ref-e353167e3bed6a9f,enr-11804,units/persons/pierre-van-schuppen,value,,0,罗贝尔·南特伊,entity,units/persons/nanteuil,resolved_entity
ref-9feb6740cf2e1638,enr-11804,units/persons/pierre-van-schuppen,cells,1,0,罗贝尔·南特伊,entity,units/persons/nanteuil,resolved_entity
ref-ccc14e438cac1580,enr-11813,units/persons/pietro-antonio-novelli,value,,0,戈尔多尼《喜剧集》第二卷卷首图,entity,units/works/pietro-antonio-novelli-frontispiece-to-vol-2-of-goldoni-opere,resolved_entity
ref-c7531222b3fa5916,enr-11813,units/persons/pietro-antonio-novelli,cells,1,0,戈尔多尼《喜剧集》第二卷卷首图,entity,units/works/pietro-antonio-novelli-frontispiece-to-vol-2-of-goldoni-opere,resolved_entity
ref-53e19977c903b1e9,enr-11814,units/persons/pietro-antonio-novelli,value,,0,《喜剧集》第二卷（帕斯夸利版，标年1761）,entity,units/archives/goldoni-opere-vol-2-1761,resolved_entity
ref-df74ce23fd2d8eff,enr-11814,units/persons/pietro-antonio-novelli,cells,1,0,《喜剧集》第二卷（帕斯夸利版，标年1761）,entity,units/archives/goldoni-opere-vol-2-1761,resolved_entity
ref-5e9b12d2018efbc5,enr-11816,units/persons/pietro-bernini,value,,0,Angelica Galante,entity,units/persons/angelica-galante,resolved_entity
ref-5adce8f2363f6c0f,enr-11816,units/persons/pietro-bernini,cells,1,0,Angelica Galante,entity,units/persons/angelica-galante,resolved_entity
ref-65b7d2b005685c00,enr-04541,units/persons/pietro-da-cortona,value,,0,马尔切洛·萨凯蒂肖像,entity,units/works/pietro-da-cortona-marcello-sacchetti,resolved_entity
ref-639f010c32b50168,enr-04541,units/persons/pietro-da-cortona,cells,1,0,马尔切洛·萨凯蒂肖像,entity,units/works/pietro-da-cortona-marcello-sacchetti,resolved_entity
ref-f35bfc6531af4cb3,enr-04543,units/persons/pietro-da-cortona,value,,0,劫夺萨宾妇女,entity,units/works/pietro-da-cortona-rape-of-the-sabines,resolved_entity
ref-82fb028cf975f807,enr-04543,units/persons/pietro-da-cortona,cells,1,0,劫夺萨宾妇女,entity,units/works/pietro-da-cortona-rape-of-the-sabines,resolved_entity
ref-93a4d26420f03127,enr-04545,units/persons/pietro-da-cortona,value,,0,劫夺海伦,entity,units/works/pietro-da-cortona-rape-of-helen,resolved_entity
ref-6cfaebd540135f5c,enr-04545,units/persons/pietro-da-cortona,cells,1,0,劫夺海伦,entity,units/works/pietro-da-cortona-rape-of-helen,resolved_entity
ref-feeb5569fcefc649,enr-04547,units/persons/pietro-da-cortona,value,,0,乌尔班八世统治的荣耀,entity,units/works/pietro-da-cortona-glorification-of-the-reign-of-urban-viii,resolved_entity
ref-2ed276dde25f0da2,enr-04547,units/persons/pietro-da-cortona,cells,1,0,乌尔班八世统治的荣耀,entity,units/works/pietro-da-cortona-glorification-of-the-reign-of-urban-viii,resolved_entity
ref-615d556b3e912864,enr-11850,units/persons/pietro-da-cortona,value,,0,乔万尼·马里亚·博塔拉,entity,units/persons/gio-maria-bottalla,resolved_entity
ref-94c5b26f4087aca8,enr-11850,units/persons/pietro-da-cortona,cells,1,0,乔万尼·马里亚·博塔拉,entity,units/persons/gio-maria-bottalla,resolved_entity
ref-666567144fec7968,enr-11851,units/persons/pietro-da-cortona,value,,0,朱利奥·萨凯蒂,entity,units/persons/giulio-sacchetti,resolved_entity
ref-242d0717b3cd11e5,enr-11851,units/persons/pietro-da-cortona,cells,1,0,朱利奥·萨凯蒂,entity,units/persons/giulio-sacchetti,resolved_entity
ref-f354a775cff2791f,enr-04553,units/persons/pietro-di-pietri,value,,0,圣克莱孟堂重新装饰,entity,units/events/san-clemente-redecoration,resolved_entity
ref-5a63ef7812b8f3ed,enr-04553,units/persons/pietro-di-pietri,cells,1,0,圣克莱孟堂重新装饰,entity,units/events/san-clemente-redecoration,resolved_entity
ref-54b155e86d505534,enr-11898,units/persons/pietro-testa,value,,0,乔瓦尼·迪·巴托洛梅奥·泰斯塔,entity,units/persons/giovanni-di-bartolomeo-testa,resolved_entity
ref-2160910fb63f044b,enr-11898,units/persons/pietro-testa,cells,1,0,乔瓦尼·迪·巴托洛梅奥·泰斯塔,entity,units/persons/giovanni-di-bartolomeo-testa,resolved_entity
ref-486909d017deda8c,enr-11899,units/persons/pietro-testa,value,,0,芭芭拉·泰斯塔,entity,units/persons/barbara-mother-of-pietro-testa,resolved_entity
ref-f7fca8c8168d978b,enr-11899,units/persons/pietro-testa,cells,1,0,芭芭拉·泰斯塔,entity,units/persons/barbara-mother-of-pietro-testa,resolved_entity
ref-9f6c823f29e56d59,enr-11900,units/persons/pietro-testa,value,,0,贾钦托·泰斯塔,entity,units/persons/giacinto-testa,resolved_entity
ref-49fb1a346bd80ea3,enr-11900,units/persons/pietro-testa,cells,1,0,贾钦托·泰斯塔,entity,units/persons/giacinto-testa,resolved_entity
ref-6d64beeeb01c192d,enr-11901,units/persons/pietro-testa,value,,0,多梅尼科·赞皮耶里（Domenichino）,entity,units/persons/domenichino,resolved_entity
ref-42a66b8da9e0985b,enr-11901,units/persons/pietro-testa,cells,1,0,多梅尼科·赞皮耶里（Domenichino）,entity,units/persons/domenichino,resolved_entity
ref-9b7dfcc598719f3a,enr-11902,units/persons/pietro-testa,value,,0,彼得罗·达·科尔托纳,entity,units/persons/pietro-da-cortona,resolved_entity
ref-cdbceae09bc56c0b,enr-11902,units/persons/pietro-testa,cells,1,0,彼得罗·达·科尔托纳,entity,units/persons/pietro-da-cortona,resolved_entity
ref-036ca45443ff51af,enr-11903,units/persons/pietro-testa,value,,0,卡西亚诺·达尔·波佐,entity,units/persons/cassiano-dal-pozzo,resolved_entity
ref-79dc882eaea47674,enr-11903,units/persons/pietro-testa,cells,1,0,卡西亚诺·达尔·波佐,entity,units/persons/cassiano-dal-pozzo,resolved_entity
ref-a97e1148df315307,enr-11911,units/persons/pietro-testa,cells,0,0,约瑟被兄弟出卖,entity,units/works/pietro-testa-joseph-sold-by-his-brothers,resolved_entity
ref-41921c5af86f65f4,enr-11912,units/persons/pietro-testa,cells,0,0,逃往埃及途中的休息,entity,units/works/pietro-testa-rest-on-the-flight-into-egypt,resolved_entity
ref-9299f7836cdbe36c,enr-04616,units/persons/pittoni,value,,0,蒂洛特森大主教寓意纪念墓,entity,units/works/canaletto-allegorical-tomb-to-the-memory-of-archbishop-tillotson,resolved_entity
ref-aef75d59049e85fd,enr-04616,units/persons/pittoni,cells,1,0,蒂洛特森大主教寓意纪念墓,entity,units/works/canaletto-allegorical-tomb-to-the-memory-of-archbishop-tillotson,resolved_entity
ref-8ffedaa55c17d5fc,enr-11918,units/persons/pittoni,value,,0,《蒂洛特森大主教寓意纪念墓》,entity,units/works/canaletto-allegorical-tomb-to-the-memory-of-archbishop-tillotson,resolved_entity
ref-2fd1e5f29f06965b,enr-11918,units/persons/pittoni,cells,1,0,《蒂洛特森大主教寓意纪念墓》,entity,units/works/canaletto-allegorical-tomb-to-the-memory-of-archbishop-tillotson,resolved_entity
ref-3e2f37050f610b51,enr-04625,units/persons/pompeo-batoni,value,,0,威尼斯的胜利,entity,units/works/pompeo-batoni-the-triumph-of-venice,resolved_entity
ref-22605305de2ca663,enr-04625,units/persons/pompeo-batoni,cells,1,0,威尼斯的胜利,entity,units/works/pompeo-batoni-the-triumph-of-venice,resolved_entity
ref-f9a3384b6a541186,enr-04630,units/persons/pompeo-batoni,value,,0,《威尼斯的胜利》,entity,units/works/pompeo-batoni-the-triumph-of-venice,resolved_entity
ref-077d0c9227886997,enr-04630,units/persons/pompeo-batoni,cells,1,0,《威尼斯的胜利》,entity,units/works/pompeo-batoni-the-triumph-of-venice,resolved_entity
ref-9eab5eaeb09dd035,enr-04631,units/persons/pompeo-batoni,value,,0,马尔科·福斯卡里尼（Marco Foscarini）,entity,units/persons/marco-foscarini,resolved_entity
ref-a2ae952828695069,enr-04631,units/persons/pompeo-batoni,cells,1,0,马尔科·福斯卡里尼（Marco Foscarini）,entity,units/persons/marco-foscarini,resolved_entity
ref-a419d4744a871d45,enr-04640,units/persons/r-b-fleming,value,,0,皮埃尔·莫特及家人,entity,units/works/pellegrini-pierre-motteux-and-his-family,resolved_entity
ref-f2ed1bc4bd22e00a,enr-04640,units/persons/r-b-fleming,cells,1,0,皮埃尔·莫特及家人,entity,units/works/pellegrini-pierre-motteux-and-his-family,resolved_entity
ref-9f507881751cbeba,enr-11931,units/persons/raimondo-buonaccorsi,value,,0,狄多与埃涅阿斯的皇家狩猎,entity,units/works/solimena-dido-and-aeneas,resolved_entity
ref-fbe5f2fd2fad9dd9,enr-11931,units/persons/raimondo-buonaccorsi,cells,1,0,狄多与埃涅阿斯的皇家狩猎,entity,units/works/solimena-dido-and-aeneas,resolved_entity
ref-77f26c5bdf5e8c12,enr-11932,units/persons/raimondo-buonaccorsi,value,,0,弗朗切斯科·索利梅纳,entity,units/persons/solimena,resolved_entity
ref-520eeaf46281ca07,enr-11932,units/persons/raimondo-buonaccorsi,cells,1,0,弗朗切斯科·索利梅纳,entity,units/persons/solimena,resolved_entity
ref-e3520992291b43ee,enr-11934,units/persons/raimondo-buonaccorsi,value,,0,埃涅阿斯画廊,entity,units/places/gallery-palazzo-buonaccorsi,resolved_entity
ref-3080ca1058f879b0,enr-11934,units/persons/raimondo-buonaccorsi,cells,1,0,埃涅阿斯画廊,entity,units/places/gallery-palazzo-buonaccorsi,resolved_entity
ref-57322a07bc14a562,enr-11935,units/persons/raimondo-buonaccorsi,value,,0,布奥纳科尔西宫画廊,entity,units/places/gallery-palazzo-buonaccorsi,resolved_entity
ref-5648f4342175b33f,enr-11935,units/persons/raimondo-buonaccorsi,cells,0,0,布奥纳科尔西宫画廊,entity,units/places/gallery-palazzo-buonaccorsi,resolved_entity
ref-02730d09254001a7,enr-11941,units/persons/ralph-bankes-1631-1677,value,,0,杰罗姆·班克斯,entity,units/persons/jerome-bankes,resolved_entity
ref-391d93d07bb517d1,enr-11941,units/persons/ralph-bankes-1631-1677,cells,1,0,杰罗姆·班克斯,entity,units/persons/jerome-bankes,resolved_entity
ref-cadb37dc95d2bdcf,enr-11942,units/persons/ralph-bankes-1631-1677,value,,0,杰罗姆·班克斯肖像,entity,units/works/massimo-stanzione-jerome-bankes,resolved_entity
ref-97efcf5d0d09491b,enr-11942,units/persons/ralph-bankes-1631-1677,cells,1,0,杰罗姆·班克斯肖像,entity,units/works/massimo-stanzione-jerome-bankes,resolved_entity
ref-201b600006c0b1a7,enr-04662,units/persons/ralph-bankes,value,,0,卡米洛·马西米肖像,entity,units/works/velasquez-camillo-massimi,resolved_entity
ref-4b145e2316c25153,enr-04662,units/persons/ralph-bankes,cells,1,0,卡米洛·马西米肖像,entity,units/works/velasquez-camillo-massimi,resolved_entity
ref-9f058846f0f9a492,enr-04664,units/persons/ralph-bankes,value,,0,杰罗姆·班克斯肖像,entity,units/works/massimo-stanzione-jerome-bankes,resolved_entity
ref-af9b6a434d496813,enr-04664,units/persons/ralph-bankes,cells,1,0,杰罗姆·班克斯肖像,entity,units/works/massimo-stanzione-jerome-bankes,resolved_entity
ref-e583d68e0736026d,enr-04668,units/persons/ralph-bankes,value,,0,英国国民信托,entity,units/institutions/national-trust,resolved_entity
ref-5b7ba582f8a53d66,enr-04668,units/persons/ralph-bankes,cells,1,0,英国国民信托,entity,units/institutions/national-trust,resolved_entity
ref-36b9d8a2173d09e0,enr-11946,units/persons/ralph-bankes,value,,0,杰罗姆·班克斯肖像,entity,units/works/massimo-stanzione-jerome-bankes,resolved_entity
ref-c6014f5c14d926ac,enr-11946,units/persons/ralph-bankes,cells,1,0,杰罗姆·班克斯肖像,entity,units/works/massimo-stanzione-jerome-bankes,resolved_entity
ref-76a2a64dde89685e,enr-11947,units/persons/ralph-bankes,value,,0,卡米洛·马西米肖像,entity,units/works/velasquez-camillo-massimi,resolved_entity
ref-a0a41a838857704d,enr-11947,units/persons/ralph-bankes,cells,1,0,卡米洛·马西米肖像,entity,units/works/velasquez-camillo-massimi,resolved_entity
ref-beb438f57fe3326a,enr-04700,units/persons/rembrandt,value,,0,凝视荷马像的亚里士多德,entity,units/works/rembrandt-aristotle-contemplating-the-bust-of-homer,resolved_entity
ref-792d93caf0731ef3,enr-04700,units/persons/rembrandt,cells,1,0,凝视荷马像的亚里士多德,entity,units/works/rembrandt-aristotle-contemplating-the-bust-of-homer,resolved_entity
ref-ec73ed5576d669e5,enr-04706,units/persons/ribera,value,,0,醉西勒诺斯,entity,units/works/ribera-the-drunken-silenus,resolved_entity
ref-5f58c8832015cfe3,enr-04706,units/persons/ribera,cells,1,0,醉西勒诺斯,entity,units/works/ribera-the-drunken-silenus,resolved_entity
ref-4f374104a622fb57,enr-11953,units/persons/ribera,value,,0,那不勒斯,entity,units/places/naples,resolved_entity
ref-f5523656707a9b14,enr-11953,units/persons/ribera,cells,1,0,那不勒斯,entity,units/places/naples,resolved_entity
ref-f6e18a39189581eb,enr-04725,units/persons/romanelli,value,,0,罗慕路斯与雷穆斯顶画局部,entity,units/works/romanelli-romulus-and-remus,resolved_entity
ref-8b5b23c67fc814c9,enr-04725,units/persons/romanelli,cells,1,0,罗慕路斯与雷穆斯顶画局部,entity,units/works/romanelli-romulus-and-remus,resolved_entity
ref-2fd7074e4a260efb,enr-11963,units/persons/romanelli,value,,0,朱尔·马扎然,entity,units/persons/mazarin,resolved_entity
ref-b089e80b5f3d8d08,enr-11963,units/persons/romanelli,cells,1,0,朱尔·马扎然,entity,units/persons/mazarin,resolved_entity
ref-fd7783b8d229f4d9,enr-04728,units/persons/romanelli,value,,0,马扎然画廊穹顶装饰,entity,units/works/mazarin-gallery-vault-decoration,resolved_entity
ref-9838189029c22237,enr-04728,units/persons/romanelli,cells,1,0,马扎然画廊穹顶装饰,entity,units/works/mazarin-gallery-vault-decoration,resolved_entity
ref-355308ffe0525d91,enr-11964,units/persons/romanelli,value,,0,保罗·吉斯蒙迪,entity,units/persons/paolo-gismondi,resolved_entity
ref-78b7686ea467f2a9,enr-11964,units/persons/romanelli,cells,1,0,保罗·吉斯蒙迪,entity,units/persons/paolo-gismondi,resolved_entity
ref-0e3b54bb68a296fa,enr-11970,units/persons/rudolf-wittkower,value,,0,哥伦比亚大学,entity,units/institutions/columbia-university,resolved_entity
ref-15d44c00b5b20302,enr-11970,units/persons/rudolf-wittkower,cells,1,0,哥伦比亚大学,entity,units/institutions/columbia-university,resolved_entity
ref-0265428b5c65315e,enr-04749,units/persons/salvator-rosa,value,,0,雷古鲁斯之死,entity,units/works/salvator-rosa-the-death-of-regulus,resolved_entity
ref-19cecb3d55af4453,enr-04749,units/persons/salvator-rosa,cells,1,0,雷古鲁斯之死,entity,units/works/salvator-rosa-the-death-of-regulus,resolved_entity
ref-b0d2c00910470e62,enr-04751,units/persons/salvator-rosa,value,,0,罗萨命运,entity,units/works/fortune-salvator-rosa,resolved_entity
ref-bf5d7eac8eb3160b,enr-04751,units/persons/salvator-rosa,cells,1,0,罗萨命运,entity,units/works/fortune-salvator-rosa,resolved_entity
ref-4eaeb771bcfed0b3,enr-11973,units/persons/salvator-rosa,value,,0,雷古鲁斯之死,entity,units/works/salvator-rosa-the-death-of-regulus,resolved_entity
ref-b469c49fe0c59a3b,enr-11973,units/persons/salvator-rosa,cells,1,0,雷古鲁斯之死,entity,units/works/salvator-rosa-the-death-of-regulus,resolved_entity
ref-db627f72e26ed02e,enr-11974,units/persons/salvator-rosa,value,,0,雷古鲁斯之死准备稿,entity,units/works/rosa-regulus-study-princeton,resolved_entity
ref-2f60aa89c08de50d,enr-11974,units/persons/salvator-rosa,cells,1,0,雷古鲁斯之死准备稿,entity,units/works/rosa-regulus-study-princeton,resolved_entity
ref-8d009e2f927e0d68,enr-04759,units/persons/sassoferrato,value,,0,玫瑰圣母与道明、加大利纳,entity,units/works/sassoferrato-madonna-of-the-rosary-with-saints-dominic-and-catherine,resolved_entity
ref-52cc33ea009ca6db,enr-04759,units/persons/sassoferrato,cells,1,0,玫瑰圣母与道明、加大利纳,entity,units/works/sassoferrato-madonna-of-the-rosary-with-saints-dominic-and-catherine,resolved_entity
ref-996bbae1b740dffd,enr-04761,units/persons/sassoferrato,value,,0,圣母子,entity,units/works/sassoferrato-madonna-and-child,resolved_entity
ref-edeec58b4108ae65,enr-04761,units/persons/sassoferrato,cells,1,0,圣母子,entity,units/works/sassoferrato-madonna-and-child,resolved_entity
ref-d88693e8372e54a0,enr-04764,units/persons/sassoferrato,value,,0,萨索费拉托,entity,units/places/sassoferrato,resolved_entity
ref-6bc527664ee811c1,enr-04764,units/persons/sassoferrato,cells,1,0,萨索费拉托,entity,units/places/sassoferrato,resolved_entity
ref-2d9ad1af0a246189,enr-11977,units/persons/sassoferrato,value,,0,罗马,entity,units/places/rome,resolved_entity
ref-168ca51af52d5262,enr-11977,units/persons/sassoferrato,cells,1,0,罗马,entity,units/places/rome,resolved_entity
ref-04a8ba2e42f0d6e1,enr-11978,units/persons/sassoferrato,value,,0,塔尔奎尼奥·萨尔维,entity,units/persons/tarquinio-salvi,resolved_entity
ref-9f5f00c95b1681bc,enr-11978,units/persons/sassoferrato,cells,1,0,塔尔奎尼奥·萨尔维,entity,units/persons/tarquinio-salvi,resolved_entity
ref-3ba4f907f5b2f3e0,enr-11979,units/persons/sassoferrato,value,,0,维托里娅·迪·卢蒂奥·洛利,entity,units/persons/vittoria-di-lutio-loli,resolved_entity
ref-5516af0306b03ba6,enr-11979,units/persons/sassoferrato,cells,1,0,维托里娅·迪·卢蒂奥·洛利,entity,units/persons/vittoria-di-lutio-loli,resolved_entity
ref-12470f747800e5d8,enr-11980,units/persons/sassoferrato,value,,0,安杰拉·米齐纳,entity,units/persons/angela-mizzina,resolved_entity
ref-31f79326ebe5ad8b,enr-11980,units/persons/sassoferrato,cells,1,0,安杰拉·米齐纳,entity,units/persons/angela-mizzina,resolved_entity
ref-2d2273ed7032bdb1,enr-11981,units/persons/sassoferrato,value,,0,塔尔奎尼奥·萨尔维,entity,units/persons/tarquinio-salvi,resolved_entity
ref-2587ad4aad4dfe38,enr-11981,units/persons/sassoferrato,cells,1,0,塔尔奎尼奥·萨尔维,entity,units/persons/tarquinio-salvi,resolved_entity
ref-4276921f9c710cea,enr-11982,units/persons/sassoferrato,value,,0,罗马,entity,units/places/rome,resolved_entity
ref-bfe727e99affaec0,enr-11982,units/persons/sassoferrato,value,,1,多梅尼基诺,entity,units/persons/domenichino,resolved_entity
ref-e039aa326ea3bff8,enr-11982,units/persons/sassoferrato,cells,1,0,罗马,entity,units/places/rome,resolved_entity
ref-4ec67a2551cd539d,enr-11982,units/persons/sassoferrato,cells,1,1,多梅尼基诺,entity,units/persons/domenichino,resolved_entity
ref-31363331282e496d,enr-11988,units/persons/saverio-savini,cells,0,0,《还愿祭坛画》（Pala del Voto）,entity,units/works/salvio-savini-pala-del-voto,resolved_entity
ref-0138f77a39953134,enr-04784,units/persons/sebastiano-conca,value,,0,圣克莱孟堂重新装饰,entity,units/events/san-clemente-redecoration,resolved_entity
ref-5a3bf3c1342db5bd,enr-04784,units/persons/sebastiano-conca,cells,1,0,圣克莱孟堂重新装饰,entity,units/events/san-clemente-redecoration,resolved_entity
ref-36b51ec4dece7d70,enr-04805,units/persons/sebastiano-ricci,value,,0,劫夺欧罗巴,entity,units/works/sebastiano-ricci-rape-of-europa,resolved_entity
ref-240ed2b162eafcd3,enr-04805,units/persons/sebastiano-ricci,cells,1,0,劫夺欧罗巴,entity,units/works/sebastiano-ricci-rape-of-europa,resolved_entity
ref-335590ef17e5ea82,enr-04807,units/persons/sebastiano-ricci,value,,0,潘与绪任克斯,entity,units/works/sebastiano-ricci-pan-and-syrinx,resolved_entity
ref-d2be36ac8c99d7a0,enr-04807,units/persons/sebastiano-ricci,cells,1,0,潘与绪任克斯,entity,units/works/sebastiano-ricci-pan-and-syrinx,resolved_entity
ref-53f7b0dbed5f970c,enr-04809,units/persons/sebastiano-ricci,value,,0,维纳斯与阿多尼斯,entity,units/works/sebastiano-ricci-venus-and-adonis,resolved_entity
ref-4056693fd75a7cbc,enr-04809,units/persons/sebastiano-ricci,cells,1,0,维纳斯与阿多尼斯,entity,units/works/sebastiano-ricci-venus-and-adonis,resolved_entity
ref-95a610fe9ed36dc6,enr-04813,units/persons/sigismund-streit,value,,0,西吉斯蒙德·施特赖特肖像,entity,units/works/amigoni-sigismund-streit,resolved_entity
ref-850ee9a14599b6f8,enr-04813,units/persons/sigismund-streit,cells,1,0,西吉斯蒙德·施特赖特肖像,entity,units/works/amigoni-sigismund-streit,resolved_entity
ref-b69449a208e84944,enr-12008,units/persons/sigismund-streit,value,,0,灰修道院中学,entity,units/institutions/gymnasium-zu-grauen-kloster,resolved_entity
ref-163d870f2e02f4ed,enr-12008,units/persons/sigismund-streit,cells,1,0,灰修道院中学,entity,units/institutions/gymnasium-zu-grauen-kloster,resolved_entity
ref-e8ea9a18fc7d5816,enr-12009,units/persons/sigismund-streit,value,,0,威尼斯,entity,units/places/venice,resolved_entity
ref-7f0eb59a1f464b14,enr-12009,units/persons/sigismund-streit,cells,1,0,威尼斯,entity,units/places/venice,resolved_entity
ref-b4fd5cbe378e88fc,enr-12010,units/persons/sigismund-streit,value,,0,阿米戈尼,entity,units/persons/amigoni,resolved_entity
ref-cfbdbd920b659948,enr-12010,units/persons/sigismund-streit,value,,1,本人肖像,entity,units/works/amigoni-sigismund-streit,resolved_entity
ref-77374b42128f2515,enr-12010,units/persons/sigismund-streit,cells,1,0,阿米戈尼,entity,units/persons/amigoni,resolved_entity
ref-e875c7506e45022c,enr-12010,units/persons/sigismund-streit,cells,1,1,本人肖像,entity,units/works/amigoni-sigismund-streit,resolved_entity
ref-9089410387f69929,enr-12011,units/persons/sigismund-streit,value,,0,本人肖像,entity,units/works/amigoni-sigismund-streit,resolved_entity
ref-d146a27bc103bc7d,enr-12011,units/persons/sigismund-streit,value,,1,灰修道院中学,entity,units/institutions/gymnasium-zu-grauen-kloster,resolved_entity
ref-351ca742e383ae87,enr-12011,units/persons/sigismund-streit,cells,1,0,本人肖像,entity,units/works/amigoni-sigismund-streit,resolved_entity
ref-8e2f1343b3a51f98,enr-12011,units/persons/sigismund-streit,cells,1,1,灰修道院中学,entity,units/institutions/gymnasium-zu-grauen-kloster,resolved_entity
ref-5afc41dbf1f264dd,enr-04836,units/persons/simonelli,value,,0,西莫内利与莫拉联合漫画,entity,units/works/mola-joint-caricature-of-simonelli-and-mola,resolved_entity
ref-70a98fc908141d94,enr-04836,units/persons/simonelli,cells,1,0,西莫内利与莫拉联合漫画,entity,units/works/mola-joint-caricature-of-simonelli-and-mola,resolved_entity
ref-ed740f1ae85a35b6,enr-04837,units/persons/simonelli,value,,0,西莫内利与莫拉联合漫画,entity,units/works/mola-joint-caricature-of-simonelli-and-mola,resolved_entity
ref-1b3acdf88380b0d8,enr-04837,units/persons/simonelli,cells,1,0,西莫内利与莫拉联合漫画,entity,units/works/mola-joint-caricature-of-simonelli-and-mola,resolved_entity
ref-8697da440269944d,enr-12021,units/persons/simonelli,value,,0,皮耶尔·弗朗切斯科·莫拉,entity,units/persons/pier-francesco-mola,resolved_entity
ref-958839486e5a39d5,enr-12021,units/persons/simonelli,cells,1,0,皮耶尔·弗朗切斯科·莫拉,entity,units/persons/pier-francesco-mola,resolved_entity
ref-f10ea0c7d27eb93d,enr-04843,units/persons/simonelli,value,,0,西莫内利与莫拉联合漫画,entity,units/works/mola-joint-caricature-of-simonelli-and-mola,resolved_entity
ref-868d4f5fd76f1de2,enr-04843,units/persons/simonelli,cells,1,0,西莫内利与莫拉联合漫画,entity,units/works/mola-joint-caricature-of-simonelli-and-mola,resolved_entity
ref-27ec421aba4cd0bb,enr-04852,units/persons/sixtus-v,value,,0,罗马（Rome）,entity,units/places/rome,resolved_entity
ref-d7367315ab5314d4,enr-04852,units/persons/sixtus-v,cells,1,0,罗马（Rome）,entity,units/places/rome,resolved_entity
ref-e37d5b12607af2bb,enr-12029,units/persons/sixtus-v,value,,0,Alessandro Peretti di Montalto,entity,units/persons/alessandro-peretti-montalto,resolved_entity
ref-3761746439c6fb10,enr-12029,units/persons/sixtus-v,cells,1,0,Alessandro Peretti di Montalto,entity,units/persons/alessandro-peretti-montalto,resolved_entity
ref-1da29576ba5c6502,enr-12036,units/persons/sixtus-v,value,,0,圣彼得大殿,entity,units/places/st-peters-basilica,resolved_entity
ref-594f9626e9eee93c,enr-12036,units/persons/sixtus-v,cells,1,0,圣彼得大殿,entity,units/places/st-peters-basilica,resolved_entity
ref-b0208c8ec152c69b,enr-04862,units/persons/solimena,value,,0,狄多与埃涅阿斯,entity,units/works/solimena-dido-and-aeneas,resolved_entity
ref-ae39178670502826,enr-04862,units/persons/solimena,cells,1,0,狄多与埃涅阿斯,entity,units/works/solimena-dido-and-aeneas,resolved_entity
ref-3093851a5568bef0,enr-12047,units/persons/solimena,value,,0,雷蒙多·布奥纳科尔西,entity,units/persons/raimondo-buonaccorsi,resolved_entity
ref-b6932e1b3f500a98,enr-12047,units/persons/solimena,cells,1,0,雷蒙多·布奥纳科尔西,entity,units/persons/raimondo-buonaccorsi,resolved_entity
ref-c04b768e49675b5f,enr-04873,units/persons/stefano-conti,value,,0,卢卡,entity,units/places/lucca,resolved_entity
ref-92780c30db6fe1d4,enr-04873,units/persons/stefano-conti,cells,1,0,卢卡,entity,units/places/lucca,resolved_entity
ref-07bd84b986a0230e,enr-12050,units/persons/stefano-conti,value,,0,朱庇特的养育,entity,units/works/g-m-crespi-jupiter-handed-over-by-cybele-to-the-corybantes-to-be-fed,resolved_entity
ref-6f6117a2e6007d78,enr-12050,units/persons/stefano-conti,cells,1,0,朱庇特的养育,entity,units/works/g-m-crespi-jupiter-handed-over-by-cybele-to-the-corybantes-to-be-fed,resolved_entity
ref-de492d98e3220057,enr-12051,units/persons/stefano-conti,value,,0,朱塞佩·马里亚·克雷斯皮,entity,units/persons/giuseppe-maria-crespi,resolved_entity
ref-eb6691a6844def4e,enr-12051,units/persons/stefano-conti,cells,1,0,朱塞佩·马里亚·克雷斯皮,entity,units/persons/giuseppe-maria-crespi,resolved_entity
ref-363024f0c3dd68e9,enr-12054,units/persons/tarquinio-salvi,value,,0,乔万尼·巴蒂斯塔·萨尔维,entity,units/persons/sassoferrato,resolved_entity
ref-9a774520c2eaa8d2,enr-12054,units/persons/tarquinio-salvi,cells,1,0,乔万尼·巴蒂斯塔·萨尔维,entity,units/persons/sassoferrato,resolved_entity
ref-55777d42f126402c,enr-12055,units/persons/tarquinio-salvi,value,,0,维托里娅·迪·卢蒂奥·洛利,entity,units/persons/vittoria-di-lutio-loli,resolved_entity
ref-8ba620a6be42a7eb,enr-12055,units/persons/tarquinio-salvi,cells,1,0,维托里娅·迪·卢蒂奥·洛利,entity,units/persons/vittoria-di-lutio-loli,resolved_entity
ref-552dec04fe1a13fa,enr-04885,units/persons/teodoro-correr,value,,0,泰奥多罗·科雷尔肖像,entity,units/works/bernardino-castelli-teodoro-correr,resolved_entity
ref-957e36b3f5984d4f,enr-04885,units/persons/teodoro-correr,cells,1,0,泰奥多罗·科雷尔肖像,entity,units/works/bernardino-castelli-teodoro-correr,resolved_entity
ref-0e75483542bba625,enr-12059,units/persons/teodoro-correr,value,,0,科雷尔博物馆,entity,units/institutions/museo-correr,resolved_entity
ref-142b9f0db8fd1ce1,enr-12059,units/persons/teodoro-correr,cells,1,0,科雷尔博物馆,entity,units/institutions/museo-correr,resolved_entity
ref-eba54e30491af661,enr-12060,units/persons/teodoro-correr,value,,0,科雷尔图书馆,entity,units/institutions/correr-library,resolved_entity
ref-dcf834e29861a983,enr-12060,units/persons/teodoro-correr,cells,1,0,科雷尔图书馆,entity,units/institutions/correr-library,resolved_entity
ref-a420eb728499b930,enr-12064,units/persons/terisio-pignatti,value,,0,威尼斯市立博物馆系统,entity,units/institutions/musei-civici-veneziani,resolved_entity
ref-9ca496ba0049789e,enr-12064,units/persons/terisio-pignatti,cells,1,0,威尼斯市立博物馆系统,entity,units/institutions/musei-civici-veneziani,resolved_entity
ref-46a245701b7fc075,enr-12065,units/persons/terisio-pignatti,value,,0,威尼斯市立博物馆系统,entity,units/institutions/musei-civici-veneziani,resolved_entity
ref-5bc31ab18c1e4d3f,enr-12065,units/persons/terisio-pignatti,cells,1,0,威尼斯市立博物馆系统,entity,units/institutions/musei-civici-veneziani,resolved_entity
ref-e1a8d6f6087f2a88,enr-04898,units/persons/terisio-pignatti,value,,0,科雷尔图书馆,entity,units/institutions/correr-library,resolved_entity
ref-6d29280dc7b0022d,enr-04898,units/persons/terisio-pignatti,cells,1,0,科雷尔图书馆,entity,units/institutions/correr-library,resolved_entity
ref-eb01d1a36c23a4b3,enr-04899,units/persons/terisio-pignatti,value,,0,弗朗西斯·哈斯克尔,entity,units/persons/francis-haskell,resolved_entity
ref-c237c3c6a4f1bd89,enr-04899,units/persons/terisio-pignatti,cells,1,0,弗朗西斯·哈斯克尔,entity,units/persons/francis-haskell,resolved_entity
ref-023bfc60f0a686e5,enr-12071,units/persons/thomas-baines,value,,0,约翰·芬奇（John Finch）,entity,units/persons/john-finch,resolved_entity
ref-be5c59d7a097b6a7,enr-12071,units/persons/thomas-baines,cells,1,0,约翰·芬奇（John Finch）,entity,units/persons/john-finch,resolved_entity
ref-aa5b2279b35f1145,enr-12072,units/persons/thomas-baines,value,,0,托马斯·贝恩斯肖像,entity,units/works/carlo-dolci-sir-thomas-baines,resolved_entity
ref-e248127fc27110ca,enr-12072,units/persons/thomas-baines,cells,1,0,托马斯·贝恩斯肖像,entity,units/works/carlo-dolci-sir-thomas-baines,resolved_entity
ref-ea70341eb61f0a1e,enr-12077,units/persons/thomas-isham,value,,0,托马斯·伊舍姆肖像,entity,units/works/carlo-maratta-sir-thomas-isham,resolved_entity
ref-2a8eb03b6ed01256,enr-12077,units/persons/thomas-isham,cells,1,0,托马斯·伊舍姆肖像,entity,units/works/carlo-maratta-sir-thomas-isham,resolved_entity
ref-6bf1359e0ce77c43,enr-04927,units/persons/titian,value,,0,异文记录,processing_record,patrons-and-painters-chp-1/process/knowledge.md#rev-072-persons-titian,not_in_package
ref-ffe0780ed3c47d4e,enr-04927,units/persons/titian,cells,1,0,异文记录,processing_record,patrons-and-painters-chp-1/process/knowledge.md#rev-072-persons-titian,not_in_package
ref-a926ad78a15e6d91,enr-12100,units/persons/tommaso-chiari,value,,0,圣克莱孟堂重新装饰（Redecoration of S. Clemente）,entity,units/events/san-clemente-redecoration,resolved_entity
ref-da1429d5b2e6c4aa,enr-12100,units/persons/tommaso-chiari,cells,1,0,圣克莱孟堂重新装饰（Redecoration of S. Clemente）,entity,units/events/san-clemente-redecoration,resolved_entity
ref-2e3296dc4eb6ab00,enr-12106,units/persons/torquato-tasso,value,,0,《耶路撒冷解放》插图本（1745）,entity,units/archives/gerusalemme-liberata-illustrations-1745,resolved_entity
ref-468f168aeb2d75f7,enr-12106,units/persons/torquato-tasso,cells,1,0,《耶路撒冷解放》插图本（1745）,entity,units/archives/gerusalemme-liberata-illustrations-1745,resolved_entity
ref-f2c7334553f959f8,enr-04953,units/persons/urbano-viii,value,,0,罗马（Rome）,entity,units/places/rome,resolved_entity
ref-d449e4ecf7c4a8be,enr-04953,units/persons/urbano-viii,cells,1,0,罗马（Rome）,entity,units/places/rome,resolved_entity
ref-f21ac980f3334e9b,enr-12127,units/persons/urbano-viii,value,,0,贝尔尼尼,entity,units/persons/gian-lorenzo-bernini,resolved_entity
ref-8ceed7fdc3ba4830,enr-12127,units/persons/urbano-viii,cells,1,0,贝尔尼尼,entity,units/persons/gian-lorenzo-bernini,resolved_entity
ref-e22bc635dc870b40,enr-04966,units/persons/urbano-viii,value,,0,马费奥·巴贝里尼肖像,entity,units/works/caravaggio-maffeo-barberini,resolved_entity
ref-3f51591df6bae00c,enr-04966,units/persons/urbano-viii,cells,1,0,马费奥·巴贝里尼肖像,entity,units/works/caravaggio-maffeo-barberini,resolved_entity
ref-ce7fcafb17df3fbd,enr-04968,units/persons/urbano-viii,value,,0,乌尔班八世肖像,entity,units/works/bernini-maffeo-barberini-as-pope-urban-viii,resolved_entity
ref-6ed124aeaea5ba35,enr-04968,units/persons/urbano-viii,cells,1,0,乌尔班八世肖像,entity,units/works/bernini-maffeo-barberini-as-pope-urban-viii,resolved_entity
ref-5eb964f1e0554048,enr-04970,units/persons/urbano-viii,value,,0,乌尔班八世统治的荣耀,entity,units/works/pietro-da-cortona-glorification-of-the-reign-of-urban-viii,resolved_entity
ref-ce1997ea2eb675e2,enr-04970,units/persons/urbano-viii,cells,1,0,乌尔班八世统治的荣耀,entity,units/works/pietro-da-cortona-glorification-of-the-reign-of-urban-viii,resolved_entity
ref-9ed4475f4c112f87,enr-04980,units/persons/valentin,value,,0,罗马寓意,entity,units/works/valentin-allegory-of-rome,resolved_entity
ref-a0757df0d838724f,enr-04980,units/persons/valentin,cells,1,0,罗马寓意,entity,units/works/valentin-allegory-of-rome,resolved_entity
ref-9363f57c038363eb,enr-04987,units/persons/van-dyck,value,,0,本蒂沃利奥枢机肖像,entity,units/works/van-dyck-cardinal-bentivoglio,resolved_entity
ref-8bf380e7d973f5fc,enr-04987,units/persons/van-dyck,cells,1,0,本蒂沃利奥枢机肖像,entity,units/works/van-dyck-cardinal-bentivoglio,resolved_entity
ref-a8c55263a63c439e,enr-12138,units/persons/van-dyck,value,,0,圭多·本蒂沃利奥,entity,units/persons/cardinal-bentivoglio,resolved_entity
ref-eb418bc8addfc406,enr-12138,units/persons/van-dyck,cells,1,0,圭多·本蒂沃利奥,entity,units/persons/cardinal-bentivoglio,resolved_entity
ref-1d8e199e1ff246be,enr-04992,units/persons/van-dyck,value,,0,罗马,entity,units/places/rome,resolved_entity
ref-74c55cd379025206,enr-04992,units/persons/van-dyck,cells,1,0,罗马,entity,units/places/rome,resolved_entity
ref-92394422ec204e82,enr-04996,units/persons/velasquez,value,,0,卡米洛·马西米肖像,entity,units/works/velasquez-camillo-massimi,resolved_entity
ref-d0fe5464af508479,enr-04996,units/persons/velasquez,cells,1,0,卡米洛·马西米肖像,entity,units/works/velasquez-camillo-massimi,resolved_entity
ref-0f7094f521f812df,enr-04998,units/persons/velasquez,value,,0,胡安·德·帕雷哈肖像,entity,units/works/velasquez-juan-de-pareja,resolved_entity
ref-a5b5242afb35b9b8,enr-04998,units/persons/velasquez,cells,1,0,胡安·德·帕雷哈肖像,entity,units/works/velasquez-juan-de-pareja,resolved_entity
ref-38089d4230ae0375,enr-12141,units/persons/velasquez,value,,0,胡安·德·帕雷哈,entity,units/persons/juan-de-pareja,resolved_entity
ref-48845ababa805a11,enr-12141,units/persons/velasquez,cells,1,0,胡安·德·帕雷哈,entity,units/persons/juan-de-pareja,resolved_entity
ref-affe2a1394c6b635,enr-05040,units/persons/virgilio-spada,value,,0,马萨涅洛起义,entity,units/works/michelangelo-cerquozzi-the-revolt-of-masaniello,resolved_entity
ref-c5be79a6225a9080,enr-05040,units/persons/virgilio-spada,cells,1,0,马萨涅洛起义,entity,units/works/michelangelo-cerquozzi-the-revolt-of-masaniello,resolved_entity
ref-96194a8dad99f97b,enr-05041,units/persons/virgilio-spada,value,,0,切尔科齐,entity,units/persons/michelangelo-cerquozzi,resolved_entity
ref-e4f0dad5193a04a0,enr-05041,units/persons/virgilio-spada,cells,1,0,切尔科齐,entity,units/persons/michelangelo-cerquozzi,resolved_entity
ref-747bec1c6aafbc93,enr-05046,units/persons/vitale-bloch,value,,0,西莫内利与莫拉联合漫画,entity,units/works/mola-joint-caricature-of-simonelli-and-mola,resolved_entity
ref-88af5f11929d9577,enr-05046,units/persons/vitale-bloch,cells,1,0,西莫内利与莫拉联合漫画,entity,units/works/mola-joint-caricature-of-simonelli-and-mola,resolved_entity
ref-2fcd1a3bf465a0da,enr-12175,units/persons/vittoria-di-lutio-loli,value,,0,乔万尼·巴蒂斯塔·萨尔维,entity,units/persons/sassoferrato,resolved_entity
ref-d0be6cf5653f014b,enr-12175,units/persons/vittoria-di-lutio-loli,cells,1,0,乔万尼·巴蒂斯塔·萨尔维,entity,units/persons/sassoferrato,resolved_entity
ref-9cdc97363fa4b764,enr-12176,units/persons/vittoria-di-lutio-loli,value,,0,塔尔奎尼奥·萨尔维,entity,units/persons/tarquinio-salvi,resolved_entity
ref-c475929cec80e535,enr-12176,units/persons/vittoria-di-lutio-loli,cells,1,0,塔尔奎尼奥·萨尔维,entity,units/persons/tarquinio-salvi,resolved_entity
ref-0563d7afa8cc50f0,enr-05062,units/persons/viviano-codazzi,value,,0,马萨涅洛起义,entity,units/works/michelangelo-cerquozzi-the-revolt-of-masaniello,resolved_entity
ref-764d501411a09e72,enr-05062,units/persons/viviano-codazzi,cells,1,0,马萨涅洛起义,entity,units/works/michelangelo-cerquozzi-the-revolt-of-masaniello,resolved_entity
ref-8f88bc27dbf3b632,enr-12178,units/persons/viviano-codazzi,value,,0,切尔科齐,entity,units/persons/michelangelo-cerquozzi,resolved_entity
ref-7b9de29e8251b7e5,enr-12178,units/persons/viviano-codazzi,cells,1,0,切尔科齐,entity,units/persons/michelangelo-cerquozzi,resolved_entity
ref-aaea256bf726426c,enr-05068,units/persons/watkin-williams-wynn,value,,0,歌剧排练,entity,units/works/marco-ricci-an-operatic-rehearsal,resolved_entity
ref-85a4977f1b497eb9,enr-05068,units/persons/watkin-williams-wynn,cells,1,0,歌剧排练,entity,units/works/marco-ricci-an-operatic-rehearsal,resolved_entity
ref-412c50b6341e7c66,enr-12182,units/persons/william-john-bankes,value,,0,卡米洛·马西米肖像,entity,units/works/velasquez-camillo-massimi,resolved_entity
ref-a7577e66b132b2ed,enr-12182,units/persons/william-john-bankes,cells,1,0,卡米洛·马西米肖像,entity,units/works/velasquez-camillo-massimi,resolved_entity
ref-c5acf9203b0e7ff3,enr-05075,units/persons/william-john-bankes,value,,0,金斯顿莱西庄园,entity,units/places/kingston-lacy,resolved_entity
ref-d4e107a78fe5b4f5,enr-05075,units/persons/william-john-bankes,cells,1,0,金斯顿莱西庄园,entity,units/places/kingston-lacy,resolved_entity
ref-286430b3b36d9e87,enr-12190,units/persons/zaccaria-sagredo,value,,0,扎卡里亚·萨格雷多肖像,entity,units/works/gian-antonio-faldoni-zaccaria-sagredo,resolved_entity
ref-ac8e66f2faa40689,enr-12190,units/persons/zaccaria-sagredo,cells,1,0,扎卡里亚·萨格雷多肖像,entity,units/works/gian-antonio-faldoni-zaccaria-sagredo,resolved_entity
ref-6e38bf96b5355905,enr-05088,units/places/alnwick-castle,value,,0,安东尼奥·巴贝里尼枢机,entity,units/works/carlo-maratta-cardinal-antonio-barberini,resolved_entity
ref-124376fd0ee4e857,enr-05088,units/places/alnwick-castle,cells,1,0,安东尼奥·巴贝里尼枢机,entity,units/works/carlo-maratta-cardinal-antonio-barberini,resolved_entity
ref-63b392c0bf248c10,enr-05095,units/places/badminton,value,,0,巴德明顿景观,entity,units/works/canaletto-view-from-badminton-1748,resolved_entity
ref-f0ce2883ef201033,enr-05095,units/places/badminton,cells,1,0,巴德明顿景观,entity,units/works/canaletto-view-from-badminton-1748,resolved_entity
ref-ef436271b2d68fef,enr-05099,units/places/barberini-chapel-sant-andrea-valle,value,,0,马泰奥·卡斯泰利,entity,units/persons/matteo-castelli,resolved_entity
ref-bd236ff4243d5cf0,enr-05099,units/places/barberini-chapel-sant-andrea-valle,cells,1,0,马泰奥·卡斯泰利,entity,units/persons/matteo-castelli,resolved_entity
ref-3a0ecfce84e520e8,enr-05100,units/places/barberini-chapel-sant-andrea-valle,value,,0,谷地圣安德烈堂,entity,units/places/sant-andrea-della-valle,resolved_entity
ref-be05deb8e804fc3a,enr-05100,units/places/barberini-chapel-sant-andrea-valle,cells,1,0,谷地圣安德烈堂,entity,units/places/sant-andrea-della-valle,resolved_entity
ref-b6a3da6fc96ca4ca,enr-05101,units/places/barberini-chapel-sant-andrea-valle,value,,0,罗马,entity,units/places/rome,resolved_entity
ref-51bbdd32b67f3e30,enr-05101,units/places/barberini-chapel-sant-andrea-valle,cells,1,0,罗马,entity,units/places/rome,resolved_entity
ref-f671a8dd13f439c6,enr-05105,units/places/belvoir-castle,value,,0,婚姻,entity,units/works/poussin-marriage,resolved_entity
ref-d95379bf9b3d2a94,enr-05105,units/places/belvoir-castle,cells,1,0,婚姻,entity,units/works/poussin-marriage,resolved_entity
ref-bf6fb03d82337aa5,enr-05109,units/places/berlin,value,,0,西吉斯蒙德·施特赖特肖像,entity,units/works/amigoni-sigismund-streit,resolved_entity
ref-63fc9c186502fd90,enr-05109,units/places/berlin,cells,1,0,西吉斯蒙德·施特赖特肖像,entity,units/works/amigoni-sigismund-streit,resolved_entity
ref-6749038d87d6c8f0,enr-05122,units/places/ca-pesaro,value,,0,威尼斯寓意,entity,units/works/niccolo-bambini-allegory-of-venice,resolved_entity
ref-d412e5b562d6e698,enr-05122,units/places/ca-pesaro,cells,1,0,威尼斯寓意,entity,units/works/niccolo-bambini-allegory-of-venice,resolved_entity
ref-0a623eef0d8ff463,enr-05126,units/places/ca-rezzonico,value,,0,雷佐尼科家族婚姻寓意,entity,units/works/tiepolo-marriage-allegory-of-the-rezzonico-family,resolved_entity
ref-f922af9df32283db,enr-05126,units/places/ca-rezzonico,cells,1,0,雷佐尼科家族婚姻寓意,entity,units/works/tiepolo-marriage-allegory-of-the-rezzonico-family,resolved_entity
ref-b6afb1cc86c7e86b,enr-05131,units/places/cambridge,value,,0,托马斯·贝恩斯,entity,units/works/carlo-dolci-sir-thomas-baines,resolved_entity
ref-d9992ca81539bbd6,enr-05131,units/places/cambridge,cells,1,0,托马斯·贝恩斯,entity,units/works/carlo-dolci-sir-thomas-baines,resolved_entity
ref-1d66b5578275fc8f,enr-05134,units/places/camposanto-pisa,value,,0,比萨,entity,units/places/pisa,resolved_entity
ref-b218317cd0602842,enr-05134,units/places/camposanto-pisa,cells,1,0,比萨,entity,units/places/pisa,resolved_entity
ref-bb37ba128de7d8d0,enr-05135,units/places/camposanto-pisa,value,,0,弗朗切斯科·阿尔加罗蒂墓,entity,units/works/tomb-of-francesco-algarotti,resolved_entity
ref-e946d43c698a923a,enr-05135,units/places/camposanto-pisa,cells,1,0,弗朗切斯科·阿尔加罗蒂墓,entity,units/works/tomb-of-francesco-algarotti,resolved_entity
ref-330b87dd83d60ee2,enr-12213,units/places/cappella-delci-santa-sabina,value,,0,圣撒比纳大殿,entity,units/places/s-sabina,resolved_entity
ref-d1a03c7650d2db5f,enr-12213,units/places/cappella-delci-santa-sabina,cells,1,0,圣撒比纳大殿,entity,units/places/s-sabina,resolved_entity
ref-5fb0443dad9c8339,enr-12214,units/places/cappella-delci-santa-sabina,value,,0,罗马,entity,units/places/rome,resolved_entity
ref-f0b28b9760b6b7b5,enr-12214,units/places/cappella-delci-santa-sabina,cells,1,0,罗马,entity,units/places/rome,resolved_entity
ref-3847d966fa0b6809,enr-12215,units/places/cappella-delci-santa-sabina,value,,0,玫瑰圣母与道明、加大利纳,entity,units/works/sassoferrato-madonna-of-the-rosary-with-saints-dominic-and-catherine,resolved_entity
ref-34bc4c8f3eee19df,enr-12215,units/places/cappella-delci-santa-sabina,cells,1,0,玫瑰圣母与道明、加大利纳,entity,units/works/sassoferrato-madonna-of-the-rosary-with-saints-dominic-and-catherine,resolved_entity
ref-5bf2e6f282b53c4a,enr-05148,units/places/castello-sforzesco,value,,0,舒伦堡元帅肖像,entity,units/works/piazzetta-marshal-schulenburg,resolved_entity
ref-ede2e2ad0a9c3676,enr-05148,units/places/castello-sforzesco,cells,1,0,舒伦堡元帅肖像,entity,units/works/piazzetta-marshal-schulenburg,resolved_entity
ref-028457fa067e7e35,enr-12219,units/places/castello-sforzesco,value,,0,米兰,entity,units/places/milan,resolved_entity
ref-9f8f8f36c78770db,enr-12219,units/places/castello-sforzesco,cells,1,0,米兰,entity,units/places/milan,resolved_entity
ref-bbdf24bfda2eef0a,enr-12221,units/places/castello-sforzesco,value,,0,斯福尔扎城堡素描室,entity,units/institutions/gabinetto-dei-disegni-castello-sforzesco,resolved_entity
ref-a35c3ae52c37ffbf,enr-12221,units/places/castello-sforzesco,cells,1,0,斯福尔扎城堡素描室,entity,units/institutions/gabinetto-dei-disegni-castello-sforzesco,resolved_entity
ref-cab0fe8f6e177de8,enr-12224,units/places/castle-howard,value,,0,马尔科·里奇,entity,units/persons/marco-ricci,resolved_entity
ref-7ee6d745ef9b23c9,enr-12224,units/places/castle-howard,value,,1,佩莱格里尼,entity,units/persons/pellegrini,resolved_entity
ref-4e0f1ddc716b3f8e,enr-12224,units/places/castle-howard,cells,1,0,马尔科·里奇,entity,units/persons/marco-ricci,resolved_entity
ref-7c31013fc769f1c1,enr-12224,units/places/castle-howard,cells,1,1,佩莱格里尼,entity,units/persons/pellegrini,resolved_entity
ref-9f413acf836e1bba,enr-12232,units/places/chiesa-san-nicola-dei-lorenesi,value,,0,罗马,entity,units/places/rome,resolved_entity
ref-b3bf75f06b661ad9,enr-12232,units/places/chiesa-san-nicola-dei-lorenesi,cells,1,0,罗马,entity,units/places/rome,resolved_entity
ref-934afa158610b4f1,enr-12233,units/places/chiesa-san-nicola-dei-lorenesi,value,,0,贾昆托装饰工程,entity,units/works/giaquinto-san-nicola-dei-lorenesi-decoration,resolved_entity
ref-69461d6f4d3a29a7,enr-12233,units/places/chiesa-san-nicola-dei-lorenesi,cells,1,0,贾昆托装饰工程,entity,units/works/giaquinto-san-nicola-dei-lorenesi-decoration,resolved_entity
ref-5bf08cfed739de54,enr-05178,units/places/chiesa-san-gregorio-messina,value,,0,墨西拿（Messina）,entity,units/places/messina,resolved_entity
ref-2469554c2e01e302,enr-05178,units/places/chiesa-san-gregorio-messina,cells,1,0,墨西拿（Messina）,entity,units/places/messina,resolved_entity
ref-3e909128f42e8f9e,enr-12235,units/places/chiesa-san-gregorio-messina,value,,0,加尔默罗圣母小堂,entity,units/places/chiesa-san-gregorio-cappella-madonna-carmine,resolved_entity
ref-db99fc8bb927b4a6,enr-12235,units/places/chiesa-san-gregorio-messina,cells,1,0,加尔默罗圣母小堂,entity,units/places/chiesa-san-gregorio-cappella-madonna-carmine,resolved_entity
ref-83d2d986aed09abd,enr-05188,units/places/church-of-s-rocco,value,,0,圣洛克堂画展,entity,units/works/marieschi-picture-exhibition-at-church-of-s-rocco,resolved_entity
ref-bceafc6fd57b1894,enr-05188,units/places/church-of-s-rocco,cells,1,0,圣洛克堂画展,entity,units/works/marieschi-picture-exhibition-at-church-of-s-rocco,resolved_entity
ref-1c2f3b77d0287cab,enr-05192,units/places/church-of-the-frari,value,,0,乔瓦尼·佩萨罗总督纪念碑,entity,units/works/monument-to-doge-giovanni-pesaro,resolved_entity
ref-d403396ad78e4f2e,enr-05192,units/places/church-of-the-frari,cells,1,0,乔瓦尼·佩萨罗总督纪念碑,entity,units/works/monument-to-doge-giovanni-pesaro,resolved_entity
ref-30af1510a99741bd,enr-05196,units/places/cologne,value,,0,田园,entity,units/works/piazzetta-idyll,resolved_entity
ref-a4cb2462bb22821b,enr-05196,units/places/cologne,cells,1,0,田园,entity,units/works/piazzetta-idyll,resolved_entity
ref-d3d3414dfbc72724,enr-05212,units/places/delphi,value,,0,有队列的德尔斐景观,entity,units/works/claude-view-of-delphi-with-a-procession,resolved_entity
ref-3949b2919aec21ac,enr-05212,units/places/delphi,cells,1,0,有队列的德尔斐景观,entity,units/works/claude-view-of-delphi-with-a-procession,resolved_entity
ref-d4eb0e59ff0a5221,enr-12246,units/places/edinburgh,value,,0,苏格兰国家美术馆,entity,units/institutions/national-gallery-of-scotland,resolved_entity
ref-a40ae44bb23576e5,enr-12246,units/places/edinburgh,cells,1,0,苏格兰国家美术馆,entity,units/institutions/national-gallery-of-scotland,resolved_entity
ref-e20ea720a16d89fc,enr-05219,units/places/egypt,value,,0,逃往埃及途中的休息,entity,units/works/pietro-testa-rest-on-the-flight-into-egypt,resolved_entity
ref-5235d34153038bb7,enr-05219,units/places/egypt,cells,1,0,逃往埃及途中的休息,entity,units/works/pietro-testa-rest-on-the-flight-into-egypt,resolved_entity
ref-6d62fd8e2d716b5a,enr-12258,units/places/florence,value,,0,罗马,entity,units/places/rome,resolved_entity
ref-7194db4dd4c2605c,enr-12258,units/places/florence,cells,1,0,罗马,entity,units/places/rome,resolved_entity
ref-033f28a3f052c653,enr-12264,units/places/florence,value,,0,乌尔班八世卡,entity,units/persons/urbano-viii,resolved_entity
ref-dd49126f190a2b61,enr-12264,units/places/florence,evidence,,0,乌尔班八世卡,entity,units/persons/urbano-viii,resolved_entity
ref-92722e954ea96fdc,enr-12264,units/places/florence,cells,1,0,乌尔班八世卡,entity,units/persons/urbano-viii,resolved_entity
ref-24d802ed1763296d,enr-05241,units/places/florence,value,,0,马费奥·巴贝里尼肖像,entity,units/works/caravaggio-maffeo-barberini,resolved_entity
ref-ef5d889e205c9377,enr-05241,units/places/florence,cells,1,0,马费奥·巴贝里尼肖像,entity,units/works/caravaggio-maffeo-barberini,resolved_entity
ref-9b36929527ba7428,enr-05243,units/places/florence,value,,0,本蒂沃利奥枢机肖像,entity,units/works/van-dyck-cardinal-bentivoglio,resolved_entity
ref-66d6ca43a523aa92,enr-05243,units/places/florence,cells,1,0,本蒂沃利奥枢机肖像,entity,units/works/van-dyck-cardinal-bentivoglio,resolved_entity
ref-7a532c127b15f432,enr-05245,units/places/florence,value,,0,梳妆少女,entity,units/works/g-m-crespi-girl-at-her-toilet,resolved_entity
ref-22c8870d188f02a1,enr-05245,units/places/florence,cells,1,0,梳妆少女,entity,units/works/g-m-crespi-girl-at-her-toilet,resolved_entity
ref-664776a08216d9d8,enr-05247,units/places/florence,value,,0,画家一家,entity,units/works/g-m-crespi-the-painter-s-family,resolved_entity
ref-1b9c77436fd0a4ec,enr-05247,units/places/florence,cells,1,0,画家一家,entity,units/works/g-m-crespi-the-painter-s-family,resolved_entity
ref-4d4de0278eb0786b,enr-05249,units/places/florence,value,,0,波焦阿卡亚诺集市局部,entity,units/works/g-m-crespi-detail-from-fair-at-poggio-a-caiano,resolved_entity
ref-ab575467696dd024,enr-05249,units/places/florence,cells,1,0,波焦阿卡亚诺集市局部,entity,units/works/g-m-crespi-detail-from-fair-at-poggio-a-caiano,resolved_entity
ref-543e622dca3c9120,enr-05251,units/places/florence,value,,0,阿尔洛托教区神父的玩笑,entity,units/works/baldassare-franceschini-la-burla-del-piovano-arlotto,resolved_entity
ref-506ea480ee39fe10,enr-05251,units/places/florence,cells,1,0,阿尔洛托教区神父的玩笑,entity,units/works/baldassare-franceschini-la-burla-del-piovano-arlotto,resolved_entity
ref-106b9126b90c4082,enr-05253,units/places/florence,value,,0,劫夺欧罗巴,entity,units/works/sebastiano-ricci-rape-of-europa,resolved_entity
ref-0cd5f2b1476565ae,enr-05253,units/places/florence,cells,1,0,劫夺欧罗巴,entity,units/works/sebastiano-ricci-rape-of-europa,resolved_entity
ref-7d6ce7dfc199578a,enr-05255,units/places/florence,value,,0,潘与绪任克斯,entity,units/works/sebastiano-ricci-pan-and-syrinx,resolved_entity
ref-117889867759b743,enr-05255,units/places/florence,cells,1,0,潘与绪任克斯,entity,units/works/sebastiano-ricci-pan-and-syrinx,resolved_entity
ref-741fd72bea044780,enr-05257,units/places/florence,value,,0,维纳斯与阿多尼斯,entity,units/works/sebastiano-ricci-venus-and-adonis,resolved_entity
ref-8f1a61b07b56dfbb,enr-05257,units/places/florence,cells,1,0,维纳斯与阿多尼斯,entity,units/works/sebastiano-ricci-venus-and-adonis,resolved_entity
ref-e11a258396042dd7,enr-05259,units/places/florence,value,,0,乐师群像,entity,units/works/a-d-gabbiani-a-group-of-musicians,resolved_entity
ref-a0c70188f0e76aa5,enr-05259,units/places/florence,cells,1,0,乐师群像,entity,units/works/a-d-gabbiani-a-group-of-musicians,resolved_entity
ref-6a16395fdc49e258,enr-05261,units/places/florence,value,,0,撒迦利亚被石击,entity,units/works/giannantonio-fumiani-the-stoning-of-zechariah,resolved_entity
ref-3eab31ce7a5b5cf3,enr-05261,units/places/florence,cells,1,0,撒迦利亚被石击,entity,units/works/giannantonio-fumiani-the-stoning-of-zechariah,resolved_entity
ref-36e3601faa2dec25,enr-05266,units/places/galerie-mazarin,value,,0,马扎然宫,entity,units/places/palais-mazarin,resolved_entity
ref-cb06e38c6ada1c86,enr-05266,units/places/galerie-mazarin,cells,1,0,马扎然宫,entity,units/places/palais-mazarin,resolved_entity
ref-6b6e5442f29cdfec,enr-12273,units/places/galerie-mazarin,value,,0,巴黎,entity,units/places/paris,resolved_entity
ref-a52f2ca2e6670578,enr-12273,units/places/galerie-mazarin,cells,1,0,巴黎,entity,units/places/paris,resolved_entity
ref-1bfbd66ddd8aff8e,enr-05268,units/places/galerie-mazarin,value,,0,法国国家图书馆,entity,units/institutions/bibliotheque-nationale,resolved_entity
ref-d510d17f96952158,enr-05268,units/places/galerie-mazarin,cells,1,0,法国国家图书馆,entity,units/institutions/bibliotheque-nationale,resolved_entity
ref-ea9d78358feb2bf9,enr-12277,units/places/galerie-mazarin,value,,0,朱尔·马扎然,entity,units/persons/mazarin,resolved_entity
ref-5163d983a67873c9,enr-12277,units/places/galerie-mazarin,cells,1,0,朱尔·马扎然,entity,units/persons/mazarin,resolved_entity
ref-95a8884626d8903d,enr-05273,units/places/galerie-mazarin,value,,0,弗朗索瓦·芒萨尔,entity,units/persons/francois-mansart,resolved_entity
ref-382e652d460a7b7f,enr-05273,units/places/galerie-mazarin,cells,1,0,弗朗索瓦·芒萨尔,entity,units/persons/francois-mansart,resolved_entity
ref-135d1a833403c81e,enr-05274,units/places/galerie-mazarin,value,,0,穹顶装饰,entity,units/works/mazarin-gallery-vault-decoration,resolved_entity
ref-3e4a67060e24d1a6,enr-05274,units/places/galerie-mazarin,cells,1,0,穹顶装饰,entity,units/works/mazarin-gallery-vault-decoration,resolved_entity
ref-ec1bd1d183fab17f,enr-05280,units/places/gallery-palazzo-buonaccorsi,value,,0,布奥纳科尔西宫,entity,units/places/palazzo-buonaccorsi,resolved_entity
ref-84064c63f1ba4551,enr-05280,units/places/gallery-palazzo-buonaccorsi,cells,1,0,布奥纳科尔西宫,entity,units/places/palazzo-buonaccorsi,resolved_entity
ref-73abc3ec0e2cdf96,enr-05281,units/places/gallery-palazzo-buonaccorsi,value,,0,马切拉塔,entity,units/places/macerata,resolved_entity
ref-e5807795ab28aee7,enr-05281,units/places/gallery-palazzo-buonaccorsi,cells,1,0,马切拉塔,entity,units/places/macerata,resolved_entity
ref-4f07fb148d1a5b88,enr-12282,units/places/gallery-palazzo-buonaccorsi,value,,0,巴莱利摄影工作室,entity,units/institutions/studio-fotografico-balelli,resolved_entity
ref-389d999a92e33305,enr-12282,units/places/gallery-palazzo-buonaccorsi,cells,1,0,巴莱利摄影工作室,entity,units/institutions/studio-fotografico-balelli,resolved_entity
ref-e809b328b600d6f7,enr-12283,units/places/gallery-palazzo-buonaccorsi,value,,0,狄多与埃涅阿斯的皇家狩猎,entity,units/works/solimena-dido-and-aeneas,resolved_entity
ref-a74cca9c78e6f94a,enr-12283,units/places/gallery-palazzo-buonaccorsi,cells,1,0,狄多与埃涅阿斯的皇家狩猎,entity,units/works/solimena-dido-and-aeneas,resolved_entity
ref-f473f32d3f9c340f,enr-12284,units/places/gallery-palazzo-buonaccorsi,value,,0,埃涅阿斯向狄多讲述特洛伊的陷落,entity,units/works/bambini-aeneas-tells-dido-fall-of-troy,resolved_entity
ref-d963d35c129dcaf1,enr-12284,units/places/gallery-palazzo-buonaccorsi,cells,1,0,埃涅阿斯向狄多讲述特洛伊的陷落,entity,units/works/bambini-aeneas-tells-dido-fall-of-troy,resolved_entity
ref-e6702512424b04a4,enr-12285,units/places/gallery-palazzo-buonaccorsi,value,,0,雷蒙多·布奥纳科尔西,entity,units/persons/raimondo-buonaccorsi,resolved_entity
ref-311a17af33be72e7,enr-12285,units/places/gallery-palazzo-buonaccorsi,cells,1,0,雷蒙多·布奥纳科尔西,entity,units/persons/raimondo-buonaccorsi,resolved_entity
ref-5338306de4c656bd,enr-05296,units/places/gesu-rome,value,,0,耶稣圣名的胜利,entity,units/works/gaulli-triumph-name-jesus,resolved_entity
ref-d97aa3895621936e,enr-05296,units/places/gesu-rome,cells,1,0,耶稣圣名的胜利,entity,units/works/gaulli-triumph-name-jesus,resolved_entity
ref-ab0bfa96388a9dba,enr-05306,units/places/basilica-di-sant-ubaldo,value,,0,《还愿祭坛画》（Pala del Voto）,entity,units/works/salvio-savini-pala-del-voto,resolved_entity
ref-b538dd4a04ecb720,enr-05306,units/places/basilica-di-sant-ubaldo,cells,1,0,《还愿祭坛画》（Pala del Voto）,entity,units/works/salvio-savini-pala-del-voto,resolved_entity
ref-7b301f650893d57b,enr-05310,units/places/hampton-court-palace,value,,0,汉普顿宫楼梯壁画,entity,units/works/antonio-verrio-fresco-on-staircase-of-hampton-court-palace,resolved_entity
ref-87f289f9384112a1,enr-05310,units/places/hampton-court-palace,cells,1,0,汉普顿宫楼梯壁画,entity,units/works/antonio-verrio-fresco-on-staircase-of-hampton-court-palace,resolved_entity
ref-7bf667b71698e9af,enr-12297,units/places/houston,value,,0,休斯敦美术馆,entity,units/institutions/museum-of-fine-arts-houston,resolved_entity
ref-8aeb12f61fc1952c,enr-12297,units/places/houston,cells,1,0,休斯敦美术馆,entity,units/institutions/museum-of-fine-arts-houston,resolved_entity
ref-04dfc689dd801bcd,enr-05318,units/places/interior-sant-andrea-quirinale,value,,0,贝尔尼尼,entity,units/persons/gian-lorenzo-bernini,resolved_entity
ref-19bea17ab056105b,enr-05318,units/places/interior-sant-andrea-quirinale,cells,1,0,贝尔尼尼,entity,units/persons/gian-lorenzo-bernini,resolved_entity
ref-b4ad8cf48d034262,enr-05319,units/places/interior-sant-andrea-quirinale,value,,0,奎里纳尔圣安德烈堂,entity,units/places/s-andrea-al-quirinale,resolved_entity
ref-418314dee8d1b9aa,enr-05319,units/places/interior-sant-andrea-quirinale,cells,1,0,奎里纳尔圣安德烈堂,entity,units/places/s-andrea-al-quirinale,resolved_entity
ref-18865d8bc2ce9d9d,enr-05320,units/places/interior-sant-andrea-quirinale,value,,0,罗马,entity,units/places/rome,resolved_entity
ref-da7e95cee9f1883f,enr-05320,units/places/interior-sant-andrea-quirinale,cells,1,0,罗马,entity,units/places/rome,resolved_entity
ref-bcde57be84c15ef6,enr-05334,units/places/kassel,value,,0,画家及友人群像,entity,units/works/michelangelo-cerquozzi-the-artist-with-a-group-of-friends,resolved_entity
ref-8475c9593984b810,enr-05334,units/places/kassel,cells,1,0,画家及友人群像,entity,units/works/michelangelo-cerquozzi-the-artist-with-a-group-of-friends,resolved_entity
ref-3952cd3601ed952b,enr-05338,units/places/kingston-lacy,value,,0,卡米洛·马西米肖像,entity,units/works/velasquez-camillo-massimi,resolved_entity
ref-1de6c7a86367c690,enr-05338,units/places/kingston-lacy,cells,1,0,卡米洛·马西米肖像,entity,units/works/velasquez-camillo-massimi,resolved_entity
ref-97b1b8148c38d801,enr-05340,units/places/kingston-lacy,value,,0,杰罗姆·班克斯肖像,entity,units/works/massimo-stanzione-jerome-bankes,resolved_entity
ref-bc492e41c1b864dd,enr-05340,units/places/kingston-lacy,cells,1,0,杰罗姆·班克斯肖像,entity,units/works/massimo-stanzione-jerome-bankes,resolved_entity
ref-87edc03568f3b82c,enr-12301,units/places/kingston-lacy,value,,0,英国国民信托,entity,units/institutions/national-trust,resolved_entity
ref-85a9895b63a19fda,enr-12301,units/places/kingston-lacy,cells,1,0,英国国民信托,entity,units/institutions/national-trust,resolved_entity
ref-62103cc4a7a90f7f,enr-05342,units/places/kingston-lacy,value,,0,亨利·约翰·拉尔夫·班克斯,entity,units/persons/ralph-bankes,resolved_entity
ref-e9aadec58b4ea7b0,enr-05342,units/places/kingston-lacy,cells,1,0,亨利·约翰·拉尔夫·班克斯,entity,units/persons/ralph-bankes,resolved_entity
ref-057d44bd6d860733,enr-05346,units/places/lamport-hall,value,,0,托马斯·伊舍姆,entity,units/works/carlo-maratta-sir-thomas-isham,resolved_entity
ref-6dd8cb60364c9e7a,enr-05346,units/places/lamport-hall,cells,1,0,托马斯·伊舍姆,entity,units/works/carlo-maratta-sir-thomas-isham,resolved_entity
ref-76c70375176992c3,enr-05350,units/places/leeds,value,,0,赫拉克勒斯的选择,entity,units/works/paolo-de-matteis-the-choice-of-hercules,resolved_entity
ref-67a47a66a2ee3e24,enr-05350,units/places/leeds,cells,1,0,赫拉克勒斯的选择,entity,units/works/paolo-de-matteis-the-choice-of-hercules,resolved_entity
ref-1be21d86786ef1b2,enr-05354,units/places/liverpool,value,,0,蒂洛特森大主教寓意纪念墓,entity,units/works/canaletto-allegorical-tomb-to-the-memory-of-archbishop-tillotson,resolved_entity
ref-3dc603ddc7623ce2,enr-05354,units/places/liverpool,cells,1,0,蒂洛特森大主教寓意纪念墓,entity,units/works/canaletto-allegorical-tomb-to-the-memory-of-archbishop-tillotson,resolved_entity
ref-40b3e9e582bbeb8f,enr-05361,units/places/london,value,,0,查理一世肖像,entity,units/works/francesco-fanelli-charles-i,resolved_entity
ref-4737b7a52bf437fc,enr-05361,units/places/london,cells,1,0,查理一世肖像,entity,units/works/francesco-fanelli-charles-i,resolved_entity
ref-e819a6076573d068,enr-05363,units/places/london,value,,0,约翰·斯特兰奇别墅景观,entity,units/works/francesco-guardi-view-of-john-strange-s-villa-at-paese-near-treviso,resolved_entity
ref-bd7370aa24c17938,enr-05363,units/places/london,cells,1,0,约翰·斯特兰奇别墅景观,entity,units/works/francesco-guardi-view-of-john-strange-s-villa-at-paese-near-treviso,resolved_entity
ref-9ec2711799bf29c7,enr-05368,units/places/lucca,value,,0,斯特凡诺·孔蒂,entity,units/persons/stefano-conti,resolved_entity
ref-b2bf613a9a571e5a,enr-05368,units/places/lucca,cells,1,0,斯特凡诺·孔蒂,entity,units/persons/stefano-conti,resolved_entity
ref-85b47834280a807a,enr-05372,units/places/macerata,value,,0,狄多与埃涅阿斯,entity,units/works/solimena-dido-and-aeneas,resolved_entity
ref-22f5cd463cfb4677,enr-05372,units/places/macerata,cells,1,0,狄多与埃涅阿斯,entity,units/works/solimena-dido-and-aeneas,resolved_entity
ref-36806c6d8c42f680,enr-05374,units/places/macerata,value,,0,布奥纳科尔西宫画廊,entity,units/places/gallery-palazzo-buonaccorsi,resolved_entity
ref-f872fbb8aa36f52f,enr-05374,units/places/macerata,cells,1,0,布奥纳科尔西宫画廊,entity,units/places/gallery-palazzo-buonaccorsi,resolved_entity
ref-696570cea13c2a1f,enr-12308,units/places/madrid,value,,0,加斯帕尔·门德斯·德阿罗,entity,units/persons/marchese-del-carpio,resolved_entity
ref-58f95d6f3e942aaf,enr-12308,units/places/madrid,cells,0,0,加斯帕尔·门德斯·德阿罗,entity,units/persons/marchese-del-carpio,resolved_entity
ref-8fe402d1a4bdfdf5,enr-05380,units/places/melbourne,value,,0,安东尼与克娄巴特拉宴会：维多利亚国家美术馆藏本,entity,units/works/tiepolo-banquet-victoria,resolved_entity
ref-ca7e8e84a038f060,enr-05380,units/places/melbourne,cells,1,0,安东尼与克娄巴特拉宴会：维多利亚国家美术馆藏本,entity,units/works/tiepolo-banquet-victoria,resolved_entity
ref-0a6e7d2437b1193b,enr-05394,units/places/milan,value,,0,舒伦堡元帅肖像,entity,units/works/piazzetta-marshal-schulenburg,resolved_entity
ref-50ebac2cc9902533,enr-05394,units/places/milan,cells,1,0,舒伦堡元帅肖像,entity,units/works/piazzetta-marshal-schulenburg,resolved_entity
ref-eb3974831e07b962,enr-12327,units/places/molfetta,value,,0,科拉多·贾昆托,entity,units/persons/giaquinto-front-matter,resolved_entity
ref-ec5f8a9d716de98f,enr-12327,units/places/molfetta,cells,1,0,科拉多·贾昆托,entity,units/persons/giaquinto-front-matter,resolved_entity
ref-59539e025f5b6d38,enr-05408,units/places/moor-park,value,,0,朱庇特与伊娥,entity,units/works/amigoni-jupiter-and-io,resolved_entity
ref-7bf928bc2cbb8f3b,enr-05408,units/places/moor-park,cells,1,0,朱庇特与伊娥,entity,units/works/amigoni-jupiter-and-io,resolved_entity
ref-fe8de2e93ebb2930,enr-05412,units/places/munich,value,,0,普法尔茨王储教育寓意,entity,units/works/pellegrini-allegory-of-the-education-of-the-crown-prince-of-the-palatinate,resolved_entity
ref-ea000a587ce7dd79,enr-05412,units/places/munich,cells,1,0,普法尔茨王储教育寓意,entity,units/works/pellegrini-allegory-of-the-education-of-the-crown-prince-of-the-palatinate,resolved_entity
ref-fb0a8172a6fb18e1,enr-12344,units/places/naples,value,,0,乔万尼·兰弗兰科（Giovanni Lanfranco）,entity,units/persons/giovanni-lanfranco,resolved_entity
ref-8c552ee4f0f59f41,enr-12344,units/places/naples,cells,2,0,乔万尼·兰弗兰科（Giovanni Lanfranco）,entity,units/persons/giovanni-lanfranco,resolved_entity
ref-96cf13f336b1ae4a,enr-12345,units/places/naples,value,,0,那不勒斯主教座堂,entity,units/places/naples-cathedral,resolved_entity
ref-c511298dd8da8299,enr-12345,units/places/naples,cells,2,0,那不勒斯主教座堂,entity,units/places/naples-cathedral,resolved_entity
ref-079a2e039a89dcf0,enr-05446,units/places/naples,value,,0,醉西勒诺斯,entity,units/works/ribera-the-drunken-silenus,resolved_entity
ref-babbe162c3002759,enr-05446,units/places/naples,cells,1,0,醉西勒诺斯,entity,units/works/ribera-the-drunken-silenus,resolved_entity
ref-488aea99d26786db,enr-05453,units/places/new-york,value,,0,胡安·德·帕雷哈肖像,entity,units/works/velasquez-juan-de-pareja,resolved_entity
ref-c317c3baafe0f077,enr-05453,units/places/new-york,cells,1,0,胡安·德·帕雷哈肖像,entity,units/works/velasquez-juan-de-pareja,resolved_entity
ref-66f8ed885a74fd21,enr-05455,units/places/new-york,value,,0,凝视荷马像的亚里士多德,entity,units/works/rembrandt-aristotle-contemplating-the-bust-of-homer,resolved_entity
ref-06f5c0b9c9fd8632,enr-05455,units/places/new-york,cells,1,0,凝视荷马像的亚里士多德,entity,units/works/rembrandt-aristotle-contemplating-the-bust-of-homer,resolved_entity
ref-d5560b219bf92e77,enr-05467,units/places/padua,value,,0,帕多瓦Prà广场,entity,units/works/canaletto-pra-della-valle-padua,resolved_entity
ref-ad0be031f68f9602,enr-05467,units/places/padua,cells,1,0,帕多瓦Prà广场,entity,units/works/canaletto-pra-della-valle-padua,resolved_entity
ref-3258b3844fc8f224,enr-05471,units/places/paese,value,,0,约翰·斯特兰奇别墅景观,entity,units/works/francesco-guardi-view-of-john-strange-s-villa-at-paese-near-treviso,resolved_entity
ref-c8e2a6a6efc50050,enr-05471,units/places/paese,cells,1,0,约翰·斯特兰奇别墅景观,entity,units/works/francesco-guardi-view-of-john-strange-s-villa-at-paese-near-treviso,resolved_entity
ref-d194796b0acbd94c,enr-05475,units/places/palais-mazarin,value,,0,罗慕路斯与雷穆斯顶画局部,entity,units/works/romanelli-romulus-and-remus,resolved_entity
ref-ebf17c48d36a16d4,enr-05475,units/places/palais-mazarin,cells,1,0,罗慕路斯与雷穆斯顶画局部,entity,units/works/romanelli-romulus-and-remus,resolved_entity
ref-4db66ca810fa9999,enr-12356,units/places/palais-mazarin,value,,0,巴黎,entity,units/places/paris,resolved_entity
ref-93296878ac015a70,enr-12356,units/places/palais-mazarin,cells,1,0,巴黎,entity,units/places/paris,resolved_entity
ref-1bd8aff923cc3015,enr-05478,units/places/palais-mazarin,value,,0,朱尔·马扎然,entity,units/persons/mazarin,resolved_entity
ref-44f2cf5101960c62,enr-05478,units/places/palais-mazarin,cells,1,0,朱尔·马扎然,entity,units/persons/mazarin,resolved_entity
ref-52ce90b932961266,enr-05479,units/places/palais-mazarin,value,,0,弗朗索瓦·芒萨尔,entity,units/persons/francois-mansart,resolved_entity
ref-d2d346726bcf33f8,enr-05479,units/places/palais-mazarin,cells,1,0,弗朗索瓦·芒萨尔,entity,units/persons/francois-mansart,resolved_entity
ref-ffccc04261f3a385,enr-05480,units/places/palais-mazarin,value,,0,马扎然画廊,entity,units/places/galerie-mazarin,resolved_entity
ref-5a69a11db3047722,enr-05480,units/places/palais-mazarin,cells,1,0,马扎然画廊,entity,units/places/galerie-mazarin,resolved_entity
ref-e8fad4feacec571d,enr-12358,units/places/palais-mazarin,value,,0,法国国家图书馆,entity,units/institutions/bibliotheque-nationale,resolved_entity
ref-ef6c43ca99550cb1,enr-12358,units/places/palais-mazarin,cells,1,0,法国国家图书馆,entity,units/institutions/bibliotheque-nationale,resolved_entity
ref-1663c5f4ba66c1bc,enr-05486,units/places/palatinate,value,,0,普法尔茨王储教育寓意,entity,units/works/pellegrini-allegory-of-the-education-of-the-crown-prince-of-the-palatinate,resolved_entity
ref-ec110bbdf7edc98b,enr-05486,units/places/palatinate,cells,1,0,普法尔茨王储教育寓意,entity,units/works/pellegrini-allegory-of-the-education-of-the-crown-prince-of-the-palatinate,resolved_entity
ref-05ce62e71dbbc573,enr-05492,units/places/palazzo-barberini,value,,0,《巴贝里尼宫》卷首图,entity,units/works/guido-abbatini-frontispiece-of-aedes-barberinae-ad-quirinalem,resolved_entity
ref-eb7b80bb51f5f37a,enr-05492,units/places/palazzo-barberini,cells,1,0,《巴贝里尼宫》卷首图,entity,units/works/guido-abbatini-frontispiece-of-aedes-barberinae-ad-quirinalem,resolved_entity
ref-6701b876bf1c5816,enr-05494,units/places/palazzo-barberini,value,,0,神圣智慧寓意,entity,units/works/andrea-sacchi-allegory-of-divine-wisdom,resolved_entity
ref-4bff2c9cb7fbab9e,enr-05494,units/places/palazzo-barberini,cells,1,0,神圣智慧寓意,entity,units/works/andrea-sacchi-allegory-of-divine-wisdom,resolved_entity
ref-9b0e95022521c1c4,enr-05496,units/places/palazzo-barberini,value,,0,乌尔班八世统治的荣耀,entity,units/works/pietro-da-cortona-glorification-of-the-reign-of-urban-viii,resolved_entity
ref-5c27b623f614be15,enr-05496,units/places/palazzo-barberini,cells,1,0,乌尔班八世统治的荣耀,entity,units/works/pietro-da-cortona-glorification-of-the-reign-of-urban-viii,resolved_entity
ref-24970aac5cb7beee,enr-05504,units/places/palazzo-buonaccorsi,value,,0,狄多与埃涅阿斯,entity,units/works/solimena-dido-and-aeneas,resolved_entity
ref-40903cb04266e7f8,enr-05504,units/places/palazzo-buonaccorsi,cells,1,0,狄多与埃涅阿斯,entity,units/works/solimena-dido-and-aeneas,resolved_entity
ref-3122da146c1ff8fe,enr-05506,units/places/palazzo-buonaccorsi,value,,0,布奥纳科尔西宫画廊,entity,units/places/gallery-palazzo-buonaccorsi,resolved_entity
ref-afad728d56de82ee,enr-05506,units/places/palazzo-buonaccorsi,cells,1,0,布奥纳科尔西宫画廊,entity,units/places/gallery-palazzo-buonaccorsi,resolved_entity
ref-05c2e307d79be4d5,enr-12362,units/places/palazzo-buonaccorsi,value,,0,雷蒙多·布奥纳科尔西,entity,units/persons/raimondo-buonaccorsi,resolved_entity
ref-e13fda3f15e07aea,enr-12362,units/places/palazzo-buonaccorsi,cells,1,0,雷蒙多·布奥纳科尔西,entity,units/persons/raimondo-buonaccorsi,resolved_entity
ref-a3867dbaf0ddc41b,enr-12363,units/places/palazzo-buonaccorsi,value,,0,埃涅阿斯画廊,entity,units/places/gallery-palazzo-buonaccorsi,resolved_entity
ref-6cbc107af75d6185,enr-12363,units/places/palazzo-buonaccorsi,cells,1,0,埃涅阿斯画廊,entity,units/places/gallery-palazzo-buonaccorsi,resolved_entity
ref-22769937b1ca7e87,enr-05517,units/places/palazzo-dei-conservatori,value,,0,乌尔班八世肖像,entity,units/works/bernini-maffeo-barberini-as-pope-urban-viii,resolved_entity
ref-5eb713949a0257b1,enr-05517,units/places/palazzo-dei-conservatori,cells,1,0,乌尔班八世肖像,entity,units/works/bernini-maffeo-barberini-as-pope-urban-viii,resolved_entity
ref-9bba9a929dfe29bc,enr-05524,units/places/palazzo-ducale,value,,0,海神向威尼斯致敬,entity,units/works/tiepolo-neptune-paying-homage-to-venice,resolved_entity
ref-384c3d8327e212c9,enr-05524,units/places/palazzo-ducale,cells,1,0,海神向威尼斯致敬,entity,units/works/tiepolo-neptune-paying-homage-to-venice,resolved_entity
ref-1f6838813abe8857,enr-05528,units/places/palazzo-pitti,value,,0,本蒂沃利奥枢机肖像,entity,units/works/van-dyck-cardinal-bentivoglio,resolved_entity
ref-9338a875ea3de8dc,enr-05528,units/places/palazzo-pitti,cells,1,0,本蒂沃利奥枢机肖像,entity,units/works/van-dyck-cardinal-bentivoglio,resolved_entity
ref-68014c1b5ccd02a5,enr-05530,units/places/palazzo-pitti,value,,0,劫夺欧罗巴,entity,units/works/sebastiano-ricci-rape-of-europa,resolved_entity
ref-ddaf7963ccd4e5bc,enr-05530,units/places/palazzo-pitti,cells,1,0,劫夺欧罗巴,entity,units/works/sebastiano-ricci-rape-of-europa,resolved_entity
ref-6689f6036484d3a5,enr-05532,units/places/palazzo-pitti,value,,0,潘与绪任克斯,entity,units/works/sebastiano-ricci-pan-and-syrinx,resolved_entity
ref-6ffd23f6c7eba738,enr-05532,units/places/palazzo-pitti,cells,1,0,潘与绪任克斯,entity,units/works/sebastiano-ricci-pan-and-syrinx,resolved_entity
ref-22d2da6374c768b3,enr-05534,units/places/palazzo-pitti,value,,0,维纳斯与阿多尼斯,entity,units/works/sebastiano-ricci-venus-and-adonis,resolved_entity
ref-8b887476276ccb62,enr-05534,units/places/palazzo-pitti,cells,1,0,维纳斯与阿多尼斯,entity,units/works/sebastiano-ricci-venus-and-adonis,resolved_entity
ref-f7a2c4fdc29c9db4,enr-05536,units/places/palazzo-pitti,value,,0,乐师群像,entity,units/works/a-d-gabbiani-a-group-of-musicians,resolved_entity
ref-8bfc05fcd23e4ef5,enr-05536,units/places/palazzo-pitti,cells,1,0,乐师群像,entity,units/works/a-d-gabbiani-a-group-of-musicians,resolved_entity
ref-c20a2c6e504585db,enr-12367,units/places/palazzo-pitti,value,,0,佛罗伦萨,entity,units/places/florence,resolved_entity
ref-2da897d3f2c1b4fb,enr-12367,units/places/palazzo-pitti,cells,1,0,佛罗伦萨,entity,units/places/florence,resolved_entity
ref-1b653f54c941abdf,enr-05540,units/places/palazzo-pitti,value,,0,帕拉蒂纳画廊,entity,units/institutions/galleria-palatina,resolved_entity
ref-0a15d20fa482430d,enr-05540,units/places/palazzo-pitti,cells,1,0,帕拉蒂纳画廊,entity,units/institutions/galleria-palatina,resolved_entity
ref-625238d85f9048d1,enr-12371,units/places/palazzo-spada,value,,0,罗马,entity,units/places/rome,resolved_entity
ref-0908a6aad7727fe7,enr-12371,units/places/palazzo-spada,cells,1,0,罗马,entity,units/places/rome,resolved_entity
ref-fafc678454300520,enr-12373,units/places/palazzo-spada,value,,0,斯帕达美术馆,entity,units/institutions/galleria-spada,resolved_entity
ref-56e163b815dfc641,enr-12373,units/places/palazzo-spada,cells,1,0,斯帕达美术馆,entity,units/institutions/galleria-spada,resolved_entity
ref-ebebf4293e31e351,enr-12374,units/places/palazzo-spada,value,,0,马萨涅洛起义,entity,units/works/michelangelo-cerquozzi-the-revolt-of-masaniello,resolved_entity
ref-c5842df6e3979b61,enr-12374,units/places/palazzo-spada,cells,1,0,马萨涅洛起义,entity,units/works/michelangelo-cerquozzi-the-revolt-of-masaniello,resolved_entity
ref-ca3cc27f48d5f368,enr-12377,units/places/palazzo-venezia,value,,0,罗马（Rome）,entity,units/places/rome,resolved_entity
ref-c89157e21cac752a,enr-12377,units/places/palazzo-venezia,cells,1,0,罗马（Rome）,entity,units/places/rome,resolved_entity
ref-a875470726b0e8f7,enr-12378,units/places/palazzo-venezia,value,,0,威尼斯共和国,entity,units/institutions/republic-of-venice,resolved_entity
ref-e1736b5476274064,enr-12378,units/places/palazzo-venezia,cells,1,0,威尼斯共和国,entity,units/institutions/republic-of-venice,resolved_entity
ref-e66ca0f778994f7c,enr-12379,units/places/palazzo-venezia,value,,0,巴托尼《威尼斯的胜利》,entity,units/works/pompeo-batoni-the-triumph-of-venice,resolved_entity
ref-d05c830f35692058,enr-12379,units/places/palazzo-venezia,cells,1,0,巴托尼《威尼斯的胜利》,entity,units/works/pompeo-batoni-the-triumph-of-venice,resolved_entity
ref-bbbfcc0df2084bf7,enr-05564,units/places/paris,value,,0,安东尼与克娄巴特拉宴会：科涅克—杰藏本,entity,units/works/tiepolo-banquet-cognacq-jay,resolved_entity
ref-fe7463c43d1f6554,enr-05564,units/places/paris,cells,1,0,安东尼与克娄巴特拉宴会：科涅克—杰藏本,entity,units/works/tiepolo-banquet-cognacq-jay,resolved_entity
ref-c9aa58da7ceec3d7,enr-12402,units/places/parma,evidence,,0,科雷乔,entity,units/persons/correggio,resolved_entity
ref-e83bbf0302b25ed9,enr-12402,units/places/parma,cells,2,0,科雷乔,entity,units/persons/correggio,resolved_entity
ref-f2cfb0e3102d659a,enr-05596,units/places/pisa,value,,0,阿尔加罗蒂墓前悼念者,entity,units/works/g-volpato-mourners-at-tomb-of-francesco-algarotti-in-pisa,resolved_entity
ref-c91ee0bf38d25903,enr-05596,units/places/pisa,cells,1,0,阿尔加罗蒂墓前悼念者,entity,units/works/g-volpato-mourners-at-tomb-of-francesco-algarotti-in-pisa,resolved_entity
ref-bfad08acce24f68c,enr-12422,units/places/pistoia,value,,0,多梅尼科·马里亚·维亚尼,entity,units/persons/domenico-maria-viani,resolved_entity
ref-3aa0144fffe8c2d4,enr-12422,units/places/pistoia,cells,1,0,多梅尼科·马里亚·维亚尼,entity,units/persons/domenico-maria-viani,resolved_entity
ref-71c2e1d5ab53e93f,enr-12426,units/places/pittsburgh,value,,0,匹兹堡大学,entity,units/institutions/university-of-pittsburgh,resolved_entity
ref-c07f3d7bee077e53,enr-12426,units/places/pittsburgh,cells,1,0,匹兹堡大学,entity,units/institutions/university-of-pittsburgh,resolved_entity
ref-c2f1a83c065c35dd,enr-05607,units/places/poggio-a-caiano,value,,0,波焦阿卡亚诺集市局部,entity,units/works/g-m-crespi-detail-from-fair-at-poggio-a-caiano,resolved_entity
ref-31998f26db6f7875,enr-05607,units/places/poggio-a-caiano,cells,1,0,波焦阿卡亚诺集市局部,entity,units/works/g-m-crespi-detail-from-fair-at-poggio-a-caiano,resolved_entity
ref-806d22e199f16c48,enr-05611,units/places/pra-della-valle,value,,0,帕多瓦Prà广场,entity,units/works/canaletto-pra-della-valle-padua,resolved_entity
ref-6c0031b7817d390b,enr-05611,units/places/pra-della-valle,cells,1,0,帕多瓦Prà广场,entity,units/works/canaletto-pra-della-valle-padua,resolved_entity
ref-e9536329936856d9,enr-05613,units/places/pra-della-valle,value,,0,Prà广场整治原始方案,entity,units/works/domenico-cerato-original-proposals-for-reclaiming-pra-della-valle,resolved_entity
ref-075b4e5292c99e12,enr-05613,units/places/pra-della-valle,cells,1,0,Prà广场整治原始方案,entity,units/works/domenico-cerato-original-proposals-for-reclaiming-pra-della-valle,resolved_entity
ref-1a89caf60c94263f,enr-12429,units/places/princeton-new-jersey,value,,0,普林斯顿大学,entity,units/institutions/princeton-university,resolved_entity
ref-f7ffc57a7b0aec29,enr-12429,units/places/princeton-new-jersey,cells,1,0,普林斯顿大学,entity,units/institutions/princeton-university,resolved_entity
ref-5befbab1aabd04a5,enr-05620,units/places/raleigh,value,,0,威尼斯的胜利,entity,units/works/pompeo-batoni-the-triumph-of-venice,resolved_entity
ref-eee061c7d3c2b900,enr-05620,units/places/raleigh,cells,1,0,威尼斯的胜利,entity,units/works/pompeo-batoni-the-triumph-of-venice,resolved_entity
ref-e4e7c98f8a7c8492,enr-05624,units/places/residenz-wurzburg,value,,0,维尔茨堡宫楼梯顶画局部,entity,units/works/tiepolo-detail-from-fresco-on-ceiling-of-staircase-in-residenz,resolved_entity
ref-eef7b0cdae9b5501,enr-05624,units/places/residenz-wurzburg,cells,1,0,维尔茨堡宫楼梯顶画局部,entity,units/works/tiepolo-detail-from-fresco-on-ceiling-of-staircase-in-residenz,resolved_entity
ref-7fb218af9df513d8,enr-05642,units/places/rome,value,,0,罗马寓意,entity,units/works/valentin-allegory-of-rome,resolved_entity
ref-1370e69a0fd0f28d,enr-05642,units/places/rome,cells,1,0,罗马寓意,entity,units/works/valentin-allegory-of-rome,resolved_entity
ref-c82923240ab1132a,enr-05644,units/places/rome,value,,0,乌尔班八世肖像,entity,units/works/bernini-maffeo-barberini-as-pope-urban-viii,resolved_entity
ref-0a91d17105a1bed4,enr-05644,units/places/rome,cells,1,0,乌尔班八世肖像,entity,units/works/bernini-maffeo-barberini-as-pope-urban-viii,resolved_entity
ref-fbeb0ddb8cbfabd4,enr-05646,units/places/rome,value,,0,马尔切洛·萨凯蒂肖像,entity,units/works/pietro-da-cortona-marcello-sacchetti,resolved_entity
ref-bad6c1b6abd6b003,enr-05646,units/places/rome,cells,1,0,马尔切洛·萨凯蒂肖像,entity,units/works/pietro-da-cortona-marcello-sacchetti,resolved_entity
ref-d75f1a71d4fe49cb,enr-05649,units/places/rome,value,,0,1630年博尔盖塞别墅景观,entity,units/works/guglielmo-baur-view-of-villa-borghese-in-1630,resolved_entity
ref-d1e77add7bb99602,enr-05649,units/places/rome,cells,1,0,1630年博尔盖塞别墅景观,entity,units/works/guglielmo-baur-view-of-villa-borghese-in-1630,resolved_entity
ref-0b053126fe9b3bad,enr-05651,units/places/rome,value,,0,狄安娜狩猎,entity,units/works/domenichino-hunt-of-diana,resolved_entity
ref-daeeff96bb06dd28,enr-05651,units/places/rome,cells,1,0,狄安娜狩猎,entity,units/works/domenichino-hunt-of-diana,resolved_entity
ref-c9f28c0c721e1e5d,enr-05653,units/places/rome,value,,0,谷地圣安德烈堂巴贝里尼礼拜堂,entity,units/places/barberini-chapel-sant-andrea-valle,resolved_entity
ref-9c56030872672eb2,enr-05653,units/places/rome,cells,1,0,谷地圣安德烈堂巴贝里尼礼拜堂,entity,units/places/barberini-chapel-sant-andrea-valle,resolved_entity
ref-2f263818d7b7dcb1,enr-05655,units/places/rome,value,,0,《巴贝里尼宫》卷首图,entity,units/works/guido-abbatini-frontispiece-of-aedes-barberinae-ad-quirinalem,resolved_entity
ref-4d1260db4c0c69da,enr-05655,units/places/rome,cells,1,0,《巴贝里尼宫》卷首图,entity,units/works/guido-abbatini-frontispiece-of-aedes-barberinae-ad-quirinalem,resolved_entity
ref-13984ce041bf9eed,enr-05657,units/places/rome,value,,0,劫夺萨宾妇女,entity,units/works/pietro-da-cortona-rape-of-the-sabines,resolved_entity
ref-b37aaa5b30123b18,enr-05657,units/places/rome,cells,1,0,劫夺萨宾妇女,entity,units/works/pietro-da-cortona-rape-of-the-sabines,resolved_entity
ref-9436c5983ea61a5a,enr-05659,units/places/rome,value,,0,劫夺海伦,entity,units/works/pietro-da-cortona-rape-of-helen,resolved_entity
ref-44a5593b9e93bcd1,enr-05659,units/places/rome,cells,1,0,劫夺海伦,entity,units/works/pietro-da-cortona-rape-of-helen,resolved_entity
ref-92053e6c30d8bc8a,enr-05661,units/places/rome,value,,0,以扫与雅各相会,entity,units/works/gio-maria-bottalla-meeting-of-esau-and-jacob,resolved_entity
ref-f1a9aaf6301240d8,enr-05661,units/places/rome,cells,1,0,以扫与雅各相会,entity,units/works/gio-maria-bottalla-meeting-of-esau-and-jacob,resolved_entity
ref-324aed970ca8565f,enr-05663,units/places/rome,value,,0,约瑟被兄弟出卖,entity,units/works/pietro-testa-joseph-sold-by-his-brothers,resolved_entity
ref-21497dbc1464138d,enr-05663,units/places/rome,cells,1,0,约瑟被兄弟出卖,entity,units/works/pietro-testa-joseph-sold-by-his-brothers,resolved_entity
ref-da970d623d91d7f6,enr-05665,units/places/rome,value,,0,神圣智慧寓意,entity,units/works/andrea-sacchi-allegory-of-divine-wisdom,resolved_entity
ref-98dcf27b1556c35d,enr-05665,units/places/rome,cells,1,0,神圣智慧寓意,entity,units/works/andrea-sacchi-allegory-of-divine-wisdom,resolved_entity
ref-1fb4a294b0a8f274,enr-05667,units/places/rome,value,,0,乌尔班八世统治的荣耀,entity,units/works/pietro-da-cortona-glorification-of-the-reign-of-urban-viii,resolved_entity
ref-fffaf2e8159da64e,enr-05667,units/places/rome,cells,1,0,乌尔班八世统治的荣耀,entity,units/works/pietro-da-cortona-glorification-of-the-reign-of-urban-viii,resolved_entity
ref-543c19fbc2d9b5a4,enr-05669,units/places/rome,value,,0,耶稣圣名的胜利,entity,units/works/gaulli-triumph-name-jesus,resolved_entity
ref-551331d53c802644,enr-05669,units/places/rome,cells,1,0,耶稣圣名的胜利,entity,units/works/gaulli-triumph-name-jesus,resolved_entity
ref-ab3c478d756e2471,enr-05671,units/places/rome,value,,0,圣依纳爵堂拱顶壁画模型,entity,units/works/andrea-pozzo-modello-for-fresco-on-vault-of-s-ignazio,resolved_entity
ref-8998f9104d78c9ae,enr-05671,units/places/rome,cells,1,0,圣依纳爵堂拱顶壁画模型,entity,units/works/andrea-pozzo-modello-for-fresco-on-vault-of-s-ignazio,resolved_entity
ref-8af4b58d579ef6e2,enr-05673,units/places/rome,value,,0,奎里纳尔圣安德烈堂内部,entity,units/places/interior-sant-andrea-quirinale,resolved_entity
ref-dc6261583ef1e829,enr-05673,units/places/rome,cells,1,0,奎里纳尔圣安德烈堂内部,entity,units/places/interior-sant-andrea-quirinale,resolved_entity
ref-8b9d0c4ca6e0bef3,enr-05675,units/places/rome,value,,0,玫瑰圣母与道明、加大利纳,entity,units/works/sassoferrato-madonna-of-the-rosary-with-saints-dominic-and-catherine,resolved_entity
ref-1f34891a2469e76f,enr-05675,units/places/rome,cells,1,0,玫瑰圣母与道明、加大利纳,entity,units/works/sassoferrato-madonna-of-the-rosary-with-saints-dominic-and-catherine,resolved_entity
ref-bc454d0ef5fb0847,enr-05677,units/places/rome,value,,0,圣母子,entity,units/works/sassoferrato-madonna-and-child,resolved_entity
ref-0cbe68a14433ea6a,enr-05677,units/places/rome,cells,1,0,圣母子,entity,units/works/sassoferrato-madonna-and-child,resolved_entity
ref-643c5a13f9e36cb3,enr-05679,units/places/rome,value,,0,马萨涅洛起义,entity,units/works/michelangelo-cerquozzi-the-revolt-of-masaniello,resolved_entity
ref-a4825aa7388d1057,enr-05679,units/places/rome,cells,1,0,马萨涅洛起义,entity,units/works/michelangelo-cerquozzi-the-revolt-of-masaniello,resolved_entity
ref-c0e9c8e5d5886257,enr-05681,units/places/rome,value,,0,女浴,entity,units/works/michelangelo-cerquozzi-women-s-bath,resolved_entity
ref-91e9edc1ec0fbdf2,enr-05681,units/places/rome,cells,1,0,女浴,entity,units/works/michelangelo-cerquozzi-women-s-bath,resolved_entity
ref-567a8149a3f14762,enr-05685,units/places/rotterdam,value,,0,卡西亚诺·达尔·波佐漫画,entity,units/works/bernini-caricature-of-cassiano-dal-pozzo,resolved_entity
ref-80d3705c71186ca2,enr-05685,units/places/rotterdam,cells,1,0,卡西亚诺·达尔·波佐漫画,entity,units/works/bernini-caricature-of-cassiano-dal-pozzo,resolved_entity
ref-9a4cf6a4e5087101,enr-12450,units/places/rovereto,value,,0,阿贾蒂学会,entity,units/institutions/accademia-degli-agiati,resolved_entity
ref-5e575b0c5130b91f,enr-12450,units/places/rovereto,cells,1,0,阿贾蒂学会,entity,units/institutions/accademia-degli-agiati,resolved_entity
ref-b82ba2ded5c566da,enr-05692,units/places/s-andrea-al-quirinale,value,,0,奎里纳尔圣安德烈堂内部,entity,units/places/interior-sant-andrea-quirinale,resolved_entity
ref-e02750b7fbc7b055,enr-05692,units/places/s-andrea-al-quirinale,cells,1,0,奎里纳尔圣安德烈堂内部,entity,units/places/interior-sant-andrea-quirinale,resolved_entity
ref-8403ce9e3cd8c113,enr-05696,units/places/s-ignazio,value,,0,圣依纳爵堂拱顶壁画模型,entity,units/works/andrea-pozzo-modello-for-fresco-on-vault-of-s-ignazio,resolved_entity
ref-f0e2c2785970b10d,enr-05696,units/places/s-ignazio,cells,1,0,圣依纳爵堂拱顶壁画模型,entity,units/works/andrea-pozzo-modello-for-fresco-on-vault-of-s-ignazio,resolved_entity
ref-969123086477d968,enr-05700,units/places/s-maria-del-giglio,value,,0,百合圣母堂立面,entity,units/works/facade-of-s-maria-del-giglio,resolved_entity
ref-2904f387a0ba0f8d,enr-05700,units/places/s-maria-del-giglio,cells,1,0,百合圣母堂立面,entity,units/works/facade-of-s-maria-del-giglio,resolved_entity
ref-cca12895870c1b09,enr-05705,units/places/s-sabina,value,,0,玫瑰圣母与道明、加大利纳,entity,units/works/sassoferrato-madonna-of-the-rosary-with-saints-dominic-and-catherine,resolved_entity
ref-711b5afeb465f78d,enr-05705,units/places/s-sabina,cells,1,0,玫瑰圣母与道明、加大利纳,entity,units/works/sassoferrato-madonna-of-the-rosary-with-saints-dominic-and-catherine,resolved_entity
ref-d35c198296fdfc60,enr-12453,units/places/s-sabina,value,,0,罗马,entity,units/places/rome,resolved_entity
ref-b2de5088cc6b75ba,enr-12453,units/places/s-sabina,cells,1,0,罗马,entity,units/places/rome,resolved_entity
ref-4ad128393f9d4064,enr-12455,units/places/s-sabina,value,,0,埃尔奇小堂,entity,units/places/cappella-delci-santa-sabina,resolved_entity
ref-6f993f70926f4f88,enr-12455,units/places/s-sabina,cells,1,0,埃尔奇小堂,entity,units/places/cappella-delci-santa-sabina,resolved_entity
ref-83035173d3c8d01b,enr-12458,units/places/saint-martin-de-re,value,,0,泰奥多尔—埃内斯特·科涅克,entity,units/persons/ernest-cognacq,resolved_entity
ref-5e27c15886a47e2c,enr-12458,units/places/saint-martin-de-re,cells,1,0,泰奥多尔—埃内斯特·科涅克,entity,units/persons/ernest-cognacq,resolved_entity
ref-338b8dbc694481a9,enr-12459,units/places/san-clemente-rome,value,,0,圣克莱孟一世（Clement I）,entity,units/persons/clement-i,resolved_entity
ref-aa255dcc710e1ab2,enr-12459,units/places/san-clemente-rome,cells,1,0,圣克莱孟一世（Clement I）,entity,units/persons/clement-i,resolved_entity
ref-ecf50937168117ea,enr-05748,units/places/sant-andrea-della-valle,value,,0,谷地圣安德烈堂巴贝里尼礼拜堂,entity,units/places/barberini-chapel-sant-andrea-valle,resolved_entity
ref-98401972d6fccb86,enr-05748,units/places/sant-andrea-della-valle,cells,1,0,谷地圣安德烈堂巴贝里尼礼拜堂,entity,units/places/barberini-chapel-sant-andrea-valle,resolved_entity
ref-c32fcd4c58a52d94,enr-05792,units/places/sassoferrato,value,,0,乔万尼·巴蒂斯塔·萨尔维,entity,units/persons/sassoferrato,resolved_entity
ref-4f3544fbf76deda5,enr-05792,units/places/sassoferrato,cells,1,0,乔万尼·巴蒂斯塔·萨尔维,entity,units/persons/sassoferrato,resolved_entity
ref-ccbdb628494328e4,enr-05795,units/places/savona,value,,0,乔万尼·马里亚·博塔拉,entity,units/persons/gio-maria-bottalla,resolved_entity
ref-e276b69018878fc5,enr-05795,units/places/savona,cells,1,0,乔万尼·马里亚·博塔拉,entity,units/persons/gio-maria-bottalla,resolved_entity
ref-f03041069a39e88d,enr-12553,units/places/schloss-wilhelmshoehe,value,,0,卡塞尔,entity,units/places/kassel,resolved_entity
ref-53933c39be63cce7,enr-12553,units/places/schloss-wilhelmshoehe,cells,1,0,卡塞尔,entity,units/places/kassel,resolved_entity
ref-d3717d51e80dfc99,enr-12555,units/places/schloss-wilhelmshoehe,value,,0,威廉高地宫博物馆,entity,units/institutions/museum-schloss-wilhelmshoehe,resolved_entity
ref-8326655ee8f6e674,enr-12555,units/places/schloss-wilhelmshoehe,cells,1,0,威廉高地宫博物馆,entity,units/institutions/museum-schloss-wilhelmshoehe,resolved_entity
ref-c38574ae974a9e07,enr-05814,units/places/st-asaph,value,,0,歌剧排练,entity,units/works/marco-ricci-an-operatic-rehearsal,resolved_entity
ref-4d8bd5b3fe9de1ea,enr-05814,units/places/st-asaph,cells,1,0,歌剧排练,entity,units/works/marco-ricci-an-operatic-rehearsal,resolved_entity
ref-409eca20b1b482d5,enr-12575,units/places/st-peters-basilica,value,,0,米开朗琪罗,entity,units/persons/michelangelo,resolved_entity
ref-3cafd7c556b8870f,enr-12575,units/places/st-peters-basilica,cells,1,0,米开朗琪罗,entity,units/persons/michelangelo,resolved_entity
ref-5313228291929fa2,enr-12583,units/places/st-peters-basilica,value,,0,贝尔尼尼,entity,units/persons/gian-lorenzo-bernini,resolved_entity
ref-b65d1474fec3d94b,enr-12583,units/places/st-peters-basilica,cells,1,0,贝尔尼尼,entity,units/persons/gian-lorenzo-bernini,resolved_entity
ref-6c05db216a29261b,enr-05839,units/places/stockholm,value,,0,莫拉为亚历山大七世作像,entity,units/works/agostino-masucci-mola-painting-the-portrait-of-pope-alexander-vii,resolved_entity
ref-f9c47b7df7ee8a3e,enr-05839,units/places/stockholm,cells,1,0,莫拉为亚历山大七世作像,entity,units/works/agostino-masucci-mola-painting-the-portrait-of-pope-alexander-vii,resolved_entity
ref-b15017af7962b948,enr-05843,units/places/stra,value,,0,皮萨尼家族的荣耀,entity,units/works/tiepolo-glorification-of-the-pisani-family,resolved_entity
ref-fbe83d1c2da13f77,enr-05843,units/places/stra,cells,1,0,皮萨尼家族的荣耀,entity,units/works/tiepolo-glorification-of-the-pisani-family,resolved_entity
ref-2776e3f87df47b53,enr-05847,units/places/stuttgart,value,,0,库柏勒将朱庇特交给科律班忒斯哺育,entity,units/works/g-m-crespi-jupiter-handed-over-by-cybele-to-the-corybantes-to-be-fed,resolved_entity
ref-5ae2010fa28a612d,enr-05847,units/places/stuttgart,cells,1,0,库柏勒将朱庇特交给科律班忒斯哺育,entity,units/works/g-m-crespi-jupiter-handed-over-by-cybele-to-the-corybantes-to-be-fed,resolved_entity
ref-3698c56674a135ba,enr-05851,units/places/temple-newsam,value,,0,赫拉克勒斯的选择,entity,units/works/paolo-de-matteis-the-choice-of-hercules,resolved_entity
ref-ca6ae5408aea2630,enr-05851,units/places/temple-newsam,cells,1,0,赫拉克勒斯的选择,entity,units/works/paolo-de-matteis-the-choice-of-hercules,resolved_entity
ref-944e7dd0b7adf4f3,enr-12593,units/places/theater-auf-der-cortina,value,,0,维也纳,entity,units/places/vienna,resolved_entity
ref-bc75c0f25a04f9ae,enr-12593,units/places/theater-auf-der-cortina,cells,1,0,维也纳,entity,units/places/vienna,resolved_entity
ref-ae45095f374b7f5a,enr-12594,units/places/theater-auf-der-cortina,value,,0,拉丁君权凯旋,entity,units/works/la-monarchia-latina-trionfante,resolved_entity
ref-90930254c5421d6b,enr-12594,units/places/theater-auf-der-cortina,cells,1,0,拉丁君权凯旋,entity,units/works/la-monarchia-latina-trionfante,resolved_entity
ref-10ad9a0427dc635f,enr-05859,units/places/treviso,value,,0,约翰·斯特兰奇别墅景观,entity,units/works/francesco-guardi-view-of-john-strange-s-villa-at-paese-near-treviso,resolved_entity
ref-84cf185316ebaa1b,enr-05859,units/places/treviso,cells,1,0,约翰·斯特兰奇别墅景观,entity,units/works/francesco-guardi-view-of-john-strange-s-villa-at-paese-near-treviso,resolved_entity
ref-23c2bf821ec4358d,enr-05863,units/places/tribuna-uffizi,value,,0,佛罗伦萨,entity,units/places/florence,resolved_entity
ref-28e51b4dec0442b1,enr-05863,units/places/tribuna-uffizi,cells,1,0,佛罗伦萨,entity,units/places/florence,resolved_entity
ref-96b69b13c7919c09,enr-05864,units/places/tribuna-uffizi,value,,0,圭多·本蒂沃利奥枢机肖像,entity,units/works/van-dyck-cardinal-bentivoglio,resolved_entity
ref-86c747ec33aca068,enr-05864,units/places/tribuna-uffizi,cells,1,0,圭多·本蒂沃利奥枢机肖像,entity,units/works/van-dyck-cardinal-bentivoglio,resolved_entity
ref-51728cfb0bff87e6,enr-12625,units/places/venice,value,,0,1627 年《L’Hoggidi》卡,entity,units/archives/lhoggidi-1627,resolved_entity
ref-fe7e4427c089f787,enr-12625,units/places/venice,cells,1,0,1627 年《L’Hoggidi》卡,entity,units/archives/lhoggidi-1627,resolved_entity
ref-48e8653acb23b08f,enr-12629,units/places/venice,value,,0,罗马,entity,units/places/rome,resolved_entity
ref-1c66faa27cb64574,enr-12629,units/places/venice,cells,1,0,罗马,entity,units/places/rome,resolved_entity
ref-df05774902a1eea5,enr-05897,units/places/venice,value,,0,百合圣母堂立面,entity,units/works/facade-of-s-maria-del-giglio,resolved_entity
ref-106a301263777efc,enr-05897,units/places/venice,cells,1,0,百合圣母堂立面,entity,units/works/facade-of-s-maria-del-giglio,resolved_entity
ref-f018b3c4ce38f0cb,enr-05899,units/places/venice,value,,0,乔瓦尼·佩萨罗总督纪念碑,entity,units/works/monument-to-doge-giovanni-pesaro,resolved_entity
ref-0a9ad4ea55942868,enr-05899,units/places/venice,cells,1,0,乔瓦尼·佩萨罗总督纪念碑,entity,units/works/monument-to-doge-giovanni-pesaro,resolved_entity
ref-b2ce0de46f56d384,enr-05901,units/places/venice,value,,0,海神向威尼斯致敬,entity,units/works/tiepolo-neptune-paying-homage-to-venice,resolved_entity
ref-2b1ff5330714d541,enr-05901,units/places/venice,cells,1,0,海神向威尼斯致敬,entity,units/works/tiepolo-neptune-paying-homage-to-venice,resolved_entity
ref-d2332b2fe2f5a412,enr-05903,units/places/venice,value,,0,威尼斯寓意,entity,units/works/niccolo-bambini-allegory-of-venice,resolved_entity
ref-1f16d39602d9fda6,enr-05903,units/places/venice,cells,1,0,威尼斯寓意,entity,units/works/niccolo-bambini-allegory-of-venice,resolved_entity
ref-b54119d3c3be808b,enr-05905,units/places/venice,value,,0,雷佐尼科家族婚姻寓意,entity,units/works/tiepolo-marriage-allegory-of-the-rezzonico-family,resolved_entity
ref-73818d3f16116541,enr-05905,units/places/venice,cells,1,0,雷佐尼科家族婚姻寓意,entity,units/works/tiepolo-marriage-allegory-of-the-rezzonico-family,resolved_entity
ref-8c2a5413acbe3ec4,enr-05907,units/places/venice,value,,0,扎卡里亚·萨格雷多肖像,entity,units/works/gian-antonio-faldoni-zaccaria-sagredo,resolved_entity
ref-508a3082270283e6,enr-05907,units/places/venice,cells,1,0,扎卡里亚·萨格雷多肖像,entity,units/works/gian-antonio-faldoni-zaccaria-sagredo,resolved_entity
ref-6aa09b6aa16a51b3,enr-05909,units/places/venice,value,,0,卡洛·洛多利肖像,entity,units/works/alessandro-longhi-carlo-lodoli,resolved_entity
ref-8128833387563430,enr-05909,units/places/venice,cells,1,0,卡洛·洛多利肖像,entity,units/works/alessandro-longhi-carlo-lodoli,resolved_entity
ref-43297bec29a86e82,enr-05911,units/places/venice,value,,0,弗朗切斯科·阿尔加罗蒂肖像,entity,units/works/francesco-algarotti,resolved_entity
ref-04e6c1fbab29df1a,enr-05911,units/places/venice,cells,1,0,弗朗切斯科·阿尔加罗蒂肖像,entity,units/works/francesco-algarotti,resolved_entity
ref-a4c823817860c50d,enr-05913,units/places/venice,value,,0,圣洛克堂画展,entity,units/works/marieschi-picture-exhibition-at-church-of-s-rocco,resolved_entity
ref-1d248cc9ab3c148c,enr-05913,units/places/venice,cells,1,0,圣洛克堂画展,entity,units/works/marieschi-picture-exhibition-at-church-of-s-rocco,resolved_entity
ref-166ced648a89ae1d,enr-05915,units/places/venice,value,,0,老扎内蒂与杰里尼侯爵,entity,units/works/giuseppe-zocchi-a-m-zanetti-the-elder-with-marchese-gerini,resolved_entity
ref-e79a47f040c9471d,enr-05915,units/places/venice,cells,1,0,老扎内蒂与杰里尼侯爵,entity,units/works/giuseppe-zocchi-a-m-zanetti-the-elder-with-marchese-gerini,resolved_entity
ref-9c4b12ddfe5f37b7,enr-05917,units/places/venice,value,,0,G. M. 萨索肖像,entity,units/works/alessandro-longhi-g-m-sasso,resolved_entity
ref-edcbcee826fc56f6,enr-05917,units/places/venice,cells,1,0,G. M. 萨索肖像,entity,units/works/alessandro-longhi-g-m-sasso,resolved_entity
ref-b095587029128ae9,enr-05919,units/places/venice,value,,0,阿马德奥·斯瓦耶尔肖像,entity,units/works/canova-amadeo-swajer,resolved_entity
ref-1f9b82cadacf2d54,enr-05919,units/places/venice,cells,1,0,阿马德奥·斯瓦耶尔肖像,entity,units/works/canova-amadeo-swajer,resolved_entity
ref-6f66f99e5c5587fe,enr-05921,units/places/venice,value,,0,泰奥多罗·科雷尔肖像,entity,units/works/bernardino-castelli-teodoro-correr,resolved_entity
ref-e437138790f0d15a,enr-05921,units/places/venice,cells,1,0,泰奥多罗·科雷尔肖像,entity,units/works/bernardino-castelli-teodoro-correr,resolved_entity
ref-f35a2961e6abcdd5,enr-05925,units/places/versailles,value,,0,路易十四肖像,entity,units/works/bernini-louis-xiv,resolved_entity
ref-356205e0c14b9017,enr-05925,units/places/versailles,cells,1,0,路易十四肖像,entity,units/works/bernini-louis-xiv,resolved_entity
ref-92db277941646e39,enr-05927,units/places/versailles,value,,0,声名携路易十四之名入不朽殿堂,entity,units/works/baldassare-franceschini-fame-carrying-the-name-of-louis-xiv-to-the-temple-of-immortality,resolved_entity
ref-757bf80d95cf5fec,enr-05927,units/places/versailles,cells,1,0,声名携路易十四之名入不朽殿堂,entity,units/works/baldassare-franceschini-fame-carrying-the-name-of-louis-xiv-to-the-temple-of-immortality,resolved_entity
ref-12e8d21c3d19fac2,enr-05934,units/places/vienna,value,,0,克娄巴特拉之死,entity,units/works/guido-cagnacci-death-of-cleopatra,resolved_entity
ref-35242e8c4f5b3d14,enr-05934,units/places/vienna,cells,1,0,克娄巴特拉之死,entity,units/works/guido-cagnacci-death-of-cleopatra,resolved_entity
ref-d012d54c3bb665b7,enr-05936,units/places/vienna,value,,0,歌剧《拉丁君权凯旋》的极乐世界,entity,units/works/burnacini-the-elysian-fields,resolved_entity
ref-c5b59c2798e265f5,enr-05936,units/places/vienna,cells,1,0,歌剧《拉丁君权凯旋》的极乐世界,entity,units/works/burnacini-the-elysian-fields,resolved_entity
ref-ea09412788799c41,enr-05940,units/places/villa-borghese,value,,0,马尔切洛·萨凯蒂肖像,entity,units/works/pietro-da-cortona-marcello-sacchetti,resolved_entity
ref-c1e7b4fb67731e44,enr-05940,units/places/villa-borghese,cells,1,0,马尔切洛·萨凯蒂肖像,entity,units/works/pietro-da-cortona-marcello-sacchetti,resolved_entity
ref-c0b6b5fc85ff831c,enr-05944,units/places/villa-borghese,value,,0,1630年博尔盖塞别墅景观,entity,units/works/guglielmo-baur-view-of-villa-borghese-in-1630,resolved_entity
ref-e8f6c1593a4e1077,enr-05944,units/places/villa-borghese,cells,1,0,1630年博尔盖塞别墅景观,entity,units/works/guglielmo-baur-view-of-villa-borghese-in-1630,resolved_entity
ref-efaac69fc47c4391,enr-05945,units/places/villa-borghese,value,,0,1630年博尔盖塞别墅景观,entity,units/works/guglielmo-baur-view-of-villa-borghese-in-1630,resolved_entity
ref-10669c974a98f007,enr-05945,units/places/villa-borghese,cells,1,0,1630年博尔盖塞别墅景观,entity,units/works/guglielmo-baur-view-of-villa-borghese-in-1630,resolved_entity
ref-29e80c4a6540baad,enr-05947,units/places/villa-borghese,value,,0,狄安娜狩猎,entity,units/works/domenichino-hunt-of-diana,resolved_entity
ref-69edb599bf49465e,enr-05947,units/places/villa-borghese,cells,1,0,狄安娜狩猎,entity,units/works/domenichino-hunt-of-diana,resolved_entity
ref-707ea70522b0f1ad,enr-12639,units/places/villa-lante-rome,value,,0,罗马,entity,units/places/rome,resolved_entity
ref-4f3d35b91c0a507c,enr-12639,units/places/villa-lante-rome,cells,1,0,罗马,entity,units/places/rome,resolved_entity
ref-8d4b31f98c4e3e9b,enr-12641,units/places/villa-lante-rome,value,,0,罗马芬兰研究所,entity,units/institutions/finnish-institute,resolved_entity
ref-8dfee7d4e9e9789d,enr-12641,units/places/villa-lante-rome,cells,1,0,罗马芬兰研究所,entity,units/institutions/finnish-institute,resolved_entity
ref-2d0bff3fc4ec9a8c,enr-12643,units/places/villa-loredan-paese,value,,0,Paese,entity,units/places/paese,resolved_entity
ref-d1a70fb3b5f7c633,enr-12643,units/places/villa-loredan-paese,cells,1,0,Paese,entity,units/places/paese,resolved_entity
ref-ff7af550483ffb8e,enr-12644,units/places/villa-loredan-paese,value,,0,John Strange,entity,units/persons/john-strange,resolved_entity
ref-80f389159958bcf7,enr-12644,units/places/villa-loredan-paese,cells,1,0,John Strange,entity,units/persons/john-strange,resolved_entity
ref-d7b1d2b4cd05b4a9,enr-05959,units/places/villa-loredan-paese,value,,0,约翰·斯特兰奇别墅景观,entity,units/works/francesco-guardi-view-of-john-strange-s-villa-at-paese-near-treviso,resolved_entity
ref-312ff685c251b6f8,enr-05959,units/places/villa-loredan-paese,cells,1,0,约翰·斯特兰奇别墅景观,entity,units/works/francesco-guardi-view-of-john-strange-s-villa-at-paese-near-treviso,resolved_entity
ref-3309c3b74679508d,enr-05963,units/places/villa-pisani,value,,0,皮萨尼家族的荣耀,entity,units/works/tiepolo-glorification-of-the-pisani-family,resolved_entity
ref-f247a722d7a7a10d,enr-05963,units/places/villa-pisani,cells,1,0,皮萨尼家族的荣耀,entity,units/works/tiepolo-glorification-of-the-pisani-family,resolved_entity
ref-11f8b4344c35b45a,enr-05967,units/places/wurzburg,value,,0,维尔茨堡宫楼梯顶画局部,entity,units/works/tiepolo-detail-from-fresco-on-ceiling-of-staircase-in-residenz,resolved_entity
ref-0d9d424448ee0a1c,enr-05967,units/places/wurzburg,cells,1,0,维尔茨堡宫楼梯顶画局部,entity,units/works/tiepolo-detail-from-fresco-on-ceiling-of-staircase-in-residenz,resolved_entity
ref-ba31791afa13c49a,enr-12758,units/terms/nepotism,value,,0,蒙塔尔托枢机,entity,units/persons/alessandro-peretti-montalto,resolved_entity
ref-c02cdb341c29ab58,enr-12758,units/terms/nepotism,cells,1,0,蒙塔尔托枢机,entity,units/persons/alessandro-peretti-montalto,resolved_entity
ref-a5b125de999ec7aa,enr-06199,units/works/a-d-gabbiani-a-group-of-musicians,value,,0,安东·多梅尼科·加比亚尼,entity,units/persons/a-d-gabbiani,resolved_entity
ref-40ec6c52f27c7fe9,enr-06199,units/works/a-d-gabbiani-a-group-of-musicians,cells,1,0,安东·多梅尼科·加比亚尼,entity,units/persons/a-d-gabbiani,resolved_entity
ref-c7f105ae22c6ec73,enr-06200,units/works/a-d-gabbiani-a-group-of-musicians,value,,0,皮蒂宫,entity,units/places/palazzo-pitti,resolved_entity
ref-20defeba54a9dc92,enr-06200,units/works/a-d-gabbiani-a-group-of-musicians,cells,1,0,皮蒂宫,entity,units/places/palazzo-pitti,resolved_entity
ref-d710ddc4a1980fbe,enr-06201,units/works/a-d-gabbiani-a-group-of-musicians,value,,0,佛罗伦萨,entity,units/places/florence,resolved_entity
ref-1bfcee0fde2805f4,enr-06201,units/works/a-d-gabbiani-a-group-of-musicians,cells,1,0,佛罗伦萨,entity,units/places/florence,resolved_entity
ref-c7a87f1ed798298e,enr-06202,units/works/a-d-gabbiani-a-group-of-musicians,value,,0,佛罗伦萨美术馆监管机构,entity,units/institutions/soprintendenza-alle-gallerie-florence,resolved_entity
ref-fdbf1dc9b0a33717,enr-06202,units/works/a-d-gabbiani-a-group-of-musicians,cells,1,0,佛罗伦萨美术馆监管机构,entity,units/institutions/soprintendenza-alle-gallerie-florence,resolved_entity
ref-045988fe71f38dad,enr-06206,units/works/agostino-masucci-mola-painting-the-portrait-of-pope-alexander-vii,value,,0,阿戈斯蒂诺·马苏奇,entity,units/persons/agostino-masucci,resolved_entity
ref-1461c77608dc3bc5,enr-06206,units/works/agostino-masucci-mola-painting-the-portrait-of-pope-alexander-vii,cells,1,0,阿戈斯蒂诺·马苏奇,entity,units/persons/agostino-masucci,resolved_entity
ref-8dc9f683d1f51b06,enr-06207,units/works/agostino-masucci-mola-painting-the-portrait-of-pope-alexander-vii,value,,0,莫拉,entity,units/persons/pier-francesco-mola,resolved_entity
ref-76568d328cbefb6a,enr-06207,units/works/agostino-masucci-mola-painting-the-portrait-of-pope-alexander-vii,cells,1,0,莫拉,entity,units/persons/pier-francesco-mola,resolved_entity
ref-0eb59be0e643406b,enr-06208,units/works/agostino-masucci-mola-painting-the-portrait-of-pope-alexander-vii,value,,0,斯德哥尔摩国家博物馆,entity,units/institutions/national-museum-stockholm,resolved_entity
ref-19f62999fa09bd0c,enr-06208,units/works/agostino-masucci-mola-painting-the-portrait-of-pope-alexander-vii,cells,1,0,斯德哥尔摩国家博物馆,entity,units/institutions/national-museum-stockholm,resolved_entity
ref-201fb2ec51e2c9fe,enr-06209,units/works/agostino-masucci-mola-painting-the-portrait-of-pope-alexander-vii,value,,0,斯德哥尔摩,entity,units/places/stockholm,resolved_entity
ref-a00a87a9c0f10cd4,enr-06209,units/works/agostino-masucci-mola-painting-the-portrait-of-pope-alexander-vii,cells,1,0,斯德哥尔摩,entity,units/places/stockholm,resolved_entity
ref-47143b36ae974fba,enr-06210,units/works/agostino-masucci-mola-painting-the-portrait-of-pope-alexander-vii,value,,0,亚历山大七世,entity,units/persons/alexander-vii,resolved_entity
ref-598ac04b858d14bd,enr-06210,units/works/agostino-masucci-mola-painting-the-portrait-of-pope-alexander-vii,cells,1,0,亚历山大七世,entity,units/persons/alexander-vii,resolved_entity
ref-de405866f129f548,enr-06226,units/works/alessandro-longhi-carlo-lodoli,value,,0,亚历山德罗·隆吉,entity,units/persons/alessandro-longhi,resolved_entity
ref-72f860bb0368b6a2,enr-06226,units/works/alessandro-longhi-carlo-lodoli,cells,1,0,亚历山德罗·隆吉,entity,units/persons/alessandro-longhi,resolved_entity
ref-a311e7d551521da7,enr-06227,units/works/alessandro-longhi-carlo-lodoli,value,,0,卡洛·洛多利,entity,units/persons/carlo-lodoli,resolved_entity
ref-0b7220555f70c302,enr-06227,units/works/alessandro-longhi-carlo-lodoli,cells,1,0,卡洛·洛多利,entity,units/persons/carlo-lodoli,resolved_entity
ref-67396bb975bde016,enr-06228,units/works/alessandro-longhi-carlo-lodoli,value,,0,科雷尔博物馆,entity,units/institutions/museo-correr,resolved_entity
ref-9418fe1f8a386c4a,enr-06228,units/works/alessandro-longhi-carlo-lodoli,cells,1,0,科雷尔博物馆,entity,units/institutions/museo-correr,resolved_entity
ref-2e4e40e2654fc2c0,enr-06229,units/works/alessandro-longhi-carlo-lodoli,value,,0,威尼斯,entity,units/places/venice,resolved_entity
ref-3253cbb99ed9609b,enr-06229,units/works/alessandro-longhi-carlo-lodoli,cells,1,0,威尼斯,entity,units/places/venice,resolved_entity
ref-e4ac1f6b7e165041,enr-06233,units/works/alessandro-longhi-g-m-sasso,value,,0,亚历山德罗·隆吉,entity,units/persons/alessandro-longhi,resolved_entity
ref-f68145d12efffdbf,enr-06233,units/works/alessandro-longhi-g-m-sasso,cells,1,0,亚历山德罗·隆吉,entity,units/persons/alessandro-longhi,resolved_entity
ref-3e3878555a59c47f,enr-06234,units/works/alessandro-longhi-g-m-sasso,value,,0,乔万尼·马里亚·萨索,entity,units/persons/g-m-sasso,resolved_entity
ref-186a4abe53c783f8,enr-06234,units/works/alessandro-longhi-g-m-sasso,cells,1,0,乔万尼·马里亚·萨索,entity,units/persons/g-m-sasso,resolved_entity
ref-36d1b9ce0b6ac67b,enr-06235,units/works/alessandro-longhi-g-m-sasso,value,,0,科雷尔博物馆,entity,units/institutions/museo-correr,resolved_entity
ref-c853b46ea7b360da,enr-06235,units/works/alessandro-longhi-g-m-sasso,cells,1,0,科雷尔博物馆,entity,units/institutions/museo-correr,resolved_entity
ref-2731513f3c42f314,enr-06236,units/works/alessandro-longhi-g-m-sasso,value,,0,威尼斯,entity,units/places/venice,resolved_entity
ref-be671ca77fa0a11d,enr-06236,units/works/alessandro-longhi-g-m-sasso,cells,1,0,威尼斯,entity,units/places/venice,resolved_entity
ref-6a06bdc42ebe7eec,enr-12813,units/works/alessandro-longhi-g-m-sasso,value,,0,乔万尼·马里亚·萨索,entity,units/persons/g-m-sasso,resolved_entity
ref-21a809aa0b92cfe0,enr-12813,units/works/alessandro-longhi-g-m-sasso,cells,1,0,乔万尼·马里亚·萨索,entity,units/persons/g-m-sasso,resolved_entity
ref-814a7e5bce284b51,enr-12815,units/works/alessandro-longhi-g-m-sasso,value,,0,科雷尔博物馆,entity,units/institutions/museo-correr,resolved_entity
ref-d1756010cc106831,enr-12815,units/works/alessandro-longhi-g-m-sasso,cells,1,0,科雷尔博物馆,entity,units/institutions/museo-correr,resolved_entity
ref-b09703e394802588,enr-06243,units/works/amigoni-jupiter-and-io,value,,0,阿米戈尼,entity,units/persons/amigoni,resolved_entity
ref-b880d819e635975b,enr-06243,units/works/amigoni-jupiter-and-io,cells,1,0,阿米戈尼,entity,units/persons/amigoni,resolved_entity
ref-cde6b83ce29c2ca8,enr-06244,units/works/amigoni-jupiter-and-io,value,,0,穆尔公园庄园,entity,units/places/moor-park,resolved_entity
ref-be8331f9333aaa69,enr-06244,units/works/amigoni-jupiter-and-io,cells,1,0,穆尔公园庄园,entity,units/places/moor-park,resolved_entity
ref-0011259d1685bd19,enr-06246,units/works/amigoni-jupiter-and-io,value,,0,皇家艺术研究院（Royal Academy of Arts）,entity,units/institutions/royal-academy,resolved_entity
ref-95ce37c0e50f8f7f,enr-06246,units/works/amigoni-jupiter-and-io,cells,1,0,皇家艺术研究院（Royal Academy of Arts）,entity,units/institutions/royal-academy,resolved_entity
ref-a61c4d07af6c779f,enr-06251,units/works/amigoni-sigismund-streit,value,,0,雅各布·阿米戈尼,entity,units/persons/amigoni,resolved_entity
ref-2a43718ae35b354b,enr-06251,units/works/amigoni-sigismund-streit,cells,1,0,雅各布·阿米戈尼,entity,units/persons/amigoni,resolved_entity
ref-a103ed8cb6a62e63,enr-06252,units/works/amigoni-sigismund-streit,value,,0,西吉斯蒙德·施特赖特,entity,units/persons/sigismund-streit,resolved_entity
ref-3278fb1a63bd70fd,enr-06252,units/works/amigoni-sigismund-streit,cells,1,0,西吉斯蒙德·施特赖特,entity,units/persons/sigismund-streit,resolved_entity
ref-27c9fe1a1d7fc8a1,enr-06253,units/works/amigoni-sigismund-streit,value,,0,灰修道院中学,entity,units/institutions/gymnasium-zu-grauen-kloster,resolved_entity
ref-cacba7ee0f819c3b,enr-06253,units/works/amigoni-sigismund-streit,cells,1,0,灰修道院中学,entity,units/institutions/gymnasium-zu-grauen-kloster,resolved_entity
ref-dae9c9869ff30f17,enr-06254,units/works/amigoni-sigismund-streit,value,,0,柏林,entity,units/places/berlin,resolved_entity
ref-3d9fdc694b323236,enr-06254,units/works/amigoni-sigismund-streit,cells,1,0,柏林,entity,units/places/berlin,resolved_entity
ref-2efca9c772de0e81,enr-12820,units/works/amigoni-sigismund-streit,value,,0,西吉斯蒙德·施特赖特,entity,units/persons/sigismund-streit,resolved_entity
ref-c2d4a64504549949,enr-12820,units/works/amigoni-sigismund-streit,cells,1,0,西吉斯蒙德·施特赖特,entity,units/persons/sigismund-streit,resolved_entity
ref-beac79b0d83372ea,enr-12823,units/works/amigoni-sigismund-streit,value,,0,灰修道院中学,entity,units/institutions/gymnasium-zu-grauen-kloster,resolved_entity
ref-6eb6755fa3e92662,enr-12823,units/works/amigoni-sigismund-streit,cells,1,0,灰修道院中学,entity,units/institutions/gymnasium-zu-grauen-kloster,resolved_entity
ref-faaddd2a67e42bb6,enr-12825,units/works/amigoni-sigismund-streit,value,,0,施特赖特基金会,entity,units/institutions/streitsche-stiftung,resolved_entity
ref-fccc518d40863ded,enr-12825,units/works/amigoni-sigismund-streit,cells,1,0,施特赖特基金会,entity,units/institutions/streitsche-stiftung,resolved_entity
ref-48983e2098f722cd,enr-12826,units/works/amigoni-sigismund-streit,value,,0,柏林绘画馆,entity,units/institutions/gemaeldegalerie-berlin,resolved_entity
ref-8c38cd0925cf0011,enr-12826,units/works/amigoni-sigismund-streit,cells,1,0,柏林绘画馆,entity,units/institutions/gemaeldegalerie-berlin,resolved_entity
ref-2ea7acbb53d25bb9,enr-06268,units/works/andrea-pozzo-modello-for-fresco-on-vault-of-s-ignazio,value,,0,安德烈亚·波佐,entity,units/persons/andrea-pozzo,resolved_entity
ref-0ad621820de9b8bb,enr-06268,units/works/andrea-pozzo-modello-for-fresco-on-vault-of-s-ignazio,cells,1,0,安德烈亚·波佐,entity,units/persons/andrea-pozzo,resolved_entity
ref-06afd37c86830e23,enr-06269,units/works/andrea-pozzo-modello-for-fresco-on-vault-of-s-ignazio,value,,0,圣依纳爵堂（罗马）,entity,units/places/s-ignazio,resolved_entity
ref-29066995c0532640,enr-06269,units/works/andrea-pozzo-modello-for-fresco-on-vault-of-s-ignazio,cells,1,0,圣依纳爵堂（罗马）,entity,units/places/s-ignazio,resolved_entity
ref-4542a4b99408648b,enr-06270,units/works/andrea-pozzo-modello-for-fresco-on-vault-of-s-ignazio,value,,0,罗马,entity,units/places/rome,resolved_entity
ref-30498482c5b96c73,enr-06270,units/works/andrea-pozzo-modello-for-fresco-on-vault-of-s-ignazio,cells,1,0,罗马,entity,units/places/rome,resolved_entity
ref-bde08a4b658a4db4,enr-06273,units/works/andrea-pozzo-modello-for-fresco-on-vault-of-s-ignazio,value,,0,国家摄影室,entity,units/institutions/gabinetto-fotografico-nazionale,resolved_entity
ref-73300272e1388c77,enr-06273,units/works/andrea-pozzo-modello-for-fresco-on-vault-of-s-ignazio,cells,1,0,国家摄影室,entity,units/institutions/gabinetto-fotografico-nazionale,resolved_entity
ref-c3ecd356436fa264,enr-06277,units/works/andrea-sacchi-allegory-of-divine-wisdom,value,,0,安德烈亚·萨基,entity,units/persons/andrea-sacchi,resolved_entity
ref-20cc6c799e4ff6b5,enr-06277,units/works/andrea-sacchi-allegory-of-divine-wisdom,cells,1,0,安德烈亚·萨基,entity,units/persons/andrea-sacchi,resolved_entity
ref-21b12ff66c06271f,enr-06278,units/works/andrea-sacchi-allegory-of-divine-wisdom,value,,0,巴贝里尼宫,entity,units/places/palazzo-barberini,resolved_entity
ref-f1aad5b4122edde5,enr-06278,units/works/andrea-sacchi-allegory-of-divine-wisdom,cells,1,0,巴贝里尼宫,entity,units/places/palazzo-barberini,resolved_entity
ref-ac1c6728f9317b0a,enr-06279,units/works/andrea-sacchi-allegory-of-divine-wisdom,value,,0,罗马,entity,units/places/rome,resolved_entity
ref-9eb159ff213cdd51,enr-06279,units/works/andrea-sacchi-allegory-of-divine-wisdom,cells,1,0,罗马,entity,units/places/rome,resolved_entity
ref-d312e3ca8c17544f,enr-06280,units/works/andrea-sacchi-allegory-of-divine-wisdom,value,,0,国家摄影室,entity,units/institutions/gabinetto-fotografico-nazionale,resolved_entity
ref-a6596d846ef6fb96,enr-06280,units/works/andrea-sacchi-allegory-of-divine-wisdom,cells,1,0,国家摄影室,entity,units/institutions/gabinetto-fotografico-nazionale,resolved_entity
ref-b96276dc6d9c03c6,enr-06284,units/works/antonio-verrio-fresco-on-staircase-of-hampton-court-palace,value,,0,安东尼奥·韦里奥,entity,units/persons/antonio-verrio,resolved_entity
ref-e9eb7fabf0706cf0,enr-06284,units/works/antonio-verrio-fresco-on-staircase-of-hampton-court-palace,cells,1,0,安东尼奥·韦里奥,entity,units/persons/antonio-verrio,resolved_entity
ref-a226d972f4c800cf,enr-06285,units/works/antonio-verrio-fresco-on-staircase-of-hampton-court-palace,value,,0,汉普顿宫,entity,units/places/hampton-court-palace,resolved_entity
ref-f798cee84cbbc897,enr-06285,units/works/antonio-verrio-fresco-on-staircase-of-hampton-court-palace,cells,1,0,汉普顿宫,entity,units/places/hampton-court-palace,resolved_entity
ref-439fb341941f40ec,enr-06287,units/works/antonio-verrio-fresco-on-staircase-of-hampton-court-palace,value,,0,英国工程部,entity,units/institutions/ministry-of-works,resolved_entity
ref-c8367f0d8f45ff1e,enr-06287,units/works/antonio-verrio-fresco-on-staircase-of-hampton-court-palace,cells,1,0,英国工程部,entity,units/institutions/ministry-of-works,resolved_entity
ref-f09a9fe705400e29,enr-06291,units/works/baldassare-franceschini-fame-carrying-the-name-of-louis-xiv-to-the-temple-of-immortality,value,,0,巴尔达萨雷·弗兰切斯基尼,entity,units/persons/baldassare-franceschini,resolved_entity
ref-facd0cd91fed9298,enr-06291,units/works/baldassare-franceschini-fame-carrying-the-name-of-louis-xiv-to-the-temple-of-immortality,cells,1,0,巴尔达萨雷·弗兰切斯基尼,entity,units/persons/baldassare-franceschini,resolved_entity
ref-3ad868951cf26186,enr-06292,units/works/baldassare-franceschini-fame-carrying-the-name-of-louis-xiv-to-the-temple-of-immortality,value,,0,路易十四,entity,units/persons/louis-xiv,resolved_entity
ref-7c4fb648e104a84c,enr-06292,units/works/baldassare-franceschini-fame-carrying-the-name-of-louis-xiv-to-the-temple-of-immortality,cells,1,0,路易十四,entity,units/persons/louis-xiv,resolved_entity
ref-632b5a419617af5c,enr-06293,units/works/baldassare-franceschini-fame-carrying-the-name-of-louis-xiv-to-the-temple-of-immortality,value,,0,凡尔赛,entity,units/places/versailles,resolved_entity
ref-4e6dcecbc6614d83,enr-06293,units/works/baldassare-franceschini-fame-carrying-the-name-of-louis-xiv-to-the-temple-of-immortality,cells,1,0,凡尔赛,entity,units/places/versailles,resolved_entity
ref-fb2b4ab6913e303a,enr-06298,units/works/baldassare-franceschini-la-burla-del-piovano-arlotto,value,,0,巴尔达萨雷·弗兰切斯基尼,entity,units/persons/baldassare-franceschini,resolved_entity
ref-998cfaaa79ebedfc,enr-06298,units/works/baldassare-franceschini-la-burla-del-piovano-arlotto,cells,1,0,巴尔达萨雷·弗兰切斯基尼,entity,units/persons/baldassare-franceschini,resolved_entity
ref-056f836d196a6799,enr-06299,units/works/baldassare-franceschini-la-burla-del-piovano-arlotto,value,,0,乌菲齐美术馆,entity,units/institutions/uffizi-gallery,resolved_entity
ref-8039ae81bf682b27,enr-06299,units/works/baldassare-franceschini-la-burla-del-piovano-arlotto,cells,1,0,乌菲齐美术馆,entity,units/institutions/uffizi-gallery,resolved_entity
ref-01600934a95057f8,enr-06300,units/works/baldassare-franceschini-la-burla-del-piovano-arlotto,value,,0,佛罗伦萨,entity,units/places/florence,resolved_entity
ref-7e6e9f5fabe33c6d,enr-06300,units/works/baldassare-franceschini-la-burla-del-piovano-arlotto,cells,1,0,佛罗伦萨,entity,units/places/florence,resolved_entity
ref-852122618374f176,enr-06312,units/works/bernardino-castelli-teodoro-correr,value,,0,贝尔纳迪诺·卡斯泰利,entity,units/persons/bernardino-castelli,resolved_entity
ref-893a68919c3720fb,enr-06312,units/works/bernardino-castelli-teodoro-correr,cells,1,0,贝尔纳迪诺·卡斯泰利,entity,units/persons/bernardino-castelli,resolved_entity
ref-555c829e513d572d,enr-06313,units/works/bernardino-castelli-teodoro-correr,value,,0,泰奥多罗·科雷尔,entity,units/persons/teodoro-correr,resolved_entity
ref-814008bd3d2e9bad,enr-06313,units/works/bernardino-castelli-teodoro-correr,cells,1,0,泰奥多罗·科雷尔,entity,units/persons/teodoro-correr,resolved_entity
ref-fec18be6b28e5e4c,enr-06314,units/works/bernardino-castelli-teodoro-correr,value,,0,科雷尔博物馆,entity,units/institutions/museo-correr,resolved_entity
ref-679edced0aef5a7f,enr-06314,units/works/bernardino-castelli-teodoro-correr,cells,1,0,科雷尔博物馆,entity,units/institutions/museo-correr,resolved_entity
ref-46a5212d31c45a9c,enr-06315,units/works/bernardino-castelli-teodoro-correr,value,,0,威尼斯,entity,units/places/venice,resolved_entity
ref-065ab8039ff34ce3,enr-06315,units/works/bernardino-castelli-teodoro-correr,cells,1,0,威尼斯,entity,units/places/venice,resolved_entity
ref-833c9bb758f6bba3,enr-12830,units/works/bernini-cardinal-borghese-head,value,,0,吉安·洛伦佐·贝尔尼尼（Gian Lorenzo Bernini）,entity,units/persons/gian-lorenzo-bernini,resolved_entity
ref-bbf6da3993e2c957,enr-12830,units/works/bernini-cardinal-borghese-head,cells,1,0,吉安·洛伦佐·贝尔尼尼（Gian Lorenzo Bernini）,entity,units/persons/gian-lorenzo-bernini,resolved_entity
ref-71f0c3c5862f4e74,enr-06320,units/works/bernini-cardinal-borghese-head,value,,0,希皮奥内·博尔盖塞（Scipione Borghese）,entity,units/persons/cardinal-borghese-ch1,resolved_entity
ref-d0401786b3365c93,enr-06320,units/works/bernini-cardinal-borghese-head,cells,1,0,希皮奥内·博尔盖塞（Scipione Borghese）,entity,units/persons/cardinal-borghese-ch1,resolved_entity
ref-b712a2a2cc5812f0,enr-12831,units/works/bernini-cardinal-borghese-head,evidence,,0,书信卡,entity,units/archives/testi-fontana-bernini-letter,resolved_entity
ref-da5ef07efb800803,enr-12831,units/works/bernini-cardinal-borghese-head,cells,2,0,书信卡,entity,units/archives/testi-fontana-bernini-letter,resolved_entity
ref-6d5ac155f52222c7,enr-06335,units/works/bernini-caricature-of-cassiano-dal-pozzo,value,,0,贝尔尼尼,entity,units/persons/gian-lorenzo-bernini,resolved_entity
ref-c59001e938d43ec8,enr-06335,units/works/bernini-caricature-of-cassiano-dal-pozzo,cells,1,0,贝尔尼尼,entity,units/persons/gian-lorenzo-bernini,resolved_entity
ref-a3609b99bf5a7bfd,enr-06336,units/works/bernini-caricature-of-cassiano-dal-pozzo,value,,0,卡西亚诺·达尔·波佐,entity,units/persons/cassiano-dal-pozzo,resolved_entity
ref-43accfde162d9495,enr-06336,units/works/bernini-caricature-of-cassiano-dal-pozzo,cells,1,0,卡西亚诺·达尔·波佐,entity,units/persons/cassiano-dal-pozzo,resolved_entity
ref-b56b32c7019521ba,enr-06337,units/works/bernini-caricature-of-cassiano-dal-pozzo,value,,0,博伊曼斯—范伯宁恩博物馆,entity,units/institutions/museum-boymansvan-beuningen,resolved_entity
ref-c2f06e5c76e2dad6,enr-06337,units/works/bernini-caricature-of-cassiano-dal-pozzo,cells,1,0,博伊曼斯—范伯宁恩博物馆,entity,units/institutions/museum-boymansvan-beuningen,resolved_entity
ref-1245c8eb7c61de2b,enr-06338,units/works/bernini-caricature-of-cassiano-dal-pozzo,value,,0,鹿特丹,entity,units/places/rotterdam,resolved_entity
ref-e476d484cafefbaf,enr-06338,units/works/bernini-caricature-of-cassiano-dal-pozzo,cells,1,0,鹿特丹,entity,units/places/rotterdam,resolved_entity
ref-3890c00ce96af6f9,enr-12853,units/works/bernini-caricature-of-cassiano-dal-pozzo,value,,0,弗朗茨·克尼希斯,entity,units/persons/franz-koenigs,resolved_entity
ref-a45b30cd960f44fa,enr-12853,units/works/bernini-caricature-of-cassiano-dal-pozzo,cells,1,0,弗朗茨·克尼希斯,entity,units/persons/franz-koenigs,resolved_entity
ref-00acdaea31db9371,enr-12854,units/works/bernini-caricature-of-cassiano-dal-pozzo,value,,0,博伊曼斯—范伯宁恩博物馆基金会,entity,units/institutions/stichting-museum-boijmans-van-beuningen,resolved_entity
ref-dc1a321f387e8916,enr-12854,units/works/bernini-caricature-of-cassiano-dal-pozzo,cells,1,0,博伊曼斯—范伯宁恩博物馆基金会,entity,units/institutions/stichting-museum-boijmans-van-beuningen,resolved_entity
ref-752960edb8b5be71,enr-06359,units/works/bernini-louis-xiv,value,,0,贝尔尼尼,entity,units/persons/gian-lorenzo-bernini,resolved_entity
ref-16afd1352ae618dc,enr-06359,units/works/bernini-louis-xiv,cells,1,0,贝尔尼尼,entity,units/persons/gian-lorenzo-bernini,resolved_entity
ref-577599235418e39c,enr-06360,units/works/bernini-louis-xiv,value,,0,路易十四,entity,units/persons/louis-xiv,resolved_entity
ref-530468198ec9b479,enr-06360,units/works/bernini-louis-xiv,cells,1,0,路易十四,entity,units/persons/louis-xiv,resolved_entity
ref-5f1475282a3ab079,enr-06361,units/works/bernini-louis-xiv,value,,0,凡尔赛,entity,units/places/versailles,resolved_entity
ref-23424c530b7954e6,enr-06361,units/works/bernini-louis-xiv,cells,1,0,凡尔赛,entity,units/places/versailles,resolved_entity
ref-622c737ed00c5e6d,enr-06362,units/works/bernini-louis-xiv,value,,0,国家博物馆摄影文献服务机构,entity,units/institutions/service-de-documentation-photographique-des-musees-nationaux,resolved_entity
ref-0a054dcc9f67140e,enr-06362,units/works/bernini-louis-xiv,cells,1,0,国家博物馆摄影文献服务机构,entity,units/institutions/service-de-documentation-photographique-des-musees-nationaux,resolved_entity
ref-5ff8544cf177350a,enr-06366,units/works/bernini-maffeo-barberini-as-pope-urban-viii,value,,0,贝尔尼尼,entity,units/persons/gian-lorenzo-bernini,resolved_entity
ref-8972908e7ce37772,enr-06366,units/works/bernini-maffeo-barberini-as-pope-urban-viii,cells,1,0,贝尔尼尼,entity,units/persons/gian-lorenzo-bernini,resolved_entity
ref-0c31102ba2107b7a,enr-06367,units/works/bernini-maffeo-barberini-as-pope-urban-viii,value,,0,乌尔班八世,entity,units/persons/urbano-viii,resolved_entity
ref-0a7cebb16a266539,enr-06367,units/works/bernini-maffeo-barberini-as-pope-urban-viii,cells,1,0,乌尔班八世,entity,units/persons/urbano-viii,resolved_entity
ref-4ed127b478bd0bc4,enr-06368,units/works/bernini-maffeo-barberini-as-pope-urban-viii,value,,0,保守宫,entity,units/places/palazzo-dei-conservatori,resolved_entity
ref-60374b90cafcc83b,enr-06368,units/works/bernini-maffeo-barberini-as-pope-urban-viii,cells,1,0,保守宫,entity,units/places/palazzo-dei-conservatori,resolved_entity
ref-0771760201764ad2,enr-06369,units/works/bernini-maffeo-barberini-as-pope-urban-viii,value,,0,罗马,entity,units/places/rome,resolved_entity
ref-64c6d74dee2d1e0e,enr-06369,units/works/bernini-maffeo-barberini-as-pope-urban-viii,cells,1,0,罗马,entity,units/places/rome,resolved_entity
ref-e5635778bdce1fa0,enr-12861,units/works/burnacini-the-elysian-fields,value,,0,卢多维科·奥塔维奥·布尔纳奇尼,entity,units/persons/burnacini,resolved_entity
ref-474da8f8b4355bb7,enr-12861,units/works/burnacini-the-elysian-fields,cells,1,0,卢多维科·奥塔维奥·布尔纳奇尼,entity,units/persons/burnacini,resolved_entity
ref-59618e7ff04852b2,enr-06381,units/works/burnacini-the-elysian-fields,value,,0,拉丁君权凯旋,entity,units/works/la-monarchia-latina-trionfante,resolved_entity
ref-8b1d131c3c6e03bf,enr-06381,units/works/burnacini-the-elysian-fields,cells,1,0,拉丁君权凯旋,entity,units/works/la-monarchia-latina-trionfante,resolved_entity
ref-71fc1cd6558dc3fb,enr-06382,units/works/burnacini-the-elysian-fields,value,,0,维也纳,entity,units/places/vienna,resolved_entity
ref-29757062c915dbb5,enr-06382,units/works/burnacini-the-elysian-fields,cells,1,0,维也纳,entity,units/places/vienna,resolved_entity
ref-2e93f6dd770d5f08,enr-12862,units/works/burnacini-the-elysian-fields,value,,0,马特乌斯·屈塞尔,entity,units/persons/matthaeus-kusel,resolved_entity
ref-cabb9fc8820bff20,enr-12862,units/works/burnacini-the-elysian-fields,cells,1,0,马特乌斯·屈塞尔,entity,units/persons/matthaeus-kusel,resolved_entity
ref-85744a53e98e644e,enr-06387,units/works/burnacini-the-elysian-fields,value,,0,斯特恩父子摄影商号,entity,units/institutions/stearn-and-son,resolved_entity
ref-20e0c35b00f303f7,enr-06387,units/works/burnacini-the-elysian-fields,cells,1,0,斯特恩父子摄影商号,entity,units/institutions/stearn-and-son,resolved_entity
ref-49123547143c8176,enr-06407,units/works/canaletto-allegorical-tomb-to-the-memory-of-archbishop-tillotson,value,,0,乔瓦尼·安东尼奥·卡纳尔（卡纳莱托）,entity,units/persons/canaletto,resolved_entity
ref-e0993ecc83c12339,enr-06407,units/works/canaletto-allegorical-tomb-to-the-memory-of-archbishop-tillotson,cells,1,0,乔瓦尼·安东尼奥·卡纳尔（卡纳莱托）,entity,units/persons/canaletto,resolved_entity
ref-a4fdb4c861a5a4b8,enr-06408,units/works/canaletto-allegorical-tomb-to-the-memory-of-archbishop-tillotson,value,,0,乔瓦尼·巴蒂斯塔·奇马罗利,entity,units/persons/cimaroli,resolved_entity
ref-b8ae07c5fd3e2779,enr-06408,units/works/canaletto-allegorical-tomb-to-the-memory-of-archbishop-tillotson,cells,1,0,乔瓦尼·巴蒂斯塔·奇马罗利,entity,units/persons/cimaroli,resolved_entity
ref-00fc0b67eb5c4fb2,enr-06409,units/works/canaletto-allegorical-tomb-to-the-memory-of-archbishop-tillotson,value,,0,乔瓦尼·巴蒂斯塔·皮托尼,entity,units/persons/pittoni,resolved_entity
ref-4f9b7e9e83a8f895,enr-06409,units/works/canaletto-allegorical-tomb-to-the-memory-of-archbishop-tillotson,cells,1,0,乔瓦尼·巴蒂斯塔·皮托尼,entity,units/persons/pittoni,resolved_entity
ref-0512faf1f7b8385a,enr-06410,units/works/canaletto-allegorical-tomb-to-the-memory-of-archbishop-tillotson,value,,0,约翰·蒂洛特森,entity,units/persons/archbishop-tillotson,resolved_entity
ref-97e779fcbbc6c033,enr-06410,units/works/canaletto-allegorical-tomb-to-the-memory-of-archbishop-tillotson,cells,1,0,约翰·蒂洛特森,entity,units/persons/archbishop-tillotson,resolved_entity
ref-2620a5d64e9ab9ec,enr-06411,units/works/canaletto-allegorical-tomb-to-the-memory-of-archbishop-tillotson,value,,0,彼得·穆尔斯,entity,units/persons/peter-moores,resolved_entity
ref-6b9ad518ef8ef856,enr-06411,units/works/canaletto-allegorical-tomb-to-the-memory-of-archbishop-tillotson,cells,1,0,彼得·穆尔斯,entity,units/persons/peter-moores,resolved_entity
ref-bc729b98e9bc6a0e,enr-06412,units/works/canaletto-allegorical-tomb-to-the-memory-of-archbishop-tillotson,value,,0,利物浦,entity,units/places/liverpool,resolved_entity
ref-db06bdd40d7d3b5d,enr-06412,units/works/canaletto-allegorical-tomb-to-the-memory-of-archbishop-tillotson,cells,1,0,利物浦,entity,units/places/liverpool,resolved_entity
ref-788fcda81bea7d7e,enr-06414,units/works/canaletto-allegorical-tomb-to-the-memory-of-archbishop-tillotson,value,,0,欧文·麦克斯温尼（Owen MacSwinny）,entity,units/persons/owen-mcswiny,resolved_entity
ref-90ec4f8090e11bc9,enr-06414,units/works/canaletto-allegorical-tomb-to-the-memory-of-archbishop-tillotson,cells,1,0,欧文·麦克斯温尼（Owen MacSwinny）,entity,units/persons/owen-mcswiny,resolved_entity
ref-9c01db1d5e0e13a3,enr-12876,units/works/canaletto-allegorical-tomb-to-the-memory-of-archbishop-tillotson,value,,0,卡纳莱托（Canaletto）,entity,units/persons/canaletto,resolved_entity
ref-833623cf9b287972,enr-12876,units/works/canaletto-allegorical-tomb-to-the-memory-of-archbishop-tillotson,cells,1,0,卡纳莱托（Canaletto）,entity,units/persons/canaletto,resolved_entity
ref-2cd532488046c9ca,enr-12877,units/works/canaletto-allegorical-tomb-to-the-memory-of-archbishop-tillotson,value,,0,乔瓦尼·巴蒂斯塔·奇马罗利,entity,units/persons/cimaroli,resolved_entity
ref-5ac3a5abc4cee613,enr-12877,units/works/canaletto-allegorical-tomb-to-the-memory-of-archbishop-tillotson,cells,1,0,乔瓦尼·巴蒂斯塔·奇马罗利,entity,units/persons/cimaroli,resolved_entity
ref-21a65d57392a7def,enr-12878,units/works/canaletto-allegorical-tomb-to-the-memory-of-archbishop-tillotson,value,,0,乔瓦尼·巴蒂斯塔·皮托尼,entity,units/persons/pittoni,resolved_entity
ref-8c145679226c12b1,enr-12878,units/works/canaletto-allegorical-tomb-to-the-memory-of-archbishop-tillotson,cells,1,0,乔瓦尼·巴蒂斯塔·皮托尼,entity,units/persons/pittoni,resolved_entity
ref-36eb288c4ced8614,enr-06423,units/works/canaletto-dedicatory-frontispiece-to-etchings,value,,0,卡纳莱托,entity,units/persons/canaletto,resolved_entity
ref-5068fc114df1b1e6,enr-06423,units/works/canaletto-dedicatory-frontispiece-to-etchings,cells,1,0,卡纳莱托,entity,units/persons/canaletto,resolved_entity
ref-3fe16cdc7d7cd41f,enr-06428,units/works/canaletto-pra-della-valle-padua,value,,0,卡纳莱托,entity,units/persons/canaletto,resolved_entity
ref-370c68a9a91e12bd,enr-06428,units/works/canaletto-pra-della-valle-padua,cells,1,0,卡纳莱托,entity,units/persons/canaletto,resolved_entity
ref-68088e4e8a9430e9,enr-06429,units/works/canaletto-pra-della-valle-padua,value,,0,Prà广场,entity,units/places/pra-della-valle,resolved_entity
ref-9f1214b2e3abdc46,enr-06429,units/works/canaletto-pra-della-valle-padua,cells,1,0,Prà广场,entity,units/places/pra-della-valle,resolved_entity
ref-9b4adcb436908589,enr-06430,units/works/canaletto-pra-della-valle-padua,value,,0,帕多瓦,entity,units/places/padua,resolved_entity
ref-9f9d340936018912,enr-06430,units/works/canaletto-pra-della-valle-padua,cells,1,0,帕多瓦,entity,units/places/padua,resolved_entity
ref-339c59bc5a6be30a,enr-06434,units/works/canaletto-view-from-badminton-1748,value,,0,卡纳莱托,entity,units/persons/canaletto,resolved_entity
ref-5d4f8425c76928bd,enr-06434,units/works/canaletto-view-from-badminton-1748,cells,1,0,卡纳莱托,entity,units/persons/canaletto,resolved_entity
ref-9299a52b16c90148,enr-06435,units/works/canaletto-view-from-badminton-1748,value,,0,巴德明顿,entity,units/places/badminton,resolved_entity
ref-dd20b60f1f34c661,enr-06435,units/works/canaletto-view-from-badminton-1748,cells,1,0,巴德明顿,entity,units/places/badminton,resolved_entity
ref-a873bf28159f9c4c,enr-06438,units/works/canaletto-view-from-badminton-1748,value,,0,皇家艺术研究院（Royal Academy of Arts）,entity,units/institutions/royal-academy,resolved_entity
ref-4ce6dbadbf3f66c5,enr-06438,units/works/canaletto-view-from-badminton-1748,cells,1,0,皇家艺术研究院（Royal Academy of Arts）,entity,units/institutions/royal-academy,resolved_entity
ref-abf089cbc7bc61ca,enr-06442,units/works/canova-amadeo-swajer,value,,0,安东尼奥·卡诺瓦,entity,units/persons/canova,resolved_entity
ref-10db0a28dff24a37,enr-06442,units/works/canova-amadeo-swajer,cells,1,0,安东尼奥·卡诺瓦,entity,units/persons/canova,resolved_entity
ref-8167b95326e1d157,enr-06443,units/works/canova-amadeo-swajer,value,,0,阿马德奥·斯瓦耶尔,entity,units/persons/amadeo-swajer,resolved_entity
ref-1431bcd37ce453c8,enr-06443,units/works/canova-amadeo-swajer,cells,1,0,阿马德奥·斯瓦耶尔,entity,units/persons/amadeo-swajer,resolved_entity
ref-161e053ebacded18,enr-06444,units/works/canova-amadeo-swajer,value,,0,科雷尔博物馆,entity,units/institutions/museo-correr,resolved_entity
ref-ab7fdae2e983c2d7,enr-06444,units/works/canova-amadeo-swajer,cells,1,0,科雷尔博物馆,entity,units/institutions/museo-correr,resolved_entity
ref-4ff49f942371bd48,enr-06445,units/works/canova-amadeo-swajer,value,,0,威尼斯,entity,units/places/venice,resolved_entity
ref-24f013e2143ce862,enr-06445,units/works/canova-amadeo-swajer,cells,1,0,威尼斯,entity,units/places/venice,resolved_entity
ref-a82f19401dd60964,enr-12976,units/works/caravaggio-maffeo-barberini,value,,0,卡拉瓦乔,entity,units/persons/caravaggio,resolved_entity
ref-14b67f383d15ca77,enr-12976,units/works/caravaggio-maffeo-barberini,cells,1,0,卡拉瓦乔,entity,units/persons/caravaggio,resolved_entity
ref-45ffb243d5d2c5e0,enr-06773,units/works/caravaggio-maffeo-barberini,value,,0,乌尔班八世,entity,units/persons/urbano-viii,resolved_entity
ref-b8b75d00e184f6e2,enr-06773,units/works/caravaggio-maffeo-barberini,cells,1,0,乌尔班八世,entity,units/persons/urbano-viii,resolved_entity
ref-358f6d287777107e,enr-06774,units/works/caravaggio-maffeo-barberini,value,,0,佛罗伦萨,entity,units/places/florence,resolved_entity
ref-2e5725f361cb24de,enr-06774,units/works/caravaggio-maffeo-barberini,cells,1,0,佛罗伦萨,entity,units/places/florence,resolved_entity
ref-bc4a4d1e70896af5,enr-12979,units/works/caravaggio-maffeo-barberini,value,,0,Palazzo Barberini,entity,units/places/palazzo-barberini,resolved_entity
ref-be9dafd8449beee3,enr-12979,units/works/caravaggio-maffeo-barberini,cells,1,0,Palazzo Barberini,entity,units/places/palazzo-barberini,resolved_entity
ref-7417586563f31d95,enr-12980,units/works/caravaggio-maffeo-barberini,value,,0,意大利共和国,entity,units/institutions/italian-state,resolved_entity
ref-e6ae9e731eaa156d,enr-12980,units/works/caravaggio-maffeo-barberini,cells,1,0,意大利共和国,entity,units/institutions/italian-state,resolved_entity
ref-0e53fdc38078e9ad,enr-12981,units/works/caravaggio-maffeo-barberini,value,,0,Palazzo della Minerva,entity,units/places/palazzo-della-minerva,resolved_entity
ref-b03df77873b32ec6,enr-12981,units/works/caravaggio-maffeo-barberini,cells,1,0,Palazzo della Minerva,entity,units/places/palazzo-della-minerva,resolved_entity
ref-7e662f6bfe2dce12,enr-13055,units/works/carlo-dolci-sir-john-finch,value,,0,卡洛·多尔奇,entity,units/persons/carlo-dolci,resolved_entity
ref-f631487731935b79,enr-13055,units/works/carlo-dolci-sir-john-finch,cells,1,0,卡洛·多尔奇,entity,units/persons/carlo-dolci,resolved_entity
ref-bad0a01e5028b253,enr-13056,units/works/carlo-dolci-sir-john-finch,value,,0,约翰·芬奇,entity,units/persons/john-finch,resolved_entity
ref-567c276276fd2c15,enr-13056,units/works/carlo-dolci-sir-john-finch,cells,1,0,约翰·芬奇,entity,units/persons/john-finch,resolved_entity
ref-6d65517033804b26,enr-13057,units/works/carlo-dolci-sir-john-finch,value,,0,约翰·芬奇,entity,units/persons/john-finch,resolved_entity
ref-b67a6677647dfc89,enr-13057,units/works/carlo-dolci-sir-john-finch,cells,1,0,约翰·芬奇,entity,units/persons/john-finch,resolved_entity
ref-f134e6edab636224,enr-13059,units/works/carlo-dolci-sir-john-finch,value,,0,佛罗伦萨,entity,units/places/florence,resolved_entity
ref-9712d9f23f755017,enr-13059,units/works/carlo-dolci-sir-john-finch,cells,1,0,佛罗伦萨,entity,units/places/florence,resolved_entity
ref-29a8440370012c6d,enr-07037,units/works/carlo-dolci-sir-john-finch,value,,0,托马斯·贝恩斯肖像，PD.13-1972,entity,units/works/carlo-dolci-sir-thomas-baines,resolved_entity
ref-08861522116c13b1,enr-07037,units/works/carlo-dolci-sir-john-finch,cells,1,0,托马斯·贝恩斯肖像，PD.13-1972,entity,units/works/carlo-dolci-sir-thomas-baines,resolved_entity
ref-e2725c8b82ddd439,enr-13062,units/works/carlo-dolci-sir-john-finch,value,,0,菲茨威廉博物馆,entity,units/institutions/fitzwilliam-museum,resolved_entity
ref-3d7bbc50979bf93f,enr-13062,units/works/carlo-dolci-sir-john-finch,cells,1,0,菲茨威廉博物馆,entity,units/institutions/fitzwilliam-museum,resolved_entity
ref-637af15a231dc683,enr-13065,units/works/carlo-dolci-sir-john-finch,value,,0,国家艺术收藏基金,entity,units/institutions/national-art-collections-fund,resolved_entity
ref-f6372f897390652f,enr-13065,units/works/carlo-dolci-sir-john-finch,cells,1,0,国家艺术收藏基金,entity,units/institutions/national-art-collections-fund,resolved_entity
ref-01804a39c9bf08b2,enr-07046,units/works/carlo-dolci-sir-thomas-baines,value,,0,卡洛·多尔奇,entity,units/persons/carlo-dolci,resolved_entity
ref-f4b119e1bb16f289,enr-07046,units/works/carlo-dolci-sir-thomas-baines,cells,1,0,卡洛·多尔奇,entity,units/persons/carlo-dolci,resolved_entity
ref-8d9bf479ac6f5e79,enr-07047,units/works/carlo-dolci-sir-thomas-baines,value,,0,托马斯·贝恩斯,entity,units/persons/thomas-baines,resolved_entity
ref-df96656df27c8225,enr-07047,units/works/carlo-dolci-sir-thomas-baines,cells,1,0,托马斯·贝恩斯,entity,units/persons/thomas-baines,resolved_entity
ref-3a494b02b06abd65,enr-07048,units/works/carlo-dolci-sir-thomas-baines,value,,0,菲茨威廉博物馆,entity,units/institutions/fitzwilliam-museum,resolved_entity
ref-ea4e217be62f8156,enr-07048,units/works/carlo-dolci-sir-thomas-baines,cells,1,0,菲茨威廉博物馆,entity,units/institutions/fitzwilliam-museum,resolved_entity
ref-70254b952395bf11,enr-07049,units/works/carlo-dolci-sir-thomas-baines,value,,0,剑桥,entity,units/places/cambridge,resolved_entity
ref-64a87666ade60b81,enr-07049,units/works/carlo-dolci-sir-thomas-baines,cells,1,0,剑桥,entity,units/places/cambridge,resolved_entity
ref-6ddf92ae853e8d3e,enr-13068,units/works/carlo-dolci-sir-thomas-baines,value,,0,佛罗伦萨（Florence）,entity,units/places/florence,resolved_entity
ref-a496cf4c1e7ffaea,enr-13068,units/works/carlo-dolci-sir-thomas-baines,cells,1,0,佛罗伦萨（Florence）,entity,units/places/florence,resolved_entity
ref-53de2399f1f7a89a,enr-13069,units/works/carlo-dolci-sir-thomas-baines,value,,0,约翰·芬奇（John Finch）,entity,units/persons/john-finch,resolved_entity
ref-d536b942ef8be014,enr-13069,units/works/carlo-dolci-sir-thomas-baines,cells,1,0,约翰·芬奇（John Finch）,entity,units/persons/john-finch,resolved_entity
ref-de4447ac910bb762,enr-13072,units/works/carlo-dolci-sir-thomas-baines,value,,0,菲茨威廉博物馆,entity,units/institutions/fitzwilliam-museum,resolved_entity
ref-4e1465aa869fdd04,enr-13072,units/works/carlo-dolci-sir-thomas-baines,cells,1,0,菲茨威廉博物馆,entity,units/institutions/fitzwilliam-museum,resolved_entity
ref-b3271097803dc74b,enr-07057,units/works/carlo-dolci-sir-thomas-baines,value,,0,皇家艺术研究院（Royal Academy of Arts）,entity,units/institutions/royal-academy,resolved_entity
ref-18cd1b6620bc2b0a,enr-07057,units/works/carlo-dolci-sir-thomas-baines,cells,1,0,皇家艺术研究院（Royal Academy of Arts）,entity,units/institutions/royal-academy,resolved_entity
ref-6d46ff262e038c08,enr-13076,units/works/carlo-dolci-sir-thomas-baines,value,,0,芬奇肖像，PD.12-1972,entity,units/works/carlo-dolci-sir-john-finch,resolved_entity
ref-27c11b53bd7aeba1,enr-13076,units/works/carlo-dolci-sir-thomas-baines,cells,1,0,芬奇肖像，PD.12-1972,entity,units/works/carlo-dolci-sir-john-finch,resolved_entity
ref-c4dc8aa9eb1b855d,enr-13077,units/works/carlo-dolci-sir-thomas-baines,value,,0,国家艺术收藏基金,entity,units/institutions/national-art-collections-fund,resolved_entity
ref-99e8a2bc2112c851,enr-13077,units/works/carlo-dolci-sir-thomas-baines,cells,1,0,国家艺术收藏基金,entity,units/institutions/national-art-collections-fund,resolved_entity
ref-dd259dd13413ed34,enr-07065,units/works/carlo-maratta-cardinal-antonio-barberini,value,,0,卡洛·马拉塔,entity,units/persons/carlo-maratta,resolved_entity
ref-da46b6afd4723852,enr-07065,units/works/carlo-maratta-cardinal-antonio-barberini,cells,1,0,卡洛·马拉塔,entity,units/persons/carlo-maratta,resolved_entity
ref-d9a1b35cd0f05fc5,enr-07066,units/works/carlo-maratta-cardinal-antonio-barberini,value,,0,安东尼奥·巴贝里尼,entity,units/persons/antonio-barberini,resolved_entity
ref-402c87ada4d4dc57,enr-07066,units/works/carlo-maratta-cardinal-antonio-barberini,cells,1,0,安东尼奥·巴贝里尼,entity,units/persons/antonio-barberini,resolved_entity
ref-ec1aa1ccb2c43c87,enr-07067,units/works/carlo-maratta-cardinal-antonio-barberini,value,,0,阿尼克城堡,entity,units/places/alnwick-castle,resolved_entity
ref-65231c3f31ca569f,enr-07067,units/works/carlo-maratta-cardinal-antonio-barberini,cells,1,0,阿尼克城堡,entity,units/places/alnwick-castle,resolved_entity
ref-8b1b418c8783471f,enr-07069,units/works/carlo-maratta-cardinal-antonio-barberini,value,,0,皇家艺术研究院（Royal Academy of Arts）,entity,units/institutions/royal-academy,resolved_entity
ref-13116b6cc2943604,enr-07069,units/works/carlo-maratta-cardinal-antonio-barberini,cells,1,0,皇家艺术研究院（Royal Academy of Arts）,entity,units/institutions/royal-academy,resolved_entity
ref-64028608e9cd5e4b,enr-07073,units/works/carlo-maratta-charles-fox,value,,0,卡洛·马拉塔,entity,units/persons/carlo-maratta,resolved_entity
ref-719a5ece9b4d7b19,enr-07073,units/works/carlo-maratta-charles-fox,cells,1,0,卡洛·马拉塔,entity,units/persons/carlo-maratta,resolved_entity
ref-32d5428ff38cf42a,enr-07074,units/works/carlo-maratta-charles-fox,value,,0,查尔斯·福克斯,entity,units/persons/charles-fox,resolved_entity
ref-0c17516efaf64b67,enr-07074,units/works/carlo-maratta-charles-fox,cells,1,0,查尔斯·福克斯,entity,units/persons/charles-fox,resolved_entity
ref-2ad71a0ca0ac165f,enr-07079,units/works/carlo-maratta-charles-fox,value,,0,皇家艺术研究院（Royal Academy of Arts）,entity,units/institutions/royal-academy,resolved_entity
ref-93e7a780bae751f8,enr-07079,units/works/carlo-maratta-charles-fox,cells,1,0,皇家艺术研究院（Royal Academy of Arts）,entity,units/institutions/royal-academy,resolved_entity
ref-41a962d10b15c518,enr-07083,units/works/carlo-maratta-sir-thomas-isham,value,,0,卡洛·马拉塔,entity,units/persons/carlo-maratta,resolved_entity
ref-5b748bc5226871ce,enr-07083,units/works/carlo-maratta-sir-thomas-isham,cells,1,0,卡洛·马拉塔,entity,units/persons/carlo-maratta,resolved_entity
ref-8f13d2e2f20b40f6,enr-07084,units/works/carlo-maratta-sir-thomas-isham,value,,0,托马斯·伊舍姆,entity,units/persons/thomas-isham,resolved_entity
ref-0bf94cdc962e9d35,enr-07084,units/works/carlo-maratta-sir-thomas-isham,cells,1,0,托马斯·伊舍姆,entity,units/persons/thomas-isham,resolved_entity
ref-b61f017a805a40ac,enr-07085,units/works/carlo-maratta-sir-thomas-isham,value,,0,盖尔斯·伊舍姆,entity,units/persons/gyles-isham,resolved_entity
ref-fa0b6c7dd63a6f04,enr-07085,units/works/carlo-maratta-sir-thomas-isham,cells,1,0,盖尔斯·伊舍姆,entity,units/persons/gyles-isham,resolved_entity
ref-ed5b937935b19a05,enr-07086,units/works/carlo-maratta-sir-thomas-isham,value,,0,兰波特庄园,entity,units/places/lamport-hall,resolved_entity
ref-6fc8a816dacb5132,enr-07086,units/works/carlo-maratta-sir-thomas-isham,cells,1,0,兰波特庄园,entity,units/places/lamport-hall,resolved_entity
ref-91fff32a7a370f1e,enr-13081,units/works/carlo-maratta-sir-thomas-isham,value,,0,罗马（Rome）,entity,units/places/rome,resolved_entity
ref-065b24895dc64c96,enr-13081,units/works/carlo-maratta-sir-thomas-isham,cells,1,0,罗马（Rome）,entity,units/places/rome,resolved_entity
ref-d20bbb948a172443,enr-07093,units/works/carlo-maratta-sir-thomas-isham,value,,0,皇家艺术研究院（Royal Academy of Arts）,entity,units/institutions/royal-academy,resolved_entity
ref-f56ec327a5fd6182,enr-07093,units/works/carlo-maratta-sir-thomas-isham,cells,1,0,皇家艺术研究院（Royal Academy of Arts）,entity,units/institutions/royal-academy,resolved_entity
ref-71893140e832a6e1,enr-07097,units/works/claude-mellan-vincenzo-giustiniani,value,,0,克洛德·梅朗,entity,units/persons/claude-mellan,resolved_entity
ref-1da2e0529887ed05,enr-07097,units/works/claude-mellan-vincenzo-giustiniani,cells,1,0,克洛德·梅朗,entity,units/persons/claude-mellan,resolved_entity
ref-6cd53aae4af3e1d8,enr-07098,units/works/claude-mellan-vincenzo-giustiniani,value,,0,文琴佐·朱斯蒂尼亚尼,entity,units/persons/marchese-giustiniani-ch1,resolved_entity
ref-aa6bdd69419560d3,enr-07098,units/works/claude-mellan-vincenzo-giustiniani,cells,1,0,文琴佐·朱斯蒂尼亚尼,entity,units/persons/marchese-giustiniani-ch1,resolved_entity
ref-85fbebf810fcfbf2,enr-07099,units/works/claude-mellan-vincenzo-giustiniani,value,,0,斯特恩父子摄影商号,entity,units/institutions/stearn-and-son,resolved_entity
ref-b04009c2f56dbba9,enr-07099,units/works/claude-mellan-vincenzo-giustiniani,cells,1,0,斯特恩父子摄影商号,entity,units/institutions/stearn-and-son,resolved_entity
ref-96d7b874d1c0ff1d,enr-07103,units/works/claude-view-of-delphi-with-a-procession,value,,0,克劳德·洛兰,entity,units/persons/claude-lorrain,resolved_entity
ref-90e409372783cd63,enr-07103,units/works/claude-view-of-delphi-with-a-procession,cells,1,0,克劳德·洛兰,entity,units/persons/claude-lorrain,resolved_entity
ref-8e544475d2ba0fb6,enr-07104,units/works/claude-view-of-delphi-with-a-procession,value,,0,德尔斐,entity,units/places/delphi,resolved_entity
ref-c49dfb630b204cfc,enr-07104,units/works/claude-view-of-delphi-with-a-procession,cells,1,0,德尔斐,entity,units/places/delphi,resolved_entity
ref-111d8e16b2058c5d,enr-07105,units/works/claude-view-of-delphi-with-a-procession,value,,0,芝加哥艺术博物馆,entity,units/institutions/art-institute-of-chicago,resolved_entity
ref-11ee89d425c51bfa,enr-07105,units/works/claude-view-of-delphi-with-a-procession,cells,1,0,芝加哥艺术博物馆,entity,units/institutions/art-institute-of-chicago,resolved_entity
ref-df27413b7a262c0e,enr-07124,units/works/domenichino-hunt-of-diana,value,,0,多梅尼基诺,entity,units/persons/domenichino,resolved_entity
ref-1617bec9544e88da,enr-07124,units/works/domenichino-hunt-of-diana,cells,1,0,多梅尼基诺,entity,units/persons/domenichino,resolved_entity
ref-d3c47e708673ddd9,enr-13094,units/works/domenichino-hunt-of-diana,value,,0,皮耶特罗·阿尔多布兰迪尼,entity,units/persons/pietro-aldobrandini,resolved_entity
ref-30ee9469772d3d34,enr-13094,units/works/domenichino-hunt-of-diana,cells,1,0,皮耶特罗·阿尔多布兰迪尼,entity,units/persons/pietro-aldobrandini,resolved_entity
ref-953f9668e8ae70d8,enr-07130,units/works/domenichino-hunt-of-diana,value,,0,弗拉斯卡蒂的阿尔多布兰迪尼别墅,entity,units/places/villa-aldobrandini-frascati,resolved_entity
ref-6aa9766ac68f6c63,enr-07130,units/works/domenichino-hunt-of-diana,cells,1,0,弗拉斯卡蒂的阿尔多布兰迪尼别墅,entity,units/places/villa-aldobrandini-frascati,resolved_entity
ref-69348279faafdc4d,enr-13095,units/works/domenichino-hunt-of-diana,value,,0,斯奇皮奥内·博尔盖塞,entity,units/persons/cardinal-borghese-ch1,resolved_entity
ref-9d5e5178b663186b,enr-13095,units/works/domenichino-hunt-of-diana,cells,1,0,斯奇皮奥内·博尔盖塞,entity,units/persons/cardinal-borghese-ch1,resolved_entity
ref-a0a8bb8618f0dbfb,enr-13096,units/works/domenichino-hunt-of-diana,value,,0,意大利王国,entity,units/institutions/kingdom-of-italy,resolved_entity
ref-e19087dd91349026,enr-13096,units/works/domenichino-hunt-of-diana,cells,1,0,意大利王国,entity,units/institutions/kingdom-of-italy,resolved_entity
ref-6b48692cfb92b8ec,enr-13097,units/works/domenichino-hunt-of-diana,value,,0,博尔盖塞美术馆,entity,units/institutions/galleria-borghese,resolved_entity
ref-6772ae20317df33e,enr-13097,units/works/domenichino-hunt-of-diana,cells,1,0,博尔盖塞美术馆,entity,units/institutions/galleria-borghese,resolved_entity
ref-4367c6549347e97a,enr-07134,units/works/domenichino-hunt-of-diana,value,,0,海伦与帕里斯厅，19号厅,entity,units/places/room-19-helen-and-paris,resolved_entity
ref-58549148390a9851,enr-07134,units/works/domenichino-hunt-of-diana,cells,1,0,海伦与帕里斯厅，19号厅,entity,units/places/room-19-helen-and-paris,resolved_entity
ref-6d73efba2fa55bc1,enr-07135,units/works/domenichino-hunt-of-diana,value,,0,博尔盖塞别墅,entity,units/places/villa-borghese,resolved_entity
ref-9785bfe6b20d2470,enr-07135,units/works/domenichino-hunt-of-diana,cells,1,0,博尔盖塞别墅,entity,units/places/villa-borghese,resolved_entity
ref-69fb578d2ad90275,enr-07136,units/works/domenichino-hunt-of-diana,value,,0,罗马,entity,units/places/rome,resolved_entity
ref-f43ba59f40f0130c,enr-07136,units/works/domenichino-hunt-of-diana,cells,1,0,罗马,entity,units/places/rome,resolved_entity
ref-b32a19d06f3a3ee2,enr-07140,units/works/domenico-cerato-original-proposals-for-reclaiming-pra-della-valle,value,,0,多梅尼科·切拉托,entity,units/persons/domenico-cerato,resolved_entity
ref-85652953148eb2cf,enr-07140,units/works/domenico-cerato-original-proposals-for-reclaiming-pra-della-valle,cells,1,0,多梅尼科·切拉托,entity,units/persons/domenico-cerato,resolved_entity
ref-4a721a64bfea87f6,enr-07141,units/works/domenico-cerato-original-proposals-for-reclaiming-pra-della-valle,value,,0,Prà广场,entity,units/places/pra-della-valle,resolved_entity
ref-7166acbaa6a376f3,enr-07141,units/works/domenico-cerato-original-proposals-for-reclaiming-pra-della-valle,cells,1,0,Prà广场,entity,units/places/pra-della-valle,resolved_entity
ref-fecd25dfd90720b1,enr-07142,units/works/domenico-cerato-original-proposals-for-reclaiming-pra-della-valle,value,,0,斯特恩父子摄影商号,entity,units/institutions/stearn-and-son,resolved_entity
ref-cafa6ba0ba4539c7,enr-07142,units/works/domenico-cerato-original-proposals-for-reclaiming-pra-della-valle,cells,1,0,斯特恩父子摄影商号,entity,units/institutions/stearn-and-son,resolved_entity
ref-d08a8028bf9cb0c9,enr-07146,units/works/facade-of-s-maria-del-giglio,value,,0,百合圣母堂,entity,units/places/s-maria-del-giglio,resolved_entity
ref-9fd1fc73d2821704,enr-07146,units/works/facade-of-s-maria-del-giglio,cells,1,0,百合圣母堂,entity,units/places/s-maria-del-giglio,resolved_entity
ref-bd81ae6c25014544,enr-07147,units/works/facade-of-s-maria-del-giglio,value,,0,威尼斯,entity,units/places/venice,resolved_entity
ref-9251fd503a0629f6,enr-07147,units/works/facade-of-s-maria-del-giglio,cells,1,0,威尼斯,entity,units/places/venice,resolved_entity
ref-ff793c91dcef2a57,enr-07158,units/works/ferri-sant-agnese-cupola,value,,0,Pamphili家族,entity,units/families/pamphili-family,resolved_entity
ref-4b9e7abf2a5ab355,enr-07158,units/works/ferri-sant-agnese-cupola,value,,1,Giovanni Battista Pamphilj Aldobrandini（1648–1709）,entity,units/persons/giovanni-battista-pamphilj-aldobrandini,resolved_entity
ref-3f1384f63ae7d18f,enr-07158,units/works/ferri-sant-agnese-cupola,cells,1,0,Pamphili家族,entity,units/families/pamphili-family,resolved_entity
ref-67b3684f2167db59,enr-07158,units/works/ferri-sant-agnese-cupola,cells,1,1,Giovanni Battista Pamphilj Aldobrandini（1648–1709）,entity,units/persons/giovanni-battista-pamphilj-aldobrandini,resolved_entity
ref-d64a67baaea6a0da,enr-07165,units/works/ferri-sant-agnese-modello,value,,0,Giovanni Battista Pamphilj Aldobrandini（1648–1709）,entity,units/persons/giovanni-battista-pamphilj-aldobrandini,resolved_entity
ref-ac9dc2294ba79342,enr-07165,units/works/ferri-sant-agnese-modello,cells,1,0,Giovanni Battista Pamphilj Aldobrandini（1648–1709）,entity,units/persons/giovanni-battista-pamphilj-aldobrandini,resolved_entity
ref-cfd92bd0677b0621,enr-07170,units/works/fortune-salvator-rosa,value,,0,萨尔瓦多·罗萨,entity,units/persons/salvator-rosa,resolved_entity
ref-4c56093d97610156,enr-07170,units/works/fortune-salvator-rosa,cells,1,0,萨尔瓦多·罗萨,entity,units/persons/salvator-rosa,resolved_entity
ref-4cccabc592f930a4,enr-07173,units/works/fortune-salvator-rosa,value,,0,马尔伯勒美术公司,entity,units/institutions/marlborough-fine-art-ltd,resolved_entity
ref-803fe88b3e928e45,enr-07173,units/works/fortune-salvator-rosa,cells,1,0,马尔伯勒美术公司,entity,units/institutions/marlborough-fine-art-ltd,resolved_entity
ref-8f9e7f8f0fed3e22,enr-07177,units/works/francesco-algarotti,value,,0,弗朗切斯科·阿尔加罗蒂,entity,units/persons/francesco-algarotti,resolved_entity
ref-76ec06e6430adbd6,enr-07177,units/works/francesco-algarotti,cells,1,0,弗朗切斯科·阿尔加罗蒂,entity,units/persons/francesco-algarotti,resolved_entity
ref-b6a069bb6213cc7c,enr-07178,units/works/francesco-algarotti,value,,0,科雷尔博物馆,entity,units/institutions/museo-correr,resolved_entity
ref-e8682ad32e1f3ad9,enr-07178,units/works/francesco-algarotti,cells,1,0,科雷尔博物馆,entity,units/institutions/museo-correr,resolved_entity
ref-43b1f19b47138c33,enr-07179,units/works/francesco-algarotti,value,,0,威尼斯,entity,units/places/venice,resolved_entity
ref-ec56bdfcfb1582fc,enr-07179,units/works/francesco-algarotti,cells,1,0,威尼斯,entity,units/places/venice,resolved_entity
ref-65be33086b14c06f,enr-07184,units/works/francesco-fanelli-charles-i,value,,0,弗朗切斯科·法内利,entity,units/persons/francesco-fanelli,resolved_entity
ref-ea4751beea1895c2,enr-07184,units/works/francesco-fanelli-charles-i,cells,1,0,弗朗切斯科·法内利,entity,units/persons/francesco-fanelli,resolved_entity
ref-31c35daa4378511d,enr-07185,units/works/francesco-fanelli-charles-i,value,,0,查理一世,entity,units/persons/charles-i,resolved_entity
ref-768c034f91a23ad4,enr-07185,units/works/francesco-fanelli-charles-i,cells,1,0,查理一世,entity,units/persons/charles-i,resolved_entity
ref-a5bc2ce4918a30ba,enr-07186,units/works/francesco-fanelli-charles-i,value,,0,达芙妮·伊奥尼德斯,entity,units/persons/daphne-ionides,resolved_entity
ref-525d90f7f228b260,enr-07186,units/works/francesco-fanelli-charles-i,cells,1,0,达芙妮·伊奥尼德斯,entity,units/persons/daphne-ionides,resolved_entity
ref-dd39d161365dd5df,enr-07187,units/works/francesco-fanelli-charles-i,value,,0,伦敦,entity,units/places/london,resolved_entity
ref-f4509c2053fda050,enr-07187,units/works/francesco-fanelli-charles-i,cells,1,0,伦敦,entity,units/places/london,resolved_entity
ref-15f387d055eab447,enr-07199,units/works/francesco-guardi-view-of-john-strange-s-villa-at-paese-near-treviso,value,,0,弗朗切斯科·瓜尔迪,entity,units/persons/francesco-guardi,resolved_entity
ref-7f57914d91dc0bfb,enr-07199,units/works/francesco-guardi-view-of-john-strange-s-villa-at-paese-near-treviso,cells,1,0,弗朗切斯科·瓜尔迪,entity,units/persons/francesco-guardi,resolved_entity
ref-e5bf788b1b2a67bb,enr-07200,units/works/francesco-guardi-view-of-john-strange-s-villa-at-paese-near-treviso,value,,0,约翰·斯特兰奇,entity,units/persons/john-strange,resolved_entity
ref-a36819fcf68cad24,enr-07200,units/works/francesco-guardi-view-of-john-strange-s-villa-at-paese-near-treviso,cells,1,0,约翰·斯特兰奇,entity,units/persons/john-strange,resolved_entity
ref-cd6180ee4cea4891,enr-07201,units/works/francesco-guardi-view-of-john-strange-s-villa-at-paese-near-treviso,value,,0,帕埃塞,entity,units/places/paese,resolved_entity
ref-572b59f7d9bc8c92,enr-07201,units/works/francesco-guardi-view-of-john-strange-s-villa-at-paese-near-treviso,cells,1,0,帕埃塞,entity,units/places/paese,resolved_entity
ref-5bfb8a74baa65cb9,enr-07202,units/works/francesco-guardi-view-of-john-strange-s-villa-at-paese-near-treviso,value,,0,特雷维索,entity,units/places/treviso,resolved_entity
ref-fc2ce2a7c3c98d8c,enr-07202,units/works/francesco-guardi-view-of-john-strange-s-villa-at-paese-near-treviso,cells,1,0,特雷维索,entity,units/places/treviso,resolved_entity
ref-bd5408f48787e397,enr-07203,units/works/francesco-guardi-view-of-john-strange-s-villa-at-paese-near-treviso,value,,0,伦敦,entity,units/places/london,resolved_entity
ref-997fcc6ea5c79ab5,enr-07203,units/works/francesco-guardi-view-of-john-strange-s-villa-at-paese-near-treviso,cells,1,0,伦敦,entity,units/places/london,resolved_entity
ref-0a7ac80ddb7fe01f,enr-13115,units/works/francesco-guardi-view-of-john-strange-s-villa-at-paese-near-treviso,value,,0,"洛雷丹别墅（Villa Loredan, Paese）",entity,units/places/villa-loredan-paese,resolved_entity
ref-a9d32137f2a34587,enr-13115,units/works/francesco-guardi-view-of-john-strange-s-villa-at-paese-near-treviso,cells,1,0,"洛雷丹别墅（Villa Loredan, Paese）",entity,units/places/villa-loredan-paese,resolved_entity
ref-8c14a9d5fedc4e5e,enr-07209,units/works/francesco-petrucci-grand-prince-ferdinand-of-tuscany,value,,0,弗朗切斯科·彼得鲁奇,entity,units/persons/francesco-petrucci,resolved_entity
ref-0413046821b2712a,enr-07209,units/works/francesco-petrucci-grand-prince-ferdinand-of-tuscany,cells,1,0,弗朗切斯科·彼得鲁奇,entity,units/persons/francesco-petrucci,resolved_entity
ref-6bc27fb0c1d6ae05,enr-07210,units/works/francesco-petrucci-grand-prince-ferdinand-of-tuscany,value,,0,托斯卡纳大公子费迪南多,entity,units/persons/ferdinand-grand-prince-tuscany,resolved_entity
ref-53784500264b965e,enr-07210,units/works/francesco-petrucci-grand-prince-ferdinand-of-tuscany,cells,1,0,托斯卡纳大公子费迪南多,entity,units/persons/ferdinand-grand-prince-tuscany,resolved_entity
ref-f3177cc3bda94e82,enr-07214,units/works/g-m-crespi-detail-from-fair-at-poggio-a-caiano,value,,0,朱塞佩·马里亚·克雷斯皮,entity,units/persons/giuseppe-maria-crespi,resolved_entity
ref-38fe4e9be625c4db,enr-07214,units/works/g-m-crespi-detail-from-fair-at-poggio-a-caiano,cells,1,0,朱塞佩·马里亚·克雷斯皮,entity,units/persons/giuseppe-maria-crespi,resolved_entity
ref-79341cb2628e6ab7,enr-07215,units/works/g-m-crespi-detail-from-fair-at-poggio-a-caiano,value,,0,波焦阿卡亚诺,entity,units/places/poggio-a-caiano,resolved_entity
ref-cfb01a2cdb4a25d9,enr-07215,units/works/g-m-crespi-detail-from-fair-at-poggio-a-caiano,cells,1,0,波焦阿卡亚诺,entity,units/places/poggio-a-caiano,resolved_entity
ref-fd9c3edea749f4f6,enr-07216,units/works/g-m-crespi-detail-from-fair-at-poggio-a-caiano,value,,0,乌菲齐美术馆,entity,units/institutions/uffizi-gallery,resolved_entity
ref-03fa3e786d6d34f1,enr-07216,units/works/g-m-crespi-detail-from-fair-at-poggio-a-caiano,cells,1,0,乌菲齐美术馆,entity,units/institutions/uffizi-gallery,resolved_entity
ref-a2f49b58f0c2aea7,enr-07217,units/works/g-m-crespi-detail-from-fair-at-poggio-a-caiano,value,,0,佛罗伦萨,entity,units/places/florence,resolved_entity
ref-9d6b33944b52ed96,enr-07217,units/works/g-m-crespi-detail-from-fair-at-poggio-a-caiano,cells,1,0,佛罗伦萨,entity,units/places/florence,resolved_entity
ref-87df20d4f41d0065,enr-07222,units/works/g-m-crespi-girl-at-her-toilet,value,,0,朱塞佩·马里亚·克雷斯皮,entity,units/persons/giuseppe-maria-crespi,resolved_entity
ref-fda66f74e105da8b,enr-07222,units/works/g-m-crespi-girl-at-her-toilet,cells,1,0,朱塞佩·马里亚·克雷斯皮,entity,units/persons/giuseppe-maria-crespi,resolved_entity
ref-70f7d5ddc6e4fa4e,enr-07223,units/works/g-m-crespi-girl-at-her-toilet,value,,0,乌菲齐美术馆,entity,units/institutions/uffizi-gallery,resolved_entity
ref-08cbac947a69eecd,enr-07223,units/works/g-m-crespi-girl-at-her-toilet,cells,1,0,乌菲齐美术馆,entity,units/institutions/uffizi-gallery,resolved_entity
ref-b31fc45953d2b504,enr-07224,units/works/g-m-crespi-girl-at-her-toilet,value,,0,佛罗伦萨,entity,units/places/florence,resolved_entity
ref-adc8ed68b1956717,enr-07224,units/works/g-m-crespi-girl-at-her-toilet,cells,1,0,佛罗伦萨,entity,units/places/florence,resolved_entity
ref-cad39cd00b2a2e9d,enr-07230,units/works/g-m-crespi-jupiter-handed-over-by-cybele-to-the-corybantes-to-be-fed,value,,0,朱塞佩·马里亚·克雷斯皮,entity,units/persons/giuseppe-maria-crespi,resolved_entity
ref-418b3b4e68959e2f,enr-07230,units/works/g-m-crespi-jupiter-handed-over-by-cybele-to-the-corybantes-to-be-fed,cells,1,0,朱塞佩·马里亚·克雷斯皮,entity,units/persons/giuseppe-maria-crespi,resolved_entity
ref-b4b455c18a949cdd,enr-07231,units/works/g-m-crespi-jupiter-handed-over-by-cybele-to-the-corybantes-to-be-fed,value,,0,斯图加特州立美术馆,entity,units/institutions/staatsgalerie-stuttgart,resolved_entity
ref-a97e0e60731995e1,enr-07231,units/works/g-m-crespi-jupiter-handed-over-by-cybele-to-the-corybantes-to-be-fed,cells,1,0,斯图加特州立美术馆,entity,units/institutions/staatsgalerie-stuttgart,resolved_entity
ref-deb6fc499a92ade0,enr-07232,units/works/g-m-crespi-jupiter-handed-over-by-cybele-to-the-corybantes-to-be-fed,value,,0,斯图加特,entity,units/places/stuttgart,resolved_entity
ref-79a976e65f73a4ca,enr-07232,units/works/g-m-crespi-jupiter-handed-over-by-cybele-to-the-corybantes-to-be-fed,cells,1,0,斯图加特,entity,units/places/stuttgart,resolved_entity
ref-22adece1735acabe,enr-13121,units/works/g-m-crespi-jupiter-handed-over-by-cybele-to-the-corybantes-to-be-fed,value,,0,斯特凡诺·孔蒂,entity,units/persons/stefano-conti,resolved_entity
ref-71cac03a8266786a,enr-13121,units/works/g-m-crespi-jupiter-handed-over-by-cybele-to-the-corybantes-to-be-fed,cells,1,0,斯特凡诺·孔蒂,entity,units/persons/stefano-conti,resolved_entity
ref-0b0c9f9cce47ec21,enr-07239,units/works/g-m-crespi-jupiter-handed-over-by-cybele-to-the-corybantes-to-be-fed,value,,0,斯特凡诺·孔蒂,entity,units/persons/stefano-conti,resolved_entity
ref-73941caee6666fbb,enr-07239,units/works/g-m-crespi-jupiter-handed-over-by-cybele-to-the-corybantes-to-be-fed,value,,1,卢卡,entity,units/places/lucca,resolved_entity
ref-a61d8654cca047f2,enr-07239,units/works/g-m-crespi-jupiter-handed-over-by-cybele-to-the-corybantes-to-be-fed,cells,1,0,斯特凡诺·孔蒂,entity,units/persons/stefano-conti,resolved_entity
ref-8e81a1771d6d9a85,enr-07239,units/works/g-m-crespi-jupiter-handed-over-by-cybele-to-the-corybantes-to-be-fed,cells,1,1,卢卡,entity,units/places/lucca,resolved_entity
ref-08634635cdf26dd2,enr-13122,units/works/g-m-crespi-jupiter-handed-over-by-cybele-to-the-corybantes-to-be-fed,value,,0,科尔纳吉,entity,units/institutions/colnaghi,resolved_entity
ref-49ba35778af72821,enr-13122,units/works/g-m-crespi-jupiter-handed-over-by-cybele-to-the-corybantes-to-be-fed,cells,1,0,科尔纳吉,entity,units/institutions/colnaghi,resolved_entity
ref-801d91d044e76c3a,enr-13123,units/works/g-m-crespi-jupiter-handed-over-by-cybele-to-the-corybantes-to-be-fed,value,,0,斯图加特州立美术馆,entity,units/institutions/staatsgalerie-stuttgart,resolved_entity
ref-56d11d5e4449df4d,enr-13123,units/works/g-m-crespi-jupiter-handed-over-by-cybele-to-the-corybantes-to-be-fed,cells,1,0,斯图加特州立美术馆,entity,units/institutions/staatsgalerie-stuttgart,resolved_entity
ref-99cab0e3a300869e,enr-07245,units/works/g-m-crespi-the-painter-s-family,value,,0,朱塞佩·马里亚·克雷斯皮,entity,units/persons/giuseppe-maria-crespi,resolved_entity
ref-02aad4ca592a74d3,enr-07245,units/works/g-m-crespi-the-painter-s-family,cells,1,0,朱塞佩·马里亚·克雷斯皮,entity,units/persons/giuseppe-maria-crespi,resolved_entity
ref-861e02c9dde8b18b,enr-07246,units/works/g-m-crespi-the-painter-s-family,value,,0,乌菲齐美术馆,entity,units/institutions/uffizi-gallery,resolved_entity
ref-c4c372803f870df6,enr-07246,units/works/g-m-crespi-the-painter-s-family,cells,1,0,乌菲齐美术馆,entity,units/institutions/uffizi-gallery,resolved_entity
ref-c223afd4961df854,enr-07247,units/works/g-m-crespi-the-painter-s-family,value,,0,佛罗伦萨,entity,units/places/florence,resolved_entity
ref-178290c44d83c4a4,enr-07247,units/works/g-m-crespi-the-painter-s-family,cells,1,0,佛罗伦萨,entity,units/places/florence,resolved_entity
ref-cf05e99a77bee9fc,enr-07252,units/works/g-volpato-mourners-at-tomb-of-francesco-algarotti-in-pisa,value,,0,乔万尼·沃尔帕托,entity,units/persons/g-volpato,resolved_entity
ref-8b6387234cc69e01,enr-07252,units/works/g-volpato-mourners-at-tomb-of-francesco-algarotti-in-pisa,cells,1,0,乔万尼·沃尔帕托,entity,units/persons/g-volpato,resolved_entity
ref-8b988dd8fc3be390,enr-07253,units/works/g-volpato-mourners-at-tomb-of-francesco-algarotti-in-pisa,value,,0,弗朗切斯科·阿尔加罗蒂,entity,units/persons/francesco-algarotti,resolved_entity
ref-b8a75fe5137a948e,enr-07253,units/works/g-volpato-mourners-at-tomb-of-francesco-algarotti-in-pisa,cells,1,0,弗朗切斯科·阿尔加罗蒂,entity,units/persons/francesco-algarotti,resolved_entity
ref-c67df4e8b05ed961,enr-07254,units/works/g-volpato-mourners-at-tomb-of-francesco-algarotti-in-pisa,value,,0,弗朗切斯科·阿尔加罗蒂墓,entity,units/works/tomb-of-francesco-algarotti,resolved_entity
ref-b9684b55f738068a,enr-07254,units/works/g-volpato-mourners-at-tomb-of-francesco-algarotti-in-pisa,cells,1,0,弗朗切斯科·阿尔加罗蒂墓,entity,units/works/tomb-of-francesco-algarotti,resolved_entity
ref-8f4e30356f66f996,enr-07255,units/works/g-volpato-mourners-at-tomb-of-francesco-algarotti-in-pisa,value,,0,比萨,entity,units/places/pisa,resolved_entity
ref-49ffb822795e168f,enr-07255,units/works/g-volpato-mourners-at-tomb-of-francesco-algarotti-in-pisa,cells,1,0,比萨,entity,units/places/pisa,resolved_entity
ref-986b28a8385f43d1,enr-07259,units/works/g-volpato-mourners-at-tomb-of-francesco-algarotti-in-pisa,value,,0,卡洛·比安科尼,entity,units/persons/carlo-bianconi,resolved_entity
ref-1c8354c53d8dbb9c,enr-07259,units/works/g-volpato-mourners-at-tomb-of-francesco-algarotti-in-pisa,cells,1,0,卡洛·比安科尼,entity,units/persons/carlo-bianconi,resolved_entity
ref-47bb724ec949b4a9,enr-07260,units/works/g-volpato-mourners-at-tomb-of-francesco-algarotti-in-pisa,value,,0,比萨坎波桑托,entity,units/places/camposanto-pisa,resolved_entity
ref-59c3e66917a1a470,enr-07260,units/works/g-volpato-mourners-at-tomb-of-francesco-algarotti-in-pisa,cells,1,0,比萨坎波桑托,entity,units/places/camposanto-pisa,resolved_entity
ref-bb4e7ab0160fa8e0,enr-07270,units/works/gaulli-triumph-name-jesus,value,,0,乔万尼·巴蒂斯塔·盖乌利,entity,units/persons/giovan-battista-gaulli,resolved_entity
ref-cb30308be3b84895,enr-07270,units/works/gaulli-triumph-name-jesus,cells,1,0,乔万尼·巴蒂斯塔·盖乌利,entity,units/persons/giovan-battista-gaulli,resolved_entity
ref-3b1c5ed37d2c5fa7,enr-07271,units/works/gaulli-triumph-name-jesus,value,,0,罗马耶稣堂,entity,units/places/gesu-rome,resolved_entity
ref-e36c8413abe8ebb3,enr-07271,units/works/gaulli-triumph-name-jesus,cells,1,0,罗马耶稣堂,entity,units/places/gesu-rome,resolved_entity
ref-fb621cdaeb9ce3fb,enr-07272,units/works/gaulli-triumph-name-jesus,value,,0,罗马,entity,units/places/rome,resolved_entity
ref-0690172bf76710fd,enr-07272,units/works/gaulli-triumph-name-jesus,cells,1,0,罗马,entity,units/places/rome,resolved_entity
ref-00cb6ac8ae678e50,enr-07284,units/works/gian-antonio-faldoni-zaccaria-sagredo,value,,0,乔瓦尼·安东尼奥·法尔多尼,entity,units/persons/gian-antonio-faldoni,resolved_entity
ref-3c55d3f3729b9558,enr-07284,units/works/gian-antonio-faldoni-zaccaria-sagredo,cells,1,0,乔瓦尼·安东尼奥·法尔多尼,entity,units/persons/gian-antonio-faldoni,resolved_entity
ref-f374362a0d5b6963,enr-07285,units/works/gian-antonio-faldoni-zaccaria-sagredo,value,,0,B. 纳扎里,entity,units/persons/b-nazari,resolved_entity
ref-9fea6c84a96183db,enr-07285,units/works/gian-antonio-faldoni-zaccaria-sagredo,cells,1,0,B. 纳扎里,entity,units/persons/b-nazari,resolved_entity
ref-2b84c5389f3ce8e4,enr-07286,units/works/gian-antonio-faldoni-zaccaria-sagredo,value,,0,扎卡里亚·萨格雷多,entity,units/persons/zaccaria-sagredo,resolved_entity
ref-a95e094914429d6e,enr-07286,units/works/gian-antonio-faldoni-zaccaria-sagredo,cells,1,0,扎卡里亚·萨格雷多,entity,units/persons/zaccaria-sagredo,resolved_entity
ref-969279ea28d7ff94,enr-07287,units/works/gian-antonio-faldoni-zaccaria-sagredo,value,,0,科雷尔博物馆,entity,units/institutions/museo-correr,resolved_entity
ref-dec4e8f1c1703c78,enr-07287,units/works/gian-antonio-faldoni-zaccaria-sagredo,cells,1,0,科雷尔博物馆,entity,units/institutions/museo-correr,resolved_entity
ref-d730cacf1bba38e5,enr-07288,units/works/gian-antonio-faldoni-zaccaria-sagredo,value,,0,威尼斯,entity,units/places/venice,resolved_entity
ref-598ed1c792095786,enr-07288,units/works/gian-antonio-faldoni-zaccaria-sagredo,cells,1,0,威尼斯,entity,units/places/venice,resolved_entity
ref-587af13b30c80b96,enr-07292,units/works/giannantonio-fumiani-the-stoning-of-zechariah,value,,0,乔瓦尼·安东尼奥·富米亚尼,entity,units/persons/giannantonio-fumiani,resolved_entity
ref-5c3085e38fe15fd7,enr-07292,units/works/giannantonio-fumiani-the-stoning-of-zechariah,cells,1,0,乔瓦尼·安东尼奥·富米亚尼,entity,units/persons/giannantonio-fumiani,resolved_entity
ref-4d23cf698678be01,enr-07293,units/works/giannantonio-fumiani-the-stoning-of-zechariah,value,,0,乌菲齐美术馆,entity,units/institutions/uffizi-gallery,resolved_entity
ref-813263e890d9f63f,enr-07293,units/works/giannantonio-fumiani-the-stoning-of-zechariah,cells,1,0,乌菲齐美术馆,entity,units/institutions/uffizi-gallery,resolved_entity
ref-02c72c244cf2a985,enr-07294,units/works/giannantonio-fumiani-the-stoning-of-zechariah,value,,0,佛罗伦萨,entity,units/places/florence,resolved_entity
ref-901bcf7832b30751,enr-07294,units/works/giannantonio-fumiani-the-stoning-of-zechariah,cells,1,0,佛罗伦萨,entity,units/places/florence,resolved_entity
ref-20e81480ddc3af90,enr-13130,units/works/giaquinto-san-nicola-dei-lorenesi-decoration,value,,0,科拉多·贾昆托,entity,units/persons/giaquinto-front-matter,resolved_entity
ref-5e09fac8a3b71dba,enr-13130,units/works/giaquinto-san-nicola-dei-lorenesi-decoration,cells,1,0,科拉多·贾昆托,entity,units/persons/giaquinto-front-matter,resolved_entity
ref-c7753839c7452de6,enr-13132,units/works/giaquinto-san-nicola-dei-lorenesi-decoration,value,,0,洛林人圣尼古拉堂,entity,units/places/chiesa-san-nicola-dei-lorenesi,resolved_entity
ref-3d9cc419c616d144,enr-13132,units/works/giaquinto-san-nicola-dei-lorenesi-decoration,cells,1,0,洛林人圣尼古拉堂,entity,units/places/chiesa-san-nicola-dei-lorenesi,resolved_entity
ref-b4745322b7d188dd,enr-07306,units/works/gio-maria-bottalla-meeting-of-esau-and-jacob,value,,0,乔·马里亚·博塔拉,entity,units/persons/gio-maria-bottalla,resolved_entity
ref-f8b4b0a3ed0bb8c8,enr-07306,units/works/gio-maria-bottalla-meeting-of-esau-and-jacob,cells,1,0,乔·马里亚·博塔拉,entity,units/persons/gio-maria-bottalla,resolved_entity
ref-c950459f39dcc349,enr-07307,units/works/gio-maria-bottalla-meeting-of-esau-and-jacob,value,,0,卡比托利欧绘画馆,entity,units/institutions/pinacoteca-capitolina,resolved_entity
ref-d93e3d83a4e4ceda,enr-07307,units/works/gio-maria-bottalla-meeting-of-esau-and-jacob,cells,1,0,卡比托利欧绘画馆,entity,units/institutions/pinacoteca-capitolina,resolved_entity
ref-11f564e396072a8d,enr-07308,units/works/gio-maria-bottalla-meeting-of-esau-and-jacob,value,,0,罗马,entity,units/places/rome,resolved_entity
ref-cf818198f231fb4e,enr-07308,units/works/gio-maria-bottalla-meeting-of-esau-and-jacob,cells,1,0,罗马,entity,units/places/rome,resolved_entity
ref-9ee235ef0be8a7b8,enr-13137,units/works/gio-maria-bottalla-meeting-of-esau-and-jacob,value,,0,萨凯蒂家族,entity,units/families/sacchetti-family,resolved_entity
ref-a44ccdba492b5a67,enr-13137,units/works/gio-maria-bottalla-meeting-of-esau-and-jacob,cells,1,0,萨凯蒂家族,entity,units/families/sacchetti-family,resolved_entity
ref-6437c94cda4658dc,enr-07315,units/works/giuseppe-zocchi-a-m-zanetti-the-elder-with-marchese-gerini,value,,0,朱塞佩·佐基,entity,units/persons/giuseppe-zocchi,resolved_entity
ref-b9b4ecb04b49d5b7,enr-07315,units/works/giuseppe-zocchi-a-m-zanetti-the-elder-with-marchese-gerini,cells,1,0,朱塞佩·佐基,entity,units/persons/giuseppe-zocchi,resolved_entity
ref-64d16005a9cf1643,enr-13138,units/works/giuseppe-zocchi-a-m-zanetti-the-elder-with-marchese-gerini,value,,0,老安东·玛丽亚·扎内蒂,entity,units/persons/a-m-zanetti-the-elder,resolved_entity
ref-187a36f2dec3d638,enr-13138,units/works/giuseppe-zocchi-a-m-zanetti-the-elder-with-marchese-gerini,cells,1,0,老安东·玛丽亚·扎内蒂,entity,units/persons/a-m-zanetti-the-elder,resolved_entity
ref-e0ac12d0ce080d00,enr-13139,units/works/giuseppe-zocchi-a-m-zanetti-the-elder-with-marchese-gerini,value,,0,安德烈亚·杰里尼侯爵,entity,units/persons/marchese-gerini,resolved_entity
ref-840d27e1301668e6,enr-13139,units/works/giuseppe-zocchi-a-m-zanetti-the-elder-with-marchese-gerini,cells,1,0,安德烈亚·杰里尼侯爵,entity,units/persons/marchese-gerini,resolved_entity
ref-de4e8b1dbe78d1c1,enr-07318,units/works/giuseppe-zocchi-a-m-zanetti-the-elder-with-marchese-gerini,value,,0,科雷尔博物馆,entity,units/institutions/museo-correr,resolved_entity
ref-a47b5cdd6b949f0b,enr-07318,units/works/giuseppe-zocchi-a-m-zanetti-the-elder-with-marchese-gerini,cells,1,0,科雷尔博物馆,entity,units/institutions/museo-correr,resolved_entity
ref-172c4f39e3d92d82,enr-07319,units/works/giuseppe-zocchi-a-m-zanetti-the-elder-with-marchese-gerini,value,,0,威尼斯,entity,units/places/venice,resolved_entity
ref-0e2a851334b7b961,enr-07319,units/works/giuseppe-zocchi-a-m-zanetti-the-elder-with-marchese-gerini,cells,1,0,威尼斯,entity,units/places/venice,resolved_entity
ref-1ff5a7542c693536,enr-13146,units/works/giuseppe-zocchi-a-m-zanetti-the-elder-with-marchese-gerini,value,,0,雷佐尼科宫（Ca’ Rezzonico）,entity,units/places/ca-rezzonico,resolved_entity
ref-d28fe8720a83f111,enr-13146,units/works/giuseppe-zocchi-a-m-zanetti-the-elder-with-marchese-gerini,cells,1,0,雷佐尼科宫（Ca’ Rezzonico）,entity,units/places/ca-rezzonico,resolved_entity
ref-8f79910a38d6c42e,enr-07349,units/works/guglielmo-baur-view-of-villa-borghese-in-1630,value,,0,古列尔莫·鲍尔,entity,units/persons/guglielmo-baur,resolved_entity
ref-c792505ac6268b4b,enr-07349,units/works/guglielmo-baur-view-of-villa-borghese-in-1630,cells,1,0,古列尔莫·鲍尔,entity,units/persons/guglielmo-baur,resolved_entity
ref-682870ca2f40dd26,enr-07350,units/works/guglielmo-baur-view-of-villa-borghese-in-1630,value,,0,博尔盖塞别墅,entity,units/places/villa-borghese,resolved_entity
ref-1f55bfb4b9929d10,enr-07350,units/works/guglielmo-baur-view-of-villa-borghese-in-1630,cells,1,0,博尔盖塞别墅,entity,units/places/villa-borghese,resolved_entity
ref-014e82d6991c42db,enr-07351,units/works/guglielmo-baur-view-of-villa-borghese-in-1630,value,,0,博尔盖塞别墅,entity,units/places/villa-borghese,resolved_entity
ref-283d847807622603,enr-07351,units/works/guglielmo-baur-view-of-villa-borghese-in-1630,cells,1,0,博尔盖塞别墅,entity,units/places/villa-borghese,resolved_entity
ref-5fad6d919129c73c,enr-07352,units/works/guglielmo-baur-view-of-villa-borghese-in-1630,value,,0,罗马,entity,units/places/rome,resolved_entity
ref-5de5e50e323f4994,enr-07352,units/works/guglielmo-baur-view-of-villa-borghese-in-1630,cells,1,0,罗马,entity,units/places/rome,resolved_entity
ref-f21d53f1f56cef4d,enr-07358,units/works/guglielmo-baur-view-of-villa-borghese-in-1630,value,,0,博尔盖塞美术馆,entity,units/institutions/galleria-borghese,resolved_entity
ref-d99fb300457f4c63,enr-07358,units/works/guglielmo-baur-view-of-villa-borghese-in-1630,cells,1,0,博尔盖塞美术馆,entity,units/institutions/galleria-borghese,resolved_entity
ref-6d0df6861dd2e735,enr-07363,units/works/guido-abbatini-frontispiece-of-aedes-barberinae-ad-quirinalem,value,,0,圭多·阿巴蒂尼,entity,units/persons/guido-abbatini,resolved_entity
ref-aa5b7bada4dc03fa,enr-07363,units/works/guido-abbatini-frontispiece-of-aedes-barberinae-ad-quirinalem,cells,1,0,圭多·阿巴蒂尼,entity,units/persons/guido-abbatini,resolved_entity
ref-6c7a951d2cead8de,enr-07364,units/works/guido-abbatini-frontispiece-of-aedes-barberinae-ad-quirinalem,value,,0,奎里纳尔山的巴贝里尼宫,entity,units/archives/aedes-barberinae-ad-quirinalem,resolved_entity
ref-f02b95699f7ddadd,enr-07364,units/works/guido-abbatini-frontispiece-of-aedes-barberinae-ad-quirinalem,cells,1,0,奎里纳尔山的巴贝里尼宫,entity,units/archives/aedes-barberinae-ad-quirinalem,resolved_entity
ref-3226ff8315f7b566,enr-07365,units/works/guido-abbatini-frontispiece-of-aedes-barberinae-ad-quirinalem,value,,0,吉罗拉莫·泰蒂,entity,units/persons/girolamo-teti,resolved_entity
ref-e6e17980afd2192a,enr-07365,units/works/guido-abbatini-frontispiece-of-aedes-barberinae-ad-quirinalem,cells,1,0,吉罗拉莫·泰蒂,entity,units/persons/girolamo-teti,resolved_entity
ref-2d077381e84b5a7f,enr-07366,units/works/guido-abbatini-frontispiece-of-aedes-barberinae-ad-quirinalem,value,,0,巴贝里尼宫,entity,units/places/palazzo-barberini,resolved_entity
ref-d0134b66cc96f52a,enr-07366,units/works/guido-abbatini-frontispiece-of-aedes-barberinae-ad-quirinalem,cells,1,0,巴贝里尼宫,entity,units/places/palazzo-barberini,resolved_entity
ref-ff3e450fb05332a2,enr-07367,units/works/guido-abbatini-frontispiece-of-aedes-barberinae-ad-quirinalem,value,,0,罗马,entity,units/places/rome,resolved_entity
ref-54eb44f3507ae2f9,enr-07367,units/works/guido-abbatini-frontispiece-of-aedes-barberinae-ad-quirinalem,cells,1,0,罗马,entity,units/places/rome,resolved_entity
ref-1e4a391179ada613,enr-07369,units/works/guido-abbatini-frontispiece-of-aedes-barberinae-ad-quirinalem,value,,0,剑桥大学图书馆,entity,units/institutions/university-library-cambridge,resolved_entity
ref-2fe25e2be281cb60,enr-07369,units/works/guido-abbatini-frontispiece-of-aedes-barberinae-ad-quirinalem,cells,1,0,剑桥大学图书馆,entity,units/institutions/university-library-cambridge,resolved_entity
ref-04fc7aaeba91a8c6,enr-07373,units/works/guido-cagnacci-death-of-cleopatra,value,,0,圭多·卡尼亚奇,entity,units/persons/guido-cagnacci,resolved_entity
ref-67dd4df49a2de2d0,enr-07373,units/works/guido-cagnacci-death-of-cleopatra,cells,1,0,圭多·卡尼亚奇,entity,units/persons/guido-cagnacci,resolved_entity
ref-09ccec8dcf57f42a,enr-07374,units/works/guido-cagnacci-death-of-cleopatra,value,,0,维也纳艺术史博物馆,entity,units/institutions/kunsthistorisches-museum,resolved_entity
ref-ba57f04041467122,enr-07374,units/works/guido-cagnacci-death-of-cleopatra,cells,1,0,维也纳艺术史博物馆,entity,units/institutions/kunsthistorisches-museum,resolved_entity
ref-415f498b99d33e97,enr-07375,units/works/guido-cagnacci-death-of-cleopatra,value,,0,维也纳,entity,units/places/vienna,resolved_entity
ref-b78061c8a694b918,enr-07375,units/works/guido-cagnacci-death-of-cleopatra,cells,1,0,维也纳,entity,units/places/vienna,resolved_entity
ref-47b5f7600b5e313f,enr-13163,units/works/guido-cagnacci-death-of-cleopatra,value,,0,A. Villani e Figli,entity,units/institutions/a-villani-e-figli,resolved_entity
ref-4e2e32ac683c21b2,enr-13163,units/works/guido-cagnacci-death-of-cleopatra,cells,1,0,A. Villani e Figli,entity,units/institutions/a-villani-e-figli,resolved_entity
ref-2241127c63235d15,enr-07381,units/works/la-monarchia-latina-trionfante,value,,0,歌剧《拉丁君权凯旋》的极乐世界,entity,units/works/burnacini-the-elysian-fields,resolved_entity
ref-a891a7000bc8be79,enr-07381,units/works/la-monarchia-latina-trionfante,cells,1,0,歌剧《拉丁君权凯旋》的极乐世界,entity,units/works/burnacini-the-elysian-fields,resolved_entity
ref-fa04e5e430c6240e,enr-07382,units/works/la-monarchia-latina-trionfante,value,,0,尼科洛·米纳托,entity,units/persons/nicolo-minato,resolved_entity
ref-f401a25cb19242f4,enr-07382,units/works/la-monarchia-latina-trionfante,cells,1,0,尼科洛·米纳托,entity,units/persons/nicolo-minato,resolved_entity
ref-ec70d1f3817559a0,enr-07383,units/works/la-monarchia-latina-trionfante,value,,0,安东尼奥·德拉吉,entity,units/persons/antonio-draghi,resolved_entity
ref-62fc86ef24a78da8,enr-07383,units/works/la-monarchia-latina-trionfante,cells,1,0,安东尼奥·德拉吉,entity,units/persons/antonio-draghi,resolved_entity
ref-814be0c45a905de3,enr-13164,units/works/la-monarchia-latina-trionfante,value,,0,约翰·海因里希·施梅尔策,entity,units/persons/johann-heinrich-schmelzer,resolved_entity
ref-07a59f6a1fae70e5,enr-13164,units/works/la-monarchia-latina-trionfante,cells,1,0,约翰·海因里希·施梅尔策,entity,units/persons/johann-heinrich-schmelzer,resolved_entity
ref-3e4853ade573ad00,enr-07385,units/works/la-monarchia-latina-trionfante,value,,0,布尔纳奇尼,entity,units/persons/burnacini,resolved_entity
ref-aec2316748c3e306,enr-07385,units/works/la-monarchia-latina-trionfante,cells,1,0,布尔纳奇尼,entity,units/persons/burnacini,resolved_entity
ref-2c219d06c7e16859,enr-13166,units/works/la-monarchia-latina-trionfante,value,,0,科尔蒂纳剧院,entity,units/places/theater-auf-der-cortina,resolved_entity
ref-97f2daf620070d93,enr-13166,units/works/la-monarchia-latina-trionfante,cells,1,0,科尔蒂纳剧院,entity,units/places/theater-auf-der-cortina,resolved_entity
ref-27f53d029fbb57cb,enr-13167,units/works/la-monarchia-latina-trionfante,value,,0,维也纳,entity,units/places/vienna,resolved_entity
ref-2bc19746887906f3,enr-13167,units/works/la-monarchia-latina-trionfante,cells,1,0,维也纳,entity,units/places/vienna,resolved_entity
ref-9d4820f8f9d7b8fc,enr-07406,units/works/marco-pitteri-flaminio-corner,value,,0,马尔科·阿尔维塞·皮泰里,entity,units/persons/marco-pitteri,resolved_entity
ref-f8a5c297a0c381b5,enr-07406,units/works/marco-pitteri-flaminio-corner,cells,1,0,马尔科·阿尔维塞·皮泰里,entity,units/persons/marco-pitteri,resolved_entity
ref-fa37e4cd51af0c9c,enr-07407,units/works/marco-pitteri-flaminio-corner,value,,0,朱塞佩·安杰利,entity,units/persons/giuseppe-angeli,resolved_entity
ref-b3f1ce2184331f19,enr-07407,units/works/marco-pitteri-flaminio-corner,cells,1,0,朱塞佩·安杰利,entity,units/persons/giuseppe-angeli,resolved_entity
ref-9b3406d2987adc38,enr-07408,units/works/marco-pitteri-flaminio-corner,value,,0,弗拉米尼奥·科尔内尔,entity,units/persons/flaminio-corner,resolved_entity
ref-063fb66debfd5c88,enr-07408,units/works/marco-pitteri-flaminio-corner,cells,1,0,弗拉米尼奥·科尔内尔,entity,units/persons/flaminio-corner,resolved_entity
ref-811e4c9499da51c9,enr-07412,units/works/marco-ricci-an-operatic-rehearsal,value,,0,马尔科·里奇,entity,units/persons/marco-ricci,resolved_entity
ref-dd7c78d8596bfb1e,enr-07412,units/works/marco-ricci-an-operatic-rehearsal,cells,1,0,马尔科·里奇,entity,units/persons/marco-ricci,resolved_entity
ref-875c86fadf68abe7,enr-07413,units/works/marco-ricci-an-operatic-rehearsal,value,,0,沃特金·威廉斯-温,entity,units/persons/watkin-williams-wynn,resolved_entity
ref-2bba638c00380014,enr-07413,units/works/marco-ricci-an-operatic-rehearsal,cells,1,0,沃特金·威廉斯-温,entity,units/persons/watkin-williams-wynn,resolved_entity
ref-71ceca4beb01e7a7,enr-07414,units/works/marco-ricci-an-operatic-rehearsal,value,,0,圣阿萨夫,entity,units/places/st-asaph,resolved_entity
ref-35a2ab8b22d66dbc,enr-07414,units/works/marco-ricci-an-operatic-rehearsal,cells,1,0,圣阿萨夫,entity,units/places/st-asaph,resolved_entity
ref-567785eb9b2cb721,enr-07415,units/works/marco-ricci-an-operatic-rehearsal,value,,0,皇家艺术研究院（Royal Academy of Arts）,entity,units/institutions/royal-academy,resolved_entity
ref-159ad6d2f83403f7,enr-07415,units/works/marco-ricci-an-operatic-rehearsal,cells,1,0,皇家艺术研究院（Royal Academy of Arts）,entity,units/institutions/royal-academy,resolved_entity
ref-39d00c3b887c34f5,enr-07419,units/works/marco-ricci-village-scene,value,,0,马尔科·里奇,entity,units/persons/marco-ricci,resolved_entity
ref-0fbd712314876cc9,enr-07419,units/works/marco-ricci-village-scene,cells,1,0,马尔科·里奇,entity,units/persons/marco-ricci,resolved_entity
ref-48cde4273d76a0db,enr-07420,units/works/marco-ricci-village-scene,value,,0,巴尔托洛齐,entity,units/persons/bartolozzi,resolved_entity
ref-75e40f835869d6c4,enr-07420,units/works/marco-ricci-village-scene,cells,1,0,巴尔托洛齐,entity,units/persons/bartolozzi,resolved_entity
ref-edbe822d2ab8011f,enr-07424,units/works/marieschi-picture-exhibition-at-church-of-s-rocco,value,,0,米凯莱·马里耶斯基,entity,units/persons/marieschi,resolved_entity
ref-f435f13f98be1eb7,enr-07424,units/works/marieschi-picture-exhibition-at-church-of-s-rocco,cells,1,0,米凯莱·马里耶斯基,entity,units/persons/marieschi,resolved_entity
ref-ac88f682d6337f52,enr-07425,units/works/marieschi-picture-exhibition-at-church-of-s-rocco,value,,0,圣洛克堂（威尼斯）,entity,units/places/church-of-s-rocco,resolved_entity
ref-b255322d70e5a968,enr-07425,units/works/marieschi-picture-exhibition-at-church-of-s-rocco,cells,1,0,圣洛克堂（威尼斯）,entity,units/places/church-of-s-rocco,resolved_entity
ref-c388c824f76f47a3,enr-07426,units/works/marieschi-picture-exhibition-at-church-of-s-rocco,value,,0,威尼斯,entity,units/places/venice,resolved_entity
ref-aaf1d1373f547b6b,enr-07426,units/works/marieschi-picture-exhibition-at-church-of-s-rocco,cells,1,0,威尼斯,entity,units/places/venice,resolved_entity
ref-b974d3d0adcfcf72,enr-07431,units/works/marieschi-picture-exhibition-at-church-of-s-rocco,value,,0,斯特恩父子摄影商号,entity,units/institutions/stearn-and-son,resolved_entity
ref-be1a9144cc7f3885,enr-07431,units/works/marieschi-picture-exhibition-at-church-of-s-rocco,cells,1,0,斯特恩父子摄影商号,entity,units/institutions/stearn-and-son,resolved_entity
ref-f4257aa2c0af5205,enr-07435,units/works/massimo-stanzione-jerome-bankes,value,,0,马西莫·斯坦齐奥内,entity,units/persons/massimo-stanzione,resolved_entity
ref-04d9fba51b46bff7,enr-07435,units/works/massimo-stanzione-jerome-bankes,cells,1,0,马西莫·斯坦齐奥内,entity,units/persons/massimo-stanzione,resolved_entity
ref-d665709fd23900fb,enr-07436,units/works/massimo-stanzione-jerome-bankes,value,,0,杰罗姆·班克斯,entity,units/persons/jerome-bankes,resolved_entity
ref-c649e465e3aac907,enr-07436,units/works/massimo-stanzione-jerome-bankes,cells,1,0,杰罗姆·班克斯,entity,units/persons/jerome-bankes,resolved_entity
ref-b930f4a627cc2418,enr-07437,units/works/massimo-stanzione-jerome-bankes,value,,0,拉尔夫·班克斯,entity,units/persons/ralph-bankes,resolved_entity
ref-698f40f492b15934,enr-07437,units/works/massimo-stanzione-jerome-bankes,cells,1,0,拉尔夫·班克斯,entity,units/persons/ralph-bankes,resolved_entity
ref-a7c262a2fd280682,enr-07438,units/works/massimo-stanzione-jerome-bankes,value,,0,金斯顿莱西庄园,entity,units/places/kingston-lacy,resolved_entity
ref-e0c8f3ea37880985,enr-07438,units/works/massimo-stanzione-jerome-bankes,cells,1,0,金斯顿莱西庄园,entity,units/places/kingston-lacy,resolved_entity
ref-6d8c737026ff4dba,enr-13174,units/works/massimo-stanzione-jerome-bankes,value,,0,那不勒斯（Naples）,entity,units/places/naples,resolved_entity
ref-94a26db74cc82fd8,enr-13174,units/works/massimo-stanzione-jerome-bankes,cells,1,0,那不勒斯（Naples）,entity,units/places/naples,resolved_entity
ref-a686e89bc83627f8,enr-13178,units/works/massimo-stanzione-jerome-bankes,value,,0,拉尔夫·班克斯爵士,entity,units/persons/ralph-bankes-1631-1677,resolved_entity
ref-b5eaa9db39b27023,enr-13178,units/works/massimo-stanzione-jerome-bankes,cells,1,0,拉尔夫·班克斯爵士,entity,units/persons/ralph-bankes-1631-1677,resolved_entity
ref-f00cd5e4c2cdb932,enr-13179,units/works/massimo-stanzione-jerome-bankes,value,,0,英国国民信托,entity,units/institutions/national-trust,resolved_entity
ref-2a9d45dfd085df83,enr-13179,units/works/massimo-stanzione-jerome-bankes,cells,1,0,英国国民信托,entity,units/institutions/national-trust,resolved_entity
ref-1a8b78dfc1889d6c,enr-07447,units/works/massimo-stanzione-jerome-bankes,value,,0,皇家艺术研究院（Royal Academy of Arts）,entity,units/institutions/royal-academy,resolved_entity
ref-e9a92f77e6dc63c3,enr-07447,units/works/massimo-stanzione-jerome-bankes,cells,1,0,皇家艺术研究院（Royal Academy of Arts）,entity,units/institutions/royal-academy,resolved_entity
ref-4682b356718ea141,enr-13181,units/works/mazarin-gallery-vault-decoration,value,,0,朱尔·马扎然,entity,units/persons/mazarin,resolved_entity
ref-f7b072869c4a6c83,enr-13181,units/works/mazarin-gallery-vault-decoration,cells,1,0,朱尔·马扎然,entity,units/persons/mazarin,resolved_entity
ref-42e927d17687ccdb,enr-07452,units/works/mazarin-gallery-vault-decoration,value,,0,乔万尼·弗朗切斯科·罗马内利,entity,units/persons/romanelli,resolved_entity
ref-e245844ae196eb40,enr-07452,units/works/mazarin-gallery-vault-decoration,cells,1,0,乔万尼·弗朗切斯科·罗马内利,entity,units/persons/romanelli,resolved_entity
ref-1e39c6484592f314,enr-13182,units/works/mazarin-gallery-vault-decoration,value,,0,保罗·吉斯蒙迪,entity,units/persons/paolo-gismondi,resolved_entity
ref-7bdb114c3c9a8c6c,enr-13182,units/works/mazarin-gallery-vault-decoration,cells,1,0,保罗·吉斯蒙迪,entity,units/persons/paolo-gismondi,resolved_entity
ref-eed14cb3c2dee748,enr-13183,units/works/mazarin-gallery-vault-decoration,value,,0,奥塔维亚诺·奥托维亚尼,entity,units/persons/ottaviano-ottoviani,resolved_entity
ref-8d8b34a132c84b5d,enr-13183,units/works/mazarin-gallery-vault-decoration,cells,1,0,奥塔维亚诺·奥托维亚尼,entity,units/persons/ottaviano-ottoviani,resolved_entity
ref-f170a74cc99846d4,enr-07455,units/works/mazarin-gallery-vault-decoration,value,,0,马扎然画廊,entity,units/places/galerie-mazarin,resolved_entity
ref-6a062c32a8cc6781,enr-07455,units/works/mazarin-gallery-vault-decoration,cells,1,0,马扎然画廊,entity,units/places/galerie-mazarin,resolved_entity
ref-251240959212322c,enr-07462,units/works/michelangelo-cerquozzi-the-artist-with-a-group-of-friends,value,,0,米开朗基罗·切尔科齐,entity,units/persons/michelangelo-cerquozzi,resolved_entity
ref-d8321e456f0d8dab,enr-07462,units/works/michelangelo-cerquozzi-the-artist-with-a-group-of-friends,cells,1,0,米开朗基罗·切尔科齐,entity,units/persons/michelangelo-cerquozzi,resolved_entity
ref-fcf31dc964bc517b,enr-07463,units/works/michelangelo-cerquozzi-the-artist-with-a-group-of-friends,value,,0,米开朗基罗·切尔科齐,entity,units/persons/michelangelo-cerquozzi,resolved_entity
ref-ebdee72febcb5b0f,enr-07463,units/works/michelangelo-cerquozzi-the-artist-with-a-group-of-friends,cells,1,0,米开朗基罗·切尔科齐,entity,units/persons/michelangelo-cerquozzi,resolved_entity
ref-b91686878568cdd7,enr-07464,units/works/michelangelo-cerquozzi-the-artist-with-a-group-of-friends,value,,0,卡塞尔艺术收藏机构,entity,units/institutions/kunstsammlungen-kassel,resolved_entity
ref-02412f7821ab3c74,enr-07464,units/works/michelangelo-cerquozzi-the-artist-with-a-group-of-friends,cells,1,0,卡塞尔艺术收藏机构,entity,units/institutions/kunstsammlungen-kassel,resolved_entity
ref-cec74dac5ce8efc9,enr-07465,units/works/michelangelo-cerquozzi-the-artist-with-a-group-of-friends,value,,0,卡塞尔,entity,units/places/kassel,resolved_entity
ref-30c52cf103838f8b,enr-07465,units/works/michelangelo-cerquozzi-the-artist-with-a-group-of-friends,cells,1,0,卡塞尔,entity,units/places/kassel,resolved_entity
ref-bc1bdfa369aa3837,enr-13191,units/works/michelangelo-cerquozzi-the-artist-with-a-group-of-friends,value,,0,威廉高地宫博物馆,entity,units/institutions/museum-schloss-wilhelmshoehe,resolved_entity
ref-d5d112640a4a7181,enr-13191,units/works/michelangelo-cerquozzi-the-artist-with-a-group-of-friends,cells,1,0,威廉高地宫博物馆,entity,units/institutions/museum-schloss-wilhelmshoehe,resolved_entity
ref-90d3330b4cd56c23,enr-13192,units/works/michelangelo-cerquozzi-the-artist-with-a-group-of-friends,value,,0,尼科洛·西莫内利,entity,units/persons/simonelli,resolved_entity
ref-a6a1f32398589d20,enr-13192,units/works/michelangelo-cerquozzi-the-artist-with-a-group-of-friends,cells,1,0,尼科洛·西莫内利,entity,units/persons/simonelli,resolved_entity
ref-9fc6b60f866c4f7c,enr-07476,units/works/michelangelo-cerquozzi-the-revolt-of-masaniello,value,,0,米开朗基罗·切尔科齐,entity,units/persons/michelangelo-cerquozzi,resolved_entity
ref-5751f2a4ec23345c,enr-07476,units/works/michelangelo-cerquozzi-the-revolt-of-masaniello,cells,1,0,米开朗基罗·切尔科齐,entity,units/persons/michelangelo-cerquozzi,resolved_entity
ref-15e7ec44c267b926,enr-07477,units/works/michelangelo-cerquozzi-the-revolt-of-masaniello,value,,0,斯帕达美术馆,entity,units/institutions/galleria-spada,resolved_entity
ref-10ce81a3ff249c15,enr-07477,units/works/michelangelo-cerquozzi-the-revolt-of-masaniello,cells,1,0,斯帕达美术馆,entity,units/institutions/galleria-spada,resolved_entity
ref-6f9b5f63b47876fa,enr-07478,units/works/michelangelo-cerquozzi-the-revolt-of-masaniello,value,,0,罗马,entity,units/places/rome,resolved_entity
ref-08978983b3bfab4f,enr-07478,units/works/michelangelo-cerquozzi-the-revolt-of-masaniello,cells,1,0,罗马,entity,units/places/rome,resolved_entity
ref-6137bb4d81372373,enr-13197,units/works/michelangelo-cerquozzi-the-revolt-of-masaniello,value,,0,罗马,entity,units/places/rome,resolved_entity
ref-db92eb9afe1d8415,enr-13197,units/works/michelangelo-cerquozzi-the-revolt-of-masaniello,cells,1,0,罗马,entity,units/places/rome,resolved_entity
ref-5a21455c0e7d143b,enr-07487,units/works/michelangelo-cerquozzi-the-revolt-of-masaniello,value,,0,维尔吉利奥·斯帕达,entity,units/persons/virgilio-spada,resolved_entity
ref-abc81edc58887c92,enr-07487,units/works/michelangelo-cerquozzi-the-revolt-of-masaniello,cells,1,0,维尔吉利奥·斯帕达,entity,units/persons/virgilio-spada,resolved_entity
ref-eb5aad87bda388d3,enr-07488,units/works/michelangelo-cerquozzi-the-revolt-of-masaniello,value,,0,维维亚诺·科达齐,entity,units/persons/viviano-codazzi,resolved_entity
ref-05f4d72335bc14ff,enr-07488,units/works/michelangelo-cerquozzi-the-revolt-of-masaniello,cells,1,0,维维亚诺·科达齐,entity,units/persons/viviano-codazzi,resolved_entity
ref-da21d42a3cec5e16,enr-13198,units/works/michelangelo-cerquozzi-the-revolt-of-masaniello,value,,0,斯帕达宫,entity,units/places/palazzo-spada,resolved_entity
ref-dfb986599b17c9f5,enr-13198,units/works/michelangelo-cerquozzi-the-revolt-of-masaniello,cells,1,0,斯帕达宫,entity,units/places/palazzo-spada,resolved_entity
ref-f6cf805154a5ae33,enr-13200,units/works/michelangelo-cerquozzi-the-revolt-of-masaniello,value,,0,维尔吉利奥·斯帕达,entity,units/persons/virgilio-spada,resolved_entity
ref-9734fbbf4bd9b1c8,enr-13200,units/works/michelangelo-cerquozzi-the-revolt-of-masaniello,cells,1,0,维尔吉利奥·斯帕达,entity,units/persons/virgilio-spada,resolved_entity
ref-098c35aa0179e178,enr-07495,units/works/michelangelo-cerquozzi-women-s-bath,value,,0,米开朗基罗·切尔科齐,entity,units/persons/michelangelo-cerquozzi,resolved_entity
ref-0eba573d850356ac,enr-07495,units/works/michelangelo-cerquozzi-women-s-bath,cells,1,0,米开朗基罗·切尔科齐,entity,units/persons/michelangelo-cerquozzi,resolved_entity
ref-a69600ce2eaf1f52,enr-07496,units/works/michelangelo-cerquozzi-women-s-bath,value,,0,罗马,entity,units/places/rome,resolved_entity
ref-f839d6ca9d00d605,enr-07496,units/works/michelangelo-cerquozzi-women-s-bath,cells,1,0,罗马,entity,units/places/rome,resolved_entity
ref-72d25c1425a5c0d0,enr-07499,units/works/mola-air-valmontone,value,,0,瓦尔蒙托内四元素方案,entity,units/works/mola-four-elements-valmontone,resolved_entity
ref-be5ad2a715271397,enr-07499,units/works/mola-air-valmontone,cells,1,0,瓦尔蒙托内四元素方案,entity,units/works/mola-four-elements-valmontone,resolved_entity
ref-b9dd43b146857f3d,enr-13201,units/works/mola-air-valmontone,value,,0,Valmontone的Pamfili宫殿,entity,units/places/pamfili-country-house-valmontone,resolved_entity
ref-0386624cc269b3dc,enr-13201,units/works/mola-air-valmontone,cells,1,0,Valmontone的Pamfili宫殿,entity,units/places/pamfili-country-house-valmontone,resolved_entity
ref-1e60b39e7e4d5ff7,enr-13209,units/works/mola-four-elements-valmontone,value,,0,空气方案,entity,units/works/mola-air-valmontone,resolved_entity
ref-4fcfc7a7b1964502,enr-13209,units/works/mola-four-elements-valmontone,cells,1,0,空气方案,entity,units/works/mola-air-valmontone,resolved_entity
ref-163ab0a32f04774b,enr-07512,units/works/mola-four-elements-valmontone,value,,0,条款卡,entity,units/archives/mola-pamfili-contract-1657,resolved_entity
ref-e66855f3246fb7ab,enr-07512,units/works/mola-four-elements-valmontone,cells,1,0,条款卡,entity,units/archives/mola-pamfili-contract-1657,resolved_entity
ref-ceb40538fb7d73a2,enr-07517,units/works/mola-joint-caricature-of-simonelli-and-mola,value,,0,莫拉,entity,units/persons/pier-francesco-mola,resolved_entity
ref-e4db1717b9bbf0a8,enr-07517,units/works/mola-joint-caricature-of-simonelli-and-mola,cells,1,0,莫拉,entity,units/persons/pier-francesco-mola,resolved_entity
ref-b76d67defbfa3662,enr-07518,units/works/mola-joint-caricature-of-simonelli-and-mola,value,,0,西莫内利,entity,units/persons/simonelli,resolved_entity
ref-7b40a562ba20f2fd,enr-07518,units/works/mola-joint-caricature-of-simonelli-and-mola,cells,1,0,西莫内利,entity,units/persons/simonelli,resolved_entity
ref-6045d0cd14426b7b,enr-07519,units/works/mola-joint-caricature-of-simonelli-and-mola,value,,0,莫拉,entity,units/persons/pier-francesco-mola,resolved_entity
ref-30f8f26beacdd0dc,enr-07519,units/works/mola-joint-caricature-of-simonelli-and-mola,cells,1,0,莫拉,entity,units/persons/pier-francesco-mola,resolved_entity
ref-2e045b1c4bc1dc0c,enr-07520,units/works/mola-joint-caricature-of-simonelli-and-mola,value,,0,西莫内利,entity,units/persons/simonelli,resolved_entity
ref-c65f5dc41a02191d,enr-07520,units/works/mola-joint-caricature-of-simonelli-and-mola,cells,1,0,西莫内利,entity,units/persons/simonelli,resolved_entity
ref-cf6be96702928c76,enr-07521,units/works/mola-joint-caricature-of-simonelli-and-mola,value,,0,维塔莱·布洛赫,entity,units/persons/vitale-bloch,resolved_entity
ref-c3c96537c63f3b2f,enr-07521,units/works/mola-joint-caricature-of-simonelli-and-mola,cells,1,0,维塔莱·布洛赫,entity,units/persons/vitale-bloch,resolved_entity
ref-805bdef5c7459806,enr-07525,units/works/monument-to-doge-giovanni-pesaro,value,,0,乔瓦尼·佩萨罗,entity,units/persons/giovanni-pesaro,resolved_entity
ref-d37d58983652b5fa,enr-07525,units/works/monument-to-doge-giovanni-pesaro,cells,1,0,乔瓦尼·佩萨罗,entity,units/persons/giovanni-pesaro,resolved_entity
ref-cfd33957617ae290,enr-07526,units/works/monument-to-doge-giovanni-pesaro,value,,0,弗拉里教堂,entity,units/places/church-of-the-frari,resolved_entity
ref-67fcb7c068e62785,enr-07526,units/works/monument-to-doge-giovanni-pesaro,cells,1,0,弗拉里教堂,entity,units/places/church-of-the-frari,resolved_entity
ref-5f2965eeb9d1c018,enr-07527,units/works/monument-to-doge-giovanni-pesaro,value,,0,威尼斯,entity,units/places/venice,resolved_entity
ref-aa910e88de7a22ae,enr-07527,units/works/monument-to-doge-giovanni-pesaro,cells,1,0,威尼斯,entity,units/places/venice,resolved_entity
ref-88130c7ccfded061,enr-13216,units/works/monument-to-doge-giovanni-pesaro,value,,0,Ditta Osvaldo Böhm,entity,units/institutions/osvaldo-bohm-photographic-publisher,resolved_entity
ref-17058448ff408bb7,enr-13216,units/works/monument-to-doge-giovanni-pesaro,cells,1,0,Ditta Osvaldo Böhm,entity,units/institutions/osvaldo-bohm-photographic-publisher,resolved_entity
ref-1039e7b4c1fa4793,enr-13218,units/works/monument-to-doge-giovanni-pesaro,value,,0,Leonardo Pesaro,entity,units/persons/leonardo-pesaro-commissioner,resolved_entity
ref-3040c8b55ffd4c21,enr-13218,units/works/monument-to-doge-giovanni-pesaro,cells,1,0,Leonardo Pesaro,entity,units/persons/leonardo-pesaro-commissioner,resolved_entity
ref-ba05c19d5cdb6f22,enr-07533,units/works/monument-to-doge-giovanni-pesaro,value,,0,Baldassarre Longhena,entity,units/persons/baldassare-longhena,resolved_entity
ref-b0ef6802e9479311,enr-07533,units/works/monument-to-doge-giovanni-pesaro,cells,1,0,Baldassarre Longhena,entity,units/persons/baldassare-longhena,resolved_entity
ref-45c8f4b18869714a,enr-13219,units/works/monument-to-doge-giovanni-pesaro,value,,0,Bernardo Falcone da Lugano,entity,units/persons/bernardo-falconi,resolved_entity
ref-dc44e515887340e8,enr-13219,units/works/monument-to-doge-giovanni-pesaro,value,,1,Melchior Barthel,entity,units/persons/melchior-barthel,resolved_entity
ref-5af994036d207703,enr-13219,units/works/monument-to-doge-giovanni-pesaro,cells,1,0,Bernardo Falcone da Lugano,entity,units/persons/bernardo-falconi,resolved_entity
ref-2b10ee509f9191d4,enr-13219,units/works/monument-to-doge-giovanni-pesaro,cells,1,1,Melchior Barthel,entity,units/persons/melchior-barthel,resolved_entity
ref-0e2050312d212767,enr-13220,units/works/monument-to-doge-giovanni-pesaro,value,,0,Josse de Corte,entity,units/persons/josse-de-corte,resolved_entity
ref-100657cff918a3fb,enr-13220,units/works/monument-to-doge-giovanni-pesaro,value,,1,Francesco Cavrioli,entity,units/persons/francesco-cavrioli,resolved_entity
ref-d8f240c77d0a8731,enr-13220,units/works/monument-to-doge-giovanni-pesaro,value,,2,Michele Fabris,entity,units/persons/michele-fabris,resolved_entity
ref-fdba42a91136357f,enr-13220,units/works/monument-to-doge-giovanni-pesaro,cells,1,0,Josse de Corte,entity,units/persons/josse-de-corte,resolved_entity
ref-b3bfcc1b18f3ace3,enr-13220,units/works/monument-to-doge-giovanni-pesaro,cells,1,1,Francesco Cavrioli,entity,units/persons/francesco-cavrioli,resolved_entity
ref-974b6ceaaae4e225,enr-13220,units/works/monument-to-doge-giovanni-pesaro,cells,1,2,Michele Fabris,entity,units/persons/michele-fabris,resolved_entity
ref-400b707ad77f439b,enr-07541,units/works/nanteuil-cardinal-mazarin-in-his-gallery,value,,0,南特伊,entity,units/persons/nanteuil,resolved_entity
ref-2a084a39cd720d40,enr-07541,units/works/nanteuil-cardinal-mazarin-in-his-gallery,cells,1,0,南特伊,entity,units/persons/nanteuil,resolved_entity
ref-da9c131ada2609b8,enr-07542,units/works/nanteuil-cardinal-mazarin-in-his-gallery,value,,0,马扎然,entity,units/persons/mazarin,resolved_entity
ref-2818239de3b59a71,enr-07542,units/works/nanteuil-cardinal-mazarin-in-his-gallery,cells,1,0,马扎然,entity,units/persons/mazarin,resolved_entity
ref-ce8b5a85a097d87c,enr-13225,units/works/nanteuil-cardinal-mazarin-in-his-gallery,value,,0,弗朗索瓦·肖沃,entity,units/persons/francois-chauveau,resolved_entity
ref-91f03b9631d48673,enr-13225,units/works/nanteuil-cardinal-mazarin-in-his-gallery,cells,1,0,弗朗索瓦·肖沃,entity,units/persons/francois-chauveau,resolved_entity
ref-4e39d55dc625f0b4,enr-13226,units/works/nanteuil-cardinal-mazarin-in-his-gallery,value,,0,皮埃尔·范·斯许彭,entity,units/persons/pierre-van-schuppen,resolved_entity
ref-ecdc0e9ed1b036b6,enr-13226,units/works/nanteuil-cardinal-mazarin-in-his-gallery,cells,1,0,皮埃尔·范·斯许彭,entity,units/persons/pierre-van-schuppen,resolved_entity
ref-4cee290f7decc455,enr-13227,units/works/nanteuil-cardinal-mazarin-in-his-gallery,value,,0,皮埃尔·米尼亚尔,entity,units/persons/pierre-mignard,resolved_entity
ref-c43aedd7bdb07095,enr-13227,units/works/nanteuil-cardinal-mazarin-in-his-gallery,cells,1,0,皮埃尔·米尼亚尔,entity,units/persons/pierre-mignard,resolved_entity
ref-a7b3f1f311805e01,enr-07549,units/works/nanteuil-cardinal-mazarin-in-his-gallery,value,,0,斯特恩父子摄影商号,entity,units/institutions/stearn-and-son,resolved_entity
ref-76613ceb55291f65,enr-07549,units/works/nanteuil-cardinal-mazarin-in-his-gallery,cells,1,0,斯特恩父子摄影商号,entity,units/institutions/stearn-and-son,resolved_entity
ref-b1ec368b4b24a9eb,enr-13230,units/works/nazari-equestrian-portrait-of-schulenburg,value,,0,巴托洛梅奥·纳扎里,entity,units/persons/b-nazari,resolved_entity
ref-2d3550ff01c1ea14,enr-13230,units/works/nazari-equestrian-portrait-of-schulenburg,cells,1,0,巴托洛梅奥·纳扎里,entity,units/persons/b-nazari,resolved_entity
ref-52f6fe3951b64a71,enr-13231,units/works/nazari-equestrian-portrait-of-schulenburg,value,,0,舒伦堡,entity,units/persons/marshal-schulenburg,resolved_entity
ref-d7519bdddcf04d18,enr-13231,units/works/nazari-equestrian-portrait-of-schulenburg,cells,1,0,舒伦堡,entity,units/persons/marshal-schulenburg,resolved_entity
ref-d086106f65a21bda,enr-13232,units/works/nazari-equestrian-portrait-of-schulenburg,value,,0,舒伦堡,entity,units/persons/marshal-schulenburg,resolved_entity
ref-99259f94ad67f7dc,enr-13232,units/works/nazari-equestrian-portrait-of-schulenburg,cells,1,0,舒伦堡,entity,units/persons/marshal-schulenburg,resolved_entity
ref-d19a7654c816b74c,enr-07561,units/works/niccolo-bambini-allegory-of-venice,value,,0,尼科洛·班比尼,entity,units/persons/niccolo-bambini,resolved_entity
ref-c29734f96a525e9b,enr-07561,units/works/niccolo-bambini-allegory-of-venice,cells,1,0,尼科洛·班比尼,entity,units/persons/niccolo-bambini,resolved_entity
ref-7a4b4ca41f250c97,enr-07562,units/works/niccolo-bambini-allegory-of-venice,value,,0,佩萨罗宫,entity,units/places/ca-pesaro,resolved_entity
ref-983374f174838ddd,enr-07562,units/works/niccolo-bambini-allegory-of-venice,cells,1,0,佩萨罗宫,entity,units/places/ca-pesaro,resolved_entity
ref-7c29ab9c731491ca,enr-07563,units/works/niccolo-bambini-allegory-of-venice,value,,0,威尼斯,entity,units/places/venice,resolved_entity
ref-57dfb5af428b2f7f,enr-07563,units/works/niccolo-bambini-allegory-of-venice,cells,1,0,威尼斯,entity,units/places/venice,resolved_entity
ref-6de8e5a5d2beb870,enr-07567,units/works/orazio-gentileschi-public-felicity-triumphant-over-dangers,value,,0,奥拉齐奥·真蒂莱斯基,entity,units/persons/orazio-gentileschi,resolved_entity
ref-b1fb402f173e1ffe,enr-07567,units/works/orazio-gentileschi-public-felicity-triumphant-over-dangers,cells,1,0,奥拉齐奥·真蒂莱斯基,entity,units/persons/orazio-gentileschi,resolved_entity
ref-600523c53114e79d,enr-07568,units/works/orazio-gentileschi-public-felicity-triumphant-over-dangers,value,,0,卢浮宫博物馆,entity,units/institutions/louvre-museum,resolved_entity
ref-e0a0797f328cfd9d,enr-07568,units/works/orazio-gentileschi-public-felicity-triumphant-over-dangers,cells,1,0,卢浮宫博物馆,entity,units/institutions/louvre-museum,resolved_entity
ref-3197c20839278b51,enr-13235,units/works/orazio-gentileschi-public-felicity-triumphant-over-dangers,value,,0,Agraci — Arts Graphiques de la Cité,entity,units/institutions/agraci,resolved_entity
ref-b30f1767a378b175,enr-13235,units/works/orazio-gentileschi-public-felicity-triumphant-over-dangers,cells,1,0,Agraci — Arts Graphiques de la Cité,entity,units/institutions/agraci,resolved_entity
ref-7b2daede6f8d1995,enr-07573,units/works/ottavio-leoni-cardinal-francesco-barberini,value,,0,奥塔维奥·莱奥尼,entity,units/persons/ottavio-leoni,resolved_entity
ref-e696d41bf0aa41fc,enr-07573,units/works/ottavio-leoni-cardinal-francesco-barberini,cells,1,0,奥塔维奥·莱奥尼,entity,units/persons/ottavio-leoni,resolved_entity
ref-1bc9484cabe53ade,enr-07574,units/works/ottavio-leoni-cardinal-francesco-barberini,value,,0,弗朗切斯科·巴贝里尼,entity,units/persons/francesco-barberini,resolved_entity
ref-c478b79066d745b0,enr-07574,units/works/ottavio-leoni-cardinal-francesco-barberini,cells,1,0,弗朗切斯科·巴贝里尼,entity,units/persons/francesco-barberini,resolved_entity
ref-20809d4c9dfc4232,enr-07575,units/works/ottavio-leoni-cardinal-francesco-barberini,value,,0,剑桥特纳摄影商号,entity,units/institutions/turners-of-cambridge,resolved_entity
ref-b6ccda0b0837ab9f,enr-07575,units/works/ottavio-leoni-cardinal-francesco-barberini,cells,1,0,剑桥特纳摄影商号,entity,units/institutions/turners-of-cambridge,resolved_entity
ref-4b966a8a1fcb3110,enr-07579,units/works/ottavio-leoni-paolo-giordano-orsini-duke-of-bracciano,value,,0,奥塔维奥·莱奥尼,entity,units/persons/ottavio-leoni,resolved_entity
ref-9cb7b7b72defc636,enr-07579,units/works/ottavio-leoni-paolo-giordano-orsini-duke-of-bracciano,cells,1,0,奥塔维奥·莱奥尼,entity,units/persons/ottavio-leoni,resolved_entity
ref-6fb509ce1ffbd50e,enr-07580,units/works/ottavio-leoni-paolo-giordano-orsini-duke-of-bracciano,value,,0,保罗·乔尔达诺·奥尔西尼,entity,units/persons/paolo-giordano-orsini,resolved_entity
ref-55a33c7779234752,enr-07580,units/works/ottavio-leoni-paolo-giordano-orsini-duke-of-bracciano,cells,1,0,保罗·乔尔达诺·奥尔西尼,entity,units/persons/paolo-giordano-orsini,resolved_entity
ref-d83b9009029c3c78,enr-07581,units/works/ottavio-leoni-paolo-giordano-orsini-duke-of-bracciano,value,,0,剑桥特纳摄影商号,entity,units/institutions/turners-of-cambridge,resolved_entity
ref-b684c6c4712ff2d4,enr-07581,units/works/ottavio-leoni-paolo-giordano-orsini-duke-of-bracciano,cells,1,0,剑桥特纳摄影商号,entity,units/institutions/turners-of-cambridge,resolved_entity
ref-ae6020c6bf248593,enr-07597,units/works/p-van-bleek-owen-mcswiny,value,,0,彼得·范·布莱克,entity,units/persons/p-van-bleek,resolved_entity
ref-32feddf454fc2249,enr-07597,units/works/p-van-bleek-owen-mcswiny,cells,1,0,彼得·范·布莱克,entity,units/persons/p-van-bleek,resolved_entity
ref-f38b1ebbb4864fd5,enr-07598,units/works/p-van-bleek-owen-mcswiny,value,,0,欧文·麦克斯温尼,entity,units/persons/owen-mcswiny,resolved_entity
ref-adeb079f2887c8db,enr-07598,units/works/p-van-bleek-owen-mcswiny,cells,1,0,欧文·麦克斯温尼,entity,units/persons/owen-mcswiny,resolved_entity
ref-3dafca86e1865a6a,enr-07599,units/works/p-van-bleek-owen-mcswiny,value,,0,国家肖像馆,entity,units/institutions/national-portrait-gallery,resolved_entity
ref-0cf729094c5b57c1,enr-07599,units/works/p-van-bleek-owen-mcswiny,cells,1,0,国家肖像馆,entity,units/institutions/national-portrait-gallery,resolved_entity
ref-8bcb54f5a49634ff,enr-07603,units/works/paolo-de-matteis-the-choice-of-hercules,value,,0,保罗·德·马泰伊斯,entity,units/persons/paolo-de-matteis,resolved_entity
ref-d0b238e5abc879af,enr-07603,units/works/paolo-de-matteis-the-choice-of-hercules,cells,1,0,保罗·德·马泰伊斯,entity,units/persons/paolo-de-matteis,resolved_entity
ref-33caa17839c7c95f,enr-07604,units/works/paolo-de-matteis-the-choice-of-hercules,value,,0,坦普尔纽萨姆庄园,entity,units/places/temple-newsam,resolved_entity
ref-a2c02efd27d6d837,enr-07604,units/works/paolo-de-matteis-the-choice-of-hercules,cells,1,0,坦普尔纽萨姆庄园,entity,units/places/temple-newsam,resolved_entity
ref-6aad06b9efbcefbb,enr-07605,units/works/paolo-de-matteis-the-choice-of-hercules,value,,0,利兹,entity,units/places/leeds,resolved_entity
ref-1c49ec779554f1b5,enr-07605,units/works/paolo-de-matteis-the-choice-of-hercules,cells,1,0,利兹,entity,units/places/leeds,resolved_entity
ref-0bd73100f50ed013,enr-07611,units/works/pellegrini-allegory-of-the-education-of-the-crown-prince-of-the-palatinate,value,,0,乔瓦尼·安东尼奥·佩莱格里尼,entity,units/persons/pellegrini,resolved_entity
ref-648b9648080187b9,enr-07611,units/works/pellegrini-allegory-of-the-education-of-the-crown-prince-of-the-palatinate,cells,1,0,乔瓦尼·安东尼奥·佩莱格里尼,entity,units/persons/pellegrini,resolved_entity
ref-d6c046cb66604ab7,enr-07612,units/works/pellegrini-allegory-of-the-education-of-the-crown-prince-of-the-palatinate,value,,0,普法尔茨,entity,units/places/palatinate,resolved_entity
ref-ef0a9c2a3f6177b8,enr-07612,units/works/pellegrini-allegory-of-the-education-of-the-crown-prince-of-the-palatinate,cells,1,0,普法尔茨,entity,units/places/palatinate,resolved_entity
ref-0cb322dad9e16ed0,enr-07613,units/works/pellegrini-allegory-of-the-education-of-the-crown-prince-of-the-palatinate,value,,0,巴伐利亚国家绘画收藏机构,entity,units/institutions/bayerischen-staatsgemaldesammlungen,resolved_entity
ref-5c2963a7b8ba7d66,enr-07613,units/works/pellegrini-allegory-of-the-education-of-the-crown-prince-of-the-palatinate,cells,1,0,巴伐利亚国家绘画收藏机构,entity,units/institutions/bayerischen-staatsgemaldesammlungen,resolved_entity
ref-2ee95894d3408f47,enr-07614,units/works/pellegrini-allegory-of-the-education-of-the-crown-prince-of-the-palatinate,value,,0,慕尼黑,entity,units/places/munich,resolved_entity
ref-3cd8f2fbdc3e6d20,enr-07614,units/works/pellegrini-allegory-of-the-education-of-the-crown-prince-of-the-palatinate,cells,1,0,慕尼黑,entity,units/places/munich,resolved_entity
ref-56ede116d2138f3d,enr-13251,units/works/pellegrini-allegory-of-the-education-of-the-crown-prince-of-the-palatinate,value,,0,约翰·威廉（Johann Wilhelm）,entity,units/persons/johann-wilhelm-elector-palatine,resolved_entity
ref-c06e143161a64626,enr-13251,units/works/pellegrini-allegory-of-the-education-of-the-crown-prince-of-the-palatinate,cells,1,0,约翰·威廉（Johann Wilhelm）,entity,units/persons/johann-wilhelm-elector-palatine,resolved_entity
ref-a97b2bd7dcfa168c,enr-13252,units/works/pellegrini-allegory-of-the-education-of-the-crown-prince-of-the-palatinate,value,,0,杜塞尔多夫选侯画廊（Galerie Düsseldorf）,entity,units/institutions/dusseldorf-electoral-picture-gallery,resolved_entity
ref-0e217944ac79f336,enr-13252,units/works/pellegrini-allegory-of-the-education-of-the-crown-prince-of-the-palatinate,cells,1,0,杜塞尔多夫选侯画廊（Galerie Düsseldorf）,entity,units/institutions/dusseldorf-electoral-picture-gallery,resolved_entity
ref-b86af1c9e37fc4ae,enr-13253,units/works/pellegrini-allegory-of-the-education-of-the-crown-prince-of-the-palatinate,value,,0,老绘画陈列馆（Alte Pinakothek）,entity,units/institutions/alte-pinakothek,resolved_entity
ref-d38d30bab8168630,enr-13253,units/works/pellegrini-allegory-of-the-education-of-the-crown-prince-of-the-palatinate,value,,1,巴伐利亚国家绘画收藏机构,entity,units/institutions/bayerischen-staatsgemaldesammlungen,resolved_entity
ref-5a56f4755339b661,enr-13253,units/works/pellegrini-allegory-of-the-education-of-the-crown-prince-of-the-palatinate,cells,1,0,老绘画陈列馆（Alte Pinakothek）,entity,units/institutions/alte-pinakothek,resolved_entity
ref-6fc763dfe1232040,enr-13253,units/works/pellegrini-allegory-of-the-education-of-the-crown-prince-of-the-palatinate,cells,1,1,巴伐利亚国家绘画收藏机构,entity,units/institutions/bayerischen-staatsgemaldesammlungen,resolved_entity
ref-b6cd2690f09ad069,enr-07626,units/works/pellegrini-pierre-motteux-and-his-family,value,,0,乔瓦尼·安东尼奥·佩莱格里尼,entity,units/persons/pellegrini,resolved_entity
ref-4f24604eab57c209,enr-07626,units/works/pellegrini-pierre-motteux-and-his-family,cells,1,0,乔瓦尼·安东尼奥·佩莱格里尼,entity,units/persons/pellegrini,resolved_entity
ref-8bdeaa45b94e81d2,enr-07627,units/works/pellegrini-pierre-motteux-and-his-family,value,,0,彼得·安东尼·莫特,entity,units/persons/pierre-motteux,resolved_entity
ref-387e31d42e1e767e,enr-07627,units/works/pellegrini-pierre-motteux-and-his-family,cells,1,0,彼得·安东尼·莫特,entity,units/persons/pierre-motteux,resolved_entity
ref-a655b3a6d09626da,enr-07628,units/works/pellegrini-pierre-motteux-and-his-family,value,,0,大英博物馆,entity,units/institutions/british-museum,resolved_entity
ref-87c52891643b2c18,enr-07628,units/works/pellegrini-pierre-motteux-and-his-family,cells,1,0,大英博物馆,entity,units/institutions/british-museum,resolved_entity
ref-d3e2fa9b04df1451,enr-13263,units/works/pellegrini-pierre-motteux-and-his-family,value,,0,大英博物馆（British Museum）,entity,units/institutions/british-museum,resolved_entity
ref-e09c0b3699c484c6,enr-13263,units/works/pellegrini-pierre-motteux-and-his-family,cells,1,0,大英博物馆（British Museum）,entity,units/institutions/british-museum,resolved_entity
ref-b5851e0a504b7e8f,enr-13267,units/works/piazzetta-female-head-in-profile-milan,value,,0,乔万尼·巴蒂斯塔·皮亚泽塔,entity,units/persons/piazzetta,resolved_entity
ref-c51b05b11eef8ffa,enr-13267,units/works/piazzetta-female-head-in-profile-milan,cells,1,0,乔万尼·巴蒂斯塔·皮亚泽塔,entity,units/persons/piazzetta,resolved_entity
ref-d9c8528bb1142412,enr-13275,units/works/piazzetta-female-head-in-profile-milan,value,,0,斯福尔扎城堡素描室,entity,units/institutions/gabinetto-dei-disegni-castello-sforzesco,resolved_entity
ref-73ca07f3b5250421,enr-13275,units/works/piazzetta-female-head-in-profile-milan,cells,1,0,斯福尔扎城堡素描室,entity,units/institutions/gabinetto-dei-disegni-castello-sforzesco,resolved_entity
ref-8094e3b37026f579,enr-13276,units/works/piazzetta-female-head-in-profile-milan,value,,0,科隆《田园》,entity,units/works/piazzetta-idyll,resolved_entity
ref-fbda6ea0f2b4c292,enr-13276,units/works/piazzetta-female-head-in-profile-milan,cells,1,0,科隆《田园》,entity,units/works/piazzetta-idyll,resolved_entity
ref-abacfb8d4166c0cf,enr-13277,units/works/piazzetta-final-plate-of-illustrations-to-gerusalemme-liberata,value,,0,乔万尼·巴蒂斯塔·皮亚泽塔,entity,units/persons/piazzetta,resolved_entity
ref-5368f547e161e4ef,enr-13277,units/works/piazzetta-final-plate-of-illustrations-to-gerusalemme-liberata,cells,1,0,乔万尼·巴蒂斯塔·皮亚泽塔,entity,units/persons/piazzetta,resolved_entity
ref-da88719769781870,enr-07655,units/works/piazzetta-final-plate-of-illustrations-to-gerusalemme-liberata,value,,0,乔万尼·巴蒂斯塔·皮亚泽塔,entity,units/persons/piazzetta,resolved_entity
ref-9ee75800b6f71184,enr-07655,units/works/piazzetta-final-plate-of-illustrations-to-gerusalemme-liberata,cells,1,0,乔万尼·巴蒂斯塔·皮亚泽塔,entity,units/persons/piazzetta,resolved_entity
ref-6ead84f98de6078c,enr-13278,units/works/piazzetta-final-plate-of-illustrations-to-gerusalemme-liberata,value,,0,乔万尼·巴蒂斯塔·阿尔布里齐,entity,units/persons/albrizzi,resolved_entity
ref-3626dddb457e112b,enr-13278,units/works/piazzetta-final-plate-of-illustrations-to-gerusalemme-liberata,cells,1,0,乔万尼·巴蒂斯塔·阿尔布里齐,entity,units/persons/albrizzi,resolved_entity
ref-f9131c02d0ad5a8f,enr-07657,units/works/piazzetta-final-plate-of-illustrations-to-gerusalemme-liberata,value,,0,《耶路撒冷解放》插图本（1745）,entity,units/archives/gerusalemme-liberata-illustrations-1745,resolved_entity
ref-039949bb316d922b,enr-07657,units/works/piazzetta-final-plate-of-illustrations-to-gerusalemme-liberata,cells,1,0,《耶路撒冷解放》插图本（1745）,entity,units/archives/gerusalemme-liberata-illustrations-1745,resolved_entity
ref-ca203b72507c651e,enr-13279,units/works/piazzetta-final-plate-of-illustrations-to-gerusalemme-liberata,value,,0,乔万尼·巴蒂斯塔·阿尔布里齐,entity,units/persons/albrizzi,resolved_entity
ref-0e85b0dd4845588d,enr-13279,units/works/piazzetta-final-plate-of-illustrations-to-gerusalemme-liberata,cells,1,0,乔万尼·巴蒂斯塔·阿尔布里齐,entity,units/persons/albrizzi,resolved_entity
ref-029ed378fd0aa1c8,enr-07660,units/works/piazzetta-final-plate-of-illustrations-to-gerusalemme-liberata,value,,0,剑桥大学图书馆,entity,units/institutions/university-library-cambridge,resolved_entity
ref-9f77b6c8ef65c842,enr-07660,units/works/piazzetta-final-plate-of-illustrations-to-gerusalemme-liberata,cells,1,0,剑桥大学图书馆,entity,units/institutions/university-library-cambridge,resolved_entity
ref-2bb233ec4666ff98,enr-07665,units/works/piazzetta-idyll,value,,0,皮亚泽塔,entity,units/persons/piazzetta,resolved_entity
ref-0c0c1afaac49e49d,enr-07665,units/works/piazzetta-idyll,cells,1,0,皮亚泽塔,entity,units/persons/piazzetta,resolved_entity
ref-1abab728dac666a0,enr-07666,units/works/piazzetta-idyll,value,,0,瓦尔拉夫—里夏茨博物馆,entity,units/institutions/wallraf-richartz-museum,resolved_entity
ref-4240ea1173558bc2,enr-07666,units/works/piazzetta-idyll,cells,1,0,瓦尔拉夫—里夏茨博物馆,entity,units/institutions/wallraf-richartz-museum,resolved_entity
ref-9da3869bd4678d0d,enr-07667,units/works/piazzetta-idyll,value,,0,科隆,entity,units/places/cologne,resolved_entity
ref-2f6e875b504bc537,enr-07667,units/works/piazzetta-idyll,cells,1,0,科隆,entity,units/places/cologne,resolved_entity
ref-9a83c3f5d8acbd2d,enr-13285,units/works/piazzetta-idyll,value,,0,舒伦堡元帅,entity,units/persons/marshal-schulenburg,resolved_entity
ref-ce733eef7ca0862d,enr-13285,units/works/piazzetta-idyll,cells,1,0,舒伦堡元帅,entity,units/persons/marshal-schulenburg,resolved_entity
ref-9a276796aa077480,enr-13286,units/works/piazzetta-idyll,value,,0,芝加哥《田园场景》,entity,units/works/piazzetta-pastoral-scene-chicago,resolved_entity
ref-7ca4ecdc8110a092,enr-13286,units/works/piazzetta-idyll,cells,1,0,芝加哥《田园场景》,entity,units/works/piazzetta-pastoral-scene-chicago,resolved_entity
ref-25690d4cbd5d39fd,enr-07673,units/works/piazzetta-idyll,value,,0,皇家艺术研究院（Royal Academy of Arts）,entity,units/institutions/royal-academy,resolved_entity
ref-54feb2e5f6501480,enr-07673,units/works/piazzetta-idyll,cells,1,0,皇家艺术研究院（Royal Academy of Arts）,entity,units/institutions/royal-academy,resolved_entity
ref-fcf37c0adf3c05db,enr-07677,units/works/piazzetta-marshal-schulenburg,value,,0,皮亚泽塔,entity,units/persons/piazzetta,resolved_entity
ref-1b4a5094001879b0,enr-07677,units/works/piazzetta-marshal-schulenburg,cells,1,0,皮亚泽塔,entity,units/persons/piazzetta,resolved_entity
ref-261dbb3e8915d645,enr-07678,units/works/piazzetta-marshal-schulenburg,value,,0,舒伦堡元帅,entity,units/persons/marshal-schulenburg,resolved_entity
ref-c8ff145c08c4acc1,enr-07678,units/works/piazzetta-marshal-schulenburg,cells,1,0,舒伦堡元帅,entity,units/persons/marshal-schulenburg,resolved_entity
ref-b50ae907557f2983,enr-07679,units/works/piazzetta-marshal-schulenburg,value,,0,斯福尔扎城堡,entity,units/places/castello-sforzesco,resolved_entity
ref-2a8e6e9efffdb6c2,enr-07679,units/works/piazzetta-marshal-schulenburg,cells,1,0,斯福尔扎城堡,entity,units/places/castello-sforzesco,resolved_entity
ref-f71127972a5f3cc7,enr-07680,units/works/piazzetta-marshal-schulenburg,value,,0,米兰,entity,units/places/milan,resolved_entity
ref-daea12ee7bb3bea3,enr-07680,units/works/piazzetta-marshal-schulenburg,cells,1,0,米兰,entity,units/places/milan,resolved_entity
ref-835d7a28f5c43dff,enr-13294,units/works/piazzetta-marshal-schulenburg,value,,0,斯福尔扎城堡素描室,entity,units/institutions/gabinetto-dei-disegni-castello-sforzesco,resolved_entity
ref-109bb4f45d054a96,enr-13294,units/works/piazzetta-marshal-schulenburg,cells,1,0,斯福尔扎城堡素描室,entity,units/institutions/gabinetto-dei-disegni-castello-sforzesco,resolved_entity
ref-985b481383cdcd01,enr-13297,units/works/piazzetta-pastoral-scene-chicago,value,,0,乔万尼·巴蒂斯塔·皮亚泽塔,entity,units/persons/piazzetta,resolved_entity
ref-f9a125f692ebb03a,enr-13297,units/works/piazzetta-pastoral-scene-chicago,cells,1,0,乔万尼·巴蒂斯塔·皮亚泽塔,entity,units/persons/piazzetta,resolved_entity
ref-8075de55ecdc1e12,enr-07698,units/works/piazzetta-pastoral-scene-chicago,value,,0,舒伦堡元帅,entity,units/persons/marshal-schulenburg,resolved_entity
ref-dfdced76b9b696bf,enr-07698,units/works/piazzetta-pastoral-scene-chicago,cells,1,0,舒伦堡元帅,entity,units/persons/marshal-schulenburg,resolved_entity
ref-8ab0a3a2b3e93e24,enr-13304,units/works/piazzetta-pastoral-scene-chicago,value,,0,芝加哥艺术博物馆,entity,units/institutions/art-institute-of-chicago,resolved_entity
ref-181b1eaa63749e3c,enr-13304,units/works/piazzetta-pastoral-scene-chicago,cells,1,0,芝加哥艺术博物馆,entity,units/institutions/art-institute-of-chicago,resolved_entity
ref-d6dc4c720606bccb,enr-13305,units/works/piazzetta-pastoral-scene-chicago,value,,0,科隆《田园》,entity,units/works/piazzetta-idyll,resolved_entity
ref-7eecc03f2993a89a,enr-13305,units/works/piazzetta-pastoral-scene-chicago,cells,1,0,科隆《田园》,entity,units/works/piazzetta-idyll,resolved_entity
ref-35d9c509b47fbd67,enr-13306,units/works/pietro-antonio-novelli-frontispiece-to-vol-2-of-goldoni-opere,value,,0,皮埃特罗·安东尼奥·诺韦利,entity,units/persons/pietro-antonio-novelli,resolved_entity
ref-0ecd252d43e36493,enr-13306,units/works/pietro-antonio-novelli-frontispiece-to-vol-2-of-goldoni-opere,cells,1,0,皮埃特罗·安东尼奥·诺韦利,entity,units/persons/pietro-antonio-novelli,resolved_entity
ref-55fbfff3565043d1,enr-13307,units/works/pietro-antonio-novelli-frontispiece-to-vol-2-of-goldoni-opere,value,,0,卡洛·戈尔多尼,entity,units/persons/goldoni,resolved_entity
ref-d66f1d59f2904005,enr-13307,units/works/pietro-antonio-novelli-frontispiece-to-vol-2-of-goldoni-opere,cells,1,0,卡洛·戈尔多尼,entity,units/persons/goldoni,resolved_entity
ref-940558fb7b7b0e69,enr-13308,units/works/pietro-antonio-novelli-frontispiece-to-vol-2-of-goldoni-opere,value,,0,乔万尼·巴蒂斯塔·帕斯夸利,entity,units/persons/pasquali,resolved_entity
ref-669982121032cae5,enr-13308,units/works/pietro-antonio-novelli-frontispiece-to-vol-2-of-goldoni-opere,cells,1,0,乔万尼·巴蒂斯塔·帕斯夸利,entity,units/persons/pasquali,resolved_entity
ref-6ee904031464f05f,enr-13309,units/works/pietro-antonio-novelli-frontispiece-to-vol-2-of-goldoni-opere,value,,0,《喜剧集》第二卷（帕斯夸利版，标年1761）,entity,units/archives/goldoni-opere-vol-2-1761,resolved_entity
ref-ec6e558f6e00c6da,enr-13309,units/works/pietro-antonio-novelli-frontispiece-to-vol-2-of-goldoni-opere,cells,1,0,《喜剧集》第二卷（帕斯夸利版，标年1761）,entity,units/archives/goldoni-opere-vol-2-1761,resolved_entity
ref-cb1e9009cc417c60,enr-07714,units/works/pietro-da-cortona-glorification-of-the-reign-of-urban-viii,value,,0,皮耶特罗·达·科尔托纳,entity,units/persons/pietro-da-cortona,resolved_entity
ref-1085cc890454775d,enr-07714,units/works/pietro-da-cortona-glorification-of-the-reign-of-urban-viii,cells,1,0,皮耶特罗·达·科尔托纳,entity,units/persons/pietro-da-cortona,resolved_entity
ref-f39cf43cf934b86c,enr-07715,units/works/pietro-da-cortona-glorification-of-the-reign-of-urban-viii,value,,0,乌尔班八世,entity,units/persons/urbano-viii,resolved_entity
ref-8497f1628afac6a7,enr-07715,units/works/pietro-da-cortona-glorification-of-the-reign-of-urban-viii,cells,1,0,乌尔班八世,entity,units/persons/urbano-viii,resolved_entity
ref-9c5fd54097fd63bb,enr-07716,units/works/pietro-da-cortona-glorification-of-the-reign-of-urban-viii,value,,0,巴贝里尼宫,entity,units/places/palazzo-barberini,resolved_entity
ref-61e0b8c54353fa89,enr-07716,units/works/pietro-da-cortona-glorification-of-the-reign-of-urban-viii,cells,1,0,巴贝里尼宫,entity,units/places/palazzo-barberini,resolved_entity
ref-f8cdb555700020f1,enr-07717,units/works/pietro-da-cortona-glorification-of-the-reign-of-urban-viii,value,,0,罗马,entity,units/places/rome,resolved_entity
ref-a3effdb90cbc175b,enr-07717,units/works/pietro-da-cortona-glorification-of-the-reign-of-urban-viii,cells,1,0,罗马,entity,units/places/rome,resolved_entity
ref-674bf1af93108af3,enr-07721,units/works/pietro-da-cortona-marcello-sacchetti,value,,0,皮耶特罗·达·科尔托纳,entity,units/persons/pietro-da-cortona,resolved_entity
ref-899fbae5fcfdacb2,enr-07721,units/works/pietro-da-cortona-marcello-sacchetti,cells,1,0,皮耶特罗·达·科尔托纳,entity,units/persons/pietro-da-cortona,resolved_entity
ref-31fa2c7ad12025c9,enr-07722,units/works/pietro-da-cortona-marcello-sacchetti,value,,0,马尔切洛·萨凯蒂,entity,units/persons/marcello-sacchetti,resolved_entity
ref-ec627c77169f13db,enr-07722,units/works/pietro-da-cortona-marcello-sacchetti,cells,1,0,马尔切洛·萨凯蒂,entity,units/persons/marcello-sacchetti,resolved_entity
ref-0522fefcf9e32479,enr-07723,units/works/pietro-da-cortona-marcello-sacchetti,value,,0,博尔盖塞别墅,entity,units/places/villa-borghese,resolved_entity
ref-e9813fd002dd455e,enr-07723,units/works/pietro-da-cortona-marcello-sacchetti,cells,1,0,博尔盖塞别墅,entity,units/places/villa-borghese,resolved_entity
ref-d469a7c4b21a8850,enr-07724,units/works/pietro-da-cortona-marcello-sacchetti,value,,0,罗马,entity,units/places/rome,resolved_entity
ref-5144bf095c8cd99d,enr-07724,units/works/pietro-da-cortona-marcello-sacchetti,cells,1,0,罗马,entity,units/places/rome,resolved_entity
ref-9807d5511395352b,enr-07728,units/works/pietro-da-cortona-rape-of-helen,value,,0,皮耶特罗·达·科尔托纳,entity,units/persons/pietro-da-cortona,resolved_entity
ref-f62ed26c972d0fac,enr-07728,units/works/pietro-da-cortona-rape-of-helen,cells,1,0,皮耶特罗·达·科尔托纳,entity,units/persons/pietro-da-cortona,resolved_entity
ref-36326136bbff7f6d,enr-07729,units/works/pietro-da-cortona-rape-of-helen,value,,0,罗马市美术委员办公室,entity,units/institutions/ufficio-dell-assessore-comunale-alle-belle-arti,resolved_entity
ref-6f5b05925b1ad28d,enr-07729,units/works/pietro-da-cortona-rape-of-helen,cells,1,0,罗马市美术委员办公室,entity,units/institutions/ufficio-dell-assessore-comunale-alle-belle-arti,resolved_entity
ref-c25c0332e3a15eb8,enr-07730,units/works/pietro-da-cortona-rape-of-helen,value,,0,罗马,entity,units/places/rome,resolved_entity
ref-5e346f6f3c1f06e0,enr-07730,units/works/pietro-da-cortona-rape-of-helen,cells,1,0,罗马,entity,units/places/rome,resolved_entity
ref-feda8865aa21c9fc,enr-07731,units/works/pietro-da-cortona-rape-of-helen,value,,0,国家摄影室,entity,units/institutions/gabinetto-fotografico-nazionale,resolved_entity
ref-3b0bc6dccecf2276,enr-07731,units/works/pietro-da-cortona-rape-of-helen,cells,1,0,国家摄影室,entity,units/institutions/gabinetto-fotografico-nazionale,resolved_entity
ref-27a7cd5b42c698f1,enr-07735,units/works/pietro-da-cortona-rape-of-the-sabines,value,,0,皮耶特罗·达·科尔托纳,entity,units/persons/pietro-da-cortona,resolved_entity
ref-d5b185d26ea3ba2f,enr-07735,units/works/pietro-da-cortona-rape-of-the-sabines,cells,1,0,皮耶特罗·达·科尔托纳,entity,units/persons/pietro-da-cortona,resolved_entity
ref-c41c8d89462096d8,enr-07736,units/works/pietro-da-cortona-rape-of-the-sabines,value,,0,卡比托利欧绘画馆,entity,units/institutions/pinacoteca-capitolina,resolved_entity
ref-af80c6bddd1c2648,enr-07736,units/works/pietro-da-cortona-rape-of-the-sabines,cells,1,0,卡比托利欧绘画馆,entity,units/institutions/pinacoteca-capitolina,resolved_entity
ref-90483524b9e42923,enr-07737,units/works/pietro-da-cortona-rape-of-the-sabines,value,,0,罗马,entity,units/places/rome,resolved_entity
ref-15c56562683e8f3d,enr-07737,units/works/pietro-da-cortona-rape-of-the-sabines,cells,1,0,罗马,entity,units/places/rome,resolved_entity
ref-44708a5229da1ad4,enr-13315,units/works/pietro-da-cortona-rape-of-the-sabines,value,,0,萨凯蒂家族收藏,entity,units/families/sacchetti-family,resolved_entity
ref-38a2575e1f7b322e,enr-13315,units/works/pietro-da-cortona-rape-of-the-sabines,cells,1,0,萨凯蒂家族收藏,entity,units/families/sacchetti-family,resolved_entity
ref-0d7ae1d7d38d8613,enr-07747,units/works/pietro-testa-joseph-sold-by-his-brothers,value,,0,皮埃特罗·泰斯塔,entity,units/persons/pietro-testa,resolved_entity
ref-6b52921709fb2000,enr-07747,units/works/pietro-testa-joseph-sold-by-his-brothers,cells,1,0,皮埃特罗·泰斯塔,entity,units/persons/pietro-testa,resolved_entity
ref-72914aa28b1ac4ef,enr-07748,units/works/pietro-testa-joseph-sold-by-his-brothers,value,,0,卡比托利欧绘画馆,entity,units/institutions/pinacoteca-capitolina,resolved_entity
ref-7554aa1e6356f599,enr-07748,units/works/pietro-testa-joseph-sold-by-his-brothers,cells,1,0,卡比托利欧绘画馆,entity,units/institutions/pinacoteca-capitolina,resolved_entity
ref-cf56f30c49aaf132,enr-07749,units/works/pietro-testa-joseph-sold-by-his-brothers,value,,0,罗马,entity,units/places/rome,resolved_entity
ref-f79097013e27b8be,enr-07749,units/works/pietro-testa-joseph-sold-by-his-brothers,cells,1,0,罗马,entity,units/places/rome,resolved_entity
ref-4ed07cba1efdca0e,enr-07753,units/works/pietro-testa-rest-on-the-flight-into-egypt,value,,0,皮埃特罗·泰斯塔,entity,units/persons/pietro-testa,resolved_entity
ref-8d7f1d1eaaace910,enr-07753,units/works/pietro-testa-rest-on-the-flight-into-egypt,cells,1,0,皮埃特罗·泰斯塔,entity,units/persons/pietro-testa,resolved_entity
ref-40044b6ddf2fdba8,enr-07755,units/works/pietro-testa-rest-on-the-flight-into-egypt,value,,0,剑桥特纳摄影商号,entity,units/institutions/turners-of-cambridge,resolved_entity
ref-b59ba0b2439e57c9,enr-07755,units/works/pietro-testa-rest-on-the-flight-into-egypt,cells,1,0,剑桥特纳摄影商号,entity,units/institutions/turners-of-cambridge,resolved_entity
ref-0f85700eb3931cb6,enr-13318,units/works/plague-at-ashdod-1631,value,,0,尼古拉·普桑（Nicolas Poussin）,entity,units/persons/nicolas-poussin,resolved_entity
ref-651903a950638443,enr-13318,units/works/plague-at-ashdod-1631,cells,1,0,尼古拉·普桑（Nicolas Poussin）,entity,units/persons/nicolas-poussin,resolved_entity
ref-27c426d49b596b17,enr-13319,units/works/plague-at-ashdod-1631,evidence,,0,异文记录,processing_record,patrons-and-painters-chp-1/process/knowledge.md#rev-072-works-plague-at-ashdod-1631,not_in_package
ref-1b5c1528736d0177,enr-13319,units/works/plague-at-ashdod-1631,cells,2,0,异文记录,processing_record,patrons-and-painters-chp-1/process/knowledge.md#rev-072-works-plague-at-ashdod-1631,not_in_package
ref-8324eef2d9143387,enr-13326,units/works/plague-at-ashdod-1631,value,,0,法布里齐奥·瓦尔瓜尔内拉（Fabrizio Valguarnera）,entity,units/persons/fabrizio-valguarnera,resolved_entity
ref-7b88aa0a5816e191,enr-13326,units/works/plague-at-ashdod-1631,cells,2,0,法布里齐奥·瓦尔瓜尔内拉（Fabrizio Valguarnera）,entity,units/persons/fabrizio-valguarnera,resolved_entity
ref-d36e7e9dd2d1ba91,enr-07787,units/works/pompeo-batoni-the-triumph-of-venice,value,,0,蓬佩奥·吉罗拉莫·巴托尼,entity,units/persons/pompeo-batoni,resolved_entity
ref-034419bb0446e305,enr-07787,units/works/pompeo-batoni-the-triumph-of-venice,cells,1,0,蓬佩奥·吉罗拉莫·巴托尼,entity,units/persons/pompeo-batoni,resolved_entity
ref-ae94dad64a324d86,enr-07788,units/works/pompeo-batoni-the-triumph-of-venice,value,,0,北卡罗来纳艺术博物馆,entity,units/institutions/north-carolina-museum-of-art,resolved_entity
ref-931ac75201d2e2ca,enr-07788,units/works/pompeo-batoni-the-triumph-of-venice,cells,1,0,北卡罗来纳艺术博物馆,entity,units/institutions/north-carolina-museum-of-art,resolved_entity
ref-fc0de6c91555d36c,enr-07789,units/works/pompeo-batoni-the-triumph-of-venice,value,,0,罗利,entity,units/places/raleigh,resolved_entity
ref-90b5976a432f1e62,enr-07789,units/works/pompeo-batoni-the-triumph-of-venice,cells,1,0,罗利,entity,units/places/raleigh,resolved_entity
ref-8ea4832be347f079,enr-07795,units/works/pompeo-batoni-the-triumph-of-venice,value,,0,马尔科·福斯卡里尼（Marco Foscarini）,entity,units/persons/marco-foscarini,resolved_entity
ref-ec109e134b9e7d9f,enr-07795,units/works/pompeo-batoni-the-triumph-of-venice,cells,1,0,马尔科·福斯卡里尼（Marco Foscarini）,entity,units/persons/marco-foscarini,resolved_entity
ref-cfb7dee299009fcf,enr-13345,units/works/pompeo-batoni-the-triumph-of-venice,value,,0,罗马（Rome）,entity,units/places/rome,resolved_entity
ref-f1ffeb57625b24eb,enr-13345,units/works/pompeo-batoni-the-triumph-of-venice,cells,1,0,罗马（Rome）,entity,units/places/rome,resolved_entity
ref-715f1cecac2e1d55,enr-13346,units/works/pompeo-batoni-the-triumph-of-venice,value,,0,威尼斯宫（Palazzo Venezia）,entity,units/places/palazzo-venezia,resolved_entity
ref-9bed704e80d8e255,enr-13346,units/works/pompeo-batoni-the-triumph-of-venice,cells,1,0,威尼斯宫（Palazzo Venezia）,entity,units/places/palazzo-venezia,resolved_entity
ref-d1eb76736d142dbf,enr-13347,units/works/pompeo-batoni-the-triumph-of-venice,value,,0,塞缪尔·H. 克雷斯基金会,entity,units/institutions/samuel-h-kress-foundation,resolved_entity
ref-bffe5f4039e75cd9,enr-13347,units/works/pompeo-batoni-the-triumph-of-venice,cells,1,0,塞缪尔·H. 克雷斯基金会,entity,units/institutions/samuel-h-kress-foundation,resolved_entity
ref-b6b9f0f1d84f06d0,enr-13348,units/works/pompeo-batoni-the-triumph-of-venice,value,,0,塞缪尔·H. 克雷斯基金会,entity,units/institutions/samuel-h-kress-foundation,resolved_entity
ref-2eb5e3bf75829531,enr-13348,units/works/pompeo-batoni-the-triumph-of-venice,cells,1,0,塞缪尔·H. 克雷斯基金会,entity,units/institutions/samuel-h-kress-foundation,resolved_entity
ref-f1c7abb8035121cd,enr-13349,units/works/pompeo-batoni-the-triumph-of-venice,value,,0,北卡罗来纳艺术博物馆,entity,units/institutions/north-carolina-museum-of-art,resolved_entity
ref-5888549100cd6082,enr-13349,units/works/pompeo-batoni-the-triumph-of-venice,cells,1,0,北卡罗来纳艺术博物馆,entity,units/institutions/north-carolina-museum-of-art,resolved_entity
ref-99d02fe4d80684e9,enr-07806,units/works/poussin-marriage,value,,0,普桑,entity,units/persons/nicolas-poussin,resolved_entity
ref-7661ea3bd5c30c42,enr-07806,units/works/poussin-marriage,cells,1,0,普桑,entity,units/persons/nicolas-poussin,resolved_entity
ref-d9fdfca0a9686b4e,enr-07807,units/works/poussin-marriage,value,,0,贝尔沃城堡,entity,units/places/belvoir-castle,resolved_entity
ref-31cbbe2216f8819b,enr-07807,units/works/poussin-marriage,cells,1,0,贝尔沃城堡,entity,units/places/belvoir-castle,resolved_entity
ref-20ae691425b81ed2,enr-07824,units/works/poussin-moses-trampling-on-pharaoh-s-crown,value,,0,普桑,entity,units/persons/nicolas-poussin,resolved_entity
ref-bea181a4f29b58eb,enr-07824,units/works/poussin-moses-trampling-on-pharaoh-s-crown,cells,1,0,普桑,entity,units/persons/nicolas-poussin,resolved_entity
ref-80776eebd303be96,enr-07825,units/works/poussin-moses-trampling-on-pharaoh-s-crown,value,,0,卢浮宫博物馆,entity,units/institutions/louvre-museum,resolved_entity
ref-b9e9700c59dc164d,enr-07825,units/works/poussin-moses-trampling-on-pharaoh-s-crown,cells,1,0,卢浮宫博物馆,entity,units/institutions/louvre-museum,resolved_entity
ref-1decd3d637d566e3,enr-13353,units/works/poussin-moses-trampling-on-pharaoh-s-crown,value,,0,Agraci — Arts Graphiques de la Cité,entity,units/institutions/agraci,resolved_entity
ref-6c3cd6cf9e5f13e5,enr-13353,units/works/poussin-moses-trampling-on-pharaoh-s-crown,cells,1,0,Agraci — Arts Graphiques de la Cité,entity,units/institutions/agraci,resolved_entity
ref-4c8c2dad8d6df677,enr-07845,units/works/rembrandt-aristotle-contemplating-the-bust-of-homer,value,,0,伦勃朗,entity,units/persons/rembrandt,resolved_entity
ref-4567c9255e6dee73,enr-07845,units/works/rembrandt-aristotle-contemplating-the-bust-of-homer,cells,1,0,伦勃朗,entity,units/persons/rembrandt,resolved_entity
ref-128ba2157557511f,enr-07846,units/works/rembrandt-aristotle-contemplating-the-bust-of-homer,value,,0,亚里士多德,entity,units/persons/aristotle,resolved_entity
ref-ab3b34481e83dee3,enr-07846,units/works/rembrandt-aristotle-contemplating-the-bust-of-homer,cells,1,0,亚里士多德,entity,units/persons/aristotle,resolved_entity
ref-d4a632aa9c14fd1d,enr-07847,units/works/rembrandt-aristotle-contemplating-the-bust-of-homer,value,,0,荷马,entity,units/persons/homer,resolved_entity
ref-76c39ea049ad9b9e,enr-07847,units/works/rembrandt-aristotle-contemplating-the-bust-of-homer,cells,1,0,荷马,entity,units/persons/homer,resolved_entity
ref-df4d96d48348d919,enr-07848,units/works/rembrandt-aristotle-contemplating-the-bust-of-homer,value,,0,大都会艺术博物馆,entity,units/institutions/metropolitan-museum-of-art,resolved_entity
ref-4a7f8cabc715f1e0,enr-07848,units/works/rembrandt-aristotle-contemplating-the-bust-of-homer,cells,1,0,大都会艺术博物馆,entity,units/institutions/metropolitan-museum-of-art,resolved_entity
ref-683be66d93cfc258,enr-07849,units/works/rembrandt-aristotle-contemplating-the-bust-of-homer,value,,0,纽约,entity,units/places/new-york,resolved_entity
ref-82d45e728d27d0b8,enr-07849,units/works/rembrandt-aristotle-contemplating-the-bust-of-homer,cells,1,0,纽约,entity,units/places/new-york,resolved_entity
ref-6181b729b833a879,enr-07877,units/works/ribera-the-drunken-silenus,value,,0,里贝拉,entity,units/persons/ribera,resolved_entity
ref-7c0d14251adbf4d7,enr-07877,units/works/ribera-the-drunken-silenus,cells,1,0,里贝拉,entity,units/persons/ribera,resolved_entity
ref-88ea085efaed1661,enr-07878,units/works/ribera-the-drunken-silenus,value,,0,卡波迪蒙特博物馆,entity,units/institutions/museo-di-capodimonte,resolved_entity
ref-dce7e328798db103,enr-07878,units/works/ribera-the-drunken-silenus,cells,1,0,卡波迪蒙特博物馆,entity,units/institutions/museo-di-capodimonte,resolved_entity
ref-2d71b27a22abf9d2,enr-07879,units/works/ribera-the-drunken-silenus,value,,0,那不勒斯,entity,units/places/naples,resolved_entity
ref-51af590fc1a2c9f4,enr-07879,units/works/ribera-the-drunken-silenus,cells,1,0,那不勒斯,entity,units/places/naples,resolved_entity
ref-cff399ec0f6986cd,enr-13363,units/works/ribera-the-drunken-silenus,value,,0,卡波迪蒙特博物馆,entity,units/institutions/museo-di-capodimonte,resolved_entity
ref-a7e900529da67f3d,enr-13363,units/works/ribera-the-drunken-silenus,cells,1,0,卡波迪蒙特博物馆,entity,units/institutions/museo-di-capodimonte,resolved_entity
ref-bb38d9d7302e247d,enr-07898,units/works/romanelli-romulus-and-remus,value,,0,罗马内利,entity,units/persons/romanelli,resolved_entity
ref-a7b54445baa14a58,enr-07898,units/works/romanelli-romulus-and-remus,cells,1,0,罗马内利,entity,units/persons/romanelli,resolved_entity
ref-2a7ee29e215302ee,enr-07899,units/works/romanelli-romulus-and-remus,value,,0,法国国家图书馆,entity,units/institutions/bibliotheque-nationale,resolved_entity
ref-315b8588b10d2d96,enr-07899,units/works/romanelli-romulus-and-remus,cells,1,0,法国国家图书馆,entity,units/institutions/bibliotheque-nationale,resolved_entity
ref-0636af0c5cb30452,enr-07900,units/works/romanelli-romulus-and-remus,value,,0,马扎然宫,entity,units/places/palais-mazarin,resolved_entity
ref-f2d22a72d952d55c,enr-07900,units/works/romanelli-romulus-and-remus,cells,1,0,马扎然宫,entity,units/places/palais-mazarin,resolved_entity
ref-5f54c7c48c5bc816,enr-13367,units/works/rosa-regulus-study-princeton,value,,0,萨尔瓦多·罗萨,entity,units/persons/salvator-rosa,resolved_entity
ref-fe62f30ef5a78156,enr-13367,units/works/rosa-regulus-study-princeton,cells,1,0,萨尔瓦多·罗萨,entity,units/persons/salvator-rosa,resolved_entity
ref-87ae5536ad91db47,enr-13373,units/works/rosa-regulus-study-princeton,value,,0,雷古鲁斯之死油画,entity,units/works/salvator-rosa-the-death-of-regulus,resolved_entity
ref-d418c35866bf612d,enr-13373,units/works/rosa-regulus-study-princeton,cells,1,0,雷古鲁斯之死油画,entity,units/works/salvator-rosa-the-death-of-regulus,resolved_entity
ref-99b5e7ccb3c25e78,enr-13374,units/works/rosa-regulus-study-princeton,value,,0,普林斯顿大学艺术博物馆,entity,units/institutions/princeton-university-art-museum,resolved_entity
ref-5cad0e4b212ef41c,enr-13374,units/works/rosa-regulus-study-princeton,cells,1,0,普林斯顿大学艺术博物馆,entity,units/institutions/princeton-university-art-museum,resolved_entity
ref-a2084a550bec61dc,enr-13376,units/works/rosa-regulus-study-princeton,value,,0,丹·费洛斯·普拉特,entity,units/persons/dan-fellows-platt,resolved_entity
ref-7068ffa758604683,enr-13376,units/works/rosa-regulus-study-princeton,cells,1,0,丹·费洛斯·普拉特,entity,units/persons/dan-fellows-platt,resolved_entity
ref-45abd811998d86cc,enr-07925,units/works/rubens-the-feast-of-herod,value,,0,鲁本斯,entity,units/persons/peter-paul-rubens,resolved_entity
ref-a20853e2fd60c1b5,enr-07925,units/works/rubens-the-feast-of-herod,cells,1,0,鲁本斯,entity,units/persons/peter-paul-rubens,resolved_entity
ref-75f17c7983c951fc,enr-07926,units/works/rubens-the-feast-of-herod,value,,0,苏格兰国家美术馆,entity,units/institutions/national-gallery-of-scotland,resolved_entity
ref-f29d3a73301169c9,enr-07926,units/works/rubens-the-feast-of-herod,cells,1,0,苏格兰国家美术馆,entity,units/institutions/national-gallery-of-scotland,resolved_entity
ref-3209cf12118f32de,enr-13384,units/works/rubens-the-feast-of-herod,value,,0,加斯帕尔·罗默,entity,units/persons/gaspar-roomer,resolved_entity
ref-9845cfeda949a6f9,enr-13384,units/works/rubens-the-feast-of-herod,cells,1,0,加斯帕尔·罗默,entity,units/persons/gaspar-roomer,resolved_entity
ref-9b2f46de65b5fa5c,enr-13385,units/works/rubens-the-feast-of-herod,value,,0,那不勒斯,entity,units/places/naples,resolved_entity
ref-993719603d4d19c1,enr-13385,units/works/rubens-the-feast-of-herod,cells,1,0,那不勒斯,entity,units/places/naples,resolved_entity
ref-bcad79ba3c200711,enr-07948,units/works/salvator-rosa-the-death-of-regulus,value,,0,萨尔瓦多·罗萨,entity,units/persons/salvator-rosa,resolved_entity
ref-ce068d166a2ba8fd,enr-07948,units/works/salvator-rosa-the-death-of-regulus,cells,1,0,萨尔瓦多·罗萨,entity,units/persons/salvator-rosa,resolved_entity
ref-e45f9275cbd5420d,enr-07949,units/works/salvator-rosa-the-death-of-regulus,value,,0,弗吉尼亚美术馆,entity,units/institutions/virginia-museum-of-fine-arts,resolved_entity
ref-f71600eb1706fe89,enr-07949,units/works/salvator-rosa-the-death-of-regulus,cells,1,0,弗吉尼亚美术馆,entity,units/institutions/virginia-museum-of-fine-arts,resolved_entity
ref-d674723f5d0bda46,enr-13400,units/works/salvator-rosa-the-death-of-regulus,value,,0,雷古鲁斯之死准备稿,entity,units/works/rosa-regulus-study-princeton,resolved_entity
ref-3d46e3973e50d05d,enr-13400,units/works/salvator-rosa-the-death-of-regulus,cells,1,0,雷古鲁斯之死准备稿,entity,units/works/rosa-regulus-study-princeton,resolved_entity
ref-30cda41b29825f60,enr-07961,units/works/sassoferrato-madonna-and-child,value,,0,萨索费拉托,entity,units/persons/sassoferrato,resolved_entity
ref-4e12ce31e133c476,enr-07961,units/works/sassoferrato-madonna-and-child,cells,1,0,萨索费拉托,entity,units/persons/sassoferrato,resolved_entity
ref-4e33919b09332237,enr-07962,units/works/sassoferrato-madonna-and-child,value,,0,罗马,entity,units/places/rome,resolved_entity
ref-9bf396499ece97a5,enr-07962,units/works/sassoferrato-madonna-and-child,cells,1,0,罗马,entity,units/places/rome,resolved_entity
ref-eee40fdb671ebcde,enr-07968,units/works/sassoferrato-madonna-of-the-rosary-with-saints-dominic-and-catherine,value,,0,萨索费拉托,entity,units/persons/sassoferrato,resolved_entity
ref-ac5b2460340b5fdd,enr-07968,units/works/sassoferrato-madonna-of-the-rosary-with-saints-dominic-and-catherine,cells,1,0,萨索费拉托,entity,units/persons/sassoferrato,resolved_entity
ref-93879d9fad92bb67,enr-07969,units/works/sassoferrato-madonna-of-the-rosary-with-saints-dominic-and-catherine,value,,0,圣撒比纳堂（罗马）,entity,units/places/s-sabina,resolved_entity
ref-17114b5c33822dc5,enr-07969,units/works/sassoferrato-madonna-of-the-rosary-with-saints-dominic-and-catherine,cells,1,0,圣撒比纳堂（罗马）,entity,units/places/s-sabina,resolved_entity
ref-2d5d0772a6d1648e,enr-07970,units/works/sassoferrato-madonna-of-the-rosary-with-saints-dominic-and-catherine,value,,0,罗马,entity,units/places/rome,resolved_entity
ref-ba7e5f9bba686987,enr-07970,units/works/sassoferrato-madonna-of-the-rosary-with-saints-dominic-and-catherine,cells,1,0,罗马,entity,units/places/rome,resolved_entity
ref-dcaccfd4c644e815,enr-13402,units/works/sassoferrato-madonna-of-the-rosary-with-saints-dominic-and-catherine,value,,0,奥林皮娅·阿尔多布兰迪尼,entity,units/persons/olimpia-aldobrandini,resolved_entity
ref-d16e51cac83c5f21,enr-13402,units/works/sassoferrato-madonna-of-the-rosary-with-saints-dominic-and-catherine,cells,1,0,奥林皮娅·阿尔多布兰迪尼,entity,units/persons/olimpia-aldobrandini,resolved_entity
ref-e3d1cbcd912916de,enr-13405,units/works/sassoferrato-madonna-of-the-rosary-with-saints-dominic-and-catherine,value,,0,圣撒比纳堂,entity,units/places/s-sabina,resolved_entity
ref-6637a14143328819,enr-13405,units/works/sassoferrato-madonna-of-the-rosary-with-saints-dominic-and-catherine,cells,1,0,圣撒比纳堂,entity,units/places/s-sabina,resolved_entity
ref-4e6cbadddc2e37a7,enr-13406,units/works/sassoferrato-madonna-of-the-rosary-with-saints-dominic-and-catherine,value,,0,埃尔奇小堂,entity,units/places/cappella-delci-santa-sabina,resolved_entity
ref-3bc97b7e78a6160b,enr-13406,units/works/sassoferrato-madonna-of-the-rosary-with-saints-dominic-and-catherine,cells,1,0,埃尔奇小堂,entity,units/places/cappella-delci-santa-sabina,resolved_entity
ref-f29d293ebcc3dfd6,enr-07980,units/works/sebastiano-ricci-pan-and-syrinx,value,,0,塞巴斯蒂亚诺·里奇,entity,units/persons/sebastiano-ricci,resolved_entity
ref-e7625570d69b250d,enr-07980,units/works/sebastiano-ricci-pan-and-syrinx,cells,1,0,塞巴斯蒂亚诺·里奇,entity,units/persons/sebastiano-ricci,resolved_entity
ref-dc510f4ac89c74b5,enr-07981,units/works/sebastiano-ricci-pan-and-syrinx,value,,0,皮蒂宫,entity,units/places/palazzo-pitti,resolved_entity
ref-609ae2e01e629355,enr-07981,units/works/sebastiano-ricci-pan-and-syrinx,cells,1,0,皮蒂宫,entity,units/places/palazzo-pitti,resolved_entity
ref-55736141889d6c6d,enr-07982,units/works/sebastiano-ricci-pan-and-syrinx,value,,0,佛罗伦萨,entity,units/places/florence,resolved_entity
ref-558cc55279c13c1a,enr-07982,units/works/sebastiano-ricci-pan-and-syrinx,cells,1,0,佛罗伦萨,entity,units/places/florence,resolved_entity
ref-4d3257bb3aed8374,enr-07984,units/works/sebastiano-ricci-pan-and-syrinx,value,,0,佛罗伦萨美术馆监管机构,entity,units/institutions/soprintendenza-alle-gallerie-florence,resolved_entity
ref-b8fc1c116a784e24,enr-07984,units/works/sebastiano-ricci-pan-and-syrinx,cells,1,0,佛罗伦萨美术馆监管机构,entity,units/institutions/soprintendenza-alle-gallerie-florence,resolved_entity
ref-d7ce8856ed146000,enr-07988,units/works/sebastiano-ricci-rape-of-europa,value,,0,塞巴斯蒂亚诺·里奇,entity,units/persons/sebastiano-ricci,resolved_entity
ref-21f773829d5ad5a0,enr-07988,units/works/sebastiano-ricci-rape-of-europa,cells,1,0,塞巴斯蒂亚诺·里奇,entity,units/persons/sebastiano-ricci,resolved_entity
ref-054bf72c1e91a8cb,enr-07989,units/works/sebastiano-ricci-rape-of-europa,value,,0,皮蒂宫,entity,units/places/palazzo-pitti,resolved_entity
ref-b892aa4638713908,enr-07989,units/works/sebastiano-ricci-rape-of-europa,cells,1,0,皮蒂宫,entity,units/places/palazzo-pitti,resolved_entity
ref-83cf700701f637e8,enr-07990,units/works/sebastiano-ricci-rape-of-europa,value,,0,佛罗伦萨,entity,units/places/florence,resolved_entity
ref-7f8e7799d8320121,enr-07990,units/works/sebastiano-ricci-rape-of-europa,cells,1,0,佛罗伦萨,entity,units/places/florence,resolved_entity
ref-1eaed6bde13f7de4,enr-07992,units/works/sebastiano-ricci-rape-of-europa,value,,0,佛罗伦萨美术馆监管机构,entity,units/institutions/soprintendenza-alle-gallerie-florence,resolved_entity
ref-8d2f943af07eb32f,enr-07992,units/works/sebastiano-ricci-rape-of-europa,cells,1,0,佛罗伦萨美术馆监管机构,entity,units/institutions/soprintendenza-alle-gallerie-florence,resolved_entity
ref-1f936d42c30df6c9,enr-07996,units/works/sebastiano-ricci-venus-and-adonis,value,,0,塞巴斯蒂亚诺·里奇,entity,units/persons/sebastiano-ricci,resolved_entity
ref-a9def58a374d8a6c,enr-07996,units/works/sebastiano-ricci-venus-and-adonis,cells,1,0,塞巴斯蒂亚诺·里奇,entity,units/persons/sebastiano-ricci,resolved_entity
ref-9c32db5e10b4e488,enr-07997,units/works/sebastiano-ricci-venus-and-adonis,value,,0,皮蒂宫,entity,units/places/palazzo-pitti,resolved_entity
ref-185ab36741349dc9,enr-07997,units/works/sebastiano-ricci-venus-and-adonis,cells,1,0,皮蒂宫,entity,units/places/palazzo-pitti,resolved_entity
ref-ea4a69606d6192d0,enr-07998,units/works/sebastiano-ricci-venus-and-adonis,value,,0,佛罗伦萨,entity,units/places/florence,resolved_entity
ref-2649cf079808520a,enr-07998,units/works/sebastiano-ricci-venus-and-adonis,cells,1,0,佛罗伦萨,entity,units/places/florence,resolved_entity
ref-62d0cf68f9bd4a01,enr-08000,units/works/sebastiano-ricci-venus-and-adonis,value,,0,佛罗伦萨美术馆监管机构,entity,units/institutions/soprintendenza-alle-gallerie-florence,resolved_entity
ref-783775118645c528,enr-08000,units/works/sebastiano-ricci-venus-and-adonis,cells,1,0,佛罗伦萨美术馆监管机构,entity,units/institutions/soprintendenza-alle-gallerie-florence,resolved_entity
ref-445716b635c5fad4,enr-08004,units/works/solimena-dido-and-aeneas,value,,0,索利梅纳,entity,units/persons/solimena,resolved_entity
ref-a283d5201c861459,enr-08004,units/works/solimena-dido-and-aeneas,cells,1,0,索利梅纳,entity,units/persons/solimena,resolved_entity
ref-095bb333d0b3826e,enr-08005,units/works/solimena-dido-and-aeneas,value,,0,布奥纳科尔西宫,entity,units/places/palazzo-buonaccorsi,resolved_entity
ref-d46cbe711620d101,enr-08005,units/works/solimena-dido-and-aeneas,cells,1,0,布奥纳科尔西宫,entity,units/places/palazzo-buonaccorsi,resolved_entity
ref-8f8e1eb298c830c1,enr-08006,units/works/solimena-dido-and-aeneas,value,,0,马切拉塔,entity,units/places/macerata,resolved_entity
ref-98da0e7e62a0aa96,enr-08006,units/works/solimena-dido-and-aeneas,cells,1,0,马切拉塔,entity,units/places/macerata,resolved_entity
ref-f72f66cc89362950,enr-13410,units/works/solimena-dido-and-aeneas,value,,0,那不勒斯（Naples）,entity,units/places/naples,resolved_entity
ref-bfb40d0ca1803379,enr-13410,units/works/solimena-dido-and-aeneas,cells,1,0,那不勒斯（Naples）,entity,units/places/naples,resolved_entity
ref-dfbcaf2a49980384,enr-13413,units/works/solimena-dido-and-aeneas,value,,0,雷蒙多·布奥纳科尔西伯爵,entity,units/persons/raimondo-buonaccorsi,resolved_entity
ref-00c0be4cfb910446,enr-13413,units/works/solimena-dido-and-aeneas,cells,1,0,雷蒙多·布奥纳科尔西伯爵,entity,units/persons/raimondo-buonaccorsi,resolved_entity
ref-0c64029aab0414a2,enr-13414,units/works/solimena-dido-and-aeneas,value,,0,埃涅阿斯画廊,entity,units/places/gallery-palazzo-buonaccorsi,resolved_entity
ref-f10798e62ca1ba5f,enr-13414,units/works/solimena-dido-and-aeneas,cells,1,0,埃涅阿斯画廊,entity,units/places/gallery-palazzo-buonaccorsi,resolved_entity
ref-c11db3e973ddff5e,enr-08016,units/works/solimena-dido-and-aeneas,value,,0,休斯敦美术馆,entity,units/institutions/museum-of-fine-arts-houston,resolved_entity
ref-efad5429c45d3b32,enr-08016,units/works/solimena-dido-and-aeneas,cells,1,0,休斯敦美术馆,entity,units/institutions/museum-of-fine-arts-houston,resolved_entity
ref-e78440bfa2cceb17,enr-13417,units/works/tiepolo-banquet-cognacq-jay,value,,0,乔万巴蒂斯塔·提埃坡罗（Giambattista Tiepolo）,entity,units/persons/giambattista-tiepolo,resolved_entity
ref-fd19711e789792e1,enr-13417,units/works/tiepolo-banquet-cognacq-jay,cells,1,0,乔万巴蒂斯塔·提埃坡罗（Giambattista Tiepolo）,entity,units/persons/giambattista-tiepolo,resolved_entity
ref-73ad223f95179600,enr-08023,units/works/tiepolo-banquet-cognacq-jay,value,,0,科涅克—杰博物馆,entity,units/institutions/musee-cognacq-jay,resolved_entity
ref-6960f7294a7066f0,enr-08023,units/works/tiepolo-banquet-cognacq-jay,cells,1,0,科涅克—杰博物馆,entity,units/institutions/musee-cognacq-jay,resolved_entity
ref-fb22b6f5777e64bc,enr-08024,units/works/tiepolo-banquet-cognacq-jay,value,,0,巴黎,entity,units/places/paris,resolved_entity
ref-61cd1310fc90b415,enr-08024,units/works/tiepolo-banquet-cognacq-jay,cells,1,0,巴黎,entity,units/places/paris,resolved_entity
ref-c114a935b89ecb1b,enr-13423,units/works/tiepolo-banquet-cognacq-jay,value,,0,墨尔本藏本,entity,units/works/tiepolo-banquet-victoria,resolved_entity
ref-b2793ae840f6b792,enr-13423,units/works/tiepolo-banquet-cognacq-jay,cells,1,0,墨尔本藏本,entity,units/works/tiepolo-banquet-victoria,resolved_entity
ref-0227195884335b5a,enr-13426,units/works/tiepolo-banquet-cognacq-jay,value,,0,泰奥多尔—埃内斯特·科涅克,entity,units/persons/ernest-cognacq,resolved_entity
ref-b2bd27093f4080d9,enr-13426,units/works/tiepolo-banquet-cognacq-jay,cells,1,0,泰奥多尔—埃内斯特·科涅克,entity,units/persons/ernest-cognacq,resolved_entity
ref-f83cecbdcdba82af,enr-08035,units/works/tiepolo-banquet-cognacq-jay,value,,0,巴黎市政当局,entity,units/institutions/city-of-paris,resolved_entity
ref-1490fc44890d2407,enr-08035,units/works/tiepolo-banquet-cognacq-jay,cells,1,0,巴黎市政当局,entity,units/institutions/city-of-paris,resolved_entity
ref-16d699f2231e1483,enr-13427,units/works/tiepolo-banquet-cognacq-jay,value,,0,科涅克—杰博物馆,entity,units/institutions/musee-cognacq-jay,resolved_entity
ref-eedde38d11f9273e,enr-13427,units/works/tiepolo-banquet-cognacq-jay,cells,1,0,科涅克—杰博物馆,entity,units/institutions/musee-cognacq-jay,resolved_entity
ref-6c3085356e3032ea,enr-13429,units/works/tiepolo-banquet-victoria,value,,0,乔万巴蒂斯塔·提埃坡罗（Giambattista Tiepolo）,entity,units/persons/giambattista-tiepolo,resolved_entity
ref-de15319f78b442f7,enr-13429,units/works/tiepolo-banquet-victoria,cells,1,0,乔万巴蒂斯塔·提埃坡罗（Giambattista Tiepolo）,entity,units/persons/giambattista-tiepolo,resolved_entity
ref-121a606b78baa258,enr-08042,units/works/tiepolo-banquet-victoria,value,,0,维多利亚国家美术馆,entity,units/institutions/national-gallery-of-victoria,resolved_entity
ref-37842890a73b2bab,enr-08042,units/works/tiepolo-banquet-victoria,cells,1,0,维多利亚国家美术馆,entity,units/institutions/national-gallery-of-victoria,resolved_entity
ref-3220ea04862e6ba5,enr-08043,units/works/tiepolo-banquet-victoria,value,,0,墨尔本,entity,units/places/melbourne,resolved_entity
ref-234c01ce5e6dda61,enr-08043,units/works/tiepolo-banquet-victoria,cells,1,0,墨尔本,entity,units/places/melbourne,resolved_entity
ref-c7ad829ba9fad477,enr-08051,units/works/tiepolo-banquet-victoria,value,,0,皇家艺术研究院（Royal Academy of Arts）,entity,units/institutions/royal-academy,resolved_entity
ref-d1e36a4dbd5561df,enr-08051,units/works/tiepolo-banquet-victoria,cells,1,0,皇家艺术研究院（Royal Academy of Arts）,entity,units/institutions/royal-academy,resolved_entity
ref-adf5c52098298da1,enr-13438,units/works/tiepolo-detail-from-fresco-on-ceiling-of-staircase-in-residenz,value,,0,乔万巴蒂斯塔·提埃坡罗（Giambattista Tiepolo）,entity,units/persons/giambattista-tiepolo,resolved_entity
ref-78e26785c990c259,enr-13438,units/works/tiepolo-detail-from-fresco-on-ceiling-of-staircase-in-residenz,cells,1,0,乔万巴蒂斯塔·提埃坡罗（Giambattista Tiepolo）,entity,units/persons/giambattista-tiepolo,resolved_entity
ref-72aa11b41ec50d5d,enr-08059,units/works/tiepolo-detail-from-fresco-on-ceiling-of-staircase-in-residenz,value,,0,维尔茨堡宫,entity,units/places/residenz-wurzburg,resolved_entity
ref-6f649a61b4872649,enr-08059,units/works/tiepolo-detail-from-fresco-on-ceiling-of-staircase-in-residenz,cells,1,0,维尔茨堡宫,entity,units/places/residenz-wurzburg,resolved_entity
ref-f07b00a6c97200ae,enr-08060,units/works/tiepolo-detail-from-fresco-on-ceiling-of-staircase-in-residenz,value,,0,维尔茨堡,entity,units/places/wurzburg,resolved_entity
ref-917a17ce1de04a2b,enr-08060,units/works/tiepolo-detail-from-fresco-on-ceiling-of-staircase-in-residenz,cells,1,0,维尔茨堡,entity,units/places/wurzburg,resolved_entity
ref-771270d04e56cb87,enr-13442,units/works/tiepolo-glorification-of-the-pisani-family,value,,0,乔万巴蒂斯塔·提埃坡罗（Giambattista Tiepolo）,entity,units/persons/giambattista-tiepolo,resolved_entity
ref-5cb476cd8ba20263,enr-13442,units/works/tiepolo-glorification-of-the-pisani-family,cells,1,0,乔万巴蒂斯塔·提埃坡罗（Giambattista Tiepolo）,entity,units/persons/giambattista-tiepolo,resolved_entity
ref-d13b6f6196465234,enr-08069,units/works/tiepolo-glorification-of-the-pisani-family,value,,0,皮萨尼家族,entity,units/families/pisani-family,resolved_entity
ref-44d00cca3bd00af0,enr-08069,units/works/tiepolo-glorification-of-the-pisani-family,cells,1,0,皮萨尼家族,entity,units/families/pisani-family,resolved_entity
ref-e6a95b637e4dff9a,enr-08070,units/works/tiepolo-glorification-of-the-pisani-family,value,,0,皮萨尼别墅（斯特拉）,entity,units/places/villa-pisani,resolved_entity
ref-e447b4161a79f018,enr-08070,units/works/tiepolo-glorification-of-the-pisani-family,cells,1,0,皮萨尼别墅（斯特拉）,entity,units/places/villa-pisani,resolved_entity
ref-85dee9c7f8197775,enr-08071,units/works/tiepolo-glorification-of-the-pisani-family,value,,0,斯特拉,entity,units/places/stra,resolved_entity
ref-30b757a028ca8bfd,enr-08071,units/works/tiepolo-glorification-of-the-pisani-family,cells,1,0,斯特拉,entity,units/places/stra,resolved_entity
ref-031bf0f6a3632d82,enr-13445,units/works/tiepolo-glorification-of-the-pisani-family,value,,0,Ditta Osvaldo Böhm,entity,units/institutions/osvaldo-bohm-photographic-publisher,resolved_entity
ref-0bd368220dbd0a95,enr-13445,units/works/tiepolo-glorification-of-the-pisani-family,cells,1,0,Ditta Osvaldo Böhm,entity,units/institutions/osvaldo-bohm-photographic-publisher,resolved_entity
ref-4e429f6aa71c1e0e,enr-13447,units/works/tiepolo-maecenas-presenting-the-arts-to-augustus,value,,0,乔万巴蒂斯塔·提埃坡罗（Giambattista Tiepolo）,entity,units/persons/giambattista-tiepolo,resolved_entity
ref-532143419bd43519,enr-13447,units/works/tiepolo-maecenas-presenting-the-arts-to-augustus,cells,1,0,乔万巴蒂斯塔·提埃坡罗（Giambattista Tiepolo）,entity,units/persons/giambattista-tiepolo,resolved_entity
ref-b8383ef4a99b268c,enr-13448,units/works/tiepolo-maecenas-presenting-the-arts-to-augustus,value,,0,雅科波·莱奥纳迪斯（Jacopo Leonardis）,entity,units/persons/leonardis,resolved_entity
ref-675eadb3af9d14c4,enr-13448,units/works/tiepolo-maecenas-presenting-the-arts-to-augustus,cells,1,0,雅科波·莱奥纳迪斯（Jacopo Leonardis）,entity,units/persons/leonardis,resolved_entity
ref-c9244ef88af9cf19,enr-13453,units/works/tiepolo-marriage-allegory-of-the-rezzonico-family,value,,0,乔万巴蒂斯塔·提埃坡罗（Giambattista Tiepolo）,entity,units/persons/giambattista-tiepolo,resolved_entity
ref-409b626967b879ce,enr-13453,units/works/tiepolo-marriage-allegory-of-the-rezzonico-family,cells,1,0,乔万巴蒂斯塔·提埃坡罗（Giambattista Tiepolo）,entity,units/persons/giambattista-tiepolo,resolved_entity
ref-99cc45fa0f74f9ce,enr-08090,units/works/tiepolo-marriage-allegory-of-the-rezzonico-family,value,,0,雷佐尼科家族,entity,units/families/rezzonico-family,resolved_entity
ref-e4774fdc909f471f,enr-08090,units/works/tiepolo-marriage-allegory-of-the-rezzonico-family,cells,1,0,雷佐尼科家族,entity,units/families/rezzonico-family,resolved_entity
ref-0aac98fbc0959830,enr-08091,units/works/tiepolo-marriage-allegory-of-the-rezzonico-family,value,,0,雷佐尼科宫,entity,units/places/ca-rezzonico,resolved_entity
ref-94e49911e0a8fc9e,enr-08091,units/works/tiepolo-marriage-allegory-of-the-rezzonico-family,cells,1,0,雷佐尼科宫,entity,units/places/ca-rezzonico,resolved_entity
ref-37102437cc948bd2,enr-08092,units/works/tiepolo-marriage-allegory-of-the-rezzonico-family,value,,0,威尼斯,entity,units/places/venice,resolved_entity
ref-76deac9658ae0c1c,enr-08092,units/works/tiepolo-marriage-allegory-of-the-rezzonico-family,cells,1,0,威尼斯,entity,units/places/venice,resolved_entity
ref-c42955a0134932dc,enr-13455,units/works/tiepolo-marriage-allegory-of-the-rezzonico-family,value,,0,吉罗拉莫·门戈齐·科隆纳（Girolamo Mengozzi Colonna）,entity,units/persons/girolamo-mengozzi-colonna,resolved_entity
ref-a55ca05425ddb08b,enr-13455,units/works/tiepolo-marriage-allegory-of-the-rezzonico-family,cells,1,0,吉罗拉莫·门戈齐·科隆纳（Girolamo Mengozzi Colonna）,entity,units/persons/girolamo-mengozzi-colonna,resolved_entity
ref-2ba29748a9490f2e,enr-13456,units/works/tiepolo-marriage-allegory-of-the-rezzonico-family,value,,0,乔万多梅尼科·提埃坡罗（Giandomenico Tiepolo）,entity,units/persons/giandomenico-tiepolo,resolved_entity
ref-8f7b4a2d5c16d116,enr-13456,units/works/tiepolo-marriage-allegory-of-the-rezzonico-family,cells,1,0,乔万多梅尼科·提埃坡罗（Giandomenico Tiepolo）,entity,units/persons/giandomenico-tiepolo,resolved_entity
ref-98b161710420e4de,enr-13458,units/works/tiepolo-neptune-paying-homage-to-venice,value,,0,乔万巴蒂斯塔·提埃坡罗（Giambattista Tiepolo）,entity,units/persons/giambattista-tiepolo,resolved_entity
ref-91d0dd3d5d570fe9,enr-13458,units/works/tiepolo-neptune-paying-homage-to-venice,cells,1,0,乔万巴蒂斯塔·提埃坡罗（Giambattista Tiepolo）,entity,units/persons/giambattista-tiepolo,resolved_entity
ref-91372f84347039c8,enr-08101,units/works/tiepolo-neptune-paying-homage-to-venice,value,,0,总督宫（威尼斯）,entity,units/places/palazzo-ducale,resolved_entity
ref-c9196e63af04ad2c,enr-08101,units/works/tiepolo-neptune-paying-homage-to-venice,cells,1,0,总督宫（威尼斯）,entity,units/places/palazzo-ducale,resolved_entity
ref-87370f8fe9bed7ca,enr-08102,units/works/tiepolo-neptune-paying-homage-to-venice,value,,0,威尼斯,entity,units/places/venice,resolved_entity
ref-b15f68117a4c1985,enr-08102,units/works/tiepolo-neptune-paying-homage-to-venice,cells,1,0,威尼斯,entity,units/places/venice,resolved_entity
ref-30ffec9d9e1b7c0e,enr-08112,units/works/tomb-of-francesco-algarotti,value,,0,阿尔加罗蒂墓前悼念者,entity,units/works/g-volpato-mourners-at-tomb-of-francesco-algarotti-in-pisa,resolved_entity
ref-108eb231379e7551,enr-08112,units/works/tomb-of-francesco-algarotti,cells,1,0,阿尔加罗蒂墓前悼念者,entity,units/works/g-volpato-mourners-at-tomb-of-francesco-algarotti-in-pisa,resolved_entity
ref-983713a1c061b035,enr-08113,units/works/tomb-of-francesco-algarotti,value,,0,毛罗·安东尼奥·泰西,entity,units/persons/mauro-antonio-tesi,resolved_entity
ref-b8f39a95fbf52282,enr-08113,units/works/tomb-of-francesco-algarotti,cells,1,0,毛罗·安东尼奥·泰西,entity,units/persons/mauro-antonio-tesi,resolved_entity
ref-e06c093609583fd2,enr-08114,units/works/tomb-of-francesco-algarotti,value,,0,卡洛·比安科尼,entity,units/persons/carlo-bianconi,resolved_entity
ref-053cf6b6ec92fbe9,enr-08114,units/works/tomb-of-francesco-algarotti,cells,1,0,卡洛·比安科尼,entity,units/persons/carlo-bianconi,resolved_entity
ref-4ce83dccb59d514c,enr-13464,units/works/tomb-of-francesco-algarotti,value,,0,弗朗切斯科·阿尔加罗蒂,entity,units/persons/francesco-algarotti,resolved_entity
ref-aa6e65e26df228dc,enr-13464,units/works/tomb-of-francesco-algarotti,cells,1,0,弗朗切斯科·阿尔加罗蒂,entity,units/persons/francesco-algarotti,resolved_entity
ref-855f8db1cc691fc6,enr-13465,units/works/tomb-of-francesco-algarotti,value,,0,弗朗切斯科·阿尔加罗蒂,entity,units/persons/francesco-algarotti,resolved_entity
ref-3cef96eddee78632,enr-13465,units/works/tomb-of-francesco-algarotti,cells,1,0,弗朗切斯科·阿尔加罗蒂,entity,units/persons/francesco-algarotti,resolved_entity
ref-1c4496a03429a34a,enr-08117,units/works/tomb-of-francesco-algarotti,value,,0,比萨坎波桑托,entity,units/places/camposanto-pisa,resolved_entity
ref-c049ed9f609daaf6,enr-08117,units/works/tomb-of-francesco-algarotti,cells,1,0,比萨坎波桑托,entity,units/places/camposanto-pisa,resolved_entity
ref-f3f468c414cd0dcd,enr-08121,units/works/valentin-allegory-of-rome,value,,0,瓦朗坦,entity,units/persons/valentin,resolved_entity
ref-7507d41f212e6e68,enr-08121,units/works/valentin-allegory-of-rome,cells,1,0,瓦朗坦,entity,units/persons/valentin,resolved_entity
ref-ce4900c0d702cd41,enr-08122,units/works/valentin-allegory-of-rome,value,,0,芬兰研究院（罗马）,entity,units/institutions/finnish-institute,resolved_entity
ref-9688c0b15934757c,enr-08122,units/works/valentin-allegory-of-rome,cells,1,0,芬兰研究院（罗马）,entity,units/institutions/finnish-institute,resolved_entity
ref-686b96e20c986569,enr-08123,units/works/valentin-allegory-of-rome,value,,0,罗马,entity,units/places/rome,resolved_entity
ref-1332225493f85c12,enr-08123,units/works/valentin-allegory-of-rome,cells,1,0,罗马,entity,units/places/rome,resolved_entity
ref-0b8ecd730dbaf6c0,enr-08134,units/works/van-dyck-cardinal-bentivoglio,value,,0,范·戴克,entity,units/persons/van-dyck,resolved_entity
ref-f00a4941374d2e7d,enr-08134,units/works/van-dyck-cardinal-bentivoglio,cells,1,0,范·戴克,entity,units/persons/van-dyck,resolved_entity
ref-8680dc0f81c2267f,enr-08135,units/works/van-dyck-cardinal-bentivoglio,value,,0,本蒂沃利奥枢机,entity,units/persons/cardinal-bentivoglio,resolved_entity
ref-566813298b634d83,enr-08135,units/works/van-dyck-cardinal-bentivoglio,cells,1,0,本蒂沃利奥枢机,entity,units/persons/cardinal-bentivoglio,resolved_entity
ref-aa1c1a54deb3feac,enr-08136,units/works/van-dyck-cardinal-bentivoglio,value,,0,皮蒂宫,entity,units/places/palazzo-pitti,resolved_entity
ref-c8bf0799598e0c5e,enr-08136,units/works/van-dyck-cardinal-bentivoglio,cells,1,0,皮蒂宫,entity,units/places/palazzo-pitti,resolved_entity
ref-2f5e75ebb6bc9070,enr-08137,units/works/van-dyck-cardinal-bentivoglio,value,,0,佛罗伦萨,entity,units/places/florence,resolved_entity
ref-26327250bca7bf8d,enr-08137,units/works/van-dyck-cardinal-bentivoglio,cells,1,0,佛罗伦萨,entity,units/places/florence,resolved_entity
ref-6d3703fd7cbc18cf,enr-13470,units/works/van-dyck-cardinal-bentivoglio,value,,0,圭多·本蒂沃利奥,entity,units/persons/cardinal-bentivoglio,resolved_entity
ref-635716d1239353d5,enr-13470,units/works/van-dyck-cardinal-bentivoglio,cells,1,0,圭多·本蒂沃利奥,entity,units/persons/cardinal-bentivoglio,resolved_entity
ref-89db114c7d04e872,enr-08144,units/works/van-dyck-cardinal-bentivoglio,value,,0,罗马,entity,units/places/rome,resolved_entity
ref-ccfe612e62f6f5bb,enr-08144,units/works/van-dyck-cardinal-bentivoglio,cells,1,0,罗马,entity,units/places/rome,resolved_entity
ref-895ab223551d3e59,enr-08147,units/works/van-dyck-cardinal-bentivoglio,value,,0,帕拉蒂纳画廊,entity,units/institutions/galleria-palatina,resolved_entity
ref-420777a7ad7897e5,enr-08147,units/works/van-dyck-cardinal-bentivoglio,cells,1,0,帕拉蒂纳画廊,entity,units/institutions/galleria-palatina,resolved_entity
ref-80fd1cfbd3dcbddd,enr-13473,units/works/van-dyck-cardinal-bentivoglio,value,,0,安尼巴莱·本蒂沃利奥,entity,units/persons/annibale-bentivoglio,resolved_entity
ref-fac22493967e785a,enr-13473,units/works/van-dyck-cardinal-bentivoglio,cells,1,0,安尼巴莱·本蒂沃利奥,entity,units/persons/annibale-bentivoglio,resolved_entity
ref-4638e9736f44d407,enr-08149,units/works/van-dyck-cardinal-bentivoglio,value,,0,费迪南多二世·德·美第奇,entity,units/persons/ferdinando-ii-de-medici,resolved_entity
ref-b24bcbe37e7c3994,enr-08149,units/works/van-dyck-cardinal-bentivoglio,cells,1,0,费迪南多二世·德·美第奇,entity,units/persons/ferdinando-ii-de-medici,resolved_entity
ref-5e35122a3177ed30,enr-08150,units/works/van-dyck-cardinal-bentivoglio,value,,0,乌菲齐特里布纳厅,entity,units/places/tribuna-uffizi,resolved_entity
ref-0bd6ea8e4b47a004,enr-08150,units/works/van-dyck-cardinal-bentivoglio,cells,1,0,乌菲齐特里布纳厅,entity,units/places/tribuna-uffizi,resolved_entity
ref-403023e6b0a736fb,enr-13474,units/works/van-dyck-cardinal-bentivoglio,value,,0,皮蒂宫,entity,units/places/palazzo-pitti,resolved_entity
ref-9e65720ca14d0c4c,enr-13474,units/works/van-dyck-cardinal-bentivoglio,cells,1,0,皮蒂宫,entity,units/places/palazzo-pitti,resolved_entity
ref-1c5e4d501d692fc7,enr-08152,units/works/van-dyck-cardinal-bentivoglio,value,,0,巴黎,entity,units/places/paris,resolved_entity
ref-b2cc27ed6d857586,enr-08152,units/works/van-dyck-cardinal-bentivoglio,cells,1,0,巴黎,entity,units/places/paris,resolved_entity
ref-3264927fa6a94db0,enr-08159,units/works/velasquez-camillo-massimi,value,,0,委拉斯开兹,entity,units/persons/velasquez,resolved_entity
ref-1ec5b44ff9adb407,enr-08159,units/works/velasquez-camillo-massimi,cells,1,0,委拉斯开兹,entity,units/persons/velasquez,resolved_entity
ref-a4c389f3eb871832,enr-08160,units/works/velasquez-camillo-massimi,value,,0,卡米洛·马西米,entity,units/persons/camillo-massimi,resolved_entity
ref-5a64b56edc51c7be,enr-08160,units/works/velasquez-camillo-massimi,cells,1,0,卡米洛·马西米,entity,units/persons/camillo-massimi,resolved_entity
ref-2ae8bd42190d39cd,enr-08161,units/works/velasquez-camillo-massimi,value,,0,拉尔夫·班克斯,entity,units/persons/ralph-bankes,resolved_entity
ref-5883b08690edf2d0,enr-08161,units/works/velasquez-camillo-massimi,cells,1,0,拉尔夫·班克斯,entity,units/persons/ralph-bankes,resolved_entity
ref-a62f29475313e723,enr-08162,units/works/velasquez-camillo-massimi,value,,0,金斯顿莱西庄园,entity,units/places/kingston-lacy,resolved_entity
ref-2d40a119a4dfeddf,enr-08162,units/works/velasquez-camillo-massimi,cells,1,0,金斯顿莱西庄园,entity,units/places/kingston-lacy,resolved_entity
ref-944355058435cd50,enr-13479,units/works/velasquez-camillo-massimi,value,,0,罗马（Rome）,entity,units/places/rome,resolved_entity
ref-aa6ab3b2d7286af7,enr-13479,units/works/velasquez-camillo-massimi,cells,1,0,罗马（Rome）,entity,units/places/rome,resolved_entity
ref-573801a799504228,enr-08168,units/works/velasquez-camillo-massimi,value,,0,卡米洛·马西米,entity,units/persons/camillo-massimi,resolved_entity
ref-c9a1d7b6dea5e74a,enr-08168,units/works/velasquez-camillo-massimi,cells,1,0,卡米洛·马西米,entity,units/persons/camillo-massimi,resolved_entity
ref-25286126fed906bd,enr-13483,units/works/velasquez-camillo-massimi,value,,0,卡米洛·马西米,entity,units/persons/camillo-massimi,resolved_entity
ref-6b550f5cb36ac358,enr-13483,units/works/velasquez-camillo-massimi,cells,1,0,卡米洛·马西米,entity,units/persons/camillo-massimi,resolved_entity
ref-4b85ba0f7490d7d4,enr-13484,units/works/velasquez-camillo-massimi,value,,0,加斯帕尔·德·阿罗-古斯曼,entity,units/persons/marchese-del-carpio,resolved_entity
ref-e28c1b89f1fbb2b1,enr-13484,units/works/velasquez-camillo-massimi,cells,1,0,加斯帕尔·德·阿罗-古斯曼,entity,units/persons/marchese-del-carpio,resolved_entity
ref-f92417fe7a02f938,enr-13485,units/works/velasquez-camillo-massimi,value,,0,费迪南多·马雷斯卡尔基,entity,units/persons/ferdinando-marescalchi,resolved_entity
ref-9fdc2efe31e06637,enr-13485,units/works/velasquez-camillo-massimi,cells,1,0,费迪南多·马雷斯卡尔基,entity,units/persons/ferdinando-marescalchi,resolved_entity
ref-979c23ff3526ffd9,enr-13486,units/works/velasquez-camillo-massimi,value,,0,博洛尼亚,entity,units/places/bologna,resolved_entity
ref-d6c1ade1713e9e69,enr-13486,units/works/velasquez-camillo-massimi,cells,1,0,博洛尼亚,entity,units/places/bologna,resolved_entity
ref-f70c991c40ab320f,enr-13487,units/works/velasquez-camillo-massimi,value,,0,威廉·约翰·班克斯,entity,units/persons/william-john-bankes,resolved_entity
ref-76293268a9b827ef,enr-13487,units/works/velasquez-camillo-massimi,cells,1,0,威廉·约翰·班克斯,entity,units/persons/william-john-bankes,resolved_entity
ref-9babbdbc6ef062fa,enr-13488,units/works/velasquez-camillo-massimi,value,,0,英国国民信托,entity,units/institutions/national-trust,resolved_entity
ref-a305f2230edd9ab4,enr-13488,units/works/velasquez-camillo-massimi,cells,1,0,英国国民信托,entity,units/institutions/national-trust,resolved_entity
ref-5d1803fd828e2e45,enr-08179,units/works/velasquez-juan-de-pareja,value,,0,委拉斯开兹,entity,units/persons/velasquez,resolved_entity
ref-af706a411c837a5a,enr-08179,units/works/velasquez-juan-de-pareja,cells,1,0,委拉斯开兹,entity,units/persons/velasquez,resolved_entity
ref-0da817d4ab25f4af,enr-08180,units/works/velasquez-juan-de-pareja,value,,0,胡安·德·帕雷哈,entity,units/persons/juan-de-pareja,resolved_entity
ref-aefa89d1dd1e0e46,enr-08180,units/works/velasquez-juan-de-pareja,cells,1,0,胡安·德·帕雷哈,entity,units/persons/juan-de-pareja,resolved_entity
ref-5a2c1ac35dc7a4c0,enr-08181,units/works/velasquez-juan-de-pareja,value,,0,大都会艺术博物馆,entity,units/institutions/metropolitan-museum-of-art,resolved_entity
ref-be17b3f70fb09835,enr-08181,units/works/velasquez-juan-de-pareja,cells,1,0,大都会艺术博物馆,entity,units/institutions/metropolitan-museum-of-art,resolved_entity
ref-b5117109f9d43144,enr-08182,units/works/velasquez-juan-de-pareja,value,,0,纽约,entity,units/places/new-york,resolved_entity
ref-a8deda9d4e4140e4,enr-08182,units/works/velasquez-juan-de-pareja,cells,1,0,纽约,entity,units/places/new-york,resolved_entity
ref-deba259ff2468468,enr-13509,units/works/bambini-aeneas-tells-dido-fall-of-troy,value,,0,尼科洛·班比尼,entity,units/persons/niccolo-bambini,resolved_entity
ref-bde7959aaaf6d9e8,enr-13509,units/works/bambini-aeneas-tells-dido-fall-of-troy,cells,1,0,尼科洛·班比尼,entity,units/persons/niccolo-bambini,resolved_entity
ref-8a7cbaecd427a682,enr-13510,units/works/bambini-aeneas-tells-dido-fall-of-troy,value,,0,维吉尔《埃涅阿斯纪》,entity,units/archives/virgil-aeneid,resolved_entity
ref-0aafa4e4c58c4264,enr-13510,units/works/bambini-aeneas-tells-dido-fall-of-troy,cells,1,0,维吉尔《埃涅阿斯纪》,entity,units/archives/virgil-aeneid,resolved_entity
ref-bcfe1f6f4d547aa2,enr-13513,units/works/bambini-aeneas-tells-dido-fall-of-troy,value,,0,布奥纳科尔西宫画廊,entity,units/places/gallery-palazzo-buonaccorsi,resolved_entity
ref-2321093cb7a73ef5,enr-13513,units/works/bambini-aeneas-tells-dido-fall-of-troy,cells,1,0,布奥纳科尔西宫画廊,entity,units/places/gallery-palazzo-buonaccorsi,resolved_entity
ref-65d1bf96bd2ac365,enr-13514,units/works/bambini-aeneas-tells-dido-fall-of-troy,value,,0,布奥纳科尔西宫画廊,entity,units/places/gallery-palazzo-buonaccorsi,resolved_entity
ref-e8156e7adffe81ba,enr-13514,units/works/bambini-aeneas-tells-dido-fall-of-troy,cells,1,0,布奥纳科尔西宫画廊,entity,units/places/gallery-palazzo-buonaccorsi,resolved_entity
ref-335b34ec43f112bd,enr-13518,units/archives/virgil-aeneid,value,,0,维吉尔,entity,units/persons/virgil,resolved_entity
ref-d9e2b716880dbc22,enr-13518,units/archives/virgil-aeneid,cells,1,0,维吉尔,entity,units/persons/virgil,resolved_entity
ref-78d99cbbccf2de82,enr-13521,units/archives/virgil-aeneid,cells,0,0,埃涅阿斯向狄多讲述特洛伊的陷落,entity,units/works/bambini-aeneas-tells-dido-fall-of-troy,resolved_entity
ref-04b3ec933449e99c,enr-13557,units/persons/maddalena-telli,cells,0,0,烛光下的马达莱娜·泰利肖像,entity,units/works/ottavio-leoni-portrait-of-maddalena-telli-by-candlelight,resolved_entity
ref-f82c2ee868cf8948,enr-08301,units/works/paolo-de-matteis-choice-of-hercules-ashmolean-wa1980-92,value,,0,保罗·德·马泰伊斯,entity,units/persons/paolo-de-matteis,resolved_entity
ref-7c30e72b2fa36266,enr-08301,units/works/paolo-de-matteis-choice-of-hercules-ashmolean-wa1980-92,cells,1,0,保罗·德·马泰伊斯,entity,units/persons/paolo-de-matteis,resolved_entity
ref-f58468063bf906fb,enr-08302,units/works/paolo-de-matteis-choice-of-hercules-ashmolean-wa1980-92,value,,0,安东尼·阿什利-库珀，第三代沙夫茨伯里伯爵,entity,units/persons/anthony-ashley-cooper-3rd-earl,resolved_entity
ref-137311e079755acc,enr-08302,units/works/paolo-de-matteis-choice-of-hercules-ashmolean-wa1980-92,cells,1,0,安东尼·阿什利-库珀，第三代沙夫茨伯里伯爵,entity,units/persons/anthony-ashley-cooper-3rd-earl,resolved_entity
ref-2b96582e6d7d051f,enr-13606,units/works/paolo-de-matteis-choice-of-hercules-ashmolean-wa1980-92,value,,0,Gile’s House，多塞特,entity,units/places/giles-house-dorset,resolved_entity
ref-8629b27101059b47,enr-13606,units/works/paolo-de-matteis-choice-of-hercules-ashmolean-wa1980-92,cells,1,0,Gile’s House，多塞特,entity,units/places/giles-house-dorset,resolved_entity
ref-8db27669dfe307ab,enr-13607,units/works/paolo-de-matteis-choice-of-hercules-ashmolean-wa1980-92,value,,0,阿什莫林博物馆,entity,units/institutions/ashmolean-museum,resolved_entity
ref-d8b7c19d0ffc1c87,enr-13607,units/works/paolo-de-matteis-choice-of-hercules-ashmolean-wa1980-92,cells,1,0,阿什莫林博物馆,entity,units/institutions/ashmolean-museum,resolved_entity
ref-91ca156800029cc4,enr-08305,units/works/paolo-de-matteis-choice-of-hercules-ashmolean-wa1980-92,value,,0,图版32b藏本,entity,units/works/paolo-de-matteis-the-choice-of-hercules,resolved_entity
ref-322f09002b746697,enr-08305,units/works/paolo-de-matteis-choice-of-hercules-ashmolean-wa1980-92,cells,1,0,图版32b藏本,entity,units/works/paolo-de-matteis-the-choice-of-hercules,resolved_entity
ref-3601290328a22fac,enr-13637,units/institutions/rhode-island-school-of-design-museum,value,,0,普罗维登斯（Providence）,entity,units/places/providence,resolved_entity
ref-915c8effe8f38af7,enr-13637,units/institutions/rhode-island-school-of-design-museum,cells,1,0,普罗维登斯（Providence）,entity,units/places/providence,resolved_entity
ref-e568799a8b426cbe,enr-08384,units/places/villa-aldobrandini-frascati,value,,0,弗拉斯卡蒂,entity,units/places/frascati,resolved_entity
ref-41406e00fc8fe541,enr-08384,units/places/villa-aldobrandini-frascati,cells,1,0,弗拉斯卡蒂,entity,units/places/frascati,resolved_entity
ref-b1be5671bca6e1aa,enr-13670,units/places/chiesa-san-gregorio-cappella-madonna-carmine,value,,0,"墨西拿圣额我略堂（Church of San Gregorio, Messina）",entity,units/places/chiesa-san-gregorio-messina,resolved_entity
ref-b071ee23e375f5a7,enr-13670,units/places/chiesa-san-gregorio-cappella-madonna-carmine,cells,1,0,"墨西拿圣额我略堂（Church of San Gregorio, Messina）",entity,units/places/chiesa-san-gregorio-messina,resolved_entity
ref-684656eb58cc5c0a,enr-08420,units/archives/torcellan-settecento-veneto-1969,value,,0,詹弗兰科·托尔切兰,entity,units/persons/gianfranco-torcellan,resolved_entity
ref-4e40007a868781ee,enr-08420,units/archives/torcellan-settecento-veneto-1969,cells,1,0,詹弗兰科·托尔切兰,entity,units/persons/gianfranco-torcellan,resolved_entity
ref-9c274c5aa6b205f1,enr-13696,units/places/cathedrale-sainte-reparate-nice,value,,0,圣埃洛伊与圣若翰洗者、圣安德烈,entity,units/works/baldoino-saint-eloi-1661,resolved_entity
ref-dce13f88334c2095,enr-13696,units/places/cathedrale-sainte-reparate-nice,cells,0,0,圣埃洛伊与圣若翰洗者、圣安德烈,entity,units/works/baldoino-saint-eloi-1661,resolved_entity
ref-e6f6e11a67829327,enr-13704,units/persons/bernardin-baldoino,value,,0,乔瓦尼·加斯帕雷·巴尔多伊诺（Giovanni Gaspare Baldoino）,entity,units/persons/gio-gasparo-baldoini,resolved_entity
ref-26b9b0817ddb15a2,enr-13704,units/persons/bernardin-baldoino,cells,1,0,乔瓦尼·加斯帕雷·巴尔多伊诺（Giovanni Gaspare Baldoino）,entity,units/persons/gio-gasparo-baldoini,resolved_entity
ref-0719cc8b24e6eea8,enr-13708,units/persons/bernardin-baldoino,value,,0,《施洗者圣若翰斩首》（The Beheading of Saint John the Baptist）,entity,units/works/bernardin-baldoino-beheading-john-baptist-1670,resolved_entity
ref-bec522e816a39989,enr-13708,units/persons/bernardin-baldoino,cells,1,0,《施洗者圣若翰斩首》（The Beheading of Saint John the Baptist）,entity,units/works/bernardin-baldoino-beheading-john-baptist-1670,resolved_entity
ref-dbaa6df545317a04,enr-13709,units/persons/bernardin-baldoino,value,,0,《利马圣罗撒神魂超拔》（The Ecstasy of Saint Rose of Lima）,entity,units/works/bernardin-baldoino-ecstasy-saint-rose-1680,resolved_entity
ref-87f5fa3b2b96b797,enr-13709,units/persons/bernardin-baldoino,cells,1,0,《利马圣罗撒神魂超拔》（The Ecstasy of Saint Rose of Lima）,entity,units/works/bernardin-baldoino-ecstasy-saint-rose-1680,resolved_entity
ref-08e8714cea42d08d,enr-13710,units/persons/bernardin-baldoino,value,,0,《圣罗撒与圣母的神秘交谈》（The Mystical Conversation of Saint Rose with the Virgin）,entity,units/works/bernardin-baldoino-mystic-conversation-saint-rose-1680,resolved_entity
ref-f7f47c652c9475b4,enr-13710,units/persons/bernardin-baldoino,cells,1,0,《圣罗撒与圣母的神秘交谈》（The Mystical Conversation of Saint Rose with the Virgin）,entity,units/works/bernardin-baldoino-mystic-conversation-saint-rose-1680,resolved_entity
ref-10fa6070b6f3085e,enr-13724,units/works/bernardin-baldoino-ecstasy-saint-rose-1680,value,,0,《圣罗撒与圣母的神秘交谈》,entity,units/works/bernardin-baldoino-mystic-conversation-saint-rose-1680,resolved_entity
ref-658f56a264fd09ce,enr-13724,units/works/bernardin-baldoino-ecstasy-saint-rose-1680,cells,1,0,《圣罗撒与圣母的神秘交谈》,entity,units/works/bernardin-baldoino-mystic-conversation-saint-rose-1680,resolved_entity
ref-de18528fd50fe9cd,enr-13730,units/works/bernardin-baldoino-mystic-conversation-saint-rose-1680,value,,0,《利马圣罗撒神魂超拔》,entity,units/works/bernardin-baldoino-ecstasy-saint-rose-1680,resolved_entity
ref-ec133825b42a779d,enr-13730,units/works/bernardin-baldoino-mystic-conversation-saint-rose-1680,cells,1,0,《利马圣罗撒神魂超拔》,entity,units/works/bernardin-baldoino-ecstasy-saint-rose-1680,resolved_entity
ref-a886f41151697b66,enr-13764,units/works/ottavio-leoni-portrait-of-gregory-xv-original-1621,value,,0,Ottavio Leoni,entity,units/persons/ottavio-leoni,resolved_entity
ref-290a51ac2d0b9c68,enr-13764,units/works/ottavio-leoni-portrait-of-gregory-xv-original-1621,cells,1,0,Ottavio Leoni,entity,units/persons/ottavio-leoni,resolved_entity
ref-a9003f8098a310cf,enr-13765,units/works/ottavio-leoni-portrait-of-gregory-xv-original-1621,value,,0,Gregory XV,entity,units/persons/gregory-xv,resolved_entity
ref-05b8dd5db6ed471b,enr-13765,units/works/ottavio-leoni-portrait-of-gregory-xv-original-1621,cells,1,0,Gregory XV,entity,units/persons/gregory-xv,resolved_entity
ref-1a6ac67bfe65bde1,enr-08517,units/works/ottavio-leoni-portrait-of-gregory-xv-academy-copy,value,,0,Ottavio Leoni,entity,units/persons/ottavio-leoni,resolved_entity
ref-46294c8a2bd7cf06,enr-08517,units/works/ottavio-leoni-portrait-of-gregory-xv-academy-copy,cells,1,0,Ottavio Leoni,entity,units/persons/ottavio-leoni,resolved_entity
ref-16490995f39a11ae,enr-08518,units/works/ottavio-leoni-portrait-of-gregory-xv-academy-copy,value,,0,Gregory XV,entity,units/persons/gregory-xv,resolved_entity
ref-cc56864b65eda719,enr-08518,units/works/ottavio-leoni-portrait-of-gregory-xv-academy-copy,cells,1,0,Gregory XV,entity,units/persons/gregory-xv,resolved_entity
ref-860e1068aabdab2f,enr-13770,units/works/ottavio-leoni-portrait-of-gregory-xv-academy-copy,value,,0,万神殿Virtuosi学院,entity,units/institutions/accademia-dei-virtuosi-al-pantheon,resolved_entity
ref-c36f3ecd7b8ea353,enr-13770,units/works/ottavio-leoni-portrait-of-gregory-xv-academy-copy,cells,1,0,万神殿Virtuosi学院,entity,units/institutions/accademia-dei-virtuosi-al-pantheon,resolved_entity
ref-5ef76d98c48a5d91,enr-13771,units/works/ottavio-leoni-portrait-of-gregory-xv-academy-copy,value,,0,约1621年已佚原作,entity,units/works/ottavio-leoni-portrait-of-gregory-xv-original-1621,resolved_entity
ref-2ceb1f1daa0c9e12,enr-13771,units/works/ottavio-leoni-portrait-of-gregory-xv-academy-copy,cells,1,0,约1621年已佚原作,entity,units/works/ottavio-leoni-portrait-of-gregory-xv-original-1621,resolved_entity
