segment_id,source_id,chapter,section,source_asset,line_start,line_end,sha256,asset_sha256,release_excluded
front-matter:00_01_Title_Copyright:l1-1,haskell-1980-rev-ed,front-matter,00_01_Title_Copyright,00_01_Title_Copyright.md,1,1,86eb269c2ee4eebcc5b062e183d5b788d2ad30428b6cbb47db2e9ea5c053f5d9,75dfb1077cb870473ecb3a5576fe6b5ef5b2d244bfe43dc55d884d66ebfe1c32,True
front-matter:00_01_Title_Copyright:l3-12,haskell-1980-rev-ed,front-matter,00_01_Title_Copyright,00_01_Title_Copyright.md,3,12,11f29ceeb14f079c9b5f2b1168a0c1d98b5c4934ad3d09889ab0b0df15f85329,75dfb1077cb870473ecb3a5576fe6b5ef5b2d244bfe43dc55d884d66ebfe1c32,True
front-matter:00_01_Title_Copyright:l14-29,haskell-1980-rev-ed,front-matter,00_01_Title_Copyright,00_01_Title_Copyright.md,14,29,a534ca68ef97050c4c5287d66dd7086a020f2618d27e5a8a4167438aa678bc17,75dfb1077cb870473ecb3a5576fe6b5ef5b2d244bfe43dc55d884d66ebfe1c32,True
front-matter:00_01_Title_Copyright:l31-31,haskell-1980-rev-ed,front-matter,00_01_Title_Copyright,00_01_Title_Copyright.md,31,31,d3f1696221f80e64aebdf5ab8f99e51cf37a8b56c70bf542796aed8edcebbc68,75dfb1077cb870473ecb3a5576fe6b5ef5b2d244bfe43dc55d884d66ebfe1c32,True
front-matter:00_02_Preface_2nd_Ed:l1-1,haskell-1980-rev-ed,front-matter,00_02_Preface_2nd_Ed,00_02_Preface_2nd_Ed.md,1,1,9e96876bb68671776b10f5a9503fb3c0378c871f3f0f12390b2b0ec3449c31d4,8de19ec8cbf405958ad3c47f1cf4023a18a4fce8323e3e34b93ad36dfed3d7d0,True
front-matter:00_02_Preface_2nd_Ed:l3-8,haskell-1980-rev-ed,front-matter,00_02_Preface_2nd_Ed,00_02_Preface_2nd_Ed.md,3,8,e5d7bd5337ab4d00b55be362364effa920c7d845fac683b0db017e61a0f123f8,8de19ec8cbf405958ad3c47f1cf4023a18a4fce8323e3e34b93ad36dfed3d7d0,True
front-matter:00_02_Preface_2nd_Ed:l10-17,haskell-1980-rev-ed,front-matter,00_02_Preface_2nd_Ed,00_02_Preface_2nd_Ed.md,10,17,34e5cbe61f41dfe661be28b86e44bb279fda4adc75b0d373d9560c42f5767fa5,8de19ec8cbf405958ad3c47f1cf4023a18a4fce8323e3e34b93ad36dfed3d7d0,True
front-matter:00_02_Preface_2nd_Ed:l19-19,haskell-1980-rev-ed,front-matter,00_02_Preface_2nd_Ed,00_02_Preface_2nd_Ed.md,19,19,a6fde1ef3e659fd3e7b4d4dc143a0667e5f78e893b328ce3990964b7323de17c,8de19ec8cbf405958ad3c47f1cf4023a18a4fce8323e3e34b93ad36dfed3d7d0,True
front-matter:00_03_Preface_1st_Ed:l1-1,haskell-1980-rev-ed,front-matter,00_03_Preface_1st_Ed,00_03_Preface_1st_Ed.md,1,1,faa79ec549024906f9fa7ef0dcc5d330356786aec6db04a4cd9a8d80c86bfbbc,e793793f71fc5e9b9ba97a1c12fa50d497ec4de89f3c19f247c4a93228618c4a,True
front-matter:00_03_Preface_1st_Ed:l3-8,haskell-1980-rev-ed,front-matter,00_03_Preface_1st_Ed,00_03_Preface_1st_Ed.md,3,8,8944577715ae630432869a25801578dd86b91448e0b0880c449ea5efcd351afa,e793793f71fc5e9b9ba97a1c12fa50d497ec4de89f3c19f247c4a93228618c4a,True
front-matter:00_03_Preface_1st_Ed:l10-17,haskell-1980-rev-ed,front-matter,00_03_Preface_1st_Ed,00_03_Preface_1st_Ed.md,10,17,1caebe49f2b5f4361352d1d35ae173890789645a01143860650a12ea6df25602,e793793f71fc5e9b9ba97a1c12fa50d497ec4de89f3c19f247c4a93228618c4a,True
front-matter:00_03_Preface_1st_Ed:l19-29,haskell-1980-rev-ed,front-matter,00_03_Preface_1st_Ed,00_03_Preface_1st_Ed.md,19,29,e6cf252331b6e5f64eaf1518f9de020715a229a9a040834f1d0214f4b1ab73f0,e793793f71fc5e9b9ba97a1c12fa50d497ec4de89f3c19f247c4a93228618c4a,True
front-matter:00_03_Preface_1st_Ed:l31-31,haskell-1980-rev-ed,front-matter,00_03_Preface_1st_Ed,00_03_Preface_1st_Ed.md,31,31,f4b905388ccbc545f3f8745c225c5078866e8d421f374d5bf01fe5f2369ccef2,e793793f71fc5e9b9ba97a1c12fa50d497ec4de89f3c19f247c4a93228618c4a,True
front-matter:00_04_Contents:l1-1,haskell-1980-rev-ed,front-matter,00_04_Contents,00_04_Contents.md,1,1,054d363b317244fdfa257d6968d0b731bda04b31e878b4887ffb565f8a5185cd,c808682cc2d3d10e01ff871d3f575a9c295779b997ea68009f94915bf463cadb,True
front-matter:00_04_Contents:l3-3,haskell-1980-rev-ed,front-matter,00_04_Contents,00_04_Contents.md,3,3,437aea62a5bd6ad4762e494c81b88532809a231477c82bdecf6fd6636908b7ab,c808682cc2d3d10e01ff871d3f575a9c295779b997ea68009f94915bf463cadb,True
front-matter:00_05_List_of_Plates:l1-1,haskell-1980-rev-ed,front-matter,00_05_List_of_Plates,00_05_List_of_Plates.md,1,1,10523cb198c4f9b02e53ed446fd0cc962ffeda3fb7a610dfda6fa2779bd19ecc,96aa11521c311c17676147c3ec99fb47d7cf9042a13bc58768c3742553ac5f83,True
front-matter:00_05_List_of_Plates:l3-30,haskell-1980-rev-ed,front-matter,00_05_List_of_Plates,00_05_List_of_Plates.md,3,30,402d9fd7d058514a6a868313ff0f41d190c4fd1ae189d1ff7a97df4d4978fb6f,96aa11521c311c17676147c3ec99fb47d7cf9042a13bc58768c3742553ac5f83,True
front-matter:00_05_List_of_Plates:l32-65,haskell-1980-rev-ed,front-matter,00_05_List_of_Plates,00_05_List_of_Plates.md,32,65,5f82980ede7ea866a397dad977969665104f6e56444b00cf829bbb24c4426a8c,96aa11521c311c17676147c3ec99fb47d7cf9042a13bc58768c3742553ac5f83,True
front-matter:00_05_List_of_Plates:l67-68,haskell-1980-rev-ed,front-matter,00_05_List_of_Plates,00_05_List_of_Plates.md,67,68,e48dfdf48f911d20de1ff81b14d1119c0d64758f18e76c7f30c9194a4a69f543,96aa11521c311c17676147c3ec99fb47d7cf9042a13bc58768c3742553ac5f83,True
front-matter:00_05_List_of_Plates:l70-81,haskell-1980-rev-ed,front-matter,00_05_List_of_Plates,00_05_List_of_Plates.md,70,81,c8539b3476dce0eb2b84c6e8f27f363cfa15ea8fbe57a5bd9e7a330f16e6c0dd,96aa11521c311c17676147c3ec99fb47d7cf9042a13bc58768c3742553ac5f83,True
front-matter:00_05_List_of_Plates:l83-118,haskell-1980-rev-ed,front-matter,00_05_List_of_Plates,00_05_List_of_Plates.md,83,118,debb1d2752997be33db63891b529b946f6b4ca38c50cd059c3df7a52c847873f,96aa11521c311c17676147c3ec99fb47d7cf9042a13bc58768c3742553ac5f83,True
front-matter:00_05_List_of_Plates:l120-121,haskell-1980-rev-ed,front-matter,00_05_List_of_Plates,00_05_List_of_Plates.md,120,121,323e4d0eb66b082d636fd815f0aaf71fdcb837d7a314a7a9893f82d1d47f7a70,96aa11521c311c17676147c3ec99fb47d7cf9042a13bc58768c3742553ac5f83,True
front-matter:00_05_List_of_Plates:l123-138,haskell-1980-rev-ed,front-matter,00_05_List_of_Plates,00_05_List_of_Plates.md,123,138,99895d582375332bdf53442ec47932b60c932b147270c1583d8c187ef9f3be0e,96aa11521c311c17676147c3ec99fb47d7cf9042a13bc58768c3742553ac5f83,True
front-matter:00_05_List_of_Plates:l140-172,haskell-1980-rev-ed,front-matter,00_05_List_of_Plates,00_05_List_of_Plates.md,140,172,16b5be546aa8ed1bb7a59a16db3c2a20ec327a95d95da393a83d55584734b3e6,96aa11521c311c17676147c3ec99fb47d7cf9042a13bc58768c3742553ac5f83,True
front-matter:00_05_List_of_Plates:l174-185,haskell-1980-rev-ed,front-matter,00_05_List_of_Plates,00_05_List_of_Plates.md,174,185,196034c189e7cee9583b761a80a78bb584f556ad3d4e930cfde6ddc98206e601,96aa11521c311c17676147c3ec99fb47d7cf9042a13bc58768c3742553ac5f83,True
front-matter:00_05_List_of_Plates:l187-188,haskell-1980-rev-ed,front-matter,00_05_List_of_Plates,00_05_List_of_Plates.md,187,188,5c61d6b7bdda8e9a223511fcc2072c83aaeb64eab693684cb4f0a6deeb0d07c9,96aa11521c311c17676147c3ec99fb47d7cf9042a13bc58768c3742553ac5f83,True
front-matter:00_05_List_of_Plates:l190-196,haskell-1980-rev-ed,front-matter,00_05_List_of_Plates,00_05_List_of_Plates.md,190,196,11172830fd260967d117a2b217f42361ea8f18510806deed98fe78478354c5b3,96aa11521c311c17676147c3ec99fb47d7cf9042a13bc58768c3742553ac5f83,True
front-matter:00_05_List_of_Plates:l198-198,haskell-1980-rev-ed,front-matter,00_05_List_of_Plates,00_05_List_of_Plates.md,198,198,4044a20f85470e048618266f6b6394ce6116b882f5dede893b51d301b7f99209,96aa11521c311c17676147c3ec99fb47d7cf9042a13bc58768c3742553ac5f83,True
chp-1:01_CHP-1_intro:l1-1,haskell-1980-rev-ed,chp-1,01_CHP-1_intro,01_CHP-1_intro.md,1,1,ae2eaa1fa975a4919840dbae507b2232c82f7a475580ee51a94a2c2edd712d78,93c891b83017cd46962aafe0ee80e2d49c6858446647e42daad0ac034d95cfd6,True
chp-1:01_CHP-1_intro:l3-5,haskell-1980-rev-ed,chp-1,01_CHP-1_intro,01_CHP-1_intro.md,3,5,0b4a253191220d15fc93cd65858b29d71e4e4d67b058b85c3e859e817bfbf7fc,93c891b83017cd46962aafe0ee80e2d49c6858446647e42daad0ac034d95cfd6,True
chp-1:01_CHP-1_intro:l7-9,haskell-1980-rev-ed,chp-1,01_CHP-1_intro,01_CHP-1_intro.md,7,9,b639c7948981e006ad3c08bf035b41427c67ca25346c47e2b626d17fe4e97dd2,93c891b83017cd46962aafe0ee80e2d49c6858446647e42daad0ac034d95cfd6,True
chp-1:01_CHP-1_intro:l11-13,haskell-1980-rev-ed,chp-1,01_CHP-1_intro,01_CHP-1_intro.md,11,13,0a4ff02ae4106139aad6d2b4b20a9a2d6c1c2d4e4b78851a3e0da2dcea2b2e5d,93c891b83017cd46962aafe0ee80e2d49c6858446647e42daad0ac034d95cfd6,True
chp-1:01_CHP-1_sec_i:l1-1,haskell-1980-rev-ed,chp-1,01_CHP-1_sec_i,01_CHP-1_sec_i.md,1,1,adb1332a4859004c8a4022783e9743967f9981d643332fb5c67e446ac7046081,fb6198d0392e70a23a2d9ed05c0d432d4466de4ba75cc96762e3b4e45a204c40,True
chp-1:01_CHP-1_sec_i:l3-13,haskell-1980-rev-ed,chp-1,01_CHP-1_sec_i,01_CHP-1_sec_i.md,3,13,41b7957cf5b7396cb2bf948142f957259f0ee928eac86de3ffb801d118b032fa,fb6198d0392e70a23a2d9ed05c0d432d4466de4ba75cc96762e3b4e45a204c40,True
chp-1:01_CHP-1_sec_i:l15-24,haskell-1980-rev-ed,chp-1,01_CHP-1_sec_i,01_CHP-1_sec_i.md,15,24,c9f47239d438c2b61316aa257d542644d243911ef124c889e244531a35006b31,fb6198d0392e70a23a2d9ed05c0d432d4466de4ba75cc96762e3b4e45a204c40,True
chp-1:01_CHP-1_sec_i:l26-33,haskell-1980-rev-ed,chp-1,01_CHP-1_sec_i,01_CHP-1_sec_i.md,26,33,159cdfe11b59f8c8197cea76168d11f6cc7ab7f5e5155e5795af86a2176b1ce0,fb6198d0392e70a23a2d9ed05c0d432d4466de4ba75cc96762e3b4e45a204c40,True
chp-1:01_CHP-1_sec_i:l35-36,haskell-1980-rev-ed,chp-1,01_CHP-1_sec_i,01_CHP-1_sec_i.md,35,36,144576b6f1a130d0ff72352390a013b92e6af49aba5da5a5b7f99fab0cdf2f32,fb6198d0392e70a23a2d9ed05c0d432d4466de4ba75cc96762e3b4e45a204c40,True
chp-1:01_CHP-1_sec_i:l38-47,haskell-1980-rev-ed,chp-1,01_CHP-1_sec_i,01_CHP-1_sec_i.md,38,47,d26c9d4d53452f8084fbc408f9e146c810dd466dcdfa0c131b930463b61791f3,fb6198d0392e70a23a2d9ed05c0d432d4466de4ba75cc96762e3b4e45a204c40,True
chp-1:01_CHP-1_sec_ii:l1-1,haskell-1980-rev-ed,chp-1,01_CHP-1_sec_ii,01_CHP-1_sec_ii.md,1,1,3bbc3362c3a06d8dc71ff392145ee3b375d94572adf8d836886a9400a40c6ee1,1b5890ce028c421718abcb28e4c6dc4070be1bc71597a96247b32ebee42e2268,True
chp-1:01_CHP-1_sec_ii:l3-8,haskell-1980-rev-ed,chp-1,01_CHP-1_sec_ii,01_CHP-1_sec_ii.md,3,8,99c88a4e0141dc67871c10cca9157ea1a33e78f1d02e14808123ea745ba58440,1b5890ce028c421718abcb28e4c6dc4070be1bc71597a96247b32ebee42e2268,True
chp-1:01_CHP-1_sec_ii:l10-17,haskell-1980-rev-ed,chp-1,01_CHP-1_sec_ii,01_CHP-1_sec_ii.md,10,17,a678453151b763f6a157472bf6393ec985feccc26d008c9a8e81c8a9dc6c124b,1b5890ce028c421718abcb28e4c6dc4070be1bc71597a96247b32ebee42e2268,True
chp-1:01_CHP-1_sec_ii:l19-26,haskell-1980-rev-ed,chp-1,01_CHP-1_sec_ii,01_CHP-1_sec_ii.md,19,26,a02b3059573fde2ae25c1889bd20f1536844d9418ac903cda93bafdf29e22126,1b5890ce028c421718abcb28e4c6dc4070be1bc71597a96247b32ebee42e2268,True
chp-1:01_CHP-1_sec_ii:l28-38,haskell-1980-rev-ed,chp-1,01_CHP-1_sec_ii,01_CHP-1_sec_ii.md,28,38,80d90e0f8b0aa22f45dbfe8fc9492c5ae9baee2c9a2c6749df4929754fd2e375,1b5890ce028c421718abcb28e4c6dc4070be1bc71597a96247b32ebee42e2268,True
chp-1:01_CHP-1_sec_ii:l40-46,haskell-1980-rev-ed,chp-1,01_CHP-1_sec_ii,01_CHP-1_sec_ii.md,40,46,8a047fc987870ab67066ad0c938de849d66aa2757d38b1dc4c4ca354194193bd,1b5890ce028c421718abcb28e4c6dc4070be1bc71597a96247b32ebee42e2268,True
chp-1:01_CHP-1_sec_ii:l48-60,haskell-1980-rev-ed,chp-1,01_CHP-1_sec_ii,01_CHP-1_sec_ii.md,48,60,9e78342f6ca4b5d210c405aaa1e7cd1f063df4e9a68b78c823597d2bda34c2c3,1b5890ce028c421718abcb28e4c6dc4070be1bc71597a96247b32ebee42e2268,True
chp-1:01_CHP-1_sec_ii:l62-71,haskell-1980-rev-ed,chp-1,01_CHP-1_sec_ii,01_CHP-1_sec_ii.md,62,71,93e137305efc7e0753350ed38084128dc82aa61a596a6adf3d3979609109f965,1b5890ce028c421718abcb28e4c6dc4070be1bc71597a96247b32ebee42e2268,True
chp-1:01_CHP-1_sec_ii:l73-77,haskell-1980-rev-ed,chp-1,01_CHP-1_sec_ii,01_CHP-1_sec_ii.md,73,77,08d0b4db8a37d6097dd9c5fcaf28e90034a721c7077a470ab332c4e0a0e80542,1b5890ce028c421718abcb28e4c6dc4070be1bc71597a96247b32ebee42e2268,True
chp-1:01_CHP-1_sec_ii:l79-84,haskell-1980-rev-ed,chp-1,01_CHP-1_sec_ii,01_CHP-1_sec_ii.md,79,84,83e5da63c3e5deb00803dec8bc08b9a4d32f99ade9e2827960ee2117ce3c8334,1b5890ce028c421718abcb28e4c6dc4070be1bc71597a96247b32ebee42e2268,True
chp-1:01_CHP-1_sec_ii:l86-94,haskell-1980-rev-ed,chp-1,01_CHP-1_sec_ii,01_CHP-1_sec_ii.md,86,94,5d626905d132320e68740a13163e775091bf604ce40c5d41c40858884a17ab52,1b5890ce028c421718abcb28e4c6dc4070be1bc71597a96247b32ebee42e2268,True
chp-1:01_CHP-1_sec_ii:l96-104,haskell-1980-rev-ed,chp-1,01_CHP-1_sec_ii,01_CHP-1_sec_ii.md,96,104,48354a5337e70fa0da4c03e96c672613b4cadb0f990d965f7b4475d929bf04af,1b5890ce028c421718abcb28e4c6dc4070be1bc71597a96247b32ebee42e2268,True
chp-1:01_CHP-1_sec_ii:l106-116,haskell-1980-rev-ed,chp-1,01_CHP-1_sec_ii,01_CHP-1_sec_ii.md,106,116,be9588797757c50478366dcd9e264676b77b7497b60e2717d3c51b46c7216dfc,1b5890ce028c421718abcb28e4c6dc4070be1bc71597a96247b32ebee42e2268,True
chp-1:01_CHP-1_sec_ii:l118-127,haskell-1980-rev-ed,chp-1,01_CHP-1_sec_ii,01_CHP-1_sec_ii.md,118,127,a1609de43ef335cae0c1289ae92fdbe062335d7ae525c85a22acbdbfafa997e4,1b5890ce028c421718abcb28e4c6dc4070be1bc71597a96247b32ebee42e2268,True
chp-1:01_CHP-1_sec_ii:l129-135,haskell-1980-rev-ed,chp-1,01_CHP-1_sec_ii,01_CHP-1_sec_ii.md,129,135,ed882d0be64ff4bba3d9e9d2586c6fc027149a17080a347b3b026d936e12c7a8,1b5890ce028c421718abcb28e4c6dc4070be1bc71597a96247b32ebee42e2268,True
chp-1:01_CHP-1_sec_ii:l137-146,haskell-1980-rev-ed,chp-1,01_CHP-1_sec_ii,01_CHP-1_sec_ii.md,137,146,5a164139275566e75f3cbae8ca9df5f7e95be9df7d53fcb5ae7651610df6fd5f,1b5890ce028c421718abcb28e4c6dc4070be1bc71597a96247b32ebee42e2268,True
chp-1:01_CHP-1_sec_ii:l148-153,haskell-1980-rev-ed,chp-1,01_CHP-1_sec_ii,01_CHP-1_sec_ii.md,148,153,00c17a521304fc01b409eb96279e9ae1691dfb438cc53445d79a26dea79402d7,1b5890ce028c421718abcb28e4c6dc4070be1bc71597a96247b32ebee42e2268,True
chp-1:01_CHP-1_sec_ii:l155-159,haskell-1980-rev-ed,chp-1,01_CHP-1_sec_ii,01_CHP-1_sec_ii.md,155,159,a8cce88524d421d7f8979c576f86deaf6417e777750d3294d64f3e6bebbb717f,1b5890ce028c421718abcb28e4c6dc4070be1bc71597a96247b32ebee42e2268,True
chp-1:01_CHP-1_sec_ii:l161-166,haskell-1980-rev-ed,chp-1,01_CHP-1_sec_ii,01_CHP-1_sec_ii.md,161,166,154f3d3ff37fb0496c12596f0cac2fe19043d5b1f70ef708c0f440599ce702e1,1b5890ce028c421718abcb28e4c6dc4070be1bc71597a96247b32ebee42e2268,True
chp-1:01_CHP-1_sec_ii:l168-239,haskell-1980-rev-ed,chp-1,01_CHP-1_sec_ii,01_CHP-1_sec_ii.md,168,239,b5560e20ceb3b9b531266ac26966dd0a7f76c6ce8bbc82f6664a9a95d68af258,1b5890ce028c421718abcb28e4c6dc4070be1bc71597a96247b32ebee42e2268,True
chp-2:02_CHP-2_intro:l1-1,haskell-1980-rev-ed,chp-2,02_CHP-2_intro,02_CHP-2_intro.md,1,1,3021553b4fc83d2d075ee4fdb80f36377b6fcfad4b68e3837929c16d0e0469d7,4e93f8f73b981ff35a8b95df2f379e787c55fce396fee21d971dd7831b192e74,True
chp-2:02_CHP-2_intro:l3-4,haskell-1980-rev-ed,chp-2,02_CHP-2_intro,02_CHP-2_intro.md,3,4,7c27dd6b9110fdfb5eaac2fc966addcffa9defcdb3d4a075e649efa13dc4e302,4e93f8f73b981ff35a8b95df2f379e787c55fce396fee21d971dd7831b192e74,True
chp-2:02_CHP-2_intro:l6-7,haskell-1980-rev-ed,chp-2,02_CHP-2_intro,02_CHP-2_intro.md,6,7,f5e61af4b8c463168b1617b9a1455ac9141c2cb303f442bdcba87f9ff060b9ac,4e93f8f73b981ff35a8b95df2f379e787c55fce396fee21d971dd7831b192e74,True
chp-2:02_CHP-2_sec_i:l1-1,haskell-1980-rev-ed,chp-2,02_CHP-2_sec_i,02_CHP-2_sec_i.md,1,1,4eac8ec8b58501b02ebbf5aad3cc620f7b60208298af6f399204f2d5fc0c5faf,5eca92acb03fe9934be85c82a6ec6806d3c564002955e99bd317916f3c7c8dc6,True
chp-2:02_CHP-2_sec_i:l3-7,haskell-1980-rev-ed,chp-2,02_CHP-2_sec_i,02_CHP-2_sec_i.md,3,7,e45280dcb6462e09193bcc7a45811c533a3159bcfee168eeb203358a26d93a69,5eca92acb03fe9934be85c82a6ec6806d3c564002955e99bd317916f3c7c8dc6,True
chp-2:02_CHP-2_sec_i:l9-10,haskell-1980-rev-ed,chp-2,02_CHP-2_sec_i,02_CHP-2_sec_i.md,9,10,100ceec33887ee1d2e71ad9d0c7dfdf84f5687e659a0e887164239d576626e00,5eca92acb03fe9934be85c82a6ec6806d3c564002955e99bd317916f3c7c8dc6,True
chp-2:02_CHP-2_sec_i:l12-13,haskell-1980-rev-ed,chp-2,02_CHP-2_sec_i,02_CHP-2_sec_i.md,12,13,8174b964c7f7e44d6fcc707fb2abfa95146fec3a3404c65296ac902fa0f0e6cb,5eca92acb03fe9934be85c82a6ec6806d3c564002955e99bd317916f3c7c8dc6,True
chp-2:02_CHP-2_sec_i:l15-29,haskell-1980-rev-ed,chp-2,02_CHP-2_sec_i,02_CHP-2_sec_i.md,15,29,f7a6cb6517516488f9254d0c35c326a6c45abb7799d593fb52fb4f09576b36bd,5eca92acb03fe9934be85c82a6ec6806d3c564002955e99bd317916f3c7c8dc6,True
chp-2:02_CHP-2_sec_i:l31-42,haskell-1980-rev-ed,chp-2,02_CHP-2_sec_i,02_CHP-2_sec_i.md,31,42,02f1b3400528bf747117001aa777bb907030e341c068da5c5a953b3f50c9f696,5eca92acb03fe9934be85c82a6ec6806d3c564002955e99bd317916f3c7c8dc6,True
chp-2:02_CHP-2_sec_i:l44-53,haskell-1980-rev-ed,chp-2,02_CHP-2_sec_i,02_CHP-2_sec_i.md,44,53,9fbce3f3d95519a7927373e6fff8f82bfe3b09ead9133b0ba3bcec85e91deac4,5eca92acb03fe9934be85c82a6ec6806d3c564002955e99bd317916f3c7c8dc6,True
chp-2:02_CHP-2_sec_i:l55-69,haskell-1980-rev-ed,chp-2,02_CHP-2_sec_i,02_CHP-2_sec_i.md,55,69,3825b6ceef0268c05b32f62629fb37530f8e42c766b0a941461da56ba35d94b0,5eca92acb03fe9934be85c82a6ec6806d3c564002955e99bd317916f3c7c8dc6,True
chp-2:02_CHP-2_sec_i:l71-80,haskell-1980-rev-ed,chp-2,02_CHP-2_sec_i,02_CHP-2_sec_i.md,71,80,3d1f1e6a22cdc217c50ee74cb86571629a3dc7561e11d8998f05eeffad431e4b,5eca92acb03fe9934be85c82a6ec6806d3c564002955e99bd317916f3c7c8dc6,True
chp-2:02_CHP-2_sec_i:l82-93,haskell-1980-rev-ed,chp-2,02_CHP-2_sec_i,02_CHP-2_sec_i.md,82,93,e8d171c35c16faef3ca1970ab729409b5c192e154c06f6baa0352c2ef76c139d,5eca92acb03fe9934be85c82a6ec6806d3c564002955e99bd317916f3c7c8dc6,True
chp-2:02_CHP-2_sec_i:l95-106,haskell-1980-rev-ed,chp-2,02_CHP-2_sec_i,02_CHP-2_sec_i.md,95,106,165eaffa3127c4d1978a6d3bddf30c96e2b139803117cdefc6d8c02d0c04df8a,5eca92acb03fe9934be85c82a6ec6806d3c564002955e99bd317916f3c7c8dc6,True
chp-2:02_CHP-2_sec_i:l108-119,haskell-1980-rev-ed,chp-2,02_CHP-2_sec_i,02_CHP-2_sec_i.md,108,119,eb79505a43436aa4d7a141a2314a8bf34fd450b0ac108511cda8880d292f65f3,5eca92acb03fe9934be85c82a6ec6806d3c564002955e99bd317916f3c7c8dc6,True
chp-2:02_CHP-2_sec_i:l121-121,haskell-1980-rev-ed,chp-2,02_CHP-2_sec_i,02_CHP-2_sec_i.md,121,121,9b14729d373a2ffe7006aabbe3bf50894d10c73a9489c6f1bfe8be6268c0b0b9,5eca92acb03fe9934be85c82a6ec6806d3c564002955e99bd317916f3c7c8dc6,True
chp-2:02_CHP-2_sec_i:l124-157,haskell-1980-rev-ed,chp-2,02_CHP-2_sec_i,02_CHP-2_sec_i.md,124,157,ff068d6951eb10bf2a5a8e4f895c0d6f1cb1ccc2ea00c6d8de0d58fe11dd3862,5eca92acb03fe9934be85c82a6ec6806d3c564002955e99bd317916f3c7c8dc6,True
chp-2:02_CHP-2_sec_ii:l1-1,haskell-1980-rev-ed,chp-2,02_CHP-2_sec_ii,02_CHP-2_sec_ii.md,1,1,e9feb1d5d8c80123be9254d2760e1429865b0026bed83ff080e01190b3898efc,7efde367c2d7d600f599c17d09fbc4f57bf29aa6b7efb439859a1f45b8c863a9,True
chp-2:02_CHP-2_sec_ii:l3-8,haskell-1980-rev-ed,chp-2,02_CHP-2_sec_ii,02_CHP-2_sec_ii.md,3,8,19d1dca3c2e6fa9afdc3423e99d0b149a6b1598fd851288c4652b9dd27f7f6c7,7efde367c2d7d600f599c17d09fbc4f57bf29aa6b7efb439859a1f45b8c863a9,True
chp-2:02_CHP-2_sec_ii:l10-18,haskell-1980-rev-ed,chp-2,02_CHP-2_sec_ii,02_CHP-2_sec_ii.md,10,18,0a46b10c1bcb3a23d57c50b5053b86851882c588cdfd8490148a9aac1b42376f,7efde367c2d7d600f599c17d09fbc4f57bf29aa6b7efb439859a1f45b8c863a9,True
chp-2:02_CHP-2_sec_ii:l20-28,haskell-1980-rev-ed,chp-2,02_CHP-2_sec_ii,02_CHP-2_sec_ii.md,20,28,4efb9a12a647376ce9e3a41a32ce451a52921c8e9b9236101e6eaa6eb8298dd6,7efde367c2d7d600f599c17d09fbc4f57bf29aa6b7efb439859a1f45b8c863a9,True
chp-2:02_CHP-2_sec_ii:l30-40,haskell-1980-rev-ed,chp-2,02_CHP-2_sec_ii,02_CHP-2_sec_ii.md,30,40,572d6f8146f8914c683d85e9f68fff62f7c775b8951b151740f6c8e5efc1bfd8,7efde367c2d7d600f599c17d09fbc4f57bf29aa6b7efb439859a1f45b8c863a9,True
chp-2:02_CHP-2_sec_ii:l42-50,haskell-1980-rev-ed,chp-2,02_CHP-2_sec_ii,02_CHP-2_sec_ii.md,42,50,881c992c20baf865d4fa95f527b2d34f8e7daf96b9a3bc993154d5cfa122d355,7efde367c2d7d600f599c17d09fbc4f57bf29aa6b7efb439859a1f45b8c863a9,True
chp-2:02_CHP-2_sec_ii:l52-60,haskell-1980-rev-ed,chp-2,02_CHP-2_sec_ii,02_CHP-2_sec_ii.md,52,60,4562658381147028a0597b5847346d3c89796326a8051be0b93067e6fb164d38,7efde367c2d7d600f599c17d09fbc4f57bf29aa6b7efb439859a1f45b8c863a9,True
chp-2:02_CHP-2_sec_ii:l62-69,haskell-1980-rev-ed,chp-2,02_CHP-2_sec_ii,02_CHP-2_sec_ii.md,62,69,5564afc7580a476caafc29bef915eb98b1b88341c4e49252023a785d0616d2fe,7efde367c2d7d600f599c17d09fbc4f57bf29aa6b7efb439859a1f45b8c863a9,True
chp-2:02_CHP-2_sec_ii:l71-78,haskell-1980-rev-ed,chp-2,02_CHP-2_sec_ii,02_CHP-2_sec_ii.md,71,78,4553743974bb21f3bdf2c258c0c6d80807998e704df129b44061ac34ad97749f,7efde367c2d7d600f599c17d09fbc4f57bf29aa6b7efb439859a1f45b8c863a9,True
chp-2:02_CHP-2_sec_ii:l80-89,haskell-1980-rev-ed,chp-2,02_CHP-2_sec_ii,02_CHP-2_sec_ii.md,80,89,e1d901252d516f1c9a17a7024d6fb2ecefd1346c48f25c13aa87e1c48e8a8bf3,7efde367c2d7d600f599c17d09fbc4f57bf29aa6b7efb439859a1f45b8c863a9,True
chp-2:02_CHP-2_sec_ii:l91-104,haskell-1980-rev-ed,chp-2,02_CHP-2_sec_ii,02_CHP-2_sec_ii.md,91,104,716087759fa887391584b7f7ba1c97d9b5abd70acc8bb895e07045a70d5c04d7,7efde367c2d7d600f599c17d09fbc4f57bf29aa6b7efb439859a1f45b8c863a9,True
chp-2:02_CHP-2_sec_ii:l106-107,haskell-1980-rev-ed,chp-2,02_CHP-2_sec_ii,02_CHP-2_sec_ii.md,106,107,e31f53685472c5c27e3c860c31616dc5464b4f6468b2abc406f047b164aa8f8b,7efde367c2d7d600f599c17d09fbc4f57bf29aa6b7efb439859a1f45b8c863a9,True
chp-2:02_CHP-2_sec_ii:l109-113,haskell-1980-rev-ed,chp-2,02_CHP-2_sec_ii,02_CHP-2_sec_ii.md,109,113,5b1c4853b6b7f22e419442c5442343e53b133d7373dfa845c313feda95f6b247,7efde367c2d7d600f599c17d09fbc4f57bf29aa6b7efb439859a1f45b8c863a9,True
chp-2:02_CHP-2_sec_ii:l115-116,haskell-1980-rev-ed,chp-2,02_CHP-2_sec_ii,02_CHP-2_sec_ii.md,115,116,65c8ed63f5ebf5cb8e440b54d72101d96469d68dee8a51769bef6bae9ad4323a,7efde367c2d7d600f599c17d09fbc4f57bf29aa6b7efb439859a1f45b8c863a9,True
chp-2:02_CHP-2_sec_ii:l118-125,haskell-1980-rev-ed,chp-2,02_CHP-2_sec_ii,02_CHP-2_sec_ii.md,118,125,b45e5832e49f40c221c95f72d8e4be732de3b687fd4ac95821a1cfafe469b27f,7efde367c2d7d600f599c17d09fbc4f57bf29aa6b7efb439859a1f45b8c863a9,True
chp-2:02_CHP-2_sec_ii:l127-139,haskell-1980-rev-ed,chp-2,02_CHP-2_sec_ii,02_CHP-2_sec_ii.md,127,139,4d2e65b99c5e5c8e49ecdc544ab6b88763a2ffa3ce1e5ca424eac5ca6d36da36,7efde367c2d7d600f599c17d09fbc4f57bf29aa6b7efb439859a1f45b8c863a9,True
chp-2:02_CHP-2_sec_ii:l141-145,haskell-1980-rev-ed,chp-2,02_CHP-2_sec_ii,02_CHP-2_sec_ii.md,141,145,6ee183c4a1a0fb2eacd040ac7a9d12a50fc521cd13caabbc49aeaa15ebf3645b,7efde367c2d7d600f599c17d09fbc4f57bf29aa6b7efb439859a1f45b8c863a9,True
chp-2:02_CHP-2_sec_ii:l147-193,haskell-1980-rev-ed,chp-2,02_CHP-2_sec_ii,02_CHP-2_sec_ii.md,147,193,eecca3166cf5e2c76b830b696b314e5c2b6f3cec09b463643578f0b0d44d1c4a,7efde367c2d7d600f599c17d09fbc4f57bf29aa6b7efb439859a1f45b8c863a9,True
chp-2:02_CHP-2_sec_iv:l1-1,haskell-1980-rev-ed,chp-2,02_CHP-2_sec_iv,02_CHP-2_sec_iv.md,1,1,42a225566d571b5effec3a55a1b11d61a3422751bc531e264d9b46c24044a4d4,9f50e1396234faff664211d70a1231ef145bccdc24e91c088f1237d55ca34dbf,True
chp-2:02_CHP-2_sec_iv:l3-4,haskell-1980-rev-ed,chp-2,02_CHP-2_sec_iv,02_CHP-2_sec_iv.md,3,4,b6105d2699fd40909d7c847e55bd8b5e9c9b45d2c0919fe6373b1649305b9243,9f50e1396234faff664211d70a1231ef145bccdc24e91c088f1237d55ca34dbf,True
chp-2:02_CHP-2_sec_iv:l6-17,haskell-1980-rev-ed,chp-2,02_CHP-2_sec_iv,02_CHP-2_sec_iv.md,6,17,438d479ced460d329f80c12d875c4bee2672944f6017cdc0e7c78b19820af78c,9f50e1396234faff664211d70a1231ef145bccdc24e91c088f1237d55ca34dbf,True
chp-2:02_CHP-2_sec_iv:l19-29,haskell-1980-rev-ed,chp-2,02_CHP-2_sec_iv,02_CHP-2_sec_iv.md,19,29,06b98701267f8db00f7dc1b9fa35e8ffcdc5d0951ba8c9c0a9e56347885e5fbd,9f50e1396234faff664211d70a1231ef145bccdc24e91c088f1237d55ca34dbf,True
chp-2:02_CHP-2_sec_iv:l31-43,haskell-1980-rev-ed,chp-2,02_CHP-2_sec_iv,02_CHP-2_sec_iv.md,31,43,24c57f448578597f0570312dc6bca4744243c4f02872a4f4fba78dc979529abe,9f50e1396234faff664211d70a1231ef145bccdc24e91c088f1237d55ca34dbf,True
chp-2:02_CHP-2_sec_iv:l45-52,haskell-1980-rev-ed,chp-2,02_CHP-2_sec_iv,02_CHP-2_sec_iv.md,45,52,8cde8f28190a93455f5efa9d6dd2c56c37633da7f376e805fcdb2bd660dd0fe5,9f50e1396234faff664211d70a1231ef145bccdc24e91c088f1237d55ca34dbf,True
chp-2:02_CHP-2_sec_iv:l54-63,haskell-1980-rev-ed,chp-2,02_CHP-2_sec_iv,02_CHP-2_sec_iv.md,54,63,a045f0601ca2ce9cd4099916aa0cb20b60a811eafd3996f3849b2d7a422389e7,9f50e1396234faff664211d70a1231ef145bccdc24e91c088f1237d55ca34dbf,True
chp-2:02_CHP-2_sec_iv:l65-77,haskell-1980-rev-ed,chp-2,02_CHP-2_sec_iv,02_CHP-2_sec_iv.md,65,77,69490f9d868a34da1b43ef70ed866733a906d4a10d1935155fa65fb8dd57a811,9f50e1396234faff664211d70a1231ef145bccdc24e91c088f1237d55ca34dbf,True
chp-2:02_CHP-2_sec_iv:l79-89,haskell-1980-rev-ed,chp-2,02_CHP-2_sec_iv,02_CHP-2_sec_iv.md,79,89,7f8e4442443bc927ff276280e0d182a1e751cb542f9d0ad3e652f2cf523fb53b,9f50e1396234faff664211d70a1231ef145bccdc24e91c088f1237d55ca34dbf,True
chp-2:02_CHP-2_sec_iv:l91-94,haskell-1980-rev-ed,chp-2,02_CHP-2_sec_iv,02_CHP-2_sec_iv.md,91,94,9d24f560848d29aca7437cce39e501eba7b6b5352e2ddce942c713418d352fe1,9f50e1396234faff664211d70a1231ef145bccdc24e91c088f1237d55ca34dbf,True
chp-2:02_CHP-2_sec_iv:l96-104,haskell-1980-rev-ed,chp-2,02_CHP-2_sec_iv,02_CHP-2_sec_iv.md,96,104,7f2a37d9ff4614cf577a2e70953139103c18b8f4e0698fa2c5c729a83031bf30,9f50e1396234faff664211d70a1231ef145bccdc24e91c088f1237d55ca34dbf,True
chp-2:02_CHP-2_sec_iv:l106-112,haskell-1980-rev-ed,chp-2,02_CHP-2_sec_iv,02_CHP-2_sec_iv.md,106,112,d409bac5a9e5c1caeaf2ed02cdfa8a1a4edc7dac8883ea2be458487bf1ebe001,9f50e1396234faff664211d70a1231ef145bccdc24e91c088f1237d55ca34dbf,True
chp-2:02_CHP-2_sec_iv:l114-125,haskell-1980-rev-ed,chp-2,02_CHP-2_sec_iv,02_CHP-2_sec_iv.md,114,125,9f19718c42f5753aa5b75f1317c40ad493602c9539fac022a1a681d37c2b4877,9f50e1396234faff664211d70a1231ef145bccdc24e91c088f1237d55ca34dbf,True
chp-2:02_CHP-2_sec_iv:l127-137,haskell-1980-rev-ed,chp-2,02_CHP-2_sec_iv,02_CHP-2_sec_iv.md,127,137,0e76625484b78cacdcbbe376367af73ff261938fbe4b749de9ac7dff7ce27da7,9f50e1396234faff664211d70a1231ef145bccdc24e91c088f1237d55ca34dbf,True
chp-2:02_CHP-2_sec_iv:l139-152,haskell-1980-rev-ed,chp-2,02_CHP-2_sec_iv,02_CHP-2_sec_iv.md,139,152,e40daf0da537fc59dc46646867c785d2a3aa8e2c417bdba1c5cadaa4a0cec957,9f50e1396234faff664211d70a1231ef145bccdc24e91c088f1237d55ca34dbf,True
chp-2:02_CHP-2_sec_iv:l154-155,haskell-1980-rev-ed,chp-2,02_CHP-2_sec_iv,02_CHP-2_sec_iv.md,154,155,a7e672908b018898ad501af55f08df64c15bc270092201c52043fde7521c577d,9f50e1396234faff664211d70a1231ef145bccdc24e91c088f1237d55ca34dbf,True
chp-2:02_CHP-2_sec_iv:l157-159,haskell-1980-rev-ed,chp-2,02_CHP-2_sec_iv,02_CHP-2_sec_iv.md,157,159,9426ab468042b584247509d6173900634458cad7e085bd09d9517ecf69392cee,9f50e1396234faff664211d70a1231ef145bccdc24e91c088f1237d55ca34dbf,True
chp-2:02_CHP-2_sec_iv:l161-163,haskell-1980-rev-ed,chp-2,02_CHP-2_sec_iv,02_CHP-2_sec_iv.md,161,163,0c371666544d228bf431af358db296ceb2ff45326892c78fd93874d3f8028c87,9f50e1396234faff664211d70a1231ef145bccdc24e91c088f1237d55ca34dbf,True
chp-2:02_CHP-2_sec_iv:l165-169,haskell-1980-rev-ed,chp-2,02_CHP-2_sec_iv,02_CHP-2_sec_iv.md,165,169,288d4662f37379ba97b7009290df0a0d71e4c43135aa75fd4b42fa70cb9cdd9e,9f50e1396234faff664211d70a1231ef145bccdc24e91c088f1237d55ca34dbf,True
chp-2:02_CHP-2_sec_iv:l171-179,haskell-1980-rev-ed,chp-2,02_CHP-2_sec_iv,02_CHP-2_sec_iv.md,171,179,8b9f0a3c1510512aebfcd9705603ac117d6723313010877e8da88c8cd26db084,9f50e1396234faff664211d70a1231ef145bccdc24e91c088f1237d55ca34dbf,True
chp-2:02_CHP-2_sec_iv:l181-188,haskell-1980-rev-ed,chp-2,02_CHP-2_sec_iv,02_CHP-2_sec_iv.md,181,188,5b494c37d11a6baa4d209ae9e2bf4cc3a74e5052c2f87e36bfa9ccd9bc525d7d,9f50e1396234faff664211d70a1231ef145bccdc24e91c088f1237d55ca34dbf,True
chp-2:02_CHP-2_sec_iv:l190-245,haskell-1980-rev-ed,chp-2,02_CHP-2_sec_iv,02_CHP-2_sec_iv.md,190,245,5dd2839d3e713ca4795b2bfd4de98120305a38026d0d41ffcc7c84e19fbcfd2a,9f50e1396234faff664211d70a1231ef145bccdc24e91c088f1237d55ca34dbf,True
chp-2:02_CHP-2_sec_vii:l1-1,haskell-1980-rev-ed,chp-2,02_CHP-2_sec_vii,02_CHP-2_sec_vii.md,1,1,2ae5783bf5cb0fbee03cbed2c57f60a9531ef33d0e091df89396e825da060d75,5f2ec3c85927ed4aded258d7a6b1801ccb3b8e0416f0f3f9e57ad7b2fae8dd4c,True
chp-2:02_CHP-2_sec_vii:l3-3,haskell-1980-rev-ed,chp-2,02_CHP-2_sec_vii,02_CHP-2_sec_vii.md,3,3,992305b74428b480ca4d08bc1f0240b8c0fccca008086a11f3600d120bae896b,5f2ec3c85927ed4aded258d7a6b1801ccb3b8e0416f0f3f9e57ad7b2fae8dd4c,True
chp-2:02_CHP-2_sec_vii:l5-19,haskell-1980-rev-ed,chp-2,02_CHP-2_sec_vii,02_CHP-2_sec_vii.md,5,19,1b18b06e5140dfa2987c07e3901cfe46c546a3be3a32f4a6d661de2b98d251c6,5f2ec3c85927ed4aded258d7a6b1801ccb3b8e0416f0f3f9e57ad7b2fae8dd4c,True
chp-2:02_CHP-2_sec_vii:l21-30,haskell-1980-rev-ed,chp-2,02_CHP-2_sec_vii,02_CHP-2_sec_vii.md,21,30,e48382ee2fca2bf2cc0b3b462cb713065f12dccd36d92690e2a4017b10e49bb3,5f2ec3c85927ed4aded258d7a6b1801ccb3b8e0416f0f3f9e57ad7b2fae8dd4c,True
chp-2:02_CHP-2_sec_vii:l32-36,haskell-1980-rev-ed,chp-2,02_CHP-2_sec_vii,02_CHP-2_sec_vii.md,32,36,b10e9ecda86062c0c1dad7a7c4fb34561c726f8ed3d3d9f9d3a4acb3adef5d34,5f2ec3c85927ed4aded258d7a6b1801ccb3b8e0416f0f3f9e57ad7b2fae8dd4c,True
chp-2:02_CHP-2_sec_vii:l38-54,haskell-1980-rev-ed,chp-2,02_CHP-2_sec_vii,02_CHP-2_sec_vii.md,38,54,e158059bf39e132e67c04028d3dc23c4f6f3bda83e9648b8c5dceabe09522409,5f2ec3c85927ed4aded258d7a6b1801ccb3b8e0416f0f3f9e57ad7b2fae8dd4c,True
chp-2:02_CHP-2_sec_viii:l1-1,haskell-1980-rev-ed,chp-2,02_CHP-2_sec_viii,02_CHP-2_sec_viii.md,1,1,89ab98388628170c84527fea487cfc1062c62667d580754276ffbf3b39ec953a,95f938db89eb64a86bbc54065bf1e93e2d4849cd6ed5e6b02aedbe0f1e23350a,True
chp-2:02_CHP-2_sec_viii:l3-7,haskell-1980-rev-ed,chp-2,02_CHP-2_sec_viii,02_CHP-2_sec_viii.md,3,7,a371cfa6ead9f7cfc7973cb642a80e128b6e8a89422a0c02d7c813af313ca735,95f938db89eb64a86bbc54065bf1e93e2d4849cd6ed5e6b02aedbe0f1e23350a,True
chp-2:02_CHP-2_sec_viii:l9-14,haskell-1980-rev-ed,chp-2,02_CHP-2_sec_viii,02_CHP-2_sec_viii.md,9,14,17048bfc854e4774951936ee525da224690f6f5cb2be1244d9fd8dc8649ad200,95f938db89eb64a86bbc54065bf1e93e2d4849cd6ed5e6b02aedbe0f1e23350a,True
chp-3:03_CHP-3_intro:l1-1,haskell-1980-rev-ed,chp-3,03_CHP-3_intro,03_CHP-3_intro.md,1,1,06a1fbdd43f551deb1ddac0a67ae4fc82eeca941b79834387eb39d4276245e54,0537ac39d933f5a377f4a1f153ab9cbbf724a448ef76b7f19190d1f95c3e1fda,True
chp-3:03_CHP-3_intro:l3-5,haskell-1980-rev-ed,chp-3,03_CHP-3_intro,03_CHP-3_intro.md,3,5,fbb49f00abb975e66108d206ec9292d52b67e699b841f8cb68d97669f836488c,0537ac39d933f5a377f4a1f153ab9cbbf724a448ef76b7f19190d1f95c3e1fda,True
chp-3:03_CHP-3_intro:l7-9,haskell-1980-rev-ed,chp-3,03_CHP-3_intro,03_CHP-3_intro.md,7,9,1234d4497f59327e55c7980f8fcd0351a7df01ea9d9c7b592b8f6d3dd3bcae4e,0537ac39d933f5a377f4a1f153ab9cbbf724a448ef76b7f19190d1f95c3e1fda,True
chp-3:03_CHP-3_sec_i:l1-1,haskell-1980-rev-ed,chp-3,03_CHP-3_sec_i,03_CHP-3_sec_i.md,1,1,f627eb367b596d20e23a252951800d93d1a6f841e4cd3e9c8b75d4d4c4495971,a18f48c7b8bf5b161fa13a7ce26ed2935e72d9a14d555f82dfc1d85f84314255,True
chp-3:03_CHP-3_sec_i:l3-14,haskell-1980-rev-ed,chp-3,03_CHP-3_sec_i,03_CHP-3_sec_i.md,3,14,65731270d187f6441994d332868a81dc1e4dbc41b53168a2e173e46798316f26,a18f48c7b8bf5b161fa13a7ce26ed2935e72d9a14d555f82dfc1d85f84314255,True
chp-3:03_CHP-3_sec_i:l16-24,haskell-1980-rev-ed,chp-3,03_CHP-3_sec_i,03_CHP-3_sec_i.md,16,24,5f883b3074bd9851a0bd8f3140da874b28a896640666cfeebcdc735c0487a8dd,a18f48c7b8bf5b161fa13a7ce26ed2935e72d9a14d555f82dfc1d85f84314255,True
chp-3:03_CHP-3_sec_i:l26-33,haskell-1980-rev-ed,chp-3,03_CHP-3_sec_i,03_CHP-3_sec_i.md,26,33,56fa5a6d58dbd1bf1ddbe4f4d2cc1a4ed87a9f33db4d4417a656595434800c6d,a18f48c7b8bf5b161fa13a7ce26ed2935e72d9a14d555f82dfc1d85f84314255,True
chp-3:03_CHP-3_sec_i:l35-43,haskell-1980-rev-ed,chp-3,03_CHP-3_sec_i,03_CHP-3_sec_i.md,35,43,ea302e3edf8ce7923e39f1ff72ffa23af95c6393df8b67fe554a0fac6c0acd7c,a18f48c7b8bf5b161fa13a7ce26ed2935e72d9a14d555f82dfc1d85f84314255,True
chp-3:03_CHP-3_sec_ii:l1-1,haskell-1980-rev-ed,chp-3,03_CHP-3_sec_ii,03_CHP-3_sec_ii.md,1,1,a6ca90431969e429d64c4da08bf01d364cba688df69fa2648e70b7200892b469,cb17a400fc5a79d895e31fe4a112c83e010f5e5b859883852b3985b7010eb1e6,True
chp-3:03_CHP-3_sec_ii:l3-4,haskell-1980-rev-ed,chp-3,03_CHP-3_sec_ii,03_CHP-3_sec_ii.md,3,4,cf0e037f0e884cfc1145d41ae3e6af4df397276da23c7a9f51fc0e8d55f0085b,cb17a400fc5a79d895e31fe4a112c83e010f5e5b859883852b3985b7010eb1e6,True
chp-3:03_CHP-3_sec_ii:l6-17,haskell-1980-rev-ed,chp-3,03_CHP-3_sec_ii,03_CHP-3_sec_ii.md,6,17,70eea4e115091d3b6c5225d8dbae6a13e78e55ea05f83e51d2213ccb8549c907,cb17a400fc5a79d895e31fe4a112c83e010f5e5b859883852b3985b7010eb1e6,True
chp-3:03_CHP-3_sec_ii:l19-31,haskell-1980-rev-ed,chp-3,03_CHP-3_sec_ii,03_CHP-3_sec_ii.md,19,31,c73ab32d7e9958941dbf4647c7d57885b865aba88c85172354809ab71fb6cd75,cb17a400fc5a79d895e31fe4a112c83e010f5e5b859883852b3985b7010eb1e6,True
chp-3:03_CHP-3_sec_ii:l33-38,haskell-1980-rev-ed,chp-3,03_CHP-3_sec_ii,03_CHP-3_sec_ii.md,33,38,211cfd3c34155058f59cabf6971066c1a805d945235ab40844b81ec7d0d1f909,cb17a400fc5a79d895e31fe4a112c83e010f5e5b859883852b3985b7010eb1e6,True
chp-3:03_CHP-3_sec_ii:l40-52,haskell-1980-rev-ed,chp-3,03_CHP-3_sec_ii,03_CHP-3_sec_ii.md,40,52,b76f6576ce7a5747bb441183be4faae8380e8dd2a3b6c6c822764ae4199297ea,cb17a400fc5a79d895e31fe4a112c83e010f5e5b859883852b3985b7010eb1e6,True
chp-3:03_CHP-3_sec_ii:l54-60,haskell-1980-rev-ed,chp-3,03_CHP-3_sec_ii,03_CHP-3_sec_ii.md,54,60,cf91a81708c0f50c64ecb08b06a4c82c5821cc139eedba1a3a38c8ea284ce880,cb17a400fc5a79d895e31fe4a112c83e010f5e5b859883852b3985b7010eb1e6,True
chp-3:03_CHP-3_sec_ii:l62-72,haskell-1980-rev-ed,chp-3,03_CHP-3_sec_ii,03_CHP-3_sec_ii.md,62,72,b612784ed35de58f0590acc99ef2db92d526ae87b1ac1d52fd72296c4da84e1f,cb17a400fc5a79d895e31fe4a112c83e010f5e5b859883852b3985b7010eb1e6,True
chp-3:03_CHP-3_sec_ii:l74-81,haskell-1980-rev-ed,chp-3,03_CHP-3_sec_ii,03_CHP-3_sec_ii.md,74,81,881c76485302a6fe279c20dc914ac52a85000e88dbf6981c2ffcf670a7d5f133,cb17a400fc5a79d895e31fe4a112c83e010f5e5b859883852b3985b7010eb1e6,True
chp-3:03_CHP-3_sec_ii:l83-84,haskell-1980-rev-ed,chp-3,03_CHP-3_sec_ii,03_CHP-3_sec_ii.md,83,84,efe04758c32a651c3709552bb25c23c15eea03d0cea46d4283005443dd1ce1f6,cb17a400fc5a79d895e31fe4a112c83e010f5e5b859883852b3985b7010eb1e6,True
chp-3:03_CHP-3_sec_ii:l86-87,haskell-1980-rev-ed,chp-3,03_CHP-3_sec_ii,03_CHP-3_sec_ii.md,86,87,c0b5a35c2d69dd0779e1a02001fcb964d2f1735fed52a8ca1932ed90c590f738,cb17a400fc5a79d895e31fe4a112c83e010f5e5b859883852b3985b7010eb1e6,True
chp-3:03_CHP-3_sec_ii:l89-90,haskell-1980-rev-ed,chp-3,03_CHP-3_sec_ii,03_CHP-3_sec_ii.md,89,90,f2f04451982fdfe1097522e328c6a548265fced8b3da43e30f210d333b1c629c,cb17a400fc5a79d895e31fe4a112c83e010f5e5b859883852b3985b7010eb1e6,True
chp-3:03_CHP-3_sec_ii:l92-100,haskell-1980-rev-ed,chp-3,03_CHP-3_sec_ii,03_CHP-3_sec_ii.md,92,100,70462b358fbd66df113e74b773646b1d312dab1f612a1c5f0d88fd4319519113,cb17a400fc5a79d895e31fe4a112c83e010f5e5b859883852b3985b7010eb1e6,True
chp-3:03_CHP-3_sec_ii:l102-113,haskell-1980-rev-ed,chp-3,03_CHP-3_sec_ii,03_CHP-3_sec_ii.md,102,113,65cf612a5de1cf647537b891a7c3151d06d4ab965dc1a5c1b8f65a8d44d50d34,cb17a400fc5a79d895e31fe4a112c83e010f5e5b859883852b3985b7010eb1e6,True
chp-3:03_CHP-3_sec_ii:l115-123,haskell-1980-rev-ed,chp-3,03_CHP-3_sec_ii,03_CHP-3_sec_ii.md,115,123,dfb6354aff501326e5db83e22513be551a50abe846081f30116bb3c5f400de41,cb17a400fc5a79d895e31fe4a112c83e010f5e5b859883852b3985b7010eb1e6,True
chp-3:03_CHP-3_sec_ii:l125-135,haskell-1980-rev-ed,chp-3,03_CHP-3_sec_ii,03_CHP-3_sec_ii.md,125,135,f3fd665873c89b13db5097b7ce2063ac441f403c6d8186c5845ce32938048890,cb17a400fc5a79d895e31fe4a112c83e010f5e5b859883852b3985b7010eb1e6,True
chp-3:03_CHP-3_sec_ii:l137-142,haskell-1980-rev-ed,chp-3,03_CHP-3_sec_ii,03_CHP-3_sec_ii.md,137,142,78854c279fcf302cba677fd80a938ee54c345897e126e9fc6294a54717ecc9c3,cb17a400fc5a79d895e31fe4a112c83e010f5e5b859883852b3985b7010eb1e6,True
chp-3:03_CHP-3_sec_ii:l144-179,haskell-1980-rev-ed,chp-3,03_CHP-3_sec_ii,03_CHP-3_sec_ii.md,144,179,de9a241370fb7fd1dddc4751917b783158af200ed44c64ab9749fa14cc6325e4,cb17a400fc5a79d895e31fe4a112c83e010f5e5b859883852b3985b7010eb1e6,True
chp-3:03_CHP-3_sec_iv:l1-1,haskell-1980-rev-ed,chp-3,03_CHP-3_sec_iv,03_CHP-3_sec_iv.md,1,1,9fe9c284ce724b082ef612e70385fb9f32a66ba2db30ef25e0b1e84be5da8fba,0b2a3412f679bc74e0427612522dad0df1ad9386e941f7646a6983dc76132aed,True
chp-3:03_CHP-3_sec_iv:l3-6,haskell-1980-rev-ed,chp-3,03_CHP-3_sec_iv,03_CHP-3_sec_iv.md,3,6,74b57d1fd5126296410ac7f825542741264e4e197d2a601a5bb4ea4bfd822242,0b2a3412f679bc74e0427612522dad0df1ad9386e941f7646a6983dc76132aed,True
chp-3:03_CHP-3_sec_iv:l8-14,haskell-1980-rev-ed,chp-3,03_CHP-3_sec_iv,03_CHP-3_sec_iv.md,8,14,ab9c8c2d0b744371e7b6119c81625128b36a4900eb88646cb99781065dd884bf,0b2a3412f679bc74e0427612522dad0df1ad9386e941f7646a6983dc76132aed,True
chp-3:03_CHP-3_sec_iv:l16-24,haskell-1980-rev-ed,chp-3,03_CHP-3_sec_iv,03_CHP-3_sec_iv.md,16,24,2860061ec609cd932cec37cf53cdc868bf293fb348c3431fd86d26f976c4ddbe,0b2a3412f679bc74e0427612522dad0df1ad9386e941f7646a6983dc76132aed,True
chp-3:03_CHP-3_sec_iv:l26-33,haskell-1980-rev-ed,chp-3,03_CHP-3_sec_iv,03_CHP-3_sec_iv.md,26,33,dc8d9a2e7cf806c2e90e29d7264309782d885caf6f2c55ed2d4a5789a881e7fa,0b2a3412f679bc74e0427612522dad0df1ad9386e941f7646a6983dc76132aed,True
chp-3:03_CHP-3_sec_iv:l35-46,haskell-1980-rev-ed,chp-3,03_CHP-3_sec_iv,03_CHP-3_sec_iv.md,35,46,b847f4a8150f3551206a66f765d192823f9191a320da18e1d2059f991e0b7a92,0b2a3412f679bc74e0427612522dad0df1ad9386e941f7646a6983dc76132aed,True
chp-3:03_CHP-3_sec_iv:l48-56,haskell-1980-rev-ed,chp-3,03_CHP-3_sec_iv,03_CHP-3_sec_iv.md,48,56,2e358e4f9f63c5a4c08692fcd1bf9766213a9a89946f4c5a7b39755077c37a24,0b2a3412f679bc74e0427612522dad0df1ad9386e941f7646a6983dc76132aed,True
chp-3:03_CHP-3_sec_iv:l58-67,haskell-1980-rev-ed,chp-3,03_CHP-3_sec_iv,03_CHP-3_sec_iv.md,58,67,8abd8d4e3cbab6f1797d448de69f96acc3b047e2a24d3214d463eba3dc4aec23,0b2a3412f679bc74e0427612522dad0df1ad9386e941f7646a6983dc76132aed,True
chp-3:03_CHP-3_sec_iv:l69-73,haskell-1980-rev-ed,chp-3,03_CHP-3_sec_iv,03_CHP-3_sec_iv.md,69,73,acd5c14a7b46a6fb9d5e347d1e1f68b9175738bd458b9e8fb4411d9f14e1e8ef,0b2a3412f679bc74e0427612522dad0df1ad9386e941f7646a6983dc76132aed,True
chp-3:03_CHP-3_sec_iv:l75-81,haskell-1980-rev-ed,chp-3,03_CHP-3_sec_iv,03_CHP-3_sec_iv.md,75,81,ca3918cad3d1cb136990435e0f88b5ae190063146c4692673fba1399a9103c32,0b2a3412f679bc74e0427612522dad0df1ad9386e941f7646a6983dc76132aed,True
chp-3:03_CHP-3_sec_iv:l83-94,haskell-1980-rev-ed,chp-3,03_CHP-3_sec_iv,03_CHP-3_sec_iv.md,83,94,d383eda7966545e3076939e047d68dd77ce6235bcbb92b5f76598e6af55cef67,0b2a3412f679bc74e0427612522dad0df1ad9386e941f7646a6983dc76132aed,True
chp-3:03_CHP-3_sec_iv:l96-104,haskell-1980-rev-ed,chp-3,03_CHP-3_sec_iv,03_CHP-3_sec_iv.md,96,104,c283eee6bcdc66e73eda228b1b020385823b9a8d369948e3914658c32b9a7d31,0b2a3412f679bc74e0427612522dad0df1ad9386e941f7646a6983dc76132aed,True
chp-3:03_CHP-3_sec_iv:l106-116,haskell-1980-rev-ed,chp-3,03_CHP-3_sec_iv,03_CHP-3_sec_iv.md,106,116,a8b23e48d2d3b070393ce4916c2070c2af41aab6567c9689f15a87c5ab512e6c,0b2a3412f679bc74e0427612522dad0df1ad9386e941f7646a6983dc76132aed,True
chp-3:03_CHP-3_sec_iv:l118-128,haskell-1980-rev-ed,chp-3,03_CHP-3_sec_iv,03_CHP-3_sec_iv.md,118,128,b0a7eafc09652842025f6c147dc288c7750ffb7ef2f5af0b8ee0ec1963980746,0b2a3412f679bc74e0427612522dad0df1ad9386e941f7646a6983dc76132aed,True
chp-3:03_CHP-3_sec_iv:l130-139,haskell-1980-rev-ed,chp-3,03_CHP-3_sec_iv,03_CHP-3_sec_iv.md,130,139,a79d7913c72e8efa785f510fd23415563725a4e6b77bb06b533a6c1eae10fd8f,0b2a3412f679bc74e0427612522dad0df1ad9386e941f7646a6983dc76132aed,True
chp-3:03_CHP-3_sec_iv:l141-150,haskell-1980-rev-ed,chp-3,03_CHP-3_sec_iv,03_CHP-3_sec_iv.md,141,150,5e18c21b46bf5b681a69942d515c6c08d18fea2d6ad07c2f78ae3e6bd5cc1e7c,0b2a3412f679bc74e0427612522dad0df1ad9386e941f7646a6983dc76132aed,True
chp-3:03_CHP-3_sec_iv:l152-163,haskell-1980-rev-ed,chp-3,03_CHP-3_sec_iv,03_CHP-3_sec_iv.md,152,163,ddbd6a94727311c0ad9be879ae7f437db41b52f7ae0a6174cd7b418b223257fb,0b2a3412f679bc74e0427612522dad0df1ad9386e941f7646a6983dc76132aed,True
chp-3:03_CHP-3_sec_iv:l165-177,haskell-1980-rev-ed,chp-3,03_CHP-3_sec_iv,03_CHP-3_sec_iv.md,165,177,31d51a622ebe4435aba123bb7584365b46a72264ce8b84261771e0033a17f19e,0b2a3412f679bc74e0427612522dad0df1ad9386e941f7646a6983dc76132aed,True
chp-3:03_CHP-3_sec_iv:l179-187,haskell-1980-rev-ed,chp-3,03_CHP-3_sec_iv,03_CHP-3_sec_iv.md,179,187,735eea420b569b17af9a18dee8d308b1cdf516ba4cb1f58643f11f68c99a0fa9,0b2a3412f679bc74e0427612522dad0df1ad9386e941f7646a6983dc76132aed,True
chp-3:03_CHP-3_sec_iv:l189-243,haskell-1980-rev-ed,chp-3,03_CHP-3_sec_iv,03_CHP-3_sec_iv.md,189,243,a1c4488eadee5a37875ea5ba4e8afa1bbc77001b5fd6ad6682b91106e7f1c329,0b2a3412f679bc74e0427612522dad0df1ad9386e941f7646a6983dc76132aed,True
chp-4:04_CHP-4_intro:l1-1,haskell-1980-rev-ed,chp-4,04_CHP-4_intro,04_CHP-4_intro.md,1,1,a04fec753727be64b3a67dd7f4994a0b9c4b5b6a69dd3098e4bee0d1e9ce3090,6703a3c57834a1ec42d3c292d3883571c9f17c67831b38570125b588d225b40b,True
chp-4:04_CHP-4_intro:l3-8,haskell-1980-rev-ed,chp-4,04_CHP-4_intro,04_CHP-4_intro.md,3,8,3bf389f549c498902ecc1b876c57a93141d7872f7aa372b873daf8718ea14ee8,6703a3c57834a1ec42d3c292d3883571c9f17c67831b38570125b588d225b40b,True
chp-4:04_CHP-4_intro:l10-13,haskell-1980-rev-ed,chp-4,04_CHP-4_intro,04_CHP-4_intro.md,10,13,a11c2ca837f0c82b75b680df1cfe120d564a2326b3d0a3ffd4ef421d5590a513,6703a3c57834a1ec42d3c292d3883571c9f17c67831b38570125b588d225b40b,True
chp-4:04_CHP-4_sec_i:l1-1,haskell-1980-rev-ed,chp-4,04_CHP-4_sec_i,04_CHP-4_sec_i.md,1,1,b206090e8bf2cd7c659024f117b6ce3f224f30d5ee8054bd2ee65d87244a8ff7,3961adefb7ea2e1f2e44e02173a494c509964e7273b6b3867619643bbd9ecb64,True
chp-4:04_CHP-4_sec_i:l3-4,haskell-1980-rev-ed,chp-4,04_CHP-4_sec_i,04_CHP-4_sec_i.md,3,4,27dec2bd731dd381940245692b7b42f9676ce892a0e685cf59b15bb7ae99c826,3961adefb7ea2e1f2e44e02173a494c509964e7273b6b3867619643bbd9ecb64,True
chp-4:04_CHP-4_sec_i:l6-18,haskell-1980-rev-ed,chp-4,04_CHP-4_sec_i,04_CHP-4_sec_i.md,6,18,29c07d307d371be4c1eb8020f7e3d300bffccb38edc2e5d651777501aa58790f,3961adefb7ea2e1f2e44e02173a494c509964e7273b6b3867619643bbd9ecb64,True
chp-4:04_CHP-4_sec_i:l20-24,haskell-1980-rev-ed,chp-4,04_CHP-4_sec_i,04_CHP-4_sec_i.md,20,24,2375c0eaaae8076fc6344d506cec6b269ab1cbcc823ec16b3a0e19d9bc6bc65d,3961adefb7ea2e1f2e44e02173a494c509964e7273b6b3867619643bbd9ecb64,True
chp-4:04_CHP-4_sec_i:l26-33,haskell-1980-rev-ed,chp-4,04_CHP-4_sec_i,04_CHP-4_sec_i.md,26,33,7c27d712fda126c6cff910794fce76999f007790985d87d34506f12ce61860a5,3961adefb7ea2e1f2e44e02173a494c509964e7273b6b3867619643bbd9ecb64,True
chp-4:04_CHP-4_sec_i:l35-40,haskell-1980-rev-ed,chp-4,04_CHP-4_sec_i,04_CHP-4_sec_i.md,35,40,8e3a7da945fdf1bf1c6b7e800ae342287eafe7e3537e5a630cc9952d61095537,3961adefb7ea2e1f2e44e02173a494c509964e7273b6b3867619643bbd9ecb64,True
chp-4:04_CHP-4_sec_i:l42-67,haskell-1980-rev-ed,chp-4,04_CHP-4_sec_i,04_CHP-4_sec_i.md,42,67,d12bc7787254f570c78f5c7d2d051fe844e6b343b4b60ac33b4dae4d094960f9,3961adefb7ea2e1f2e44e02173a494c509964e7273b6b3867619643bbd9ecb64,True
chp-4:04_CHP-4_sec_ii:l1-1,haskell-1980-rev-ed,chp-4,04_CHP-4_sec_ii,04_CHP-4_sec_ii.md,1,1,1d448718ab01b2a0330bf83d6da68d9dfccd94b14badb975a7854655864185e6,fd05a5c61deb6ba897878f510450d589d1ec0ef1276ff585ae601943bfd59575,True
chp-4:04_CHP-4_sec_ii:l3-8,haskell-1980-rev-ed,chp-4,04_CHP-4_sec_ii,04_CHP-4_sec_ii.md,3,8,285cf111b70582b26aad5dcec77375d9ceab153d933d11616dc972956d7d45c5,fd05a5c61deb6ba897878f510450d589d1ec0ef1276ff585ae601943bfd59575,True
chp-4:04_CHP-4_sec_ii:l10-13,haskell-1980-rev-ed,chp-4,04_CHP-4_sec_ii,04_CHP-4_sec_ii.md,10,13,913ddaef5ecfe883e714386f3e702db25f9e70c9bc59e4acbee14c59972e6d31,fd05a5c61deb6ba897878f510450d589d1ec0ef1276ff585ae601943bfd59575,True
chp-4:04_CHP-4_sec_ii:l15-22,haskell-1980-rev-ed,chp-4,04_CHP-4_sec_ii,04_CHP-4_sec_ii.md,15,22,6c454d39715801c57d3516ea07f2c7e47692499826e1de187b543c8b07c90d9a,fd05a5c61deb6ba897878f510450d589d1ec0ef1276ff585ae601943bfd59575,True
chp-4:04_CHP-4_sec_ii:l24-31,haskell-1980-rev-ed,chp-4,04_CHP-4_sec_ii,04_CHP-4_sec_ii.md,24,31,bb7074a81019378f57e08bb514671a9f4869443a7d5a5d9e20f4c953442b36aa,fd05a5c61deb6ba897878f510450d589d1ec0ef1276ff585ae601943bfd59575,True
chp-4:04_CHP-4_sec_ii:l33-44,haskell-1980-rev-ed,chp-4,04_CHP-4_sec_ii,04_CHP-4_sec_ii.md,33,44,b58e75c02a220218d26467325369277c99d76b05ff11d3ce57af8b100d0038bf,fd05a5c61deb6ba897878f510450d589d1ec0ef1276ff585ae601943bfd59575,True
chp-4:04_CHP-4_sec_ii:l46-51,haskell-1980-rev-ed,chp-4,04_CHP-4_sec_ii,04_CHP-4_sec_ii.md,46,51,5d759fc28c9dd1319dcd6f90f3fdf51004910ce09f4de69b80242712d4c95f4c,fd05a5c61deb6ba897878f510450d589d1ec0ef1276ff585ae601943bfd59575,True
chp-4:04_CHP-4_sec_ii:l53-63,haskell-1980-rev-ed,chp-4,04_CHP-4_sec_ii,04_CHP-4_sec_ii.md,53,63,b4a5ba97f08464b967ccca06b55a628e8a56e6188fb15d92d4ded8319c50a04a,fd05a5c61deb6ba897878f510450d589d1ec0ef1276ff585ae601943bfd59575,True
chp-4:04_CHP-4_sec_ii:l65-67,haskell-1980-rev-ed,chp-4,04_CHP-4_sec_ii,04_CHP-4_sec_ii.md,65,67,0f78fca396306f8e13548f6e586d2a7f633df6c4c6c425f789e4b6944ba182b2,fd05a5c61deb6ba897878f510450d589d1ec0ef1276ff585ae601943bfd59575,True
chp-4:04_CHP-4_sec_ii:l69-71,haskell-1980-rev-ed,chp-4,04_CHP-4_sec_ii,04_CHP-4_sec_ii.md,69,71,543fdccd29cd1dd0ed003fb2720b27cf26cbbcd7a066604d0c9c50d1a36aa05a,fd05a5c61deb6ba897878f510450d589d1ec0ef1276ff585ae601943bfd59575,True
chp-4:04_CHP-4_sec_ii:l73-75,haskell-1980-rev-ed,chp-4,04_CHP-4_sec_ii,04_CHP-4_sec_ii.md,73,75,50da6338cc07ca9a09bf897909d740b2a13a3a6068b32f752ff906ca81ab4beb,fd05a5c61deb6ba897878f510450d589d1ec0ef1276ff585ae601943bfd59575,True
chp-4:04_CHP-4_sec_ii:l77-78,haskell-1980-rev-ed,chp-4,04_CHP-4_sec_ii,04_CHP-4_sec_ii.md,77,78,b498a5791882da015e56fadffcc06bd7ff1570f213ddcdd907abe3d4118c74e3,fd05a5c61deb6ba897878f510450d589d1ec0ef1276ff585ae601943bfd59575,True
chp-4:04_CHP-4_sec_ii:l80-89,haskell-1980-rev-ed,chp-4,04_CHP-4_sec_ii,04_CHP-4_sec_ii.md,80,89,18e5ceac63c431e5df905b26270ac6ef123624177a519b77b8b5c6fd25d234fa,fd05a5c61deb6ba897878f510450d589d1ec0ef1276ff585ae601943bfd59575,True
chp-4:04_CHP-4_sec_ii:l91-99,haskell-1980-rev-ed,chp-4,04_CHP-4_sec_ii,04_CHP-4_sec_ii.md,91,99,fc37671caac8205d1d3e4273243bb67d7d1a8e93ecbec4f5c1f9c30c3dbe6230,fd05a5c61deb6ba897878f510450d589d1ec0ef1276ff585ae601943bfd59575,True
chp-4:04_CHP-4_sec_ii:l101-107,haskell-1980-rev-ed,chp-4,04_CHP-4_sec_ii,04_CHP-4_sec_ii.md,101,107,1a388b01323331b59dfef89a1df6f3545745e1fbf178394b49219c84d2f3bba7,fd05a5c61deb6ba897878f510450d589d1ec0ef1276ff585ae601943bfd59575,True
chp-4:04_CHP-4_sec_ii:l109-119,haskell-1980-rev-ed,chp-4,04_CHP-4_sec_ii,04_CHP-4_sec_ii.md,109,119,831e90691fb1d82f1bbc6c09514dd007e656f461a959eecd4a37d480b7c4492e,fd05a5c61deb6ba897878f510450d589d1ec0ef1276ff585ae601943bfd59575,True
chp-4:04_CHP-4_sec_ii:l121-128,haskell-1980-rev-ed,chp-4,04_CHP-4_sec_ii,04_CHP-4_sec_ii.md,121,128,0b07b284662fa705b1b4e46e7eb35db51c5d358d231c7fa4019efcc6572bca46,fd05a5c61deb6ba897878f510450d589d1ec0ef1276ff585ae601943bfd59575,True
chp-4:04_CHP-4_sec_ii:l130-137,haskell-1980-rev-ed,chp-4,04_CHP-4_sec_ii,04_CHP-4_sec_ii.md,130,137,ec71a683941495041787c93f6c1f6bbc6b3d69df2bd4664083fe030dd46f205a,fd05a5c61deb6ba897878f510450d589d1ec0ef1276ff585ae601943bfd59575,True
chp-4:04_CHP-4_sec_ii:l139-149,haskell-1980-rev-ed,chp-4,04_CHP-4_sec_ii,04_CHP-4_sec_ii.md,139,149,fd34c6d6a82174b0ffc5f9393b4de90a32aa47c7a9b1c93d60a4065d35ee293d,fd05a5c61deb6ba897878f510450d589d1ec0ef1276ff585ae601943bfd59575,True
chp-4:04_CHP-4_sec_ii:l151-159,haskell-1980-rev-ed,chp-4,04_CHP-4_sec_ii,04_CHP-4_sec_ii.md,151,159,e44be04bf22b6a5737298cfa390c99d36ddecd369a1b775d2ad9aba17e8f0c51,fd05a5c61deb6ba897878f510450d589d1ec0ef1276ff585ae601943bfd59575,True
chp-4:04_CHP-4_sec_ii:l161-170,haskell-1980-rev-ed,chp-4,04_CHP-4_sec_ii,04_CHP-4_sec_ii.md,161,170,531080d40c510db5e2739ecb41a954ff6c033c03daf433ae010679686e8c4714,fd05a5c61deb6ba897878f510450d589d1ec0ef1276ff585ae601943bfd59575,True
chp-4:04_CHP-4_sec_ii:l172-178,haskell-1980-rev-ed,chp-4,04_CHP-4_sec_ii,04_CHP-4_sec_ii.md,172,178,9dda5638df8194e1c909fae78e71a2a9126168ebb261abdd9cdab03f24a4c59f,fd05a5c61deb6ba897878f510450d589d1ec0ef1276ff585ae601943bfd59575,True
chp-4:04_CHP-4_sec_ii:l180-189,haskell-1980-rev-ed,chp-4,04_CHP-4_sec_ii,04_CHP-4_sec_ii.md,180,189,3745fefe65c1688eb9cadfb470d0653c277d391d2a3022f514619d065a58293e,fd05a5c61deb6ba897878f510450d589d1ec0ef1276ff585ae601943bfd59575,True
chp-4:04_CHP-4_sec_ii:l191-205,haskell-1980-rev-ed,chp-4,04_CHP-4_sec_ii,04_CHP-4_sec_ii.md,191,205,af272ca965e952a51469cf2a72f23d2e2ee3eb08c7b9e64c342f9a728315c06d,fd05a5c61deb6ba897878f510450d589d1ec0ef1276ff585ae601943bfd59575,True
chp-4:04_CHP-4_sec_ii:l207-216,haskell-1980-rev-ed,chp-4,04_CHP-4_sec_ii,04_CHP-4_sec_ii.md,207,216,a1dd4753e13a03aace4b7f15bb9900680156d2aa5df93eb0ff6f28364a235497,fd05a5c61deb6ba897878f510450d589d1ec0ef1276ff585ae601943bfd59575,True
chp-4:04_CHP-4_sec_ii:l218-227,haskell-1980-rev-ed,chp-4,04_CHP-4_sec_ii,04_CHP-4_sec_ii.md,218,227,3922ec038be7e6611d566a5b7b754e3cb72a922269fed175f675842adb3b3456,fd05a5c61deb6ba897878f510450d589d1ec0ef1276ff585ae601943bfd59575,True
chp-4:04_CHP-4_sec_ii:l229-230,haskell-1980-rev-ed,chp-4,04_CHP-4_sec_ii,04_CHP-4_sec_ii.md,229,230,9b8d820aae364b25d8857afc40c77505869c739a7c5ff3c42a1d01d4d585e33f,fd05a5c61deb6ba897878f510450d589d1ec0ef1276ff585ae601943bfd59575,True
chp-4:04_CHP-4_sec_ii:l232-308,haskell-1980-rev-ed,chp-4,04_CHP-4_sec_ii,04_CHP-4_sec_ii.md,232,308,792d95e61aab35b3bfb639af2364220365d26076eeafb93e545526ccf302ca7e,fd05a5c61deb6ba897878f510450d589d1ec0ef1276ff585ae601943bfd59575,True
chp-5:05_CHP-5_intro:l1-1,haskell-1980-rev-ed,chp-5,05_CHP-5_intro,05_CHP-5_intro.md,1,1,48809e1ba52285042a2c10f115cca7583394ca93cf2a4e62699040509c014b5f,fe8a452c80f8ae012b224084037696b0f5459544e1919685e92dd2ef932b7265,True
chp-5:05_CHP-5_intro:l3-5,haskell-1980-rev-ed,chp-5,05_CHP-5_intro,05_CHP-5_intro.md,3,5,a2181c9ac01113e77fb98d1d9ecf7d809a94e05db62a87f76aba2f45bbeaedb0,fe8a452c80f8ae012b224084037696b0f5459544e1919685e92dd2ef932b7265,True
chp-5:05_CHP-5_intro:l7-9,haskell-1980-rev-ed,chp-5,05_CHP-5_intro,05_CHP-5_intro.md,7,9,484938c722baca7ad9f5c6915b2257f626ab5c0bfb8cf5e3a9e3ef68d7ffd575,fe8a452c80f8ae012b224084037696b0f5459544e1919685e92dd2ef932b7265,True
chp-5:05_CHP-5_sec_i:l1-1,haskell-1980-rev-ed,chp-5,05_CHP-5_sec_i,05_CHP-5_sec_i.md,1,1,5e853d5e24291442fef42ee0630ce1d49446a2ac94d931c31a8af84fc80ee9ba,8ef51cd646ed6abf398c9faeb47df9a03f70de696d9a871c6d0b734b2adeeeee,True
chp-5:05_CHP-5_sec_i:l3-7,haskell-1980-rev-ed,chp-5,05_CHP-5_sec_i,05_CHP-5_sec_i.md,3,7,0f71e323b2e8f05ec983bcd2b59dee0c45246e9e6ace15d99bbc2fedb56b539d,8ef51cd646ed6abf398c9faeb47df9a03f70de696d9a871c6d0b734b2adeeeee,True
chp-5:05_CHP-5_sec_i:l9-15,haskell-1980-rev-ed,chp-5,05_CHP-5_sec_i,05_CHP-5_sec_i.md,9,15,d038ae7e4e778a83837f2cc9532e73b7cf65f14dd69ef72ec7f9269435a50144,8ef51cd646ed6abf398c9faeb47df9a03f70de696d9a871c6d0b734b2adeeeee,True
chp-5:05_CHP-5_sec_i:l17-26,haskell-1980-rev-ed,chp-5,05_CHP-5_sec_i,05_CHP-5_sec_i.md,17,26,d80b8cf98fa4d69b02d5c60d394770bc1b9b1ba65087d4bbf241f42f3454c6a3,8ef51cd646ed6abf398c9faeb47df9a03f70de696d9a871c6d0b734b2adeeeee,True
chp-5:05_CHP-5_sec_i:l28-33,haskell-1980-rev-ed,chp-5,05_CHP-5_sec_i,05_CHP-5_sec_i.md,28,33,9ed81bc933510570643cdb32ce1d6745a7a48454dbc0fe08b57adea4d74d0883,8ef51cd646ed6abf398c9faeb47df9a03f70de696d9a871c6d0b734b2adeeeee,True
chp-5:05_CHP-5_sec_i:l35-49,haskell-1980-rev-ed,chp-5,05_CHP-5_sec_i,05_CHP-5_sec_i.md,35,49,fe94061e20be7e9eaead12d90c3d54f6867f09503a7b2a8ea93e0e3e1cfff711,8ef51cd646ed6abf398c9faeb47df9a03f70de696d9a871c6d0b734b2adeeeee,True
chp-5:05_CHP-5_sec_i:l51-58,haskell-1980-rev-ed,chp-5,05_CHP-5_sec_i,05_CHP-5_sec_i.md,51,58,4608edfb8cd37a6e30c08ff2a88ac9896834e424339dad4474c4f5c4bf57075c,8ef51cd646ed6abf398c9faeb47df9a03f70de696d9a871c6d0b734b2adeeeee,True
chp-5:05_CHP-5_sec_i:l60-74,haskell-1980-rev-ed,chp-5,05_CHP-5_sec_i,05_CHP-5_sec_i.md,60,74,1c8b2b9235f50166089b73c7539c35f7451e41405d1849118444a0dfd82d157d,8ef51cd646ed6abf398c9faeb47df9a03f70de696d9a871c6d0b734b2adeeeee,True
chp-5:05_CHP-5_sec_i:l76-83,haskell-1980-rev-ed,chp-5,05_CHP-5_sec_i,05_CHP-5_sec_i.md,76,83,da1331a4ef20d811969107e252d8dca7f30514477de25c3d80ca09f17833c539,8ef51cd646ed6abf398c9faeb47df9a03f70de696d9a871c6d0b734b2adeeeee,True
chp-5:05_CHP-5_sec_i:l85-97,haskell-1980-rev-ed,chp-5,05_CHP-5_sec_i,05_CHP-5_sec_i.md,85,97,9c8360e14542de083d5e2414f7fdbf81b4f52f087f158d9d62239bcc023278d7,8ef51cd646ed6abf398c9faeb47df9a03f70de696d9a871c6d0b734b2adeeeee,True
chp-5:05_CHP-5_sec_i:l99-106,haskell-1980-rev-ed,chp-5,05_CHP-5_sec_i,05_CHP-5_sec_i.md,99,106,1096a4da306376fcd90adfdebcee1c52752b8c72cf0792ebef1a1b6fe005018f,8ef51cd646ed6abf398c9faeb47df9a03f70de696d9a871c6d0b734b2adeeeee,True
chp-5:05_CHP-5_sec_i:l108-113,haskell-1980-rev-ed,chp-5,05_CHP-5_sec_i,05_CHP-5_sec_i.md,108,113,4d9e900d455df7d1db1be2a849344aae3fb4ba1517e6600c677e84d20bed5af5,8ef51cd646ed6abf398c9faeb47df9a03f70de696d9a871c6d0b734b2adeeeee,True
chp-5:05_CHP-5_sec_i:l115-123,haskell-1980-rev-ed,chp-5,05_CHP-5_sec_i,05_CHP-5_sec_i.md,115,123,78c4b953b87c595419bae0aff8a0c1c68ee336b56a5061ce28a9c475b2979986,8ef51cd646ed6abf398c9faeb47df9a03f70de696d9a871c6d0b734b2adeeeee,True
chp-5:05_CHP-5_sec_i:l125-147,haskell-1980-rev-ed,chp-5,05_CHP-5_sec_i,05_CHP-5_sec_i.md,125,147,5fdb179fd5637ce1d0a0b6b3da66e4e871452e25debcd265e4749060845324e8,8ef51cd646ed6abf398c9faeb47df9a03f70de696d9a871c6d0b734b2adeeeee,True
chp-5:05_CHP-5_sec_iii:l1-1,haskell-1980-rev-ed,chp-5,05_CHP-5_sec_iii,05_CHP-5_sec_iii.md,1,1,fe36488621fec065f926592ec7e79ebce6e11203ee711f97c033113c3a1e27cd,9b095b1a93570102ad2cdb117580f2fbeccd2ff017033a2f66557c58a0d1ef0a,True
chp-5:05_CHP-5_sec_iii:l3-3,haskell-1980-rev-ed,chp-5,05_CHP-5_sec_iii,05_CHP-5_sec_iii.md,3,3,80f0e4c372eccb56f69bdcc201a74504380a1c88ead844d4b31c231e323d1277,9b095b1a93570102ad2cdb117580f2fbeccd2ff017033a2f66557c58a0d1ef0a,True
chp-5:05_CHP-5_sec_iii:l5-10,haskell-1980-rev-ed,chp-5,05_CHP-5_sec_iii,05_CHP-5_sec_iii.md,5,10,e306d5e3b7c6e8bb64829e9dcc00a3b612e066a4669ab6a0ef0920ddfbb21e38,9b095b1a93570102ad2cdb117580f2fbeccd2ff017033a2f66557c58a0d1ef0a,True
chp-5:05_CHP-5_sec_iii:l12-18,haskell-1980-rev-ed,chp-5,05_CHP-5_sec_iii,05_CHP-5_sec_iii.md,12,18,7665aa1fe5c68405644c7ebc5bfbe3fd99be5daef5a8b35e8e62fabf46e35882,9b095b1a93570102ad2cdb117580f2fbeccd2ff017033a2f66557c58a0d1ef0a,True
chp-5:05_CHP-5_sec_iii:l20-26,haskell-1980-rev-ed,chp-5,05_CHP-5_sec_iii,05_CHP-5_sec_iii.md,20,26,75ca5d81ada4ae3a81e8096bfb49752c7db39763799d21e2c21d77abd8a507c3,9b095b1a93570102ad2cdb117580f2fbeccd2ff017033a2f66557c58a0d1ef0a,True
chp-5:05_CHP-5_sec_iii:l28-34,haskell-1980-rev-ed,chp-5,05_CHP-5_sec_iii,05_CHP-5_sec_iii.md,28,34,4fc65ff01ae57f35ae41aca47e121382513ff32209491bda360cea314fb65595,9b095b1a93570102ad2cdb117580f2fbeccd2ff017033a2f66557c58a0d1ef0a,True
chp-5:05_CHP-5_sec_iii:l36-43,haskell-1980-rev-ed,chp-5,05_CHP-5_sec_iii,05_CHP-5_sec_iii.md,36,43,4f95383c40ca5d0e7be2922a3a97315defd5147c06c31d3f3e2ab85bc79f11f8,9b095b1a93570102ad2cdb117580f2fbeccd2ff017033a2f66557c58a0d1ef0a,True
chp-5:05_CHP-5_sec_iii:l45-57,haskell-1980-rev-ed,chp-5,05_CHP-5_sec_iii,05_CHP-5_sec_iii.md,45,57,5285539c2db9ffe72d0ea1df8b78e8e46f58f4466594f8bca00140fc5ef52c13,9b095b1a93570102ad2cdb117580f2fbeccd2ff017033a2f66557c58a0d1ef0a,True
chp-5:05_CHP-5_sec_iii:l59-61,haskell-1980-rev-ed,chp-5,05_CHP-5_sec_iii,05_CHP-5_sec_iii.md,59,61,aae485dd50affd63c2392dc2db0803f3b650ab7b50ccb9c8be853ebe9dea61a7,9b095b1a93570102ad2cdb117580f2fbeccd2ff017033a2f66557c58a0d1ef0a,True
chp-5:05_CHP-5_sec_iii:l63-65,haskell-1980-rev-ed,chp-5,05_CHP-5_sec_iii,05_CHP-5_sec_iii.md,63,65,6cd9a29e1e558a48f23869c34b60d20215291b3d46b39cfc30980823e69d7633,9b095b1a93570102ad2cdb117580f2fbeccd2ff017033a2f66557c58a0d1ef0a,True
chp-5:05_CHP-5_sec_iii:l67-68,haskell-1980-rev-ed,chp-5,05_CHP-5_sec_iii,05_CHP-5_sec_iii.md,67,68,174730ec8524c0f19d97819fcee5904333595e7d13bb8b9418e83dbe16035cd9,9b095b1a93570102ad2cdb117580f2fbeccd2ff017033a2f66557c58a0d1ef0a,True
chp-5:05_CHP-5_sec_iii:l70-80,haskell-1980-rev-ed,chp-5,05_CHP-5_sec_iii,05_CHP-5_sec_iii.md,70,80,3f367cd08e70e811e4459d2a339ad035fa5f044d71550a51e2ca215a8db8ed9f,9b095b1a93570102ad2cdb117580f2fbeccd2ff017033a2f66557c58a0d1ef0a,True
chp-5:05_CHP-5_sec_iii:l82-93,haskell-1980-rev-ed,chp-5,05_CHP-5_sec_iii,05_CHP-5_sec_iii.md,82,93,c54ca3a80bc55104007ac63c136e820d25c9f9a93ea697f63425f4be21ae2bca,9b095b1a93570102ad2cdb117580f2fbeccd2ff017033a2f66557c58a0d1ef0a,True
chp-5:05_CHP-5_sec_iii:l95-101,haskell-1980-rev-ed,chp-5,05_CHP-5_sec_iii,05_CHP-5_sec_iii.md,95,101,730ee53efbfcb2d4a9575d80f5f64b334a434027512e95fcbad3f3a4f6c11b05,9b095b1a93570102ad2cdb117580f2fbeccd2ff017033a2f66557c58a0d1ef0a,True
chp-5:05_CHP-5_sec_iii:l103-113,haskell-1980-rev-ed,chp-5,05_CHP-5_sec_iii,05_CHP-5_sec_iii.md,103,113,a2a3d850bfd4a519de88c8c9a6e9113cd315e4953441d06738e8cd3c59dbfd60,9b095b1a93570102ad2cdb117580f2fbeccd2ff017033a2f66557c58a0d1ef0a,True
chp-5:05_CHP-5_sec_iii:l115-121,haskell-1980-rev-ed,chp-5,05_CHP-5_sec_iii,05_CHP-5_sec_iii.md,115,121,27b58444f32bc2798e903d4ba0a33e4a761d68e47df34e2cbcafce1952c6bcbe,9b095b1a93570102ad2cdb117580f2fbeccd2ff017033a2f66557c58a0d1ef0a,True
chp-5:05_CHP-5_sec_iii:l123-123,haskell-1980-rev-ed,chp-5,05_CHP-5_sec_iii,05_CHP-5_sec_iii.md,123,123,87ecd89310252adbdd53bb5e4614a1d653753e29ff899ebf3cbc1337918c5c02,9b095b1a93570102ad2cdb117580f2fbeccd2ff017033a2f66557c58a0d1ef0a,True
chp-5:05_CHP-5_sec_iii:l126-165,haskell-1980-rev-ed,chp-5,05_CHP-5_sec_iii,05_CHP-5_sec_iii.md,126,165,183b8dbbc0e05624d35d19fdc7f140e588145c5503bbd898b15c65a77e3c58c8,9b095b1a93570102ad2cdb117580f2fbeccd2ff017033a2f66557c58a0d1ef0a,True
chp-5:05_CHP-5_sec_iv:l1-1,haskell-1980-rev-ed,chp-5,05_CHP-5_sec_iv,05_CHP-5_sec_iv.md,1,1,d36dc2a60ebfd283021400e38fb59615b9b3f68f97b6d037451f171b426b16f4,805df7b2bdc296cf987069cb0cea829bc07ec8932e28b075e9575f0c2ac67c4f,True
chp-5:05_CHP-5_sec_iv:l3-12,haskell-1980-rev-ed,chp-5,05_CHP-5_sec_iv,05_CHP-5_sec_iv.md,3,12,de2379de13fdefc90d3a2678b3e07fc8883697634f51bca4a89c61ddfd82c9c7,805df7b2bdc296cf987069cb0cea829bc07ec8932e28b075e9575f0c2ac67c4f,True
chp-5:05_CHP-5_sec_iv:l14-21,haskell-1980-rev-ed,chp-5,05_CHP-5_sec_iv,05_CHP-5_sec_iv.md,14,21,92a6b5be3ea194e86057751a2ff20161c2eeda358fa9a3a1749cc4121422c013,805df7b2bdc296cf987069cb0cea829bc07ec8932e28b075e9575f0c2ac67c4f,True
chp-5:05_CHP-5_sec_iv:l23-31,haskell-1980-rev-ed,chp-5,05_CHP-5_sec_iv,05_CHP-5_sec_iv.md,23,31,ed42fbd51762beab6e6aabe77d034b39ac18e125e38a387788d3fe824a2d5269,805df7b2bdc296cf987069cb0cea829bc07ec8932e28b075e9575f0c2ac67c4f,True
chp-5:05_CHP-5_sec_iv:l33-37,haskell-1980-rev-ed,chp-5,05_CHP-5_sec_iv,05_CHP-5_sec_iv.md,33,37,0540efc47bd2dfba10c88798fe500c2804a8f4446f96857a6118f715f5c1f10f,805df7b2bdc296cf987069cb0cea829bc07ec8932e28b075e9575f0c2ac67c4f,True
chp-5:05_CHP-5_sec_iv:l39-54,haskell-1980-rev-ed,chp-5,05_CHP-5_sec_iv,05_CHP-5_sec_iv.md,39,54,14971fe6844ce14c0a0230cc4caea7044837392aab9fcac88c5fd5eeced26ac3,805df7b2bdc296cf987069cb0cea829bc07ec8932e28b075e9575f0c2ac67c4f,True
chp-6:06_CHP-6_intro:l1-1,haskell-1980-rev-ed,chp-6,06_CHP-6_intro,06_CHP-6_intro.md,1,1,ffbff18461bd45a5d2ac2d742920912c0c08a95c7581b338d2663c19dea44ea2,ea2413fc5e957515a60e7284a1e1410f27dbe4bffaa4edaf896ff8cc96db4678,True
chp-6:06_CHP-6_intro:l3-5,haskell-1980-rev-ed,chp-6,06_CHP-6_intro,06_CHP-6_intro.md,3,5,41956a9cddc6c42c1109dcd86e07b0576777c6a359492f01a8b31108e4fdd631,ea2413fc5e957515a60e7284a1e1410f27dbe4bffaa4edaf896ff8cc96db4678,True
chp-6:06_CHP-6_intro:l7-11,haskell-1980-rev-ed,chp-6,06_CHP-6_intro,06_CHP-6_intro.md,7,11,51c18d8c9aeaea74b655206339b53e94e9772c265b4302315e7ac29213a6f9a2,ea2413fc5e957515a60e7284a1e1410f27dbe4bffaa4edaf896ff8cc96db4678,True
chp-6:06_CHP-6_sec_i:l1-1,haskell-1980-rev-ed,chp-6,06_CHP-6_sec_i,06_CHP-6_sec_i.md,1,1,42b20645d5b494f0adae22e7c96a7eed60191020fb2ef24274bb14684e49131e,e1bf27cf13961032d4587a1787a1b89f00a9076cf7a8c9dd4434000e84add42d,True
chp-6:06_CHP-6_sec_i:l3-11,haskell-1980-rev-ed,chp-6,06_CHP-6_sec_i,06_CHP-6_sec_i.md,3,11,ae810d52b572c3b9711ce7b1446fd32d126e890d392a3f7dc94ecd6408819d30,e1bf27cf13961032d4587a1787a1b89f00a9076cf7a8c9dd4434000e84add42d,True
chp-6:06_CHP-6_sec_i:l13-24,haskell-1980-rev-ed,chp-6,06_CHP-6_sec_i,06_CHP-6_sec_i.md,13,24,0a569417f685dd10ec46e87e4344c0866bed38be4c414f121b5c6766f9a1fee6,e1bf27cf13961032d4587a1787a1b89f00a9076cf7a8c9dd4434000e84add42d,True
chp-6:06_CHP-6_sec_i:l26-36,haskell-1980-rev-ed,chp-6,06_CHP-6_sec_i,06_CHP-6_sec_i.md,26,36,87347777bd77eaf594e5793119fc62b237f3108377c16f7a01725bd93d351872,e1bf27cf13961032d4587a1787a1b89f00a9076cf7a8c9dd4434000e84add42d,True
chp-6:06_CHP-6_sec_i:l38-46,haskell-1980-rev-ed,chp-6,06_CHP-6_sec_i,06_CHP-6_sec_i.md,38,46,06c7abb4964adff60a27ef32f3569d5fcf93a453262cf7b41021359e35326c0f,e1bf27cf13961032d4587a1787a1b89f00a9076cf7a8c9dd4434000e84add42d,True
chp-6:06_CHP-6_sec_i:l48-57,haskell-1980-rev-ed,chp-6,06_CHP-6_sec_i,06_CHP-6_sec_i.md,48,57,b47108f683c59b6cc10648bf827d6e3c3430d4ef54b77460c84adb3232138682,e1bf27cf13961032d4587a1787a1b89f00a9076cf7a8c9dd4434000e84add42d,True
chp-6:06_CHP-6_sec_i:l59-67,haskell-1980-rev-ed,chp-6,06_CHP-6_sec_i,06_CHP-6_sec_i.md,59,67,a58bb87d1e2279ebd02cb6c313eca2091e8d1bb0e114d1d3ae148dbdb57e3a8d,e1bf27cf13961032d4587a1787a1b89f00a9076cf7a8c9dd4434000e84add42d,True
chp-6:06_CHP-6_sec_i:l69-76,haskell-1980-rev-ed,chp-6,06_CHP-6_sec_i,06_CHP-6_sec_i.md,69,76,e9e7838f2b0aa2aeace4afdf4e86771725c67645172fdb45c80d9a5b1864a555,e1bf27cf13961032d4587a1787a1b89f00a9076cf7a8c9dd4434000e84add42d,True
chp-6:06_CHP-6_sec_i:l78-89,haskell-1980-rev-ed,chp-6,06_CHP-6_sec_i,06_CHP-6_sec_i.md,78,89,68349afd772fafbdb2fe60e9b2d2688101d18fa269f14f378245310383d94c03,e1bf27cf13961032d4587a1787a1b89f00a9076cf7a8c9dd4434000e84add42d,True
chp-6:06_CHP-6_sec_i:l91-100,haskell-1980-rev-ed,chp-6,06_CHP-6_sec_i,06_CHP-6_sec_i.md,91,100,ec8bed22b9a3a97726be02fd403523c6a0b72da531fd5d5dcf0fe2aa6ffdf4e2,e1bf27cf13961032d4587a1787a1b89f00a9076cf7a8c9dd4434000e84add42d,True
chp-6:06_CHP-6_sec_i:l102-110,haskell-1980-rev-ed,chp-6,06_CHP-6_sec_i,06_CHP-6_sec_i.md,102,110,81fe54c1bddc7a29c8ad6f75246aa19ebd5450ff48ffbf5cd93941418a9d6a4b,e1bf27cf13961032d4587a1787a1b89f00a9076cf7a8c9dd4434000e84add42d,True
chp-6:06_CHP-6_sec_i:l112-118,haskell-1980-rev-ed,chp-6,06_CHP-6_sec_i,06_CHP-6_sec_i.md,112,118,31814e47898a9294c02c3d1348be26f114a26c8face03c41b20785b483ddaf48,e1bf27cf13961032d4587a1787a1b89f00a9076cf7a8c9dd4434000e84add42d,True
chp-6:06_CHP-6_sec_i:l120-157,haskell-1980-rev-ed,chp-6,06_CHP-6_sec_i,06_CHP-6_sec_i.md,120,157,5795db7b7f3476d0de68cd70a8a8893e9d0808776b0e053a0861b94880779379,e1bf27cf13961032d4587a1787a1b89f00a9076cf7a8c9dd4434000e84add42d,True
chp-6:06_CHP-6_sec_iv:l1-1,haskell-1980-rev-ed,chp-6,06_CHP-6_sec_iv,06_CHP-6_sec_iv.md,1,1,f2638f01e7a0271c6de467c1c66ac0e78511b0f56d8148f78832cd42682ae5b5,65de7b08cd2bad4cbf783d807160ef15e80cb031a47e1f28a6cb6c0f2b29e775,True
chp-6:06_CHP-6_sec_iv:l3-5,haskell-1980-rev-ed,chp-6,06_CHP-6_sec_iv,06_CHP-6_sec_iv.md,3,5,3a846a462de8cb49d4b5ab0b968547aa06737c59156a5767ee41cd1d990d0a69,65de7b08cd2bad4cbf783d807160ef15e80cb031a47e1f28a6cb6c0f2b29e775,True
chp-6:06_CHP-6_sec_iv:l7-10,haskell-1980-rev-ed,chp-6,06_CHP-6_sec_iv,06_CHP-6_sec_iv.md,7,10,7466cde78cefb61f88c23ef4aa6c6025c99808eedf902b90a4acc20f7b5c92de,65de7b08cd2bad4cbf783d807160ef15e80cb031a47e1f28a6cb6c0f2b29e775,True
chp-6:06_CHP-6_sec_iv:l12-26,haskell-1980-rev-ed,chp-6,06_CHP-6_sec_iv,06_CHP-6_sec_iv.md,12,26,8ffea09e15a8b9f69f11602260d692ee34a4135bccfacd1bbf827cd1b7942454,65de7b08cd2bad4cbf783d807160ef15e80cb031a47e1f28a6cb6c0f2b29e775,True
chp-6:06_CHP-6_sec_iv:l28-38,haskell-1980-rev-ed,chp-6,06_CHP-6_sec_iv,06_CHP-6_sec_iv.md,28,38,eb0b6d132a940b5f2a2c6d4a94ee2ef7a4e933a64b72f409255451b5318afb96,65de7b08cd2bad4cbf783d807160ef15e80cb031a47e1f28a6cb6c0f2b29e775,True
chp-6:06_CHP-6_sec_iv:l40-50,haskell-1980-rev-ed,chp-6,06_CHP-6_sec_iv,06_CHP-6_sec_iv.md,40,50,5662623a144f38b969768738acab4c12183f4f63789462ee6dae6ef471a493c5,65de7b08cd2bad4cbf783d807160ef15e80cb031a47e1f28a6cb6c0f2b29e775,True
chp-6:06_CHP-6_sec_iv:l52-53,haskell-1980-rev-ed,chp-6,06_CHP-6_sec_iv,06_CHP-6_sec_iv.md,52,53,8d4b1d558166690c2c4242d4e20458111fec63a7835b6de9bf92d31c5e6f133a,65de7b08cd2bad4cbf783d807160ef15e80cb031a47e1f28a6cb6c0f2b29e775,True
chp-6:06_CHP-6_sec_iv:l55-72,haskell-1980-rev-ed,chp-6,06_CHP-6_sec_iv,06_CHP-6_sec_iv.md,55,72,7c0d7c8e22fe0cbf4dde57a5eeada3874d54f83267412c7a8cc75d793e350aa6,65de7b08cd2bad4cbf783d807160ef15e80cb031a47e1f28a6cb6c0f2b29e775,True
chp-6:06_CHP-6_sec_v:l1-1,haskell-1980-rev-ed,chp-6,06_CHP-6_sec_v,06_CHP-6_sec_v.md,1,1,b9e545f7aef0d5f178499ae9b47ed632f83020b7bcf7db9e543abab1ace5f6a1,724f421d1c98612a8820404c82dda956dadaf6006483fcdf394cc53af4e72d15,True
chp-6:06_CHP-6_sec_v:l3-12,haskell-1980-rev-ed,chp-6,06_CHP-6_sec_v,06_CHP-6_sec_v.md,3,12,7ed00cea609d049537dde7502cd74085c09459ad952883bc116921bd4c838b32,724f421d1c98612a8820404c82dda956dadaf6006483fcdf394cc53af4e72d15,True
chp-6:06_CHP-6_sec_v:l14-19,haskell-1980-rev-ed,chp-6,06_CHP-6_sec_v,06_CHP-6_sec_v.md,14,19,8a9810157817ced3926abb637d945cedbb76eb0ef89b81825bd302a8775c2fae,724f421d1c98612a8820404c82dda956dadaf6006483fcdf394cc53af4e72d15,True
chp-6:06_CHP-6_sec_v:l21-26,haskell-1980-rev-ed,chp-6,06_CHP-6_sec_v,06_CHP-6_sec_v.md,21,26,8342afb3e0a16e52eef86af7fc947f458fe82e7e41df139090dda25a67939470,724f421d1c98612a8820404c82dda956dadaf6006483fcdf394cc53af4e72d15,True
chp-6:06_CHP-6_sec_v:l28-33,haskell-1980-rev-ed,chp-6,06_CHP-6_sec_v,06_CHP-6_sec_v.md,28,33,dc896ba93ce0a9f27592da3144a4c13503e29fa2008f5ba51920a63921492e67,724f421d1c98612a8820404c82dda956dadaf6006483fcdf394cc53af4e72d15,True
chp-6:06_CHP-6_sec_v:l35-40,haskell-1980-rev-ed,chp-6,06_CHP-6_sec_v,06_CHP-6_sec_v.md,35,40,8d9e8080dab74926d9f1e1a99efc7797b0460c35a7442a3c50466050155de352,724f421d1c98612a8820404c82dda956dadaf6006483fcdf394cc53af4e72d15,True
chp-6:06_CHP-6_sec_v:l42-45,haskell-1980-rev-ed,chp-6,06_CHP-6_sec_v,06_CHP-6_sec_v.md,42,45,c82b72cabd9384ced63cf2d47791f50b2f24829b1bab403128d46db6899f4bca,724f421d1c98612a8820404c82dda956dadaf6006483fcdf394cc53af4e72d15,True
chp-6:06_CHP-6_sec_v:l47-70,haskell-1980-rev-ed,chp-6,06_CHP-6_sec_v,06_CHP-6_sec_v.md,47,70,5a505ad904d5163d1d59a3380c10dd87dc62edfe96d85c16ab1d296508b611d3,724f421d1c98612a8820404c82dda956dadaf6006483fcdf394cc53af4e72d15,True
chp-7:07_CHP-7_intro:l1-1,haskell-1980-rev-ed,chp-7,07_CHP-7_intro,07_CHP-7_intro.md,1,1,78cfd5323bbf3f2c2392a03e3da0745d9e88a815a7881d5f1e1c0eef4ada7a43,ac151af9ecb9904bb6e984d6f3c4ddb66cf2ab4f613f591246202086e177e30c,True
chp-7:07_CHP-7_intro:l3-5,haskell-1980-rev-ed,chp-7,07_CHP-7_intro,07_CHP-7_intro.md,3,5,e736d5f81dad752c973130fed0d5650990eaa4fe9505423dcc56bfdd883f37c2,ac151af9ecb9904bb6e984d6f3c4ddb66cf2ab4f613f591246202086e177e30c,True
chp-7:07_CHP-7_intro:l7-9,haskell-1980-rev-ed,chp-7,07_CHP-7_intro,07_CHP-7_intro.md,7,9,eb3fc0cb70e3d8f47ca8a7ffe5a331f58ef581e6ed26a4b922115a40a3a1751e,ac151af9ecb9904bb6e984d6f3c4ddb66cf2ab4f613f591246202086e177e30c,True
chp-7:07_CHP-7_intro:l11-15,haskell-1980-rev-ed,chp-7,07_CHP-7_intro,07_CHP-7_intro.md,11,15,f14d1d24e3c14f9be3b2eb8557d8316cda1d476b700109a03a4261cdf57b6719,ac151af9ecb9904bb6e984d6f3c4ddb66cf2ab4f613f591246202086e177e30c,True
chp-7:07_CHP-7_sec_i:l1-1,haskell-1980-rev-ed,chp-7,07_CHP-7_sec_i,07_CHP-7_sec_i.md,1,1,a5bfe8b352d8f9d2185d5309211ad41ef99d98fcf71244026322905a36c437dc,f4deca5516d930080d5913f94c2d47593e5674e5918a0e8a6188adc1180b4ae3,True
chp-7:07_CHP-7_sec_i:l3-9,haskell-1980-rev-ed,chp-7,07_CHP-7_sec_i,07_CHP-7_sec_i.md,3,9,1a3d2ae5ec551616376538f29ec2115352e861fa86a83a3b256f1043c3f5b915,f4deca5516d930080d5913f94c2d47593e5674e5918a0e8a6188adc1180b4ae3,True
chp-7:07_CHP-7_sec_i:l11-19,haskell-1980-rev-ed,chp-7,07_CHP-7_sec_i,07_CHP-7_sec_i.md,11,19,c2b6b4e1add7c3d01d2b24d145221ecf3e2e754cf256e7cf60858f05b92a5527,f4deca5516d930080d5913f94c2d47593e5674e5918a0e8a6188adc1180b4ae3,True
chp-7:07_CHP-7_sec_i:l21-29,haskell-1980-rev-ed,chp-7,07_CHP-7_sec_i,07_CHP-7_sec_i.md,21,29,fd941cd7830cc92c1a9b548342d32bb71fd24d036072b6b22986b4c12bb7c201,f4deca5516d930080d5913f94c2d47593e5674e5918a0e8a6188adc1180b4ae3,True
chp-7:07_CHP-7_sec_i:l31-35,haskell-1980-rev-ed,chp-7,07_CHP-7_sec_i,07_CHP-7_sec_i.md,31,35,79b17b2ff8e65e0d3712f4f331977a13080741a5e95395545eae306376c9d007,f4deca5516d930080d5913f94c2d47593e5674e5918a0e8a6188adc1180b4ae3,True
chp-7:07_CHP-7_sec_i:l37-43,haskell-1980-rev-ed,chp-7,07_CHP-7_sec_i,07_CHP-7_sec_i.md,37,43,80c617babce7abaa10a478db1a9430bc67dce45b45037939dc967a7d88b6f3fd,f4deca5516d930080d5913f94c2d47593e5674e5918a0e8a6188adc1180b4ae3,True
chp-7:07_CHP-7_sec_i:l45-59,haskell-1980-rev-ed,chp-7,07_CHP-7_sec_i,07_CHP-7_sec_i.md,45,59,665659b1a5cd705e717d718c2ad94b8f5ab6824d8b5bec5bb3d17ac65e757721,f4deca5516d930080d5913f94c2d47593e5674e5918a0e8a6188adc1180b4ae3,True
chp-7:07_CHP-7_sec_i:l61-74,haskell-1980-rev-ed,chp-7,07_CHP-7_sec_i,07_CHP-7_sec_i.md,61,74,9d4396f56fd4f72ea0030f3371f47a20c3810c24d996230b2a4c675b8ba5a940,f4deca5516d930080d5913f94c2d47593e5674e5918a0e8a6188adc1180b4ae3,True
chp-7:07_CHP-7_sec_i:l76-89,haskell-1980-rev-ed,chp-7,07_CHP-7_sec_i,07_CHP-7_sec_i.md,76,89,1d84a059950f944626046afc2bd47e6378ab9eac69c37720bcb50382c06597b5,f4deca5516d930080d5913f94c2d47593e5674e5918a0e8a6188adc1180b4ae3,True
chp-7:07_CHP-7_sec_i:l91-100,haskell-1980-rev-ed,chp-7,07_CHP-7_sec_i,07_CHP-7_sec_i.md,91,100,705e5b2220b0a9362c5cafac8a5a328ab657ddc7a2dfc45370f410c1e9c5f084,f4deca5516d930080d5913f94c2d47593e5674e5918a0e8a6188adc1180b4ae3,True
chp-7:07_CHP-7_sec_i:l102-111,haskell-1980-rev-ed,chp-7,07_CHP-7_sec_i,07_CHP-7_sec_i.md,102,111,c22d70648d2e319765ba0f54d66186f0f4fec38e9805c1004fbb4dadb15a62c9,f4deca5516d930080d5913f94c2d47593e5674e5918a0e8a6188adc1180b4ae3,True
chp-7:07_CHP-7_sec_i:l113-126,haskell-1980-rev-ed,chp-7,07_CHP-7_sec_i,07_CHP-7_sec_i.md,113,126,06a2e19a9e7ea771eb6d18686723dbb7e6d04fc9fc44d8bc4cbfb95b62c939bf,f4deca5516d930080d5913f94c2d47593e5674e5918a0e8a6188adc1180b4ae3,True
chp-7:07_CHP-7_sec_i:l128-138,haskell-1980-rev-ed,chp-7,07_CHP-7_sec_i,07_CHP-7_sec_i.md,128,138,690d0265d0249daee9f680bf401e66d00c4889fdde3905c82271dc4de367c9a6,f4deca5516d930080d5913f94c2d47593e5674e5918a0e8a6188adc1180b4ae3,True
chp-7:07_CHP-7_sec_i:l140-148,haskell-1980-rev-ed,chp-7,07_CHP-7_sec_i,07_CHP-7_sec_i.md,140,148,259d7cf63ab92254f256c0ee939892fc7983cfc33e6d856a039411907515dfa1,f4deca5516d930080d5913f94c2d47593e5674e5918a0e8a6188adc1180b4ae3,True
chp-7:07_CHP-7_sec_i:l150-158,haskell-1980-rev-ed,chp-7,07_CHP-7_sec_i,07_CHP-7_sec_i.md,150,158,cbbba3249fd3b1a3f8a2ec3671fc50ee76400f032c38e6c8ddc4da92048f7ef6,f4deca5516d930080d5913f94c2d47593e5674e5918a0e8a6188adc1180b4ae3,True
chp-7:07_CHP-7_sec_i:l160-168,haskell-1980-rev-ed,chp-7,07_CHP-7_sec_i,07_CHP-7_sec_i.md,160,168,4cf81d7ec14309890694c93011613ac8d5f299e1190abdf016026ae8825c4d74,f4deca5516d930080d5913f94c2d47593e5674e5918a0e8a6188adc1180b4ae3,True
chp-7:07_CHP-7_sec_i:l170-176,haskell-1980-rev-ed,chp-7,07_CHP-7_sec_i,07_CHP-7_sec_i.md,170,176,4f8e780fc87be13c33a9647085662c2991f3a3977fc14c4c0684c715639aff2f,f4deca5516d930080d5913f94c2d47593e5674e5918a0e8a6188adc1180b4ae3,True
chp-7:07_CHP-7_sec_i:l178-179,haskell-1980-rev-ed,chp-7,07_CHP-7_sec_i,07_CHP-7_sec_i.md,178,179,b5ee73d28e42bda288858a18eccabbce77b00f9c0658679ec3eb8c63b58113e8,f4deca5516d930080d5913f94c2d47593e5674e5918a0e8a6188adc1180b4ae3,True
chp-7:07_CHP-7_sec_i:l181-182,haskell-1980-rev-ed,chp-7,07_CHP-7_sec_i,07_CHP-7_sec_i.md,181,182,76a02158439d44a00ce7e22b8e41177a679b847ae72d3a89804d17f37850a96d,f4deca5516d930080d5913f94c2d47593e5674e5918a0e8a6188adc1180b4ae3,True
chp-7:07_CHP-7_sec_i:l184-200,haskell-1980-rev-ed,chp-7,07_CHP-7_sec_i,07_CHP-7_sec_i.md,184,200,d2e01c9883c0097c2dc611260806c84bfc5f17a04b563cfe623372e9f6a47b15,f4deca5516d930080d5913f94c2d47593e5674e5918a0e8a6188adc1180b4ae3,True
chp-7:07_CHP-7_sec_i:l202-203,haskell-1980-rev-ed,chp-7,07_CHP-7_sec_i,07_CHP-7_sec_i.md,202,203,bc529002fcf7c07d860e6068ac27d9a7f61a16ec568651e13a3f4061450a8508,f4deca5516d930080d5913f94c2d47593e5674e5918a0e8a6188adc1180b4ae3,True
chp-7:07_CHP-7_sec_i:l205-213,haskell-1980-rev-ed,chp-7,07_CHP-7_sec_i,07_CHP-7_sec_i.md,205,213,7d063506903add721de72ac1156c3d6b662a32301063af136f65a0cb5ea53b38,f4deca5516d930080d5913f94c2d47593e5674e5918a0e8a6188adc1180b4ae3,True
chp-7:07_CHP-7_sec_i:l215-222,haskell-1980-rev-ed,chp-7,07_CHP-7_sec_i,07_CHP-7_sec_i.md,215,222,0ea162ebefa09476dc290188cba438c16819e3b83f2d96fe443fa14a948c4eb4,f4deca5516d930080d5913f94c2d47593e5674e5918a0e8a6188adc1180b4ae3,True
chp-7:07_CHP-7_sec_i:l224-230,haskell-1980-rev-ed,chp-7,07_CHP-7_sec_i,07_CHP-7_sec_i.md,224,230,0878e4e03c1bedb2bbfb7df349ad690424ff2f121c7ce15c2d4d3d76e42ed201,f4deca5516d930080d5913f94c2d47593e5674e5918a0e8a6188adc1180b4ae3,True
chp-7:07_CHP-7_sec_i:l232-241,haskell-1980-rev-ed,chp-7,07_CHP-7_sec_i,07_CHP-7_sec_i.md,232,241,12efad3b80025619b3a6bb1b6e8e90e33cabd392036aa3bafde5f6f77145a70d,f4deca5516d930080d5913f94c2d47593e5674e5918a0e8a6188adc1180b4ae3,True
chp-7:07_CHP-7_sec_i:l243-257,haskell-1980-rev-ed,chp-7,07_CHP-7_sec_i,07_CHP-7_sec_i.md,243,257,9477a02e20d70980176b29ee94b4e73b5a1929b84e35a109ead64d979b012dd3,f4deca5516d930080d5913f94c2d47593e5674e5918a0e8a6188adc1180b4ae3,True
chp-7:07_CHP-7_sec_i:l259-266,haskell-1980-rev-ed,chp-7,07_CHP-7_sec_i,07_CHP-7_sec_i.md,259,266,cdc302afab67876d33e5928ca3d309b02ee7c455c3d42eb2f43001a28683df17,f4deca5516d930080d5913f94c2d47593e5674e5918a0e8a6188adc1180b4ae3,True
chp-7:07_CHP-7_sec_i:l268-280,haskell-1980-rev-ed,chp-7,07_CHP-7_sec_i,07_CHP-7_sec_i.md,268,280,92182aceba59f83a250c92d8abd297a02a24efac8bbcf87beae58724caa092f0,f4deca5516d930080d5913f94c2d47593e5674e5918a0e8a6188adc1180b4ae3,True
chp-7:07_CHP-7_sec_i:l282-291,haskell-1980-rev-ed,chp-7,07_CHP-7_sec_i,07_CHP-7_sec_i.md,282,291,d6ee8bdff4c4ac1f232dda8c393cc8ff562862fb0bad7644bbf82f360a7205e4,f4deca5516d930080d5913f94c2d47593e5674e5918a0e8a6188adc1180b4ae3,True
chp-7:07_CHP-7_sec_i:l293-389,haskell-1980-rev-ed,chp-7,07_CHP-7_sec_i,07_CHP-7_sec_i.md,293,389,ad9ae34a8e0247ade77cf812cd0d5943582c3fd615590da5064cef79c38ae28b,f4deca5516d930080d5913f94c2d47593e5674e5918a0e8a6188adc1180b4ae3,True
chp-7:07_CHP-7_sec_iv:l1-1,haskell-1980-rev-ed,chp-7,07_CHP-7_sec_iv,07_CHP-7_sec_iv.md,1,1,49579cadc462b4a7f82ba665cbffbab5473aa35565dabaa81eaa93f5b008633c,d620659a2f3567ea9a1d91b7657390e9824768c320c3cf534bd30069d6c72077,True
chp-7:07_CHP-7_sec_iv:l3-4,haskell-1980-rev-ed,chp-7,07_CHP-7_sec_iv,07_CHP-7_sec_iv.md,3,4,a4fd2f2c435fc28629ed700527c645bb167a5fe50236734eee1344faa3e5a6c5,d620659a2f3567ea9a1d91b7657390e9824768c320c3cf534bd30069d6c72077,True
chp-7:07_CHP-7_sec_iv:l6-21,haskell-1980-rev-ed,chp-7,07_CHP-7_sec_iv,07_CHP-7_sec_iv.md,6,21,4eadd426b36fa47b7838ff7ecab8d5b4844e1da9ae8a828427c6a4e9fea04fc2,d620659a2f3567ea9a1d91b7657390e9824768c320c3cf534bd30069d6c72077,True
chp-7:07_CHP-7_sec_iv:l23-36,haskell-1980-rev-ed,chp-7,07_CHP-7_sec_iv,07_CHP-7_sec_iv.md,23,36,06235b46556b1fc747cbe67eff6c79b104bf05086665cc76335775e5dff4f7a3,d620659a2f3567ea9a1d91b7657390e9824768c320c3cf534bd30069d6c72077,True
chp-7:07_CHP-7_sec_iv:l38-46,haskell-1980-rev-ed,chp-7,07_CHP-7_sec_iv,07_CHP-7_sec_iv.md,38,46,a27eba8e6231e32079494dc5f21675cdce7115270f25c6660ced32947eb149ee,d620659a2f3567ea9a1d91b7657390e9824768c320c3cf534bd30069d6c72077,True
chp-7:07_CHP-7_sec_iv:l48-61,haskell-1980-rev-ed,chp-7,07_CHP-7_sec_iv,07_CHP-7_sec_iv.md,48,61,885d44075d6cc5c1cdbba53c4d7c4f9d7e0642236e5cf9c174650a6afff9dbb5,d620659a2f3567ea9a1d91b7657390e9824768c320c3cf534bd30069d6c72077,True
chp-7:07_CHP-7_sec_iv:l63-75,haskell-1980-rev-ed,chp-7,07_CHP-7_sec_iv,07_CHP-7_sec_iv.md,63,75,2df26f10a0058c44555f97648bc149b25cae27244fb79f608b3d1ba33a57fb27,d620659a2f3567ea9a1d91b7657390e9824768c320c3cf534bd30069d6c72077,True
chp-7:07_CHP-7_sec_iv:l77-87,haskell-1980-rev-ed,chp-7,07_CHP-7_sec_iv,07_CHP-7_sec_iv.md,77,87,4283245effa6a23cdca5bcc8cfff5574fd49386ec997f01232fda765d9487d99,d620659a2f3567ea9a1d91b7657390e9824768c320c3cf534bd30069d6c72077,True
chp-7:07_CHP-7_sec_iv:l89-95,haskell-1980-rev-ed,chp-7,07_CHP-7_sec_iv,07_CHP-7_sec_iv.md,89,95,5073f54ed00522b8befc2aa3f0ce315c73b10bd60bd43d70e38a9b7547687685,d620659a2f3567ea9a1d91b7657390e9824768c320c3cf534bd30069d6c72077,True
chp-7:07_CHP-7_sec_iv:l97-119,haskell-1980-rev-ed,chp-7,07_CHP-7_sec_iv,07_CHP-7_sec_iv.md,97,119,66b9f770a4c22ac60274b07d2211a66032e5ef05c59e3a313a092e189c9952ab,d620659a2f3567ea9a1d91b7657390e9824768c320c3cf534bd30069d6c72077,True
chp-7:07_CHP-7_sec_v:l1-1,haskell-1980-rev-ed,chp-7,07_CHP-7_sec_v,07_CHP-7_sec_v.md,1,1,dfb5f8c6951b7a9b0f35b86ec672ab33e4e89977733362a640937daabaef407a,956054d03a849749a1f7a0dbf0eade81c5cb1252a284cc26d024a7f9f134b432,True
chp-7:07_CHP-7_sec_v:l3-7,haskell-1980-rev-ed,chp-7,07_CHP-7_sec_v,07_CHP-7_sec_v.md,3,7,6a832ec0e7c6f20a7692ea3b949c2a67086b576e51410ac29cc83a88092c4659,956054d03a849749a1f7a0dbf0eade81c5cb1252a284cc26d024a7f9f134b432,True
chp-7:07_CHP-7_sec_v:l9-18,haskell-1980-rev-ed,chp-7,07_CHP-7_sec_v,07_CHP-7_sec_v.md,9,18,9d948f719ba5be512fbc1b8d1aabe3014e00635d03f082bfb04a64d9a8ffdbed,956054d03a849749a1f7a0dbf0eade81c5cb1252a284cc26d024a7f9f134b432,True
chp-7:07_CHP-7_sec_v:l20-21,haskell-1980-rev-ed,chp-7,07_CHP-7_sec_v,07_CHP-7_sec_v.md,20,21,62fb66d272b0b35c993fd453c9fcfd745cf8851f314fe9747cd6aa0e71a24a7e,956054d03a849749a1f7a0dbf0eade81c5cb1252a284cc26d024a7f9f134b432,True
chp-7:07_CHP-7_sec_v:l23-37,haskell-1980-rev-ed,chp-7,07_CHP-7_sec_v,07_CHP-7_sec_v.md,23,37,db964ef728421c1a6f9a08fa24197f301528bedc3dc736ebf727364b09ca2314,956054d03a849749a1f7a0dbf0eade81c5cb1252a284cc26d024a7f9f134b432,True
chp-7:07_CHP-7_sec_v:l39-40,haskell-1980-rev-ed,chp-7,07_CHP-7_sec_v,07_CHP-7_sec_v.md,39,40,70a4db26b3a64dd3c85ff5276a49ca777f40f9c6d82660b71837b928b3120cc2,956054d03a849749a1f7a0dbf0eade81c5cb1252a284cc26d024a7f9f134b432,True
chp-7:07_CHP-7_sec_v:l42-55,haskell-1980-rev-ed,chp-7,07_CHP-7_sec_v,07_CHP-7_sec_v.md,42,55,c4feee8f65f81b5b0ec7b12c14e44c6bfa0917c485875614720ceced8af6ff1b,956054d03a849749a1f7a0dbf0eade81c5cb1252a284cc26d024a7f9f134b432,True
chp-7:07_CHP-7_sec_v:l57-60,haskell-1980-rev-ed,chp-7,07_CHP-7_sec_v,07_CHP-7_sec_v.md,57,60,23f500dd20ab35e415f6e3d39bf8df9580d68fddfa74e3a502d05076458ee825,956054d03a849749a1f7a0dbf0eade81c5cb1252a284cc26d024a7f9f134b432,True
chp-7:07_CHP-7_sec_v:l62-76,haskell-1980-rev-ed,chp-7,07_CHP-7_sec_v,07_CHP-7_sec_v.md,62,76,c12f66ed101e3e1242ee863be622eb0d3c0e46f006a80aae42f777a419dad832,956054d03a849749a1f7a0dbf0eade81c5cb1252a284cc26d024a7f9f134b432,True
chp-8:08_CHP-8_intro:l1-1,haskell-1980-rev-ed,chp-8,08_CHP-8_intro,08_CHP-8_intro.md,1,1,00417511268ffd5e00a86fec7a1bce4b91acddbfec6db26d7f3fe92281c6e33f,29f190c6512fa5512cc31f73ae1f9cc68f5943139e49cedf88303f88660a0c10,True
chp-8:08_CHP-8_intro:l3-5,haskell-1980-rev-ed,chp-8,08_CHP-8_intro,08_CHP-8_intro.md,3,5,fe54c839eebb5ff7091064f57afeb859079c617b996d98a8ee78cd7a22b817d4,29f190c6512fa5512cc31f73ae1f9cc68f5943139e49cedf88303f88660a0c10,True
chp-8:08_CHP-8_intro:l7-10,haskell-1980-rev-ed,chp-8,08_CHP-8_intro,08_CHP-8_intro.md,7,10,6288828c4cd4e618176f4802cadf1ca1c0e454e2561dcf97585170fa20856328,29f190c6512fa5512cc31f73ae1f9cc68f5943139e49cedf88303f88660a0c10,True
chp-8:08_CHP-8_sec_i:l1-1,haskell-1980-rev-ed,chp-8,08_CHP-8_sec_i,08_CHP-8_sec_i.md,1,1,64eb314d3a9a70e4ba4212a831de6096eb92e119379d0f46c6cb4590660bba13,8449a867c1b0459a35c8ebbf7d37c0f770cd71ef0be987b12b7a1281d41e12bf,True
chp-8:08_CHP-8_sec_i:l3-12,haskell-1980-rev-ed,chp-8,08_CHP-8_sec_i,08_CHP-8_sec_i.md,3,12,db07ec7058c789d990203d8c8481c7a56c303b3c10655c8019656d99b03d78f3,8449a867c1b0459a35c8ebbf7d37c0f770cd71ef0be987b12b7a1281d41e12bf,True
chp-8:08_CHP-8_sec_i:l14-21,haskell-1980-rev-ed,chp-8,08_CHP-8_sec_i,08_CHP-8_sec_i.md,14,21,5cd6b281b486fa731569479441cc2a31e7ee373c60180eb5cde46840e4a602bc,8449a867c1b0459a35c8ebbf7d37c0f770cd71ef0be987b12b7a1281d41e12bf,True
chp-8:08_CHP-8_sec_i:l23-28,haskell-1980-rev-ed,chp-8,08_CHP-8_sec_i,08_CHP-8_sec_i.md,23,28,927016e646ad420bf9f667b350e5937ba0fecf83bbcab992b7b5733703719db2,8449a867c1b0459a35c8ebbf7d37c0f770cd71ef0be987b12b7a1281d41e12bf,True
chp-8:08_CHP-8_sec_i:l30-41,haskell-1980-rev-ed,chp-8,08_CHP-8_sec_i,08_CHP-8_sec_i.md,30,41,5b3d569aa1ba988b5d8d012525571e678226dbbc1031c9cc0e50db0e4d4f1bd0,8449a867c1b0459a35c8ebbf7d37c0f770cd71ef0be987b12b7a1281d41e12bf,True
chp-8:08_CHP-8_sec_i:l43-51,haskell-1980-rev-ed,chp-8,08_CHP-8_sec_i,08_CHP-8_sec_i.md,43,51,a0b6b741d348cd7ce0cf4f45791d6fdce3dd97b3b35622f0bd7b8d24380c1c6b,8449a867c1b0459a35c8ebbf7d37c0f770cd71ef0be987b12b7a1281d41e12bf,True
chp-8:08_CHP-8_sec_i:l53-60,haskell-1980-rev-ed,chp-8,08_CHP-8_sec_i,08_CHP-8_sec_i.md,53,60,c2128dd7a6a12db5624d7199227a7bcd95737d4987bf660bd05e2ef58f171d8f,8449a867c1b0459a35c8ebbf7d37c0f770cd71ef0be987b12b7a1281d41e12bf,True
chp-8:08_CHP-8_sec_i:l62-70,haskell-1980-rev-ed,chp-8,08_CHP-8_sec_i,08_CHP-8_sec_i.md,62,70,debb8b7e6e0c50ccf2766215496ca21c7eec55f0be432b91448eb40408f7118a,8449a867c1b0459a35c8ebbf7d37c0f770cd71ef0be987b12b7a1281d41e12bf,True
chp-8:08_CHP-8_sec_i:l72-82,haskell-1980-rev-ed,chp-8,08_CHP-8_sec_i,08_CHP-8_sec_i.md,72,82,d5bbe689b640f0ac4401ba569f34e632888be52322e9c51dd483a006f88c9de6,8449a867c1b0459a35c8ebbf7d37c0f770cd71ef0be987b12b7a1281d41e12bf,True
chp-8:08_CHP-8_sec_i:l84-96,haskell-1980-rev-ed,chp-8,08_CHP-8_sec_i,08_CHP-8_sec_i.md,84,96,c4febe69e396257dee157d52e90f34ab1fdcc4c09162e8f81db5b744d70901ff,8449a867c1b0459a35c8ebbf7d37c0f770cd71ef0be987b12b7a1281d41e12bf,True
chp-8:08_CHP-8_sec_i:l98-106,haskell-1980-rev-ed,chp-8,08_CHP-8_sec_i,08_CHP-8_sec_i.md,98,106,948fd4e29bdb94c2c371da037d8350d05d3ea8d98e8757acb228d43700d6cd99,8449a867c1b0459a35c8ebbf7d37c0f770cd71ef0be987b12b7a1281d41e12bf,True
chp-8:08_CHP-8_sec_i:l108-118,haskell-1980-rev-ed,chp-8,08_CHP-8_sec_i,08_CHP-8_sec_i.md,108,118,ebbb5be59dbc67e1337d077618074f382126d0f7c97e61e385c00514897599f3,8449a867c1b0459a35c8ebbf7d37c0f770cd71ef0be987b12b7a1281d41e12bf,True
chp-8:08_CHP-8_sec_i:l120-124,haskell-1980-rev-ed,chp-8,08_CHP-8_sec_i,08_CHP-8_sec_i.md,120,124,021c88a32fcf270e3b3425913361730c08754daaaf5edaeddef950e5ef1d71c7,8449a867c1b0459a35c8ebbf7d37c0f770cd71ef0be987b12b7a1281d41e12bf,True
chp-8:08_CHP-8_sec_i:l126-157,haskell-1980-rev-ed,chp-8,08_CHP-8_sec_i,08_CHP-8_sec_i.md,126,157,0ecf16986f97d6044129c91ccafde31ac1ebe6dadef71c79a6d4691c10d90b4c,8449a867c1b0459a35c8ebbf7d37c0f770cd71ef0be987b12b7a1281d41e12bf,True
chp-8:08_CHP-8_sec_ii:l1-1,haskell-1980-rev-ed,chp-8,08_CHP-8_sec_ii,08_CHP-8_sec_ii.md,1,1,65b91b544bc20502ba88e52842afeb0d7c6e7aecc9f36fe56ee7665d9fd65d42,5d9a17efc3835c30947b8c714c65649be10295661b6cca6b117f5902882bcef6,True
chp-8:08_CHP-8_sec_ii:l3-9,haskell-1980-rev-ed,chp-8,08_CHP-8_sec_ii,08_CHP-8_sec_ii.md,3,9,7f6b9c5db0dbec4681c52467cfb5f786815710aea929e957183cd6024fffb1ba,5d9a17efc3835c30947b8c714c65649be10295661b6cca6b117f5902882bcef6,True
chp-8:08_CHP-8_sec_ii:l11-19,haskell-1980-rev-ed,chp-8,08_CHP-8_sec_ii,08_CHP-8_sec_ii.md,11,19,131cfa5f062c6baf0c97e31844b950a27f45817e5442687f1935a2e38b153a00,5d9a17efc3835c30947b8c714c65649be10295661b6cca6b117f5902882bcef6,True
chp-8:08_CHP-8_sec_ii:l21-35,haskell-1980-rev-ed,chp-8,08_CHP-8_sec_ii,08_CHP-8_sec_ii.md,21,35,4f5d502c755d5a791200895b453b3a196db68632297a0864a37c4995a91c1039,5d9a17efc3835c30947b8c714c65649be10295661b6cca6b117f5902882bcef6,True
chp-8:08_CHP-8_sec_ii:l37-39,haskell-1980-rev-ed,chp-8,08_CHP-8_sec_ii,08_CHP-8_sec_ii.md,37,39,e523de32b06db1322554b38d4db77979f9c5c709672826e587a7224b6aaf0f8a,5d9a17efc3835c30947b8c714c65649be10295661b6cca6b117f5902882bcef6,True
chp-8:08_CHP-8_sec_ii:l41-43,haskell-1980-rev-ed,chp-8,08_CHP-8_sec_ii,08_CHP-8_sec_ii.md,41,43,b3423b9f497cd170ccc4d33e9af85c6db154d748b462299785b7f5fc582627e0,5d9a17efc3835c30947b8c714c65649be10295661b6cca6b117f5902882bcef6,True
chp-8:08_CHP-8_sec_ii:l45-46,haskell-1980-rev-ed,chp-8,08_CHP-8_sec_ii,08_CHP-8_sec_ii.md,45,46,168a900fbb174ea70db0a10a32b0fedb23c2ee250f1eb1a1f3c0da339b647308,5d9a17efc3835c30947b8c714c65649be10295661b6cca6b117f5902882bcef6,True
chp-8:08_CHP-8_sec_ii:l48-67,haskell-1980-rev-ed,chp-8,08_CHP-8_sec_ii,08_CHP-8_sec_ii.md,48,67,7b6388445243b4af022bc949e0bb39eae056da239c6fd2570badefdbc055a1b6,5d9a17efc3835c30947b8c714c65649be10295661b6cca6b117f5902882bcef6,True
chp-8:08_CHP-8_sec_ii:l69-76,haskell-1980-rev-ed,chp-8,08_CHP-8_sec_ii,08_CHP-8_sec_ii.md,69,76,424e930247b9ca7b94a47d08addacc2514789fa1eaed04515ade100ac939b7d1,5d9a17efc3835c30947b8c714c65649be10295661b6cca6b117f5902882bcef6,True
chp-8:08_CHP-8_sec_ii:l78-84,haskell-1980-rev-ed,chp-8,08_CHP-8_sec_ii,08_CHP-8_sec_ii.md,78,84,a9adfb724cd4f057a4de3aa9bd62f9818990c72c1612a9072e223c978569ae22,5d9a17efc3835c30947b8c714c65649be10295661b6cca6b117f5902882bcef6,True
chp-8:08_CHP-8_sec_ii:l86-98,haskell-1980-rev-ed,chp-8,08_CHP-8_sec_ii,08_CHP-8_sec_ii.md,86,98,d588ce2a605af3756d243d0a62602eb45490b090f6ca5e465ebb2e82c2b113df,5d9a17efc3835c30947b8c714c65649be10295661b6cca6b117f5902882bcef6,True
chp-8:08_CHP-8_sec_ii:l100-110,haskell-1980-rev-ed,chp-8,08_CHP-8_sec_ii,08_CHP-8_sec_ii.md,100,110,cd70a832c602b19706438fe592610bfe7538613b21f1f8f5c66cd2056e88d72f,5d9a17efc3835c30947b8c714c65649be10295661b6cca6b117f5902882bcef6,True
chp-8:08_CHP-8_sec_ii:l112-124,haskell-1980-rev-ed,chp-8,08_CHP-8_sec_ii,08_CHP-8_sec_ii.md,112,124,d2da0e390237cbab6a9b1ca7e8c3cf52be8034c1aff7a35369072ccf12bf88f4,5d9a17efc3835c30947b8c714c65649be10295661b6cca6b117f5902882bcef6,True
chp-8:08_CHP-8_sec_ii:l126-138,haskell-1980-rev-ed,chp-8,08_CHP-8_sec_ii,08_CHP-8_sec_ii.md,126,138,d33e574b0f519d4de385bb3ed6c7dbe5803124f72c2456c86ee64c546919668d,5d9a17efc3835c30947b8c714c65649be10295661b6cca6b117f5902882bcef6,True
chp-8:08_CHP-8_sec_ii:l140-150,haskell-1980-rev-ed,chp-8,08_CHP-8_sec_ii,08_CHP-8_sec_ii.md,140,150,86bc18db55c6fd28968adc3a38cbea3095c05f9f8b587c1bc9ef9a5ef1c342b1,5d9a17efc3835c30947b8c714c65649be10295661b6cca6b117f5902882bcef6,True
chp-8:08_CHP-8_sec_ii:l152-161,haskell-1980-rev-ed,chp-8,08_CHP-8_sec_ii,08_CHP-8_sec_ii.md,152,161,aa94cb6d7fb7cb4af995c7c977ff6b6bcc802d0f7a84cfc89a7c9a51dd11c8fe,5d9a17efc3835c30947b8c714c65649be10295661b6cca6b117f5902882bcef6,True
chp-8:08_CHP-8_sec_ii:l163-177,haskell-1980-rev-ed,chp-8,08_CHP-8_sec_ii,08_CHP-8_sec_ii.md,163,177,aa5c374c4b3f60cdde7ab64f46e3af1b3916ecafb87ecd681bb36e1b231988b4,5d9a17efc3835c30947b8c714c65649be10295661b6cca6b117f5902882bcef6,True
chp-8:08_CHP-8_sec_ii:l179-188,haskell-1980-rev-ed,chp-8,08_CHP-8_sec_ii,08_CHP-8_sec_ii.md,179,188,715955beec51c3d7aacbb848ee33085b73e3095a35fd02390d1a4449e2412cf0,5d9a17efc3835c30947b8c714c65649be10295661b6cca6b117f5902882bcef6,True
chp-8:08_CHP-8_sec_ii:l190-204,haskell-1980-rev-ed,chp-8,08_CHP-8_sec_ii,08_CHP-8_sec_ii.md,190,204,635cf6837953171a2fdb2d006f2b1cd43098dec3518e9cd37e294eb89cee22c8,5d9a17efc3835c30947b8c714c65649be10295661b6cca6b117f5902882bcef6,True
chp-8:08_CHP-8_sec_ii:l206-214,haskell-1980-rev-ed,chp-8,08_CHP-8_sec_ii,08_CHP-8_sec_ii.md,206,214,1d2cc5ee02365840bc2a68b0113435c36b8a52aaf979eb3f5339642e4710ed98,5d9a17efc3835c30947b8c714c65649be10295661b6cca6b117f5902882bcef6,True
chp-8:08_CHP-8_sec_ii:l216-225,haskell-1980-rev-ed,chp-8,08_CHP-8_sec_ii,08_CHP-8_sec_ii.md,216,225,dcd96bb399d0be5aa8a91eb405a1ccccb4bdbf9c378006c9792c5bf1549b3e79,5d9a17efc3835c30947b8c714c65649be10295661b6cca6b117f5902882bcef6,True
chp-8:08_CHP-8_sec_ii:l227-236,haskell-1980-rev-ed,chp-8,08_CHP-8_sec_ii,08_CHP-8_sec_ii.md,227,236,f85e444391b05d85463e679e851cfa3ccc90a29d094890b09af9bc6f541892e5,5d9a17efc3835c30947b8c714c65649be10295661b6cca6b117f5902882bcef6,True
chp-8:08_CHP-8_sec_ii:l238-249,haskell-1980-rev-ed,chp-8,08_CHP-8_sec_ii,08_CHP-8_sec_ii.md,238,249,6e95624894cd4591e8e82635404eaac9f52367dade03e9960a0c720a3d0f8d21,5d9a17efc3835c30947b8c714c65649be10295661b6cca6b117f5902882bcef6,True
chp-8:08_CHP-8_sec_ii:l251-257,haskell-1980-rev-ed,chp-8,08_CHP-8_sec_ii,08_CHP-8_sec_ii.md,251,257,e1394cba819e944d544f3773b2dcdd2debbfc79babdf392bcd178c5d2925cae1,5d9a17efc3835c30947b8c714c65649be10295661b6cca6b117f5902882bcef6,True
chp-8:08_CHP-8_sec_ii:l259-261,haskell-1980-rev-ed,chp-8,08_CHP-8_sec_ii,08_CHP-8_sec_ii.md,259,261,55420a06123437be35d56281d1d597b3d8d7556c7efb183d386ed19b3b9f5191,5d9a17efc3835c30947b8c714c65649be10295661b6cca6b117f5902882bcef6,True
chp-8:08_CHP-8_sec_ii:l263-266,haskell-1980-rev-ed,chp-8,08_CHP-8_sec_ii,08_CHP-8_sec_ii.md,263,266,f1db9b215c05735a096023951b58e742170a82828f16407d302a156758b252dc,5d9a17efc3835c30947b8c714c65649be10295661b6cca6b117f5902882bcef6,True
chp-8:08_CHP-8_sec_ii:l268-269,haskell-1980-rev-ed,chp-8,08_CHP-8_sec_ii,08_CHP-8_sec_ii.md,268,269,30479ca8c365188d61888932866d17fd0a024c1feaba1637afe0186354b2cae6,5d9a17efc3835c30947b8c714c65649be10295661b6cca6b117f5902882bcef6,True
chp-8:08_CHP-8_sec_ii:l271-279,haskell-1980-rev-ed,chp-8,08_CHP-8_sec_ii,08_CHP-8_sec_ii.md,271,279,1b5ad6756f8c8c1f24eba461ea2d541a118ab9e74fb1723ddffbd0b7959471fb,5d9a17efc3835c30947b8c714c65649be10295661b6cca6b117f5902882bcef6,True
chp-8:08_CHP-8_sec_ii:l281-289,haskell-1980-rev-ed,chp-8,08_CHP-8_sec_ii,08_CHP-8_sec_ii.md,281,289,a2bd51850e4ec86f53150eec035a79685f7120b495e8e36450268bc6a1090eef,5d9a17efc3835c30947b8c714c65649be10295661b6cca6b117f5902882bcef6,True
chp-8:08_CHP-8_sec_ii:l291-301,haskell-1980-rev-ed,chp-8,08_CHP-8_sec_ii,08_CHP-8_sec_ii.md,291,301,a6bff7d37ee1ac1f704a283ff6c17ece7901943f3e33eb4a7f4614e4ad1fb5f2,5d9a17efc3835c30947b8c714c65649be10295661b6cca6b117f5902882bcef6,True
chp-8:08_CHP-8_sec_ii:l303-309,haskell-1980-rev-ed,chp-8,08_CHP-8_sec_ii,08_CHP-8_sec_ii.md,303,309,f9be04e05e3e091f26bbe439a945da2328f0a5e34ae21a0ad4bad501c532007a,5d9a17efc3835c30947b8c714c65649be10295661b6cca6b117f5902882bcef6,True
chp-8:08_CHP-8_sec_ii:l311-325,haskell-1980-rev-ed,chp-8,08_CHP-8_sec_ii,08_CHP-8_sec_ii.md,311,325,5ed3cac36e26853be230930f5257b7e042db4cf5d3a71a95032f6caee3410a27,5d9a17efc3835c30947b8c714c65649be10295661b6cca6b117f5902882bcef6,True
chp-8:08_CHP-8_sec_ii:l327-336,haskell-1980-rev-ed,chp-8,08_CHP-8_sec_ii,08_CHP-8_sec_ii.md,327,336,4851272f69e09219355eb926cb06e76ed40d459db5efebd44dc83df1e9ebfacb,5d9a17efc3835c30947b8c714c65649be10295661b6cca6b117f5902882bcef6,True
chp-8:08_CHP-8_sec_ii:l338-348,haskell-1980-rev-ed,chp-8,08_CHP-8_sec_ii,08_CHP-8_sec_ii.md,338,348,9f36048f2845cfb8a9b98215376d76e9d46586b3350bc5eb367a9a38d5c8a91e,5d9a17efc3835c30947b8c714c65649be10295661b6cca6b117f5902882bcef6,True
chp-8:08_CHP-8_sec_ii:l350-359,haskell-1980-rev-ed,chp-8,08_CHP-8_sec_ii,08_CHP-8_sec_ii.md,350,359,6da4c232365c402c50c1016e2c34ed9a62be31940f9377ab06405f4a03a3bf92,5d9a17efc3835c30947b8c714c65649be10295661b6cca6b117f5902882bcef6,True
chp-8:08_CHP-8_sec_ii:l361-370,haskell-1980-rev-ed,chp-8,08_CHP-8_sec_ii,08_CHP-8_sec_ii.md,361,370,721b0c43d95aae0a4c5b8a4a382b3c9be1c3e2b142d1a7d6183342b8d8a5bf96,5d9a17efc3835c30947b8c714c65649be10295661b6cca6b117f5902882bcef6,True
chp-8:08_CHP-8_sec_ii:l372-461,haskell-1980-rev-ed,chp-8,08_CHP-8_sec_ii,08_CHP-8_sec_ii.md,372,461,62a4611253d2bf05494ef55b0511b53861b0947a05aee1c7a9fdbab976ecbc3f,5d9a17efc3835c30947b8c714c65649be10295661b6cca6b117f5902882bcef6,True
chp-9:09_CHP-9_intro:l1-1,haskell-1980-rev-ed,chp-9,09_CHP-9_intro,09_CHP-9_intro.md,1,1,9c83533098492bbaa527c8185d2d11216971f55cd32d2a5ae23d29042d8dddb8,9b63ad7d1e2326f0ca7448efcd490c9ae5fce8c237c4289161227fe55a8518c3,True
chp-9:09_CHP-9_intro:l3-5,haskell-1980-rev-ed,chp-9,09_CHP-9_intro,09_CHP-9_intro.md,3,5,ce7b9a14d57a0404254879c08ecb43e208b4d1944d21863d8a686cbf29113af0,9b63ad7d1e2326f0ca7448efcd490c9ae5fce8c237c4289161227fe55a8518c3,True
chp-9:09_CHP-9_intro:l7-16,haskell-1980-rev-ed,chp-9,09_CHP-9_intro,09_CHP-9_intro.md,7,16,d5a7d726cac2a793dbc726060118bf010ef8ed676925444ab6484d7ec17caeda,9b63ad7d1e2326f0ca7448efcd490c9ae5fce8c237c4289161227fe55a8518c3,True
chp-9:09_CHP-9_intro:l18-25,haskell-1980-rev-ed,chp-9,09_CHP-9_intro,09_CHP-9_intro.md,18,25,cb301636fc4ad65189bdf4db7ffab74e674fb5ea94e5f3b3c80efc9b9f245b06,9b63ad7d1e2326f0ca7448efcd490c9ae5fce8c237c4289161227fe55a8518c3,True
chp-9:09_CHP-9_intro:l27-36,haskell-1980-rev-ed,chp-9,09_CHP-9_intro,09_CHP-9_intro.md,27,36,7b7c85bfda0e96fa9e2d3d69aee031457433796ae97125cba42ae80f5f3db2ee,9b63ad7d1e2326f0ca7448efcd490c9ae5fce8c237c4289161227fe55a8518c3,True
chp-9:09_CHP-9_intro:l38-46,haskell-1980-rev-ed,chp-9,09_CHP-9_intro,09_CHP-9_intro.md,38,46,353c3cfd37cc305ef624b371deb6b4e2a7cabf9c6a58bafa8e0269316329ba46,9b63ad7d1e2326f0ca7448efcd490c9ae5fce8c237c4289161227fe55a8518c3,True
chp-9:09_CHP-9_intro:l48-59,haskell-1980-rev-ed,chp-9,09_CHP-9_intro,09_CHP-9_intro.md,48,59,da120b63a610f2cd95c1df16c81530428c393e80a3ed9e3c0a5e8a17afa9b273,9b63ad7d1e2326f0ca7448efcd490c9ae5fce8c237c4289161227fe55a8518c3,True
chp-9:09_CHP-9_intro:l61-63,haskell-1980-rev-ed,chp-9,09_CHP-9_intro,09_CHP-9_intro.md,61,63,ca05cc233cf7d7ac775b55cde63d9362b24c3cf55c41389656b43c2414a99604,9b63ad7d1e2326f0ca7448efcd490c9ae5fce8c237c4289161227fe55a8518c3,True
chp-9:09_CHP-9_intro:l65-72,haskell-1980-rev-ed,chp-9,09_CHP-9_intro,09_CHP-9_intro.md,65,72,45c53d88d9504e258667de3c7e497315e82b414abc22f011984588d636526da8,9b63ad7d1e2326f0ca7448efcd490c9ae5fce8c237c4289161227fe55a8518c3,True
chp-9:09_CHP-9_intro:l74-75,haskell-1980-rev-ed,chp-9,09_CHP-9_intro,09_CHP-9_intro.md,74,75,2f82ef58f3d90f11e54e60364f34a54f67d626728521ad355eb932a94c26762c,9b63ad7d1e2326f0ca7448efcd490c9ae5fce8c237c4289161227fe55a8518c3,True
chp-9:09_CHP-9_intro:l77-88,haskell-1980-rev-ed,chp-9,09_CHP-9_intro,09_CHP-9_intro.md,77,88,73ab39a6a928011b2397ba2020cb978873200751bd57a8913d385d59ad081dce,9b63ad7d1e2326f0ca7448efcd490c9ae5fce8c237c4289161227fe55a8518c3,True
chp-9:09_CHP-9_intro:l90-104,haskell-1980-rev-ed,chp-9,09_CHP-9_intro,09_CHP-9_intro.md,90,104,166b580e0d98274a4cef63638b625bce87aa307685138b9f311f4eba9d1f992d,9b63ad7d1e2326f0ca7448efcd490c9ae5fce8c237c4289161227fe55a8518c3,True
chp-9:09_CHP-9_intro:l106-114,haskell-1980-rev-ed,chp-9,09_CHP-9_intro,09_CHP-9_intro.md,106,114,8d3a506cd567873e58c704496c286086bb86b701fcc0b32bc9e5fdd2b2547eae,9b63ad7d1e2326f0ca7448efcd490c9ae5fce8c237c4289161227fe55a8518c3,True
chp-9:09_CHP-9_intro:l116-122,haskell-1980-rev-ed,chp-9,09_CHP-9_intro,09_CHP-9_intro.md,116,122,9d02deba0f0e66b5f17cf6a1d7cb45435a085ac2be3d503df55a76d8ea5844a3,9b63ad7d1e2326f0ca7448efcd490c9ae5fce8c237c4289161227fe55a8518c3,True
chp-9:09_CHP-9_intro:l124-132,haskell-1980-rev-ed,chp-9,09_CHP-9_intro,09_CHP-9_intro.md,124,132,bdcf1ec70bda8a3346f427787148673220496aeed2c647ad5260fcff41744e9a,9b63ad7d1e2326f0ca7448efcd490c9ae5fce8c237c4289161227fe55a8518c3,True
chp-9:09_CHP-9_intro:l134-146,haskell-1980-rev-ed,chp-9,09_CHP-9_intro,09_CHP-9_intro.md,134,146,eb1487c89b2d4870fe0c30240ce67972acec96ea7dbbebbccd1192a691f43382,9b63ad7d1e2326f0ca7448efcd490c9ae5fce8c237c4289161227fe55a8518c3,True
chp-9:09_CHP-9_intro:l148-155,haskell-1980-rev-ed,chp-9,09_CHP-9_intro,09_CHP-9_intro.md,148,155,f88796ddd6e409c8850bf64361d76760ed61b8c36cc02b18a32bfe7b35010e3d,9b63ad7d1e2326f0ca7448efcd490c9ae5fce8c237c4289161227fe55a8518c3,True
chp-9:09_CHP-9_intro:l157-165,haskell-1980-rev-ed,chp-9,09_CHP-9_intro,09_CHP-9_intro.md,157,165,2962dfdf9f25c1a0a8e2fa89b192fe3d26b5118a976e05a05f8812fa1bdf6c50,9b63ad7d1e2326f0ca7448efcd490c9ae5fce8c237c4289161227fe55a8518c3,True
chp-9:09_CHP-9_intro:l167-177,haskell-1980-rev-ed,chp-9,09_CHP-9_intro,09_CHP-9_intro.md,167,177,57910b1c32121abe9cf27530e7548251827005fa067d300c430d902496245e2c,9b63ad7d1e2326f0ca7448efcd490c9ae5fce8c237c4289161227fe55a8518c3,True
chp-9:09_CHP-9_intro:l179-186,haskell-1980-rev-ed,chp-9,09_CHP-9_intro,09_CHP-9_intro.md,179,186,641f4a86d91e032087e759e6f7d7e3cf356c4cf622a4821ecebc507953276658,9b63ad7d1e2326f0ca7448efcd490c9ae5fce8c237c4289161227fe55a8518c3,True
chp-9:09_CHP-9_intro:l188-200,haskell-1980-rev-ed,chp-9,09_CHP-9_intro,09_CHP-9_intro.md,188,200,717631e0c86fc16769da90d83e6363ce28a3576fbe24c8be41eb46d2d6958d2b,9b63ad7d1e2326f0ca7448efcd490c9ae5fce8c237c4289161227fe55a8518c3,True
chp-9:09_CHP-9_intro:l202-210,haskell-1980-rev-ed,chp-9,09_CHP-9_intro,09_CHP-9_intro.md,202,210,ffbd53ac783c55a991bc4629b6bde3328e0708acce1819a1412f55607387ce6d,9b63ad7d1e2326f0ca7448efcd490c9ae5fce8c237c4289161227fe55a8518c3,True
chp-9:09_CHP-9_intro:l212-216,haskell-1980-rev-ed,chp-9,09_CHP-9_intro,09_CHP-9_intro.md,212,216,e94cea1632b183f4153ca8a3fef9cba2f227692c01e4c904a018c000303fa97b,9b63ad7d1e2326f0ca7448efcd490c9ae5fce8c237c4289161227fe55a8518c3,True
chp-9:09_CHP-9_intro:l218-229,haskell-1980-rev-ed,chp-9,09_CHP-9_intro,09_CHP-9_intro.md,218,229,19071349bda95267fa463da2c9c65c3af827a9e978d3585bdbb715e08831f9dc,9b63ad7d1e2326f0ca7448efcd490c9ae5fce8c237c4289161227fe55a8518c3,True
chp-9:09_CHP-9_intro:l231-238,haskell-1980-rev-ed,chp-9,09_CHP-9_intro,09_CHP-9_intro.md,231,238,403d813c6d986e4009cf2beb125153ce96b8b605547380e83dd806954d14dd56,9b63ad7d1e2326f0ca7448efcd490c9ae5fce8c237c4289161227fe55a8518c3,True
chp-9:09_CHP-9_intro:l240-249,haskell-1980-rev-ed,chp-9,09_CHP-9_intro,09_CHP-9_intro.md,240,249,355313d4c69e00f29306b9e6a740b06e817202f3d37621ce1724718501862751,9b63ad7d1e2326f0ca7448efcd490c9ae5fce8c237c4289161227fe55a8518c3,True
chp-9:09_CHP-9_intro:l251-256,haskell-1980-rev-ed,chp-9,09_CHP-9_intro,09_CHP-9_intro.md,251,256,27673e0dfd55646b970857892b2845184ec8243598cfbf054c1ab5ad67fb1d2a,9b63ad7d1e2326f0ca7448efcd490c9ae5fce8c237c4289161227fe55a8518c3,True
chp-9:09_CHP-9_intro:l258-277,haskell-1980-rev-ed,chp-9,09_CHP-9_intro,09_CHP-9_intro.md,258,277,bccf0575ee1133067f3dbe8b859f91326d115b0f67520f0e77efaacfc358a618,9b63ad7d1e2326f0ca7448efcd490c9ae5fce8c237c4289161227fe55a8518c3,True
chp-9:09_CHP-9_intro:l279-285,haskell-1980-rev-ed,chp-9,09_CHP-9_intro,09_CHP-9_intro.md,279,285,5f9a8b098c578d4adecf95e39c8d14be3d2a7fef4394634cc84014d37f582b93,9b63ad7d1e2326f0ca7448efcd490c9ae5fce8c237c4289161227fe55a8518c3,True
chp-9:09_CHP-9_intro:l287-289,haskell-1980-rev-ed,chp-9,09_CHP-9_intro,09_CHP-9_intro.md,287,289,901ce0b067740a09bc0d3fd6685e54390d90e003c8297f16966567b184e54b6b,9b63ad7d1e2326f0ca7448efcd490c9ae5fce8c237c4289161227fe55a8518c3,True
chp-9:09_CHP-9_intro:l291-301,haskell-1980-rev-ed,chp-9,09_CHP-9_intro,09_CHP-9_intro.md,291,301,3820d49b66ee86388bfe238d2257d81f282963238c24fbf01a771e396f41cc83,9b63ad7d1e2326f0ca7448efcd490c9ae5fce8c237c4289161227fe55a8518c3,True
chp-9:09_CHP-9_intro:l303-311,haskell-1980-rev-ed,chp-9,09_CHP-9_intro,09_CHP-9_intro.md,303,311,6153ee105244f9e9bf25cd7cfbffef26cd195c6648061760e56bd83c9de98270,9b63ad7d1e2326f0ca7448efcd490c9ae5fce8c237c4289161227fe55a8518c3,True
chp-9:09_CHP-9_intro:l313-321,haskell-1980-rev-ed,chp-9,09_CHP-9_intro,09_CHP-9_intro.md,313,321,3b6bb69ba75dac969f2059036fd7dd45a1a67b771e41ba507f85bd982dc70080,9b63ad7d1e2326f0ca7448efcd490c9ae5fce8c237c4289161227fe55a8518c3,True
chp-9:09_CHP-9_intro:l323-445,haskell-1980-rev-ed,chp-9,09_CHP-9_intro,09_CHP-9_intro.md,323,445,51cc706d49319744d5efe4ed0c2528e68a2a3e1d82d75b14961092f0c36eebfc,9b63ad7d1e2326f0ca7448efcd490c9ae5fce8c237c4289161227fe55a8518c3,True
chp-9:09_CHP-9_sec_ii:l1-1,haskell-1980-rev-ed,chp-9,09_CHP-9_sec_ii,09_CHP-9_sec_ii.md,1,1,957f6d75bbc5a4b939067bd126ca09f88123cebc0c40714a4b0216a76abf7fff,67d60205c246f2f126433bab8a22ddb29ed73e2af2fed5fff5978c319b3ee923,True
chp-9:09_CHP-9_sec_ii:l3-4,haskell-1980-rev-ed,chp-9,09_CHP-9_sec_ii,09_CHP-9_sec_ii.md,3,4,4a2b6206e3c4df9b60be079003432ebc618752ba7791e3904f2267eb9b5b964b,67d60205c246f2f126433bab8a22ddb29ed73e2af2fed5fff5978c319b3ee923,True
chp-9:09_CHP-9_sec_ii:l6-16,haskell-1980-rev-ed,chp-9,09_CHP-9_sec_ii,09_CHP-9_sec_ii.md,6,16,011ed62e984b1e67c23bc2e36b88e9957fae9c3f97458a06918a4b75254853f8,67d60205c246f2f126433bab8a22ddb29ed73e2af2fed5fff5978c319b3ee923,True
chp-9:09_CHP-9_sec_ii:l18-25,haskell-1980-rev-ed,chp-9,09_CHP-9_sec_ii,09_CHP-9_sec_ii.md,18,25,908c9e9ac8a5a25f91200eec9d2680beb6b8345dceb66b88392c96b51bd7530d,67d60205c246f2f126433bab8a22ddb29ed73e2af2fed5fff5978c319b3ee923,True
chp-9:09_CHP-9_sec_ii:l27-36,haskell-1980-rev-ed,chp-9,09_CHP-9_sec_ii,09_CHP-9_sec_ii.md,27,36,93efb8db0766c4e0f568e4c49f04cfa8f41c4ae584666445c0682d070e260026,67d60205c246f2f126433bab8a22ddb29ed73e2af2fed5fff5978c319b3ee923,True
chp-9:09_CHP-9_sec_ii:l38-51,haskell-1980-rev-ed,chp-9,09_CHP-9_sec_ii,09_CHP-9_sec_ii.md,38,51,578273f40983a11f02023c2753bbb564ecf08eae523a74fccd1576ab212c487f,67d60205c246f2f126433bab8a22ddb29ed73e2af2fed5fff5978c319b3ee923,True
chp-9:09_CHP-9_sec_ii:l53-60,haskell-1980-rev-ed,chp-9,09_CHP-9_sec_ii,09_CHP-9_sec_ii.md,53,60,e3d0127b7c4570ec1a149a6b7a32502fec7af85a366dbd06f2e81be679f5bb17,67d60205c246f2f126433bab8a22ddb29ed73e2af2fed5fff5978c319b3ee923,True
chp-9:09_CHP-9_sec_ii:l62-68,haskell-1980-rev-ed,chp-9,09_CHP-9_sec_ii,09_CHP-9_sec_ii.md,62,68,28948f51a1b46a06efca67df6597c58b2d22369b628a0d2396491eeff5a3d7bc,67d60205c246f2f126433bab8a22ddb29ed73e2af2fed5fff5978c319b3ee923,True
chp-9:09_CHP-9_sec_ii:l70-78,haskell-1980-rev-ed,chp-9,09_CHP-9_sec_ii,09_CHP-9_sec_ii.md,70,78,83927497827eff20a3eb9dfc87075c96affdf5b18f53022088980960c4c868ad,67d60205c246f2f126433bab8a22ddb29ed73e2af2fed5fff5978c319b3ee923,True
chp-9:09_CHP-9_sec_ii:l80-83,haskell-1980-rev-ed,chp-9,09_CHP-9_sec_ii,09_CHP-9_sec_ii.md,80,83,8bd47a66043c6a768047973686dfe99eb1f79c02e7ca8b228e7229b788fb07bc,67d60205c246f2f126433bab8a22ddb29ed73e2af2fed5fff5978c319b3ee923,True
chp-9:09_CHP-9_sec_ii:l85-127,haskell-1980-rev-ed,chp-9,09_CHP-9_sec_ii,09_CHP-9_sec_ii.md,85,127,d00ced6fff3f96f5cf574f47f45eea80ef1b6867c581d7d017f217ee2a8a5a99,67d60205c246f2f126433bab8a22ddb29ed73e2af2fed5fff5978c319b3ee923,True
chp-10:10_CHP-10_intro:l1-1,haskell-1980-rev-ed,chp-10,10_CHP-10_intro,10_CHP-10_intro.md,1,1,2929e867e881835dcc10b3c28ccf398f462fb401b03fcf13684c77873921f218,f912dba9e5c8460538222c57d32c3734d0c23c72cb32a0871b50b6901ce9e27f,True
chp-10:10_CHP-10_intro:l3-13,haskell-1980-rev-ed,chp-10,10_CHP-10_intro,10_CHP-10_intro.md,3,13,2b86f1b920d1aa7de55b2ba8f511e3c8ec71b8c546387f71da2113d40e197e92,f912dba9e5c8460538222c57d32c3734d0c23c72cb32a0871b50b6901ce9e27f,True
chp-10:10_CHP-10_intro:l15-24,haskell-1980-rev-ed,chp-10,10_CHP-10_intro,10_CHP-10_intro.md,15,24,805e94a2f007dadc0e072f08626951f78aa77c3f304e43af0768aff09c9746ed,f912dba9e5c8460538222c57d32c3734d0c23c72cb32a0871b50b6901ce9e27f,True
chp-10:10_CHP-10_intro:l26-41,haskell-1980-rev-ed,chp-10,10_CHP-10_intro,10_CHP-10_intro.md,26,41,11109dec2da0c22589297ae786772e434dfb0571e62cde36113512f37e6db0ab,f912dba9e5c8460538222c57d32c3734d0c23c72cb32a0871b50b6901ce9e27f,True
chp-10:10_CHP-10_intro:l43-49,haskell-1980-rev-ed,chp-10,10_CHP-10_intro,10_CHP-10_intro.md,43,49,f311fdf054bf8adc8fe5bcab01d4a0458950b7f837b4da9af644e1ced09e283b,f912dba9e5c8460538222c57d32c3734d0c23c72cb32a0871b50b6901ce9e27f,True
chp-10:10_CHP-10_intro:l51-61,haskell-1980-rev-ed,chp-10,10_CHP-10_intro,10_CHP-10_intro.md,51,61,877f9ed4cdae9e0e1bc219c8e90b31521e82843d62c83877f5d7a6c2420722c6,f912dba9e5c8460538222c57d32c3734d0c23c72cb32a0871b50b6901ce9e27f,True
chp-10:10_CHP-10_intro:l63-89,haskell-1980-rev-ed,chp-10,10_CHP-10_intro,10_CHP-10_intro.md,63,89,22c9dddb1063ee6d45fffd656824e1a414e9f78ee82bdb4f93a7a3879d325a77,f912dba9e5c8460538222c57d32c3734d0c23c72cb32a0871b50b6901ce9e27f,True
chp-10:10_CHP-10_intro:l91-112,haskell-1980-rev-ed,chp-10,10_CHP-10_intro,10_CHP-10_intro.md,91,112,997e03e9074203c1c8b25476a48aac1dcce9493ef063677ee199fac27429162b,f912dba9e5c8460538222c57d32c3734d0c23c72cb32a0871b50b6901ce9e27f,True
chp-10:10_CHP-10_intro:l114-119,haskell-1980-rev-ed,chp-10,10_CHP-10_intro,10_CHP-10_intro.md,114,119,8d034aa91d98cdee1e3921102d11a4fe1cd61d4534e11d5e3d3f34b208dbc66f,f912dba9e5c8460538222c57d32c3734d0c23c72cb32a0871b50b6901ce9e27f,True
chp-10:10_CHP-10_intro:l121-123,haskell-1980-rev-ed,chp-10,10_CHP-10_intro,10_CHP-10_intro.md,121,123,90f8ad2291e878358861e1beabb3abcbf8acf9f6d6292236cfc1446677ebd1ba,f912dba9e5c8460538222c57d32c3734d0c23c72cb32a0871b50b6901ce9e27f,True
chp-10:10_CHP-10_intro:l125-139,haskell-1980-rev-ed,chp-10,10_CHP-10_intro,10_CHP-10_intro.md,125,139,7e689041c9b0207a52353811729a8bdc21d1b5c92a79bc80a67fcc0559aa98e8,f912dba9e5c8460538222c57d32c3734d0c23c72cb32a0871b50b6901ce9e27f,True
chp-10:10_CHP-10_intro:l141-149,haskell-1980-rev-ed,chp-10,10_CHP-10_intro,10_CHP-10_intro.md,141,149,813500dc1bffa25162b5ff929a4545f93048788e5a6a3cd4bad430c8428b7450,f912dba9e5c8460538222c57d32c3734d0c23c72cb32a0871b50b6901ce9e27f,True
chp-10:10_CHP-10_intro:l151-165,haskell-1980-rev-ed,chp-10,10_CHP-10_intro,10_CHP-10_intro.md,151,165,fe70838d7bc6f4712b673c0589cccd39b21644c66c43030ce002057fc126a7c6,f912dba9e5c8460538222c57d32c3734d0c23c72cb32a0871b50b6901ce9e27f,True
chp-10:10_CHP-10_intro:l167-176,haskell-1980-rev-ed,chp-10,10_CHP-10_intro,10_CHP-10_intro.md,167,176,04334ccfd7b76b83960b6ab5f8d96f1400b0482c11f2d7719a3c3185ad3eda21,f912dba9e5c8460538222c57d32c3734d0c23c72cb32a0871b50b6901ce9e27f,True
chp-10:10_CHP-10_intro:l178-188,haskell-1980-rev-ed,chp-10,10_CHP-10_intro,10_CHP-10_intro.md,178,188,fe0b7c76df4864bfaaa923d9841aca2064faaee70662231b71abd74444a8f5ee,f912dba9e5c8460538222c57d32c3734d0c23c72cb32a0871b50b6901ce9e27f,True
chp-10:10_CHP-10_intro:l190-204,haskell-1980-rev-ed,chp-10,10_CHP-10_intro,10_CHP-10_intro.md,190,204,4690eee7aca37d3bf859d70d2adcd571b736e7b9b7c1a29611a334a7e23648a9,f912dba9e5c8460538222c57d32c3734d0c23c72cb32a0871b50b6901ce9e27f,True
chp-10:10_CHP-10_intro:l206-216,haskell-1980-rev-ed,chp-10,10_CHP-10_intro,10_CHP-10_intro.md,206,216,cb2f0e7d80f4c70cbb83c83eac8ed51a71f918a608f83a328fb8a8934b8d0d33,f912dba9e5c8460538222c57d32c3734d0c23c72cb32a0871b50b6901ce9e27f,True
chp-10:10_CHP-10_intro:l218-227,haskell-1980-rev-ed,chp-10,10_CHP-10_intro,10_CHP-10_intro.md,218,227,c2ffb92b100d5ef3f58561ec76ceed777de410755c5d840f15eec99c100cbd76,f912dba9e5c8460538222c57d32c3734d0c23c72cb32a0871b50b6901ce9e27f,True
chp-10:10_CHP-10_intro:l229-238,haskell-1980-rev-ed,chp-10,10_CHP-10_intro,10_CHP-10_intro.md,229,238,fc2d2cf00ac9cb0a80e837abec720a8373b7472e5fe45595f85bb1bcdd2b9446,f912dba9e5c8460538222c57d32c3734d0c23c72cb32a0871b50b6901ce9e27f,True
chp-10:10_CHP-10_intro:l240-251,haskell-1980-rev-ed,chp-10,10_CHP-10_intro,10_CHP-10_intro.md,240,251,ef64cbecefee43e1f858aefaa615e3603fdd63d1a733cb1718b0b7de09f78f20,f912dba9e5c8460538222c57d32c3734d0c23c72cb32a0871b50b6901ce9e27f,True
chp-10:10_CHP-10_intro:l253-266,haskell-1980-rev-ed,chp-10,10_CHP-10_intro,10_CHP-10_intro.md,253,266,d51d364d093f8f89a4d92df6693b5bde7a552daf931d9f67b7a376778400315e,f912dba9e5c8460538222c57d32c3734d0c23c72cb32a0871b50b6901ce9e27f,True
chp-10:10_CHP-10_intro:l268-277,haskell-1980-rev-ed,chp-10,10_CHP-10_intro,10_CHP-10_intro.md,268,277,150905f8241e7adef0c58caaf16563464aff6e2aadee80629d184b574bff1aa4,f912dba9e5c8460538222c57d32c3734d0c23c72cb32a0871b50b6901ce9e27f,True
chp-10:10_CHP-10_intro:l279-290,haskell-1980-rev-ed,chp-10,10_CHP-10_intro,10_CHP-10_intro.md,279,290,3dda2f13b5729946b282e62bdc0432548571110089883f75eb5704b33c8f0dd0,f912dba9e5c8460538222c57d32c3734d0c23c72cb32a0871b50b6901ce9e27f,True
chp-10:10_CHP-10_intro:l292-302,haskell-1980-rev-ed,chp-10,10_CHP-10_intro,10_CHP-10_intro.md,292,302,645d30776574018f0232546bba9f6c649b4bb473769d5a44bde73b2d95ab2e42,f912dba9e5c8460538222c57d32c3734d0c23c72cb32a0871b50b6901ce9e27f,True
chp-10:10_CHP-10_intro:l304-316,haskell-1980-rev-ed,chp-10,10_CHP-10_intro,10_CHP-10_intro.md,304,316,3ea63b6be08469c90ed3a0f6245fbe4d9f740b11617b55fe56e211cb9f80d064,f912dba9e5c8460538222c57d32c3734d0c23c72cb32a0871b50b6901ce9e27f,True
chp-10:10_CHP-10_intro:l318-330,haskell-1980-rev-ed,chp-10,10_CHP-10_intro,10_CHP-10_intro.md,318,330,9b78eeb58e0f2a805f17499460a4cf76f21530f849917beb42329bbad5b2205c,f912dba9e5c8460538222c57d32c3734d0c23c72cb32a0871b50b6901ce9e27f,True
chp-10:10_CHP-10_intro:l332-343,haskell-1980-rev-ed,chp-10,10_CHP-10_intro,10_CHP-10_intro.md,332,343,81af3bc3b79a7865e6b8e62785315511c00a9e128d9d8982e28cf3afc3b739ac,f912dba9e5c8460538222c57d32c3734d0c23c72cb32a0871b50b6901ce9e27f,True
chp-10:10_CHP-10_intro:l345-352,haskell-1980-rev-ed,chp-10,10_CHP-10_intro,10_CHP-10_intro.md,345,352,1eb737b59f2af24ef4cca5e7814c6e3ba5d0dd521276689c9f690ae94ff54d3f,f912dba9e5c8460538222c57d32c3734d0c23c72cb32a0871b50b6901ce9e27f,True
chp-10:10_CHP-10_intro:l354-366,haskell-1980-rev-ed,chp-10,10_CHP-10_intro,10_CHP-10_intro.md,354,366,052f44412749144ce984c01086091fe86db19f44be97dda9455894ac4620406b,f912dba9e5c8460538222c57d32c3734d0c23c72cb32a0871b50b6901ce9e27f,True
chp-10:10_CHP-10_intro:l368-380,haskell-1980-rev-ed,chp-10,10_CHP-10_intro,10_CHP-10_intro.md,368,380,a58eea87703095acaf4a07377eb5d7100bd76a790c0f082e230997e995d686a6,f912dba9e5c8460538222c57d32c3734d0c23c72cb32a0871b50b6901ce9e27f,True
chp-10:10_CHP-10_intro:l382-389,haskell-1980-rev-ed,chp-10,10_CHP-10_intro,10_CHP-10_intro.md,382,389,81d50c04e66752729a137c595c19a54e93fa8ac153a2b324f8e1ac515a108784,f912dba9e5c8460538222c57d32c3734d0c23c72cb32a0871b50b6901ce9e27f,True
chp-10:10_CHP-10_intro:l391-400,haskell-1980-rev-ed,chp-10,10_CHP-10_intro,10_CHP-10_intro.md,391,400,568d746907dc3255fd514cb8dc7a85111c7ec06aad071737c515acce7c0b71ce,f912dba9e5c8460538222c57d32c3734d0c23c72cb32a0871b50b6901ce9e27f,True
chp-10:10_CHP-10_intro:l402-409,haskell-1980-rev-ed,chp-10,10_CHP-10_intro,10_CHP-10_intro.md,402,409,495f93b64c40367385d1b1489962a7d4395395a56aca6187c5e132f664343488,f912dba9e5c8460538222c57d32c3734d0c23c72cb32a0871b50b6901ce9e27f,True
chp-10:10_CHP-10_intro:l411-421,haskell-1980-rev-ed,chp-10,10_CHP-10_intro,10_CHP-10_intro.md,411,421,b5de1a06fe3c99db95c9cc9769167c842113032386060f53857acd55ef64b7e5,f912dba9e5c8460538222c57d32c3734d0c23c72cb32a0871b50b6901ce9e27f,True
chp-10:10_CHP-10_intro:l423-433,haskell-1980-rev-ed,chp-10,10_CHP-10_intro,10_CHP-10_intro.md,423,433,80631bd09f439079d273b40a48c4078bad34ee98d2db2c0aaf80784fb5df92fb,f912dba9e5c8460538222c57d32c3734d0c23c72cb32a0871b50b6901ce9e27f,True
chp-10:10_CHP-10_intro:l435-443,haskell-1980-rev-ed,chp-10,10_CHP-10_intro,10_CHP-10_intro.md,435,443,bcb35c916a114107fcee2fc774eb7c946773e3202b6f2265207b1fd083471a8a,f912dba9e5c8460538222c57d32c3734d0c23c72cb32a0871b50b6901ce9e27f,True
chp-10:10_CHP-10_intro:l445-454,haskell-1980-rev-ed,chp-10,10_CHP-10_intro,10_CHP-10_intro.md,445,454,4941112223789a8e74bbf03bc5c027206d44d3f9ad78bbbd28c1f27666185f23,f912dba9e5c8460538222c57d32c3734d0c23c72cb32a0871b50b6901ce9e27f,True
chp-10:10_CHP-10_intro:l456-466,haskell-1980-rev-ed,chp-10,10_CHP-10_intro,10_CHP-10_intro.md,456,466,64cd99d39303a5fd6feebb08c5dd19b6bdbe48df72d80357b3c5995c30494964,f912dba9e5c8460538222c57d32c3734d0c23c72cb32a0871b50b6901ce9e27f,True
chp-10:10_CHP-10_intro:l468-479,haskell-1980-rev-ed,chp-10,10_CHP-10_intro,10_CHP-10_intro.md,468,479,f94d7f83181d838df32049848707d735907115f01dde74e89dac6de11d635dac,f912dba9e5c8460538222c57d32c3734d0c23c72cb32a0871b50b6901ce9e27f,True
chp-10:10_CHP-10_intro:l481-489,haskell-1980-rev-ed,chp-10,10_CHP-10_intro,10_CHP-10_intro.md,481,489,1b5b051796bbac3725681b091cb6e82a00f22381d0f651f934a9ccbd590f66b7,f912dba9e5c8460538222c57d32c3734d0c23c72cb32a0871b50b6901ce9e27f,True
chp-10:10_CHP-10_intro:l491-634,haskell-1980-rev-ed,chp-10,10_CHP-10_intro,10_CHP-10_intro.md,491,634,33d2557d3e681434a9c964316a7a24fe2c00faa934add1381c12fc4d8a7c7f76,f912dba9e5c8460538222c57d32c3734d0c23c72cb32a0871b50b6901ce9e27f,True
chp-10:10_CHP-10_sec_ii:l1-1,haskell-1980-rev-ed,chp-10,10_CHP-10_sec_ii,10_CHP-10_sec_ii.md,1,1,2853d3a7313302a13037a694516cf20c0bffc5dfe4029eb3c4fe8f80254499d0,25542734fde53358cde0a489f1c62ff3f021f32d68be733162b406d4d8a229f9,True
chp-10:10_CHP-10_sec_ii:l3-5,haskell-1980-rev-ed,chp-10,10_CHP-10_sec_ii,10_CHP-10_sec_ii.md,3,5,0ed00d7c5e58ddce2377dcd19f0e1c4b37a175c79004f7a230faa08e40b253a1,25542734fde53358cde0a489f1c62ff3f021f32d68be733162b406d4d8a229f9,True
chp-10:10_CHP-10_sec_ii:l7-15,haskell-1980-rev-ed,chp-10,10_CHP-10_sec_ii,10_CHP-10_sec_ii.md,7,15,d1ecabafafb97a33a1b33afebe2048844aac6d981489d52bc56291d668e4b225,25542734fde53358cde0a489f1c62ff3f021f32d68be733162b406d4d8a229f9,True
chp-10:10_CHP-10_sec_ii:l17-32,haskell-1980-rev-ed,chp-10,10_CHP-10_sec_ii,10_CHP-10_sec_ii.md,17,32,2957e600499466b5cd0525022e699abc6f6b92fcc9e2add47b5b836319d52dd0,25542734fde53358cde0a489f1c62ff3f021f32d68be733162b406d4d8a229f9,True
chp-10:10_CHP-10_sec_ii:l34-53,haskell-1980-rev-ed,chp-10,10_CHP-10_sec_ii,10_CHP-10_sec_ii.md,34,53,6e02d7f8f1f4d7611a368f7140091d4eb9f7acdf3c5b429b5771370b9a573740,25542734fde53358cde0a489f1c62ff3f021f32d68be733162b406d4d8a229f9,True
chp-10:10_CHP-10_sec_ii:l55-56,haskell-1980-rev-ed,chp-10,10_CHP-10_sec_ii,10_CHP-10_sec_ii.md,55,56,8195057081b3e6703042c243e0f5e129f7cfce2bb387cae107c5047667eac34e,25542734fde53358cde0a489f1c62ff3f021f32d68be733162b406d4d8a229f9,True
chp-10:10_CHP-10_sec_ii:l58-60,haskell-1980-rev-ed,chp-10,10_CHP-10_sec_ii,10_CHP-10_sec_ii.md,58,60,93870f7a42f3835d9a9558283c685f216de44ace37caf1ce4dcc492082216852,25542734fde53358cde0a489f1c62ff3f021f32d68be733162b406d4d8a229f9,True
chp-10:10_CHP-10_sec_ii:l62-70,haskell-1980-rev-ed,chp-10,10_CHP-10_sec_ii,10_CHP-10_sec_ii.md,62,70,aa2a526899364c8eb56dd1f6e85986608de9a672532db30872db6062418796b5,25542734fde53358cde0a489f1c62ff3f021f32d68be733162b406d4d8a229f9,True
chp-10:10_CHP-10_sec_ii:l72-81,haskell-1980-rev-ed,chp-10,10_CHP-10_sec_ii,10_CHP-10_sec_ii.md,72,81,33904e26e12604621ed232cec6d304fbd67037bf50e633717a375ba6e1f605e0,25542734fde53358cde0a489f1c62ff3f021f32d68be733162b406d4d8a229f9,True
chp-10:10_CHP-10_sec_ii:l83-93,haskell-1980-rev-ed,chp-10,10_CHP-10_sec_ii,10_CHP-10_sec_ii.md,83,93,aff0d4d1ae3dfe47510086a0cd9524cf53a7a585e0a681200b08d1b2a909b478,25542734fde53358cde0a489f1c62ff3f021f32d68be733162b406d4d8a229f9,True
chp-10:10_CHP-10_sec_ii:l95-106,haskell-1980-rev-ed,chp-10,10_CHP-10_sec_ii,10_CHP-10_sec_ii.md,95,106,a7b8312b42cdedc92fa755183840f9878b7ed889c480b980a755f7aef840c6c0,25542734fde53358cde0a489f1c62ff3f021f32d68be733162b406d4d8a229f9,True
chp-10:10_CHP-10_sec_ii:l108-117,haskell-1980-rev-ed,chp-10,10_CHP-10_sec_ii,10_CHP-10_sec_ii.md,108,117,7ec8534f6a5d8a00a026f86d3825580aed692c791f583e86777c89c11055f685,25542734fde53358cde0a489f1c62ff3f021f32d68be733162b406d4d8a229f9,True
chp-10:10_CHP-10_sec_ii:l119-131,haskell-1980-rev-ed,chp-10,10_CHP-10_sec_ii,10_CHP-10_sec_ii.md,119,131,a8e3ff5fca7f961532bea42166ba052a51643d887ed2b96b0ccfbc720ee160e0,25542734fde53358cde0a489f1c62ff3f021f32d68be733162b406d4d8a229f9,True
chp-10:10_CHP-10_sec_ii:l133-142,haskell-1980-rev-ed,chp-10,10_CHP-10_sec_ii,10_CHP-10_sec_ii.md,133,142,57b6e165a2c8f95415fc2a8380d33ed655868ea9708af26e222398d11764fbb6,25542734fde53358cde0a489f1c62ff3f021f32d68be733162b406d4d8a229f9,True
chp-10:10_CHP-10_sec_ii:l144-149,haskell-1980-rev-ed,chp-10,10_CHP-10_sec_ii,10_CHP-10_sec_ii.md,144,149,9fe4ff0e9fce9c9771d86d7d1263cae9647e95b5b350fe6371641dd3d2e61c7a,25542734fde53358cde0a489f1c62ff3f021f32d68be733162b406d4d8a229f9,True
chp-10:10_CHP-10_sec_ii:l151-163,haskell-1980-rev-ed,chp-10,10_CHP-10_sec_ii,10_CHP-10_sec_ii.md,151,163,ca9b13f097c70411ec22b3ea274eca40603a0eb053de5ef9b7473fdee422a2f0,25542734fde53358cde0a489f1c62ff3f021f32d68be733162b406d4d8a229f9,True
chp-10:10_CHP-10_sec_ii:l165-173,haskell-1980-rev-ed,chp-10,10_CHP-10_sec_ii,10_CHP-10_sec_ii.md,165,173,2c5d35a670267696a93aa11f9c12a5d3baf3edc64196ffc240d530413bddc06c,25542734fde53358cde0a489f1c62ff3f021f32d68be733162b406d4d8a229f9,True
chp-10:10_CHP-10_sec_ii:l175-184,haskell-1980-rev-ed,chp-10,10_CHP-10_sec_ii,10_CHP-10_sec_ii.md,175,184,3b47bcb64e4f5e59b60c3630f772b20315f83009b796cae57f77fca0ad7acf39,25542734fde53358cde0a489f1c62ff3f021f32d68be733162b406d4d8a229f9,True
chp-10:10_CHP-10_sec_ii:l186-192,haskell-1980-rev-ed,chp-10,10_CHP-10_sec_ii,10_CHP-10_sec_ii.md,186,192,caba0a273883e9e3976c43c07c3dabf09911993c64e1461e55158cb98f394373,25542734fde53358cde0a489f1c62ff3f021f32d68be733162b406d4d8a229f9,True
chp-10:10_CHP-10_sec_ii:l194-201,haskell-1980-rev-ed,chp-10,10_CHP-10_sec_ii,10_CHP-10_sec_ii.md,194,201,58fa86f2a310798b12cbde3a41cced09846465c9897299a94684f8544f040fa8,25542734fde53358cde0a489f1c62ff3f021f32d68be733162b406d4d8a229f9,True
chp-10:10_CHP-10_sec_ii:l203-208,haskell-1980-rev-ed,chp-10,10_CHP-10_sec_ii,10_CHP-10_sec_ii.md,203,208,16e22c3f4e71979566b340ab472f5e56f67b2e3a0397bca82fa54ab3def9e5a6,25542734fde53358cde0a489f1c62ff3f021f32d68be733162b406d4d8a229f9,True
chp-10:10_CHP-10_sec_ii:l210-222,haskell-1980-rev-ed,chp-10,10_CHP-10_sec_ii,10_CHP-10_sec_ii.md,210,222,a1fa6e3f087678b633dc4f2a33ff371c3852bd3923ee85b85ee787a4c259484b,25542734fde53358cde0a489f1c62ff3f021f32d68be733162b406d4d8a229f9,True
chp-10:10_CHP-10_sec_ii:l224-239,haskell-1980-rev-ed,chp-10,10_CHP-10_sec_ii,10_CHP-10_sec_ii.md,224,239,0932b9d6e7b24dc84a8fad20a510cdf979f7af80a8055204c687917e86f684e4,25542734fde53358cde0a489f1c62ff3f021f32d68be733162b406d4d8a229f9,True
chp-10:10_CHP-10_sec_ii:l241-246,haskell-1980-rev-ed,chp-10,10_CHP-10_sec_ii,10_CHP-10_sec_ii.md,241,246,151bd8d05048bb8c096b06a1a31bc9a54ddd07f47b8e99fc0c8919b624799ce5,25542734fde53358cde0a489f1c62ff3f021f32d68be733162b406d4d8a229f9,True
chp-10:10_CHP-10_sec_ii:l248-256,haskell-1980-rev-ed,chp-10,10_CHP-10_sec_ii,10_CHP-10_sec_ii.md,248,256,48eaa06ae40f6f2e7fb9e5f16db088ec34a8b2f6972e972d877ec3d475303ac5,25542734fde53358cde0a489f1c62ff3f021f32d68be733162b406d4d8a229f9,True
chp-10:10_CHP-10_sec_ii:l258-267,haskell-1980-rev-ed,chp-10,10_CHP-10_sec_ii,10_CHP-10_sec_ii.md,258,267,e0328eba97f348fd7933a3a0b441d841705e8d14474f2fbc0f7d92f3dc7199c2,25542734fde53358cde0a489f1c62ff3f021f32d68be733162b406d4d8a229f9,True
chp-10:10_CHP-10_sec_ii:l269-271,haskell-1980-rev-ed,chp-10,10_CHP-10_sec_ii,10_CHP-10_sec_ii.md,269,271,4a5e13dba0a9c6f617b62b0a8c3b82d7cd38846fb568e307e86e331adc1f5794,25542734fde53358cde0a489f1c62ff3f021f32d68be733162b406d4d8a229f9,True
chp-10:10_CHP-10_sec_ii:l273-349,haskell-1980-rev-ed,chp-10,10_CHP-10_sec_ii,10_CHP-10_sec_ii.md,273,349,1308aba246107e6a7b237b1eb55c37538d11de95f6bb5aa150dd92ef734d6028,25542734fde53358cde0a489f1c62ff3f021f32d68be733162b406d4d8a229f9,True
chp-11:11_CHP-11_intro:l1-1,haskell-1980-rev-ed,chp-11,11_CHP-11_intro,11_CHP-11_intro.md,1,1,1efe714853fa7672615521d7be59f75db4a35429770ce7d16dbc04070792e4d2,dd47d6bfb1646db69e82042dfec0fb6b3334b1e0b93ce2dbc45655678ef07964,True
chp-11:11_CHP-11_intro:l3-15,haskell-1980-rev-ed,chp-11,11_CHP-11_intro,11_CHP-11_intro.md,3,15,37178dbe171c76a22b96a566f43df7f9f0aabf10925866933d9febe31ed72a3a,dd47d6bfb1646db69e82042dfec0fb6b3334b1e0b93ce2dbc45655678ef07964,True
chp-11:11_CHP-11_intro:l17-29,haskell-1980-rev-ed,chp-11,11_CHP-11_intro,11_CHP-11_intro.md,17,29,a58eea87703095acaf4a07377eb5d7100bd76a790c0f082e230997e995d686a6,dd47d6bfb1646db69e82042dfec0fb6b3334b1e0b93ce2dbc45655678ef07964,True
chp-11:11_CHP-11_intro:l31-38,haskell-1980-rev-ed,chp-11,11_CHP-11_intro,11_CHP-11_intro.md,31,38,81d50c04e66752729a137c595c19a54e93fa8ac153a2b324f8e1ac515a108784,dd47d6bfb1646db69e82042dfec0fb6b3334b1e0b93ce2dbc45655678ef07964,True
chp-11:11_CHP-11_intro:l40-49,haskell-1980-rev-ed,chp-11,11_CHP-11_intro,11_CHP-11_intro.md,40,49,568d746907dc3255fd514cb8dc7a85111c7ec06aad071737c515acce7c0b71ce,dd47d6bfb1646db69e82042dfec0fb6b3334b1e0b93ce2dbc45655678ef07964,True
chp-11:11_CHP-11_intro:l51-58,haskell-1980-rev-ed,chp-11,11_CHP-11_intro,11_CHP-11_intro.md,51,58,495f93b64c40367385d1b1489962a7d4395395a56aca6187c5e132f664343488,dd47d6bfb1646db69e82042dfec0fb6b3334b1e0b93ce2dbc45655678ef07964,True
chp-11:11_CHP-11_intro:l60-70,haskell-1980-rev-ed,chp-11,11_CHP-11_intro,11_CHP-11_intro.md,60,70,b5de1a06fe3c99db95c9cc9769167c842113032386060f53857acd55ef64b7e5,dd47d6bfb1646db69e82042dfec0fb6b3334b1e0b93ce2dbc45655678ef07964,True
chp-11:11_CHP-11_intro:l72-82,haskell-1980-rev-ed,chp-11,11_CHP-11_intro,11_CHP-11_intro.md,72,82,80631bd09f439079d273b40a48c4078bad34ee98d2db2c0aaf80784fb5df92fb,dd47d6bfb1646db69e82042dfec0fb6b3334b1e0b93ce2dbc45655678ef07964,True
chp-11:11_CHP-11_intro:l84-92,haskell-1980-rev-ed,chp-11,11_CHP-11_intro,11_CHP-11_intro.md,84,92,bcb35c916a114107fcee2fc774eb7c946773e3202b6f2265207b1fd083471a8a,dd47d6bfb1646db69e82042dfec0fb6b3334b1e0b93ce2dbc45655678ef07964,True
chp-11:11_CHP-11_intro:l94-103,haskell-1980-rev-ed,chp-11,11_CHP-11_intro,11_CHP-11_intro.md,94,103,4941112223789a8e74bbf03bc5c027206d44d3f9ad78bbbd28c1f27666185f23,dd47d6bfb1646db69e82042dfec0fb6b3334b1e0b93ce2dbc45655678ef07964,True
chp-11:11_CHP-11_intro:l105-115,haskell-1980-rev-ed,chp-11,11_CHP-11_intro,11_CHP-11_intro.md,105,115,64cd99d39303a5fd6feebb08c5dd19b6bdbe48df72d80357b3c5995c30494964,dd47d6bfb1646db69e82042dfec0fb6b3334b1e0b93ce2dbc45655678ef07964,True
chp-11:11_CHP-11_intro:l117-128,haskell-1980-rev-ed,chp-11,11_CHP-11_intro,11_CHP-11_intro.md,117,128,f94d7f83181d838df32049848707d735907115f01dde74e89dac6de11d635dac,dd47d6bfb1646db69e82042dfec0fb6b3334b1e0b93ce2dbc45655678ef07964,True
chp-11:11_CHP-11_intro:l130-138,haskell-1980-rev-ed,chp-11,11_CHP-11_intro,11_CHP-11_intro.md,130,138,1b5b051796bbac3725681b091cb6e82a00f22381d0f651f934a9ccbd590f66b7,dd47d6bfb1646db69e82042dfec0fb6b3334b1e0b93ce2dbc45655678ef07964,True
chp-11:11_CHP-11_intro:l140-197,haskell-1980-rev-ed,chp-11,11_CHP-11_intro,11_CHP-11_intro.md,140,197,e3dd1f64be6753180e6d8bf219ec297534e2a9473d04d4b0c7a30385cd03ac43,dd47d6bfb1646db69e82042dfec0fb6b3334b1e0b93ce2dbc45655678ef07964,True
chp-11:11_CHP-11_sec_ii:l1-1,haskell-1980-rev-ed,chp-11,11_CHP-11_sec_ii,11_CHP-11_sec_ii.md,1,1,22bdd8dc2ef158331a4c580d1a35723fce76d55ab9881db793e41d44a7242bbe,0caf510c7c5817397210f4bbd31e688554e3b53caa64f17ab7e85b3a6223c7e7,True
chp-11:11_CHP-11_sec_ii:l3-5,haskell-1980-rev-ed,chp-11,11_CHP-11_sec_ii,11_CHP-11_sec_ii.md,3,5,0ed00d7c5e58ddce2377dcd19f0e1c4b37a175c79004f7a230faa08e40b253a1,0caf510c7c5817397210f4bbd31e688554e3b53caa64f17ab7e85b3a6223c7e7,True
chp-11:11_CHP-11_sec_ii:l7-15,haskell-1980-rev-ed,chp-11,11_CHP-11_sec_ii,11_CHP-11_sec_ii.md,7,15,d1ecabafafb97a33a1b33afebe2048844aac6d981489d52bc56291d668e4b225,0caf510c7c5817397210f4bbd31e688554e3b53caa64f17ab7e85b3a6223c7e7,True
chp-11:11_CHP-11_sec_ii:l17-32,haskell-1980-rev-ed,chp-11,11_CHP-11_sec_ii,11_CHP-11_sec_ii.md,17,32,2957e600499466b5cd0525022e699abc6f6b92fcc9e2add47b5b836319d52dd0,0caf510c7c5817397210f4bbd31e688554e3b53caa64f17ab7e85b3a6223c7e7,True
chp-11:11_CHP-11_sec_ii:l34-53,haskell-1980-rev-ed,chp-11,11_CHP-11_sec_ii,11_CHP-11_sec_ii.md,34,53,6e02d7f8f1f4d7611a368f7140091d4eb9f7acdf3c5b429b5771370b9a573740,0caf510c7c5817397210f4bbd31e688554e3b53caa64f17ab7e85b3a6223c7e7,True
chp-11:11_CHP-11_sec_ii:l55-56,haskell-1980-rev-ed,chp-11,11_CHP-11_sec_ii,11_CHP-11_sec_ii.md,55,56,8195057081b3e6703042c243e0f5e129f7cfce2bb387cae107c5047667eac34e,0caf510c7c5817397210f4bbd31e688554e3b53caa64f17ab7e85b3a6223c7e7,True
chp-11:11_CHP-11_sec_ii:l58-60,haskell-1980-rev-ed,chp-11,11_CHP-11_sec_ii,11_CHP-11_sec_ii.md,58,60,93870f7a42f3835d9a9558283c685f216de44ace37caf1ce4dcc492082216852,0caf510c7c5817397210f4bbd31e688554e3b53caa64f17ab7e85b3a6223c7e7,True
chp-11:11_CHP-11_sec_ii:l62-70,haskell-1980-rev-ed,chp-11,11_CHP-11_sec_ii,11_CHP-11_sec_ii.md,62,70,aa2a526899364c8eb56dd1f6e85986608de9a672532db30872db6062418796b5,0caf510c7c5817397210f4bbd31e688554e3b53caa64f17ab7e85b3a6223c7e7,True
chp-11:11_CHP-11_sec_ii:l72-81,haskell-1980-rev-ed,chp-11,11_CHP-11_sec_ii,11_CHP-11_sec_ii.md,72,81,33904e26e12604621ed232cec6d304fbd67037bf50e633717a375ba6e1f605e0,0caf510c7c5817397210f4bbd31e688554e3b53caa64f17ab7e85b3a6223c7e7,True
chp-11:11_CHP-11_sec_ii:l83-93,haskell-1980-rev-ed,chp-11,11_CHP-11_sec_ii,11_CHP-11_sec_ii.md,83,93,aff0d4d1ae3dfe47510086a0cd9524cf53a7a585e0a681200b08d1b2a909b478,0caf510c7c5817397210f4bbd31e688554e3b53caa64f17ab7e85b3a6223c7e7,True
chp-11:11_CHP-11_sec_ii:l95-106,haskell-1980-rev-ed,chp-11,11_CHP-11_sec_ii,11_CHP-11_sec_ii.md,95,106,a7b8312b42cdedc92fa755183840f9878b7ed889c480b980a755f7aef840c6c0,0caf510c7c5817397210f4bbd31e688554e3b53caa64f17ab7e85b3a6223c7e7,True
chp-11:11_CHP-11_sec_ii:l108-117,haskell-1980-rev-ed,chp-11,11_CHP-11_sec_ii,11_CHP-11_sec_ii.md,108,117,7ec8534f6a5d8a00a026f86d3825580aed692c791f583e86777c89c11055f685,0caf510c7c5817397210f4bbd31e688554e3b53caa64f17ab7e85b3a6223c7e7,True
chp-11:11_CHP-11_sec_ii:l119-143,haskell-1980-rev-ed,chp-11,11_CHP-11_sec_ii,11_CHP-11_sec_ii.md,119,143,840de5c7556207fff762cfafe665a3624e8ed6c84240b755a1c39d16aecbc93e,0caf510c7c5817397210f4bbd31e688554e3b53caa64f17ab7e85b3a6223c7e7,True
chp-12:12_CHP-12_intro:l1-1,haskell-1980-rev-ed,chp-12,12_CHP-12_intro,12_CHP-12_intro.md,1,1,eca8f3459d7cdd6e5a93e3c60590aa5c08862cbe916554cf024e036754fd71dd,c1639dade3af361ba1a872c425fb309a518a933592bf3144d35b3d7f1271401a,True
chp-12:12_CHP-12_intro:l3-15,haskell-1980-rev-ed,chp-12,12_CHP-12_intro,12_CHP-12_intro.md,3,15,e6c09f895ff3cfc3b49dac5b56f7a80d174b1927ac8115c133871dba6bad2570,c1639dade3af361ba1a872c425fb309a518a933592bf3144d35b3d7f1271401a,True
chp-12:12_CHP-12_intro:l17-26,haskell-1980-rev-ed,chp-12,12_CHP-12_intro,12_CHP-12_intro.md,17,26,57b6e165a2c8f95415fc2a8380d33ed655868ea9708af26e222398d11764fbb6,c1639dade3af361ba1a872c425fb309a518a933592bf3144d35b3d7f1271401a,True
chp-12:12_CHP-12_intro:l28-33,haskell-1980-rev-ed,chp-12,12_CHP-12_intro,12_CHP-12_intro.md,28,33,9fe4ff0e9fce9c9771d86d7d1263cae9647e95b5b350fe6371641dd3d2e61c7a,c1639dade3af361ba1a872c425fb309a518a933592bf3144d35b3d7f1271401a,True
chp-12:12_CHP-12_intro:l35-47,haskell-1980-rev-ed,chp-12,12_CHP-12_intro,12_CHP-12_intro.md,35,47,ca9b13f097c70411ec22b3ea274eca40603a0eb053de5ef9b7473fdee422a2f0,c1639dade3af361ba1a872c425fb309a518a933592bf3144d35b3d7f1271401a,True
chp-12:12_CHP-12_intro:l49-57,haskell-1980-rev-ed,chp-12,12_CHP-12_intro,12_CHP-12_intro.md,49,57,2c5d35a670267696a93aa11f9c12a5d3baf3edc64196ffc240d530413bddc06c,c1639dade3af361ba1a872c425fb309a518a933592bf3144d35b3d7f1271401a,True
chp-12:12_CHP-12_intro:l59-68,haskell-1980-rev-ed,chp-12,12_CHP-12_intro,12_CHP-12_intro.md,59,68,3b47bcb64e4f5e59b60c3630f772b20315f83009b796cae57f77fca0ad7acf39,c1639dade3af361ba1a872c425fb309a518a933592bf3144d35b3d7f1271401a,True
chp-12:12_CHP-12_intro:l70-76,haskell-1980-rev-ed,chp-12,12_CHP-12_intro,12_CHP-12_intro.md,70,76,caba0a273883e9e3976c43c07c3dabf09911993c64e1461e55158cb98f394373,c1639dade3af361ba1a872c425fb309a518a933592bf3144d35b3d7f1271401a,True
chp-12:12_CHP-12_intro:l78-85,haskell-1980-rev-ed,chp-12,12_CHP-12_intro,12_CHP-12_intro.md,78,85,58fa86f2a310798b12cbde3a41cced09846465c9897299a94684f8544f040fa8,c1639dade3af361ba1a872c425fb309a518a933592bf3144d35b3d7f1271401a,True
chp-12:12_CHP-12_intro:l87-92,haskell-1980-rev-ed,chp-12,12_CHP-12_intro,12_CHP-12_intro.md,87,92,16e22c3f4e71979566b340ab472f5e56f67b2e3a0397bca82fa54ab3def9e5a6,c1639dade3af361ba1a872c425fb309a518a933592bf3144d35b3d7f1271401a,True
chp-12:12_CHP-12_intro:l94-106,haskell-1980-rev-ed,chp-12,12_CHP-12_intro,12_CHP-12_intro.md,94,106,a1fa6e3f087678b633dc4f2a33ff371c3852bd3923ee85b85ee787a4c259484b,c1639dade3af361ba1a872c425fb309a518a933592bf3144d35b3d7f1271401a,True
chp-12:12_CHP-12_intro:l108-123,haskell-1980-rev-ed,chp-12,12_CHP-12_intro,12_CHP-12_intro.md,108,123,0932b9d6e7b24dc84a8fad20a510cdf979f7af80a8055204c687917e86f684e4,c1639dade3af361ba1a872c425fb309a518a933592bf3144d35b3d7f1271401a,True
chp-12:12_CHP-12_intro:l125-130,haskell-1980-rev-ed,chp-12,12_CHP-12_intro,12_CHP-12_intro.md,125,130,151bd8d05048bb8c096b06a1a31bc9a54ddd07f47b8e99fc0c8919b624799ce5,c1639dade3af361ba1a872c425fb309a518a933592bf3144d35b3d7f1271401a,True
chp-12:12_CHP-12_intro:l132-140,haskell-1980-rev-ed,chp-12,12_CHP-12_intro,12_CHP-12_intro.md,132,140,48eaa06ae40f6f2e7fb9e5f16db088ec34a8b2f6972e972d877ec3d475303ac5,c1639dade3af361ba1a872c425fb309a518a933592bf3144d35b3d7f1271401a,True
chp-12:12_CHP-12_intro:l142-151,haskell-1980-rev-ed,chp-12,12_CHP-12_intro,12_CHP-12_intro.md,142,151,e0328eba97f348fd7933a3a0b441d841705e8d14474f2fbc0f7d92f3dc7199c2,c1639dade3af361ba1a872c425fb309a518a933592bf3144d35b3d7f1271401a,True
chp-12:12_CHP-12_intro:l153-155,haskell-1980-rev-ed,chp-12,12_CHP-12_intro,12_CHP-12_intro.md,153,155,4a5e13dba0a9c6f617b62b0a8c3b82d7cd38846fb568e307e86e331adc1f5794,c1639dade3af361ba1a872c425fb309a518a933592bf3144d35b3d7f1271401a,True
chp-12:12_CHP-12_intro:l157-209,haskell-1980-rev-ed,chp-12,12_CHP-12_intro,12_CHP-12_intro.md,157,209,587427a869d764ecf97edae4e27b48546361736da0193452f111ef979cacbc2b,c1639dade3af361ba1a872c425fb309a518a933592bf3144d35b3d7f1271401a,True
chp-13:13_CHP-13_intro:l1-1,haskell-1980-rev-ed,chp-13,13_CHP-13_intro,13_CHP-13_intro.md,1,1,495d0ff0ab5a47f969aff0cb748ba92c63ce89f833e1de6026d47f3982278de3,c0b93d35aab60ec8261eb14db1e2f1b4d9ec7cae9709e19f236ccddbd12996a8,True
chp-13:13_CHP-13_intro:l3-12,haskell-1980-rev-ed,chp-13,13_CHP-13_intro,13_CHP-13_intro.md,3,12,4cb7f9b50a34c56c7bb54ca05225995edd17514904ca972c835fdb4749130add,c0b93d35aab60ec8261eb14db1e2f1b4d9ec7cae9709e19f236ccddbd12996a8,True
chp-13:13_CHP-13_intro:l14-19,haskell-1980-rev-ed,chp-13,13_CHP-13_intro,13_CHP-13_intro.md,14,19,14b387b94bdd8ff02e1b97b42c2ab554839d8a2d55645f6a7d5d00b82a554bf6,c0b93d35aab60ec8261eb14db1e2f1b4d9ec7cae9709e19f236ccddbd12996a8,True
chp-13:13_CHP-13_intro:l21-30,haskell-1980-rev-ed,chp-13,13_CHP-13_intro,13_CHP-13_intro.md,21,30,71051b50a7ec099c88196112b4d831e5d947992428833bc30c66e28907641d9d,c0b93d35aab60ec8261eb14db1e2f1b4d9ec7cae9709e19f236ccddbd12996a8,True
chp-13:13_CHP-13_intro:l32-39,haskell-1980-rev-ed,chp-13,13_CHP-13_intro,13_CHP-13_intro.md,32,39,87b76d69cdd5618e7276f859c5ad8cf89a9ffb947d6e78c6032782e93414fe14,c0b93d35aab60ec8261eb14db1e2f1b4d9ec7cae9709e19f236ccddbd12996a8,True
chp-13:13_CHP-13_intro:l41-50,haskell-1980-rev-ed,chp-13,13_CHP-13_intro,13_CHP-13_intro.md,41,50,575ec0ac309dcec132ec190a56e047e1d634a0407f4a40453f06764329833fde,c0b93d35aab60ec8261eb14db1e2f1b4d9ec7cae9709e19f236ccddbd12996a8,True
chp-13:13_CHP-13_intro:l52-59,haskell-1980-rev-ed,chp-13,13_CHP-13_intro,13_CHP-13_intro.md,52,59,7ef0d455d825a64771a87aa0ebbd3e7b14cd82f3b0e88c56f8c7919de474e986,c0b93d35aab60ec8261eb14db1e2f1b4d9ec7cae9709e19f236ccddbd12996a8,True
chp-13:13_CHP-13_intro:l61-68,haskell-1980-rev-ed,chp-13,13_CHP-13_intro,13_CHP-13_intro.md,61,68,620218f342bfa723e9e5b399102e36d0579adbbe358d6df0df7048a2f1669f83,c0b93d35aab60ec8261eb14db1e2f1b4d9ec7cae9709e19f236ccddbd12996a8,True
chp-13:13_CHP-13_intro:l70-77,haskell-1980-rev-ed,chp-13,13_CHP-13_intro,13_CHP-13_intro.md,70,77,43172602cf35b362d91811b6735bfb843abe37e012116206f32184edd14580bb,c0b93d35aab60ec8261eb14db1e2f1b4d9ec7cae9709e19f236ccddbd12996a8,True
chp-13:13_CHP-13_intro:l79-88,haskell-1980-rev-ed,chp-13,13_CHP-13_intro,13_CHP-13_intro.md,79,88,661b04d02c9cbf2feda5e28e972bcb16c5375d173d775de71709151c87e2d073,c0b93d35aab60ec8261eb14db1e2f1b4d9ec7cae9709e19f236ccddbd12996a8,True
chp-13:13_CHP-13_intro:l90-96,haskell-1980-rev-ed,chp-13,13_CHP-13_intro,13_CHP-13_intro.md,90,96,2aedb9d5ab3791a325d38e6b2a6b963d39fe6faab03ddf8930abde4740e74a95,c0b93d35aab60ec8261eb14db1e2f1b4d9ec7cae9709e19f236ccddbd12996a8,True
chp-13:13_CHP-13_intro:l98-105,haskell-1980-rev-ed,chp-13,13_CHP-13_intro,13_CHP-13_intro.md,98,105,784beac28408e154b50a6afebd080e5c3de774cd0bd6bc8093bfbee712c4c0a0,c0b93d35aab60ec8261eb14db1e2f1b4d9ec7cae9709e19f236ccddbd12996a8,True
chp-13:13_CHP-13_intro:l107-114,haskell-1980-rev-ed,chp-13,13_CHP-13_intro,13_CHP-13_intro.md,107,114,743ef09cf9ff747cb574bdd900aabff98a8567d461a268ca362c5aa3dfd5ef71,c0b93d35aab60ec8261eb14db1e2f1b4d9ec7cae9709e19f236ccddbd12996a8,True
chp-13:13_CHP-13_intro:l116-122,haskell-1980-rev-ed,chp-13,13_CHP-13_intro,13_CHP-13_intro.md,116,122,2eee99ac3f4b0588c8491bc9a2987eb8817d8e07774747df9d898967e4fcc16b,c0b93d35aab60ec8261eb14db1e2f1b4d9ec7cae9709e19f236ccddbd12996a8,True
chp-13:13_CHP-13_intro:l124-139,haskell-1980-rev-ed,chp-13,13_CHP-13_intro,13_CHP-13_intro.md,124,139,e4d6fc61fc705a289b439ccfe51f5686f00912bbb41570cec66e44a2c9bcab7b,c0b93d35aab60ec8261eb14db1e2f1b4d9ec7cae9709e19f236ccddbd12996a8,True
chp-13:13_CHP-13_intro:l141-143,haskell-1980-rev-ed,chp-13,13_CHP-13_intro,13_CHP-13_intro.md,141,143,b7281f42c27a96e66a420133ea502156764db532d08dcf1ed610228f1084686b,c0b93d35aab60ec8261eb14db1e2f1b4d9ec7cae9709e19f236ccddbd12996a8,True
chp-13:13_CHP-13_intro:l145-156,haskell-1980-rev-ed,chp-13,13_CHP-13_intro,13_CHP-13_intro.md,145,156,6b1dc758a0d555325b86258b60d3b8c0002d4fba63d6dc293020206721df9d46,c0b93d35aab60ec8261eb14db1e2f1b4d9ec7cae9709e19f236ccddbd12996a8,True
chp-13:13_CHP-13_intro:l158-159,haskell-1980-rev-ed,chp-13,13_CHP-13_intro,13_CHP-13_intro.md,158,159,39d021a2d688681a4905687e4a9830e82723f356803e57e6529da4cfc639959d,c0b93d35aab60ec8261eb14db1e2f1b4d9ec7cae9709e19f236ccddbd12996a8,True
chp-13:13_CHP-13_intro:l161-171,haskell-1980-rev-ed,chp-13,13_CHP-13_intro,13_CHP-13_intro.md,161,171,3b428ba03ee1060eafa7b250f5ad4831613f35cc4ab909b49703bf20a35bd37c,c0b93d35aab60ec8261eb14db1e2f1b4d9ec7cae9709e19f236ccddbd12996a8,True
chp-13:13_CHP-13_intro:l173-177,haskell-1980-rev-ed,chp-13,13_CHP-13_intro,13_CHP-13_intro.md,173,177,1707ce58364293f8f81819502d125502c9cc25d285580b0ecb3377ab547939d1,c0b93d35aab60ec8261eb14db1e2f1b4d9ec7cae9709e19f236ccddbd12996a8,True
chp-13:13_CHP-13_intro:l179-251,haskell-1980-rev-ed,chp-13,13_CHP-13_intro,13_CHP-13_intro.md,179,251,f592d5913122cf2c4c2e7db9a39b8016c82dbc232a869018793ef11096faacb9,c0b93d35aab60ec8261eb14db1e2f1b4d9ec7cae9709e19f236ccddbd12996a8,True
chp-14:14_CHP-14_intro:l1-1,haskell-1980-rev-ed,chp-14,14_CHP-14_intro,14_CHP-14_intro.md,1,1,456385da23ab01943093bf18b8efdbedce8afa9cd03f4347f3bc751e41a8715b,d472c0aed1891f38546c3f73557c46583dcc7f744b0dbb764fc7a94cff71cdf7,True
chp-14:14_CHP-14_intro:l3-12,haskell-1980-rev-ed,chp-14,14_CHP-14_intro,14_CHP-14_intro.md,3,12,e40875f46c7c918079fc127c7bc9aa957e4a8d285b0dc03cb55f0435b240cf18,d472c0aed1891f38546c3f73557c46583dcc7f744b0dbb764fc7a94cff71cdf7,True
chp-14:14_CHP-14_intro:l14-21,haskell-1980-rev-ed,chp-14,14_CHP-14_intro,14_CHP-14_intro.md,14,21,ce0e6ab4903b86faca13d4dd31b3dfae459708033fcdaecf82415289de582baf,d472c0aed1891f38546c3f73557c46583dcc7f744b0dbb764fc7a94cff71cdf7,True
chp-14:14_CHP-14_intro:l23-33,haskell-1980-rev-ed,chp-14,14_CHP-14_intro,14_CHP-14_intro.md,23,33,1745cb7234b595f967f5d20f960d680c3f2635e0e1aafbeaecd6eff54fe6663b,d472c0aed1891f38546c3f73557c46583dcc7f744b0dbb764fc7a94cff71cdf7,True
chp-14:14_CHP-14_intro:l35-44,haskell-1980-rev-ed,chp-14,14_CHP-14_intro,14_CHP-14_intro.md,35,44,0635d34a1ddf42d11780ea7d9b7dfc5fb3517d98014efd29485a68a47acf0cd5,d472c0aed1891f38546c3f73557c46583dcc7f744b0dbb764fc7a94cff71cdf7,True
chp-14:14_CHP-14_intro:l46-53,haskell-1980-rev-ed,chp-14,14_CHP-14_intro,14_CHP-14_intro.md,46,53,1ed2f5fd1a7de7206685730b3add411ca4b7ffc06f451ce9862d99544a843d28,d472c0aed1891f38546c3f73557c46583dcc7f744b0dbb764fc7a94cff71cdf7,True
chp-14:14_CHP-14_intro:l55-61,haskell-1980-rev-ed,chp-14,14_CHP-14_intro,14_CHP-14_intro.md,55,61,97208cf29827e47d2bdf26f657daa9b472d541df73631b40d353eee734fa41c1,d472c0aed1891f38546c3f73557c46583dcc7f744b0dbb764fc7a94cff71cdf7,True
chp-14:14_CHP-14_intro:l63-71,haskell-1980-rev-ed,chp-14,14_CHP-14_intro,14_CHP-14_intro.md,63,71,def09441a0768efe65289db46f287add59632f45c8d99f53b3973b75696dc44d,d472c0aed1891f38546c3f73557c46583dcc7f744b0dbb764fc7a94cff71cdf7,True
chp-14:14_CHP-14_intro:l73-83,haskell-1980-rev-ed,chp-14,14_CHP-14_intro,14_CHP-14_intro.md,73,83,8469618d85c77530bd4f895e5c2ebd0c9cc37abae264a84fe12e7b941fcf7e8a,d472c0aed1891f38546c3f73557c46583dcc7f744b0dbb764fc7a94cff71cdf7,True
chp-14:14_CHP-14_intro:l85-95,haskell-1980-rev-ed,chp-14,14_CHP-14_intro,14_CHP-14_intro.md,85,95,3b42bfa68085297951836e95914a95d9b4284382be03d5d890f4a469c2512055,d472c0aed1891f38546c3f73557c46583dcc7f744b0dbb764fc7a94cff71cdf7,True
chp-14:14_CHP-14_intro:l97-105,haskell-1980-rev-ed,chp-14,14_CHP-14_intro,14_CHP-14_intro.md,97,105,f25747acdfdcd2cd3d2ed19c6d1fcf5d04f351da9355ec83abffe2ac895e9e16,d472c0aed1891f38546c3f73557c46583dcc7f744b0dbb764fc7a94cff71cdf7,True
chp-14:14_CHP-14_intro:l107-116,haskell-1980-rev-ed,chp-14,14_CHP-14_intro,14_CHP-14_intro.md,107,116,ef88d3a4c2f43a8dcaf8539ee6290e811075f476b92c817fc6fb44751168102f,d472c0aed1891f38546c3f73557c46583dcc7f744b0dbb764fc7a94cff71cdf7,True
chp-14:14_CHP-14_intro:l118-124,haskell-1980-rev-ed,chp-14,14_CHP-14_intro,14_CHP-14_intro.md,118,124,f558189876933aec3207d157c2c968d13394b21214ad51e49f29de7720a0f8d9,d472c0aed1891f38546c3f73557c46583dcc7f744b0dbb764fc7a94cff71cdf7,True
chp-14:14_CHP-14_intro:l126-137,haskell-1980-rev-ed,chp-14,14_CHP-14_intro,14_CHP-14_intro.md,126,137,e5ab78ca94036c68456dcb00377fb35697b91f10a1ce28ed26a56b3ed2cdb9ed,d472c0aed1891f38546c3f73557c46583dcc7f744b0dbb764fc7a94cff71cdf7,True
chp-14:14_CHP-14_intro:l139-146,haskell-1980-rev-ed,chp-14,14_CHP-14_intro,14_CHP-14_intro.md,139,146,be6ed599e07a8e35e886bb58d890d30cec7fc3bf39254a493575f70f108e2d07,d472c0aed1891f38546c3f73557c46583dcc7f744b0dbb764fc7a94cff71cdf7,True
chp-14:14_CHP-14_intro:l148-149,haskell-1980-rev-ed,chp-14,14_CHP-14_intro,14_CHP-14_intro.md,148,149,861ec14c5018f5e8e77a0ebeb9b043ecce96247b0ea8fd606f85e664d7537651,d472c0aed1891f38546c3f73557c46583dcc7f744b0dbb764fc7a94cff71cdf7,True
chp-14:14_CHP-14_intro:l151-153,haskell-1980-rev-ed,chp-14,14_CHP-14_intro,14_CHP-14_intro.md,151,153,793f0b7f1e047b1b62a4122def8a3b7a136b32a6e2af751fa8056c2f42c036a4,d472c0aed1891f38546c3f73557c46583dcc7f744b0dbb764fc7a94cff71cdf7,True
chp-14:14_CHP-14_intro:l155-166,haskell-1980-rev-ed,chp-14,14_CHP-14_intro,14_CHP-14_intro.md,155,166,71c8f4c03f73268682cc47e9ef8ddee07df1fa641000cd1f20954c0de718c27f,d472c0aed1891f38546c3f73557c46583dcc7f744b0dbb764fc7a94cff71cdf7,True
chp-14:14_CHP-14_intro:l168-220,haskell-1980-rev-ed,chp-14,14_CHP-14_intro,14_CHP-14_intro.md,168,220,72edc0571341795562aee96338a6bf5de6261bf0ee2f9948cd29ce23318edaa4,d472c0aed1891f38546c3f73557c46583dcc7f744b0dbb764fc7a94cff71cdf7,True
chp-15:15_CHP-15_intro:l1-1,haskell-1980-rev-ed,chp-15,15_CHP-15_intro,15_CHP-15_intro.md,1,1,bc2e26aead133d6d449eaf09109e4cf515bd3034dbee8b4020ba81718284347e,015d35e467ad4cca8a4029d62aeb9469e49b4619e8c0c6916f46b0e0e019830b,True
chp-15:15_CHP-15_intro:l3-5,haskell-1980-rev-ed,chp-15,15_CHP-15_intro,15_CHP-15_intro.md,3,5,38e3d472ac30d7df22bd335fb5336c5d9c6dd790f0d0d7499af0ec2649a4e561,015d35e467ad4cca8a4029d62aeb9469e49b4619e8c0c6916f46b0e0e019830b,True
chp-15:15_CHP-15_intro:l7-9,haskell-1980-rev-ed,chp-15,15_CHP-15_intro,15_CHP-15_intro.md,7,9,e4c37a3a83f6cc0a733cd6ddec6595113b96d78ec2c729667845fc064b5d0478,015d35e467ad4cca8a4029d62aeb9469e49b4619e8c0c6916f46b0e0e019830b,True
chp-15:15_CHP-15_sec_i:l1-1,haskell-1980-rev-ed,chp-15,15_CHP-15_sec_i,15_CHP-15_sec_i.md,1,1,3d3afd2fef81f7a51170d23902de757b9f54f732ce889acc4e5125c66da2a801,798e2903ab45c8a90ac5be9746c43964007426d3b2e2723baa20332665d11624,True
chp-15:15_CHP-15_sec_i:l3-14,haskell-1980-rev-ed,chp-15,15_CHP-15_sec_i,15_CHP-15_sec_i.md,3,14,91e85c703307993e203cb7fda423cc27fc2acf91a902ec81bb365f41f41f44f2,798e2903ab45c8a90ac5be9746c43964007426d3b2e2723baa20332665d11624,True
chp-15:15_CHP-15_sec_i:l16-25,haskell-1980-rev-ed,chp-15,15_CHP-15_sec_i,15_CHP-15_sec_i.md,16,25,4c5e46b37da2f18943e4dd676158882aeff6579e96bbc7b0aabf933d1c5be079,798e2903ab45c8a90ac5be9746c43964007426d3b2e2723baa20332665d11624,True
chp-15:15_CHP-15_sec_i:l27-36,haskell-1980-rev-ed,chp-15,15_CHP-15_sec_i,15_CHP-15_sec_i.md,27,36,71e4bbafdb118c58add17b0f68b00575cf85e0efce419d2d81bb56807fea5609,798e2903ab45c8a90ac5be9746c43964007426d3b2e2723baa20332665d11624,True
chp-15:15_CHP-15_sec_i:l38-41,haskell-1980-rev-ed,chp-15,15_CHP-15_sec_i,15_CHP-15_sec_i.md,38,41,dbe5bb511b921cb9d05498aa53bbe0bf0710279331791671727a9ba64ad1d340,798e2903ab45c8a90ac5be9746c43964007426d3b2e2723baa20332665d11624,True
chp-15:15_CHP-15_sec_i:l43-56,haskell-1980-rev-ed,chp-15,15_CHP-15_sec_i,15_CHP-15_sec_i.md,43,56,c9ea2b226767f9aa2c59e2726b11e932a1f796f5dc10c05aa789a27f9f64da39,798e2903ab45c8a90ac5be9746c43964007426d3b2e2723baa20332665d11624,True
chp-15:15_CHP-15_sec_ii:l1-1,haskell-1980-rev-ed,chp-15,15_CHP-15_sec_ii,15_CHP-15_sec_ii.md,1,1,f439712da4658d870aa440bb8b2ea97f0354adaa74266488cdabb78b3683a5dc,eea847f75c7876dc5b8ea38ef4b64ad30cdd6c629df6a064125ac5f63917d31f,True
chp-15:15_CHP-15_sec_ii:l3-4,haskell-1980-rev-ed,chp-15,15_CHP-15_sec_ii,15_CHP-15_sec_ii.md,3,4,a7cb90192021679f828a26930b2e671ffb99a940f46c50f51dd990ece317c8dc,eea847f75c7876dc5b8ea38ef4b64ad30cdd6c629df6a064125ac5f63917d31f,True
chp-15:15_CHP-15_sec_ii:l6-12,haskell-1980-rev-ed,chp-15,15_CHP-15_sec_ii,15_CHP-15_sec_ii.md,6,12,2f7f1685ce12834a9f4792dde4a7cebf9efad85c3fe295a9293197b3af091f61,eea847f75c7876dc5b8ea38ef4b64ad30cdd6c629df6a064125ac5f63917d31f,True
chp-15:15_CHP-15_sec_ii:l14-28,haskell-1980-rev-ed,chp-15,15_CHP-15_sec_ii,15_CHP-15_sec_ii.md,14,28,985f94d175b6bbc49897cef5ae4273de45c5f96eb4b5df1b91dbf628bfdeafe9,eea847f75c7876dc5b8ea38ef4b64ad30cdd6c629df6a064125ac5f63917d31f,True
chp-15:15_CHP-15_sec_ii:l30-36,haskell-1980-rev-ed,chp-15,15_CHP-15_sec_ii,15_CHP-15_sec_ii.md,30,36,e430015f75b8e4f5d3340cc60c520c4d180ff797ab28342435c399bac2cad58f,eea847f75c7876dc5b8ea38ef4b64ad30cdd6c629df6a064125ac5f63917d31f,True
chp-15:15_CHP-15_sec_ii:l38-47,haskell-1980-rev-ed,chp-15,15_CHP-15_sec_ii,15_CHP-15_sec_ii.md,38,47,4e66bef3c42cee4b41949e1cea6876b47f220cd96f3fbe639d1ee72dd9bb05c3,eea847f75c7876dc5b8ea38ef4b64ad30cdd6c629df6a064125ac5f63917d31f,True
chp-15:15_CHP-15_sec_ii:l49-59,haskell-1980-rev-ed,chp-15,15_CHP-15_sec_ii,15_CHP-15_sec_ii.md,49,59,e09a78f498f3339599bb72adfeecb42b566f559f8c25efd3c950ebf011dd61e6,eea847f75c7876dc5b8ea38ef4b64ad30cdd6c629df6a064125ac5f63917d31f,True
chp-15:15_CHP-15_sec_ii:l61-67,haskell-1980-rev-ed,chp-15,15_CHP-15_sec_ii,15_CHP-15_sec_ii.md,61,67,7041dc582fd6d6258efd7ff234182c7be4cd65d0bd6e247c762cbff5a2d76056,eea847f75c7876dc5b8ea38ef4b64ad30cdd6c629df6a064125ac5f63917d31f,True
chp-15:15_CHP-15_sec_ii:l69-83,haskell-1980-rev-ed,chp-15,15_CHP-15_sec_ii,15_CHP-15_sec_ii.md,69,83,043f502361a4c4548ed24844888da3b476d8684cd67aef2ed2fec21b2c497f64,eea847f75c7876dc5b8ea38ef4b64ad30cdd6c629df6a064125ac5f63917d31f,True
chp-15:15_CHP-15_sec_ii:l85-88,haskell-1980-rev-ed,chp-15,15_CHP-15_sec_ii,15_CHP-15_sec_ii.md,85,88,b88c2d77db7879dc62ec54d95aa3d2ddef3098ec6dad1a651909a281cb391984,eea847f75c7876dc5b8ea38ef4b64ad30cdd6c629df6a064125ac5f63917d31f,True
chp-15:15_CHP-15_sec_ii:l90-113,haskell-1980-rev-ed,chp-15,15_CHP-15_sec_ii,15_CHP-15_sec_ii.md,90,113,1360bd9f86541bded1c3b103c54ee6fee714d10004889ec0179b8d3da4a4b23b,eea847f75c7876dc5b8ea38ef4b64ad30cdd6c629df6a064125ac5f63917d31f,True
chp-16:16_CHP-16_intro:l1-1,haskell-1980-rev-ed,chp-16,16_CHP-16_intro,16_CHP-16_intro.md,1,1,9883ce677b52c03b01f50ec1d055b3c6cf7800311803e985d4ae557e2acc03a4,ee8516e7868b0036a753da731e10a7e201faafa45314615b45ae024c6c7507ff,True
chp-16:16_CHP-16_intro:l3-14,haskell-1980-rev-ed,chp-16,16_CHP-16_intro,16_CHP-16_intro.md,3,14,4541dabbf04980162d2bc08f675751988791096c3a86c15ca27c393183f89099,ee8516e7868b0036a753da731e10a7e201faafa45314615b45ae024c6c7507ff,True
chp-16:16_CHP-16_intro:l16-22,haskell-1980-rev-ed,chp-16,16_CHP-16_intro,16_CHP-16_intro.md,16,22,87d6a971885fc5f2fda989b529c765ba2d1acd1ca9435f3705c3ba41c4e7dbc6,ee8516e7868b0036a753da731e10a7e201faafa45314615b45ae024c6c7507ff,True
chp-16:16_CHP-16_intro:l24-36,haskell-1980-rev-ed,chp-16,16_CHP-16_intro,16_CHP-16_intro.md,24,36,8f91497e15e495d2f9ed395c3ecd4b66ff04bdd965293a6e543921f74ecbfdec,ee8516e7868b0036a753da731e10a7e201faafa45314615b45ae024c6c7507ff,True
chp-16:16_CHP-16_intro:l38-46,haskell-1980-rev-ed,chp-16,16_CHP-16_intro,16_CHP-16_intro.md,38,46,4e792398d6861ac903aa6d71876765346f3b28f74d117e1b80cf5974b8ef9797,ee8516e7868b0036a753da731e10a7e201faafa45314615b45ae024c6c7507ff,True
chp-16:16_CHP-16_intro:l48-64,haskell-1980-rev-ed,chp-16,16_CHP-16_intro,16_CHP-16_intro.md,48,64,ca1b6e336639596df69fb2c839e3124326d283b5eaaefa33bfcf014261c7ee4c,ee8516e7868b0036a753da731e10a7e201faafa45314615b45ae024c6c7507ff,True
chp-16:16_CHP-16_intro:l66-67,haskell-1980-rev-ed,chp-16,16_CHP-16_intro,16_CHP-16_intro.md,66,67,90cdedaa363a444cb22948be76e962cc59796c7e9fde0e8b85606146145835cb,ee8516e7868b0036a753da731e10a7e201faafa45314615b45ae024c6c7507ff,True
chp-16:16_CHP-16_intro:l69-89,haskell-1980-rev-ed,chp-16,16_CHP-16_intro,16_CHP-16_intro.md,69,89,3f2a01cb6c359faaa9158cbbca552a89228fac73308541ef3d18e3fb2304c283,ee8516e7868b0036a753da731e10a7e201faafa45314615b45ae024c6c7507ff,True
chp-17:17_CHP-17_intro:l1-1,haskell-1980-rev-ed,chp-17,17_CHP-17_intro,17_CHP-17_intro.md,1,1,aa56feeb5e6abf94cb55c2047f4f861719d12e8d9b9b2ee0d34f385e3bd1cd7b,5252c5d3f0a9b52661b0e95d7a12c6f51aef46a6e7faa391794b356da7043e66,True
chp-17:17_CHP-17_intro:l3-5,haskell-1980-rev-ed,chp-17,17_CHP-17_intro,17_CHP-17_intro.md,3,5,129eb71502dda54ef9fc4bda3cd6288b0766aed4e644aa3619cabf8be4e06a83,5252c5d3f0a9b52661b0e95d7a12c6f51aef46a6e7faa391794b356da7043e66,True
chp-17:17_CHP-17_intro:l7-13,haskell-1980-rev-ed,chp-17,17_CHP-17_intro,17_CHP-17_intro.md,7,13,98be4855ecf5ebcd66425ebb154c0d7288917ce3b6d84856e41e15045e7d3405,5252c5d3f0a9b52661b0e95d7a12c6f51aef46a6e7faa391794b356da7043e66,True
chp-17:17_CHP-17_sec_i:l1-1,haskell-1980-rev-ed,chp-17,17_CHP-17_sec_i,17_CHP-17_sec_i.md,1,1,7c4c01483cd167c672edf86c4952aaa2d3f320ec93a54004ab17db8794b2e2e2,cbcb4e8f0eb163564f0b0c8e060c79f1a48981db45072a772c3ea16642ad3ca4,True
chp-17:17_CHP-17_sec_i:l3-6,haskell-1980-rev-ed,chp-17,17_CHP-17_sec_i,17_CHP-17_sec_i.md,3,6,b5b2aba63a1ef5d99362371c82568c057e985b8f9ff46687903268faa600568d,cbcb4e8f0eb163564f0b0c8e060c79f1a48981db45072a772c3ea16642ad3ca4,True
chp-17:17_CHP-17_sec_i:l8-20,haskell-1980-rev-ed,chp-17,17_CHP-17_sec_i,17_CHP-17_sec_i.md,8,20,4f3a9cd680dade7a13248a16b40639912ff4102640ab23f823e1bf72f20c2f83,cbcb4e8f0eb163564f0b0c8e060c79f1a48981db45072a772c3ea16642ad3ca4,True
chp-17:17_CHP-17_sec_i:l22-24,haskell-1980-rev-ed,chp-17,17_CHP-17_sec_i,17_CHP-17_sec_i.md,22,24,21470b07698f182320d2aa80a55540ce1e98365a1233f6c21397181b75d3dbc6,cbcb4e8f0eb163564f0b0c8e060c79f1a48981db45072a772c3ea16642ad3ca4,True
chp-17:17_CHP-17_sec_i:l26-35,haskell-1980-rev-ed,chp-17,17_CHP-17_sec_i,17_CHP-17_sec_i.md,26,35,b7ee0285d3a437cbf212342c2367ffaef8a3419d6472837e7c35c8e5fe393784,cbcb4e8f0eb163564f0b0c8e060c79f1a48981db45072a772c3ea16642ad3ca4,True
chp-17:17_CHP-17_sec_ii:l1-1,haskell-1980-rev-ed,chp-17,17_CHP-17_sec_ii,17_CHP-17_sec_ii.md,1,1,1666b071d2c908cb357f10309681bb52671ec4b2f1a1dcdc1282fecc724bd983,d23af9f50ab9ac84fb250f5c7c5c260908096616ca83773a647977b8e07f4ff3,True
chp-17:17_CHP-17_sec_ii:l3-5,haskell-1980-rev-ed,chp-17,17_CHP-17_sec_ii,17_CHP-17_sec_ii.md,3,5,fa1e88d174c0ace042923dce42542bd14f6fe6b69bc493c93919536ae43f8229,d23af9f50ab9ac84fb250f5c7c5c260908096616ca83773a647977b8e07f4ff3,True
chp-17:17_CHP-17_sec_ii:l7-17,haskell-1980-rev-ed,chp-17,17_CHP-17_sec_ii,17_CHP-17_sec_ii.md,7,17,f1b591c03376bdcb6f4d66321dac8a976bad66006b8d284ba5224ce84ef250a6,d23af9f50ab9ac84fb250f5c7c5c260908096616ca83773a647977b8e07f4ff3,True
chp-17:17_CHP-17_sec_ii:l19-22,haskell-1980-rev-ed,chp-17,17_CHP-17_sec_ii,17_CHP-17_sec_ii.md,19,22,4ef9f0d9870a51255d3704380b45e3c0bf47992d7f81510a14cc29d6de59130d,d23af9f50ab9ac84fb250f5c7c5c260908096616ca83773a647977b8e07f4ff3,True
chp-17:17_CHP-17_sec_ii:l24-33,haskell-1980-rev-ed,chp-17,17_CHP-17_sec_ii,17_CHP-17_sec_ii.md,24,33,9c475e85fa962219537da954e1f299de3df3f277850a16612105fbb8fd7c46df,d23af9f50ab9ac84fb250f5c7c5c260908096616ca83773a647977b8e07f4ff3,True
chp-18:18_CHP-18Conclusion:l1-1,haskell-1980-rev-ed,chp-18,18_CHP-18Conclusion,18_CHP-18Conclusion.md,1,1,53fd5cc751f2e645f3412d7ff488cc4c38ee11f313829d83c349eb9ad660b8fe,a3d40952beead96ac48136610fa3fa15f1dcdfcd1a354ef9f2c2262343aeff14,True
chp-18:18_CHP-18Conclusion:l3-17,haskell-1980-rev-ed,chp-18,18_CHP-18Conclusion,18_CHP-18Conclusion.md,3,17,82dcf7e4c5293e3898b5ce604330cd1b5b3237cc2b8c49592e743727880bf6da,a3d40952beead96ac48136610fa3fa15f1dcdfcd1a354ef9f2c2262343aeff14,True
chp-18:18_CHP-18Conclusion:l19-23,haskell-1980-rev-ed,chp-18,18_CHP-18Conclusion,18_CHP-18Conclusion.md,19,23,0dcce09dce75a62951299c736a8a20863cfd39be27e8ceed98773c7f5f71eee6,a3d40952beead96ac48136610fa3fa15f1dcdfcd1a354ef9f2c2262343aeff14,True
chp-18:18_CHP-18Conclusion_intro:l1-1,haskell-1980-rev-ed,chp-18,18_CHP-18Conclusion_intro,18_CHP-18Conclusion_intro.md,1,1,a4b727fd8ca32ebb2038ff9b72af76eda00cc82571b52090766292ad2b9f10b8,3727bb2fcf608a94601e345e4ed3d1b31c6aaeebd161bc00635e1e6ac8503a4d,True
chp-18:18_CHP-18Conclusion_intro:l3-17,haskell-1980-rev-ed,chp-18,18_CHP-18Conclusion_intro,18_CHP-18Conclusion_intro.md,3,17,43445102b6c3d4dcaca444c7dceee987170b77ac9fec416fe6d45a18a760f324,3727bb2fcf608a94601e345e4ed3d1b31c6aaeebd161bc00635e1e6ac8503a4d,True
chp-18:18_CHP-18Conclusion_intro:l19-23,haskell-1980-rev-ed,chp-18,18_CHP-18Conclusion_intro,18_CHP-18Conclusion_intro.md,19,23,0dcce09dce75a62951299c736a8a20863cfd39be27e8ceed98773c7f5f71eee6,3727bb2fcf608a94601e345e4ed3d1b31c6aaeebd161bc00635e1e6ac8503a4d,True
chp-19:19_CHP-19Appendix:l1-1,haskell-1980-rev-ed,chp-19,19_CHP-19Appendix,19_CHP-19Appendix.md,1,1,0e18f61869a5187b7ceb6a60c643f545409cb7096291fde5cbf654e457a62215,725dc16a2983bec379ce2a8b608542ab3defe348d2b2f2a336632ac4905388f1,True
chp-19:19_CHP-19Appendix:l3-20,haskell-1980-rev-ed,chp-19,19_CHP-19Appendix,19_CHP-19Appendix.md,3,20,e3891dcdab68963c0f5684f61318504e80749ce4d77a73d77a4a9033a5c2784c,725dc16a2983bec379ce2a8b608542ab3defe348d2b2f2a336632ac4905388f1,True
chp-19:19_CHP-19Appendix:l22-41,haskell-1980-rev-ed,chp-19,19_CHP-19Appendix,19_CHP-19Appendix.md,22,41,a8252d843e218e9a9a6a8bcc1fd5fb6dbc6f75ef12fc5e5d079ebd7af5289372,725dc16a2983bec379ce2a8b608542ab3defe348d2b2f2a336632ac4905388f1,True
chp-19:19_CHP-19Appendix:l43-63,haskell-1980-rev-ed,chp-19,19_CHP-19Appendix,19_CHP-19Appendix.md,43,63,197abc7bc21dbad075c1a447947edb035412a5c2e38f3b663c8648c98654db7b,725dc16a2983bec379ce2a8b608542ab3defe348d2b2f2a336632ac4905388f1,True
chp-19:19_CHP-19Appendix:l65-84,haskell-1980-rev-ed,chp-19,19_CHP-19Appendix,19_CHP-19Appendix.md,65,84,0f722b62d24ea26df335e714f792b27edb25605a7f913b89309f81cfcccfe090,725dc16a2983bec379ce2a8b608542ab3defe348d2b2f2a336632ac4905388f1,True
chp-19:19_CHP-19Appendix:l86-107,haskell-1980-rev-ed,chp-19,19_CHP-19Appendix,19_CHP-19Appendix.md,86,107,2d0849bac8c2c95b41527c9ecc8765c7fd47bc23931732e15281bc2461a38610,725dc16a2983bec379ce2a8b608542ab3defe348d2b2f2a336632ac4905388f1,True
chp-19:19_CHP-19Appendix:l109-124,haskell-1980-rev-ed,chp-19,19_CHP-19Appendix,19_CHP-19Appendix.md,109,124,55f058aa82b365aa9498e7793d9311bbc72b03f5be833d1f296936f56f0d69cc,725dc16a2983bec379ce2a8b608542ab3defe348d2b2f2a336632ac4905388f1,True
chp-19:19_CHP-19Appendix:l126-138,haskell-1980-rev-ed,chp-19,19_CHP-19Appendix,19_CHP-19Appendix.md,126,138,55d6dc337dcff444392f5a60999254dc37f38a5eb29494a782bcdf0c89a92193,725dc16a2983bec379ce2a8b608542ab3defe348d2b2f2a336632ac4905388f1,True
chp-19:19_CHP-19Appendix:l140-155,haskell-1980-rev-ed,chp-19,19_CHP-19Appendix,19_CHP-19Appendix.md,140,155,17875bbcb383b85ecb7e69438a5c01dcfe1276437ed0ed4f19e7aea2f8f48110,725dc16a2983bec379ce2a8b608542ab3defe348d2b2f2a336632ac4905388f1,True
chp-19:19_CHP-19Appendix:l157-183,haskell-1980-rev-ed,chp-19,19_CHP-19Appendix,19_CHP-19Appendix.md,157,183,efb8708a6b775c8c5cadd9363c5b45b0c646c0ec688228228459b9d8192f6dd9,725dc16a2983bec379ce2a8b608542ab3defe348d2b2f2a336632ac4905388f1,True
chp-19:19_CHP-19Appendix:l185-208,haskell-1980-rev-ed,chp-19,19_CHP-19Appendix,19_CHP-19Appendix.md,185,208,a5cd45b0170686ae85bb3860f458c495375188f1e32d08a8ec4af4b8ccc4f60a,725dc16a2983bec379ce2a8b608542ab3defe348d2b2f2a336632ac4905388f1,True
chp-19:19_CHP-19Appendix:l210-211,haskell-1980-rev-ed,chp-19,19_CHP-19Appendix,19_CHP-19Appendix.md,210,211,96e67dd8815ea26d8f7f2a81c526c6aa3ac5f7dbf768fc6575739eec6e70ffc2,725dc16a2983bec379ce2a8b608542ab3defe348d2b2f2a336632ac4905388f1,True
chp-19:19_CHP-19Appendix_intro:l1-1,haskell-1980-rev-ed,chp-19,19_CHP-19Appendix_intro,19_CHP-19Appendix_intro.md,1,1,91e68a3536e101390a495f9dd94d6512c0605f8b90a54eff9bbb751e039e58d6,634f086d6f8ea1e9d0b2942debe24fe7563e016609570a630b0440f240efb6a3,True
chp-19:19_CHP-19Appendix_intro:l3-20,haskell-1980-rev-ed,chp-19,19_CHP-19Appendix_intro,19_CHP-19Appendix_intro.md,3,20,25b73da3c12eed843acc2acf58b545407323dcfc5422915e0d728f013128d65e,634f086d6f8ea1e9d0b2942debe24fe7563e016609570a630b0440f240efb6a3,True
chp-19:19_CHP-19Appendix_intro:l22-41,haskell-1980-rev-ed,chp-19,19_CHP-19Appendix_intro,19_CHP-19Appendix_intro.md,22,41,7aed60e6d3bdc03cf5717ee87d2dbe47fa6c906692f763b6ab36e8a051f7c275,634f086d6f8ea1e9d0b2942debe24fe7563e016609570a630b0440f240efb6a3,True
chp-19:19_CHP-19Appendix_intro:l43-58,haskell-1980-rev-ed,chp-19,19_CHP-19Appendix_intro,19_CHP-19Appendix_intro.md,43,58,a4b87e8319018726a6d435f6bf6a473501cae101f4f8d1127517bb518b89c70c,634f086d6f8ea1e9d0b2942debe24fe7563e016609570a630b0440f240efb6a3,True
chp-19:19_CHP-19Appendix_intro:l60-79,haskell-1980-rev-ed,chp-19,19_CHP-19Appendix_intro,19_CHP-19Appendix_intro.md,60,79,ca63a4fe5c9d17e02f89c4ae1611d466d97bcb17dbae566568a2d632af525b6f,634f086d6f8ea1e9d0b2942debe24fe7563e016609570a630b0440f240efb6a3,True
chp-19:19_CHP-19Appendix_intro:l81-102,haskell-1980-rev-ed,chp-19,19_CHP-19Appendix_intro,19_CHP-19Appendix_intro.md,81,102,07d5faeef60271f2cdd2fd907a2b142172f79bd540d245ffddc343b7ab01c925,634f086d6f8ea1e9d0b2942debe24fe7563e016609570a630b0440f240efb6a3,True
chp-19:19_CHP-19Appendix_intro:l104-119,haskell-1980-rev-ed,chp-19,19_CHP-19Appendix_intro,19_CHP-19Appendix_intro.md,104,119,2054851b48e6e90a4579aa43eced309b28e43b5b9590e4f8415cb1d72096cf98,634f086d6f8ea1e9d0b2942debe24fe7563e016609570a630b0440f240efb6a3,True
chp-19:19_CHP-19Appendix_intro:l121-133,haskell-1980-rev-ed,chp-19,19_CHP-19Appendix_intro,19_CHP-19Appendix_intro.md,121,133,298c0a8c6867554a2e69dc19516324d26d9cf61c3c10ab55f011df28c499ac91,634f086d6f8ea1e9d0b2942debe24fe7563e016609570a630b0440f240efb6a3,True
chp-19:19_CHP-19Appendix_intro:l135-150,haskell-1980-rev-ed,chp-19,19_CHP-19Appendix_intro,19_CHP-19Appendix_intro.md,135,150,8bde3fab89cac22c7fa0d08887889607412dc28586ae9928b9ccb57d00545b92,634f086d6f8ea1e9d0b2942debe24fe7563e016609570a630b0440f240efb6a3,True
chp-19:19_CHP-19Appendix_intro:l152-178,haskell-1980-rev-ed,chp-19,19_CHP-19Appendix_intro,19_CHP-19Appendix_intro.md,152,178,9cdb3f7419d856b2ae7d3c1ba80c2b8b05bbdeef62d041d9847dda49b5f59aec,634f086d6f8ea1e9d0b2942debe24fe7563e016609570a630b0440f240efb6a3,True
chp-19:19_CHP-19Appendix_intro:l180-203,haskell-1980-rev-ed,chp-19,19_CHP-19Appendix_intro,19_CHP-19Appendix_intro.md,180,203,6d93302d6ae129d3d62ddf8e1e72aa9749bca5a639bd0437bbb5d52bd16c3186,634f086d6f8ea1e9d0b2942debe24fe7563e016609570a630b0440f240efb6a3,True
chp-19:19_CHP-19Appendix_intro:l205-207,haskell-1980-rev-ed,chp-19,19_CHP-19Appendix_intro,19_CHP-19Appendix_intro.md,205,207,23bca0c4951b7c1a60c39381d96f3730a76561a9f335f8d6b478716577d22ed9,634f086d6f8ea1e9d0b2942debe24fe7563e016609570a630b0440f240efb6a3,True
chp-20:20_CHP-20Postscript:l1-1,haskell-1980-rev-ed,chp-20,20_CHP-20Postscript,20_CHP-20Postscript.md,1,1,97803b8ec9ca55c37dbbbdc06ecb7ee594532aae709b5f7db4aed6a0b6bdbd63,e6b2ed7396fa79ff075f74dac37360c48e7e41a4969dc74ed57a8ce39bcb5f90,True
chp-20:20_CHP-20Postscript:l3-12,haskell-1980-rev-ed,chp-20,20_CHP-20Postscript,20_CHP-20Postscript.md,3,12,3fed41fedf29bc39cfade8d7ab767c1390975387b2b6711ba3a90db50f5ae67a,e6b2ed7396fa79ff075f74dac37360c48e7e41a4969dc74ed57a8ce39bcb5f90,True
chp-20:20_CHP-20Postscript:l14-24,haskell-1980-rev-ed,chp-20,20_CHP-20Postscript,20_CHP-20Postscript.md,14,24,201c57b2a02bdec4aa20893568ecc58d42cdd22877f13fbfd89df1512e3bab0e,e6b2ed7396fa79ff075f74dac37360c48e7e41a4969dc74ed57a8ce39bcb5f90,True
chp-20:20_CHP-20Postscript:l26-36,haskell-1980-rev-ed,chp-20,20_CHP-20Postscript,20_CHP-20Postscript.md,26,36,079f6831dff0c7d1965b26066855e385170a316566f6670579fc31bee6214c76,e6b2ed7396fa79ff075f74dac37360c48e7e41a4969dc74ed57a8ce39bcb5f90,True
chp-20:20_CHP-20Postscript:l38-44,haskell-1980-rev-ed,chp-20,20_CHP-20Postscript,20_CHP-20Postscript.md,38,44,38b28c432e7d2451ab366543fb1f16f675b2e391192879bc0f160b4f9662b1d7,e6b2ed7396fa79ff075f74dac37360c48e7e41a4969dc74ed57a8ce39bcb5f90,True
chp-20:20_CHP-20Postscript:l46-57,haskell-1980-rev-ed,chp-20,20_CHP-20Postscript,20_CHP-20Postscript.md,46,57,863f1d5c8f7b6d883cbb4086fabb6b670bbc70da68d79020529b9f1c980104bb,e6b2ed7396fa79ff075f74dac37360c48e7e41a4969dc74ed57a8ce39bcb5f90,True
chp-20:20_CHP-20Postscript:l59-67,haskell-1980-rev-ed,chp-20,20_CHP-20Postscript,20_CHP-20Postscript.md,59,67,b85d7784ee94a159b26fe13f4d1a1969292cda57b417db9fa8d42799b5d64e27,e6b2ed7396fa79ff075f74dac37360c48e7e41a4969dc74ed57a8ce39bcb5f90,True
chp-20:20_CHP-20Postscript:l69-70,haskell-1980-rev-ed,chp-20,20_CHP-20Postscript,20_CHP-20Postscript.md,69,70,d9776cccc0bb851ded8c08143807d543ab316c47101db653c13ea9475a50b6c3,e6b2ed7396fa79ff075f74dac37360c48e7e41a4969dc74ed57a8ce39bcb5f90,True
chp-20:20_CHP-20Postscript:l72-76,haskell-1980-rev-ed,chp-20,20_CHP-20Postscript,20_CHP-20Postscript.md,72,76,e99af189bd790a59d794f111809774b65537ba3e9bc05fc218389b5d0028f0e6,e6b2ed7396fa79ff075f74dac37360c48e7e41a4969dc74ed57a8ce39bcb5f90,True
chp-20:20_CHP-20Postscript:l78-79,haskell-1980-rev-ed,chp-20,20_CHP-20Postscript,20_CHP-20Postscript.md,78,79,8daa30aa7f04cd6488b22fca8dca006062bf6a4d753d9d898828a5acafc7f606,e6b2ed7396fa79ff075f74dac37360c48e7e41a4969dc74ed57a8ce39bcb5f90,True
chp-20:20_CHP-20Postscript:l81-96,haskell-1980-rev-ed,chp-20,20_CHP-20Postscript,20_CHP-20Postscript.md,81,96,b0924c0681aefcbee3af02d1e06da6225ac6631d4331f5e256df2ad4e5f6a697,e6b2ed7396fa79ff075f74dac37360c48e7e41a4969dc74ed57a8ce39bcb5f90,True
chp-20:20_CHP-20Postscript:l98-108,haskell-1980-rev-ed,chp-20,20_CHP-20Postscript,20_CHP-20Postscript.md,98,108,64eb2299cfe55d839d396f3ac35f345ecc661c6ccde89528b08263d70b99e765,e6b2ed7396fa79ff075f74dac37360c48e7e41a4969dc74ed57a8ce39bcb5f90,True
chp-20:20_CHP-20Postscript:l110-121,haskell-1980-rev-ed,chp-20,20_CHP-20Postscript,20_CHP-20Postscript.md,110,121,7bc5e518a943cfa45d60c928cbff4ae1a8be817201c0d88fb9d8c4d00c5fe81b,e6b2ed7396fa79ff075f74dac37360c48e7e41a4969dc74ed57a8ce39bcb5f90,True
chp-20:20_CHP-20Postscript:l123-135,haskell-1980-rev-ed,chp-20,20_CHP-20Postscript,20_CHP-20Postscript.md,123,135,19d1d03fcc1da1f57c2bc8445fecd64f437467c74517fa53f840de5c774d8650,e6b2ed7396fa79ff075f74dac37360c48e7e41a4969dc74ed57a8ce39bcb5f90,True
chp-20:20_CHP-20Postscript:l137-148,haskell-1980-rev-ed,chp-20,20_CHP-20Postscript,20_CHP-20Postscript.md,137,148,5ada37a54a0e70ce7e257cfe9b31d233e650475e513dc0f5175ad8aa3810a011,e6b2ed7396fa79ff075f74dac37360c48e7e41a4969dc74ed57a8ce39bcb5f90,True
chp-20:20_CHP-20Postscript:l150-162,haskell-1980-rev-ed,chp-20,20_CHP-20Postscript,20_CHP-20Postscript.md,150,162,ad90c7c7021c0738b90d7b59ee01312bf7c58d6618d6d7981db8e7fc3c4f54ff,e6b2ed7396fa79ff075f74dac37360c48e7e41a4969dc74ed57a8ce39bcb5f90,True
chp-20:20_CHP-20Postscript:l164-172,haskell-1980-rev-ed,chp-20,20_CHP-20Postscript,20_CHP-20Postscript.md,164,172,b9b3ba9f777bdcf5d0af79db02511e032f706f6927605ead0717e7c7180e92f0,e6b2ed7396fa79ff075f74dac37360c48e7e41a4969dc74ed57a8ce39bcb5f90,True
chp-20:20_CHP-20Postscript:l174-185,haskell-1980-rev-ed,chp-20,20_CHP-20Postscript,20_CHP-20Postscript.md,174,185,f89e7f29219a2e744feed8dcbec55161f6cff0e71cb6c5059fe4be68314b1fa7,e6b2ed7396fa79ff075f74dac37360c48e7e41a4969dc74ed57a8ce39bcb5f90,True
chp-20:20_CHP-20Postscript:l187-199,haskell-1980-rev-ed,chp-20,20_CHP-20Postscript,20_CHP-20Postscript.md,187,199,4069d1a70c6f7c47738ad808a9903b2a9686fe2f93040ce2824b5e7ede8b68b9,e6b2ed7396fa79ff075f74dac37360c48e7e41a4969dc74ed57a8ce39bcb5f90,True
chp-20:20_CHP-20Postscript:l201-209,haskell-1980-rev-ed,chp-20,20_CHP-20Postscript,20_CHP-20Postscript.md,201,209,f4e39e0fcef93589ba4c19903bcdf28327563e5bed48058ba6dc841a159b7932,e6b2ed7396fa79ff075f74dac37360c48e7e41a4969dc74ed57a8ce39bcb5f90,True
chp-20:20_CHP-20Postscript:l211-280,haskell-1980-rev-ed,chp-20,20_CHP-20Postscript,20_CHP-20Postscript.md,211,280,c9b13ab8df240cbf07c4f19f102fde2c99efe285fda9138c95300fac3393ff1a,e6b2ed7396fa79ff075f74dac37360c48e7e41a4969dc74ed57a8ce39bcb5f90,True
chp-20:20_CHP-20Postscript_intro:l1-1,haskell-1980-rev-ed,chp-20,20_CHP-20Postscript_intro,20_CHP-20Postscript_intro.md,1,1,7c46bdac15af226dbf4ef0c118728727769691fa5d2028e91992db5a3cc1c1d4,bf719a80c4fa958a26254fb77060695950a1d28a60fb07410fb71cc10d014aac,True
chp-20:20_CHP-20Postscript_intro:l3-12,haskell-1980-rev-ed,chp-20,20_CHP-20Postscript_intro,20_CHP-20Postscript_intro.md,3,12,3fed41fedf29bc39cfade8d7ab767c1390975387b2b6711ba3a90db50f5ae67a,bf719a80c4fa958a26254fb77060695950a1d28a60fb07410fb71cc10d014aac,True
chp-20:20_CHP-20Postscript_intro:l14-24,haskell-1980-rev-ed,chp-20,20_CHP-20Postscript_intro,20_CHP-20Postscript_intro.md,14,24,201c57b2a02bdec4aa20893568ecc58d42cdd22877f13fbfd89df1512e3bab0e,bf719a80c4fa958a26254fb77060695950a1d28a60fb07410fb71cc10d014aac,True
chp-20:20_CHP-20Postscript_intro:l26-36,haskell-1980-rev-ed,chp-20,20_CHP-20Postscript_intro,20_CHP-20Postscript_intro.md,26,36,cfea5e9f33385c8ebea14d73aa7f73bab86ad79b4bf5363c63919a2bea018c0d,bf719a80c4fa958a26254fb77060695950a1d28a60fb07410fb71cc10d014aac,True
chp-20:20_CHP-20Postscript_intro:l38-44,haskell-1980-rev-ed,chp-20,20_CHP-20Postscript_intro,20_CHP-20Postscript_intro.md,38,44,38b28c432e7d2451ab366543fb1f16f675b2e391192879bc0f160b4f9662b1d7,bf719a80c4fa958a26254fb77060695950a1d28a60fb07410fb71cc10d014aac,True
chp-20:20_CHP-20Postscript_intro:l46-56,haskell-1980-rev-ed,chp-20,20_CHP-20Postscript_intro,20_CHP-20Postscript_intro.md,46,56,d4aafbe4d4e51ff88c296b9e4193be2e8b527e08d42967891d22786d58eed442,bf719a80c4fa958a26254fb77060695950a1d28a60fb07410fb71cc10d014aac,True
chp-20:20_CHP-20Postscript_intro:l58-66,haskell-1980-rev-ed,chp-20,20_CHP-20Postscript_intro,20_CHP-20Postscript_intro.md,58,66,b85d7784ee94a159b26fe13f4d1a1969292cda57b417db9fa8d42799b5d64e27,bf719a80c4fa958a26254fb77060695950a1d28a60fb07410fb71cc10d014aac,True
chp-20:20_CHP-20Postscript_intro:l68-69,haskell-1980-rev-ed,chp-20,20_CHP-20Postscript_intro,20_CHP-20Postscript_intro.md,68,69,d9776cccc0bb851ded8c08143807d543ab316c47101db653c13ea9475a50b6c3,bf719a80c4fa958a26254fb77060695950a1d28a60fb07410fb71cc10d014aac,True
chp-20:20_CHP-20Postscript_intro:l71-84,haskell-1980-rev-ed,chp-20,20_CHP-20Postscript_intro,20_CHP-20Postscript_intro.md,71,84,e617f12619833d3d3b102d70d8574e7cf2320ba1aef5257580f708672ef6d34f,bf719a80c4fa958a26254fb77060695950a1d28a60fb07410fb71cc10d014aac,True
chp-20:20_CHP-20Postscript_intro:l86-88,haskell-1980-rev-ed,chp-20,20_CHP-20Postscript_intro,20_CHP-20Postscript_intro.md,86,88,3291a129b49970bf8e81f15b3f1916e87cf51af2f35d194c574d034725cee73f,bf719a80c4fa958a26254fb77060695950a1d28a60fb07410fb71cc10d014aac,True
chp-20:20_CHP-20Postscript_intro:l90-105,haskell-1980-rev-ed,chp-20,20_CHP-20Postscript_intro,20_CHP-20Postscript_intro.md,90,105,b0924c0681aefcbee3af02d1e06da6225ac6631d4331f5e256df2ad4e5f6a697,bf719a80c4fa958a26254fb77060695950a1d28a60fb07410fb71cc10d014aac,True
chp-20:20_CHP-20Postscript_intro:l107-117,haskell-1980-rev-ed,chp-20,20_CHP-20Postscript_intro,20_CHP-20Postscript_intro.md,107,117,d2b6deae469fb8978c3d1c79eb8253606fde0050f0c2949ba7b6dff1bb0f7bca,bf719a80c4fa958a26254fb77060695950a1d28a60fb07410fb71cc10d014aac,True
chp-20:20_CHP-20Postscript_intro:l119-130,haskell-1980-rev-ed,chp-20,20_CHP-20Postscript_intro,20_CHP-20Postscript_intro.md,119,130,29ecaf1cdd1b5a2740d482d8479ce46ba8445a13a7e976292fc2d2033e04f0f9,bf719a80c4fa958a26254fb77060695950a1d28a60fb07410fb71cc10d014aac,True
chp-20:20_CHP-20Postscript_intro:l132-144,haskell-1980-rev-ed,chp-20,20_CHP-20Postscript_intro,20_CHP-20Postscript_intro.md,132,144,19d1d03fcc1da1f57c2bc8445fecd64f437467c74517fa53f840de5c774d8650,bf719a80c4fa958a26254fb77060695950a1d28a60fb07410fb71cc10d014aac,True
chp-20:20_CHP-20Postscript_intro:l146-157,haskell-1980-rev-ed,chp-20,20_CHP-20Postscript_intro,20_CHP-20Postscript_intro.md,146,157,5ada37a54a0e70ce7e257cfe9b31d233e650475e513dc0f5175ad8aa3810a011,bf719a80c4fa958a26254fb77060695950a1d28a60fb07410fb71cc10d014aac,True
chp-20:20_CHP-20Postscript_intro:l159-171,haskell-1980-rev-ed,chp-20,20_CHP-20Postscript_intro,20_CHP-20Postscript_intro.md,159,171,b827c8045eafe9a695e77cf55903269bc171deffd11d7b8e8ac3e1fb8f757f56,bf719a80c4fa958a26254fb77060695950a1d28a60fb07410fb71cc10d014aac,True
chp-20:20_CHP-20Postscript_intro:l173-181,haskell-1980-rev-ed,chp-20,20_CHP-20Postscript_intro,20_CHP-20Postscript_intro.md,173,181,b9b3ba9f777bdcf5d0af79db02511e032f706f6927605ead0717e7c7180e92f0,bf719a80c4fa958a26254fb77060695950a1d28a60fb07410fb71cc10d014aac,True
chp-20:20_CHP-20Postscript_intro:l183-194,haskell-1980-rev-ed,chp-20,20_CHP-20Postscript_intro,20_CHP-20Postscript_intro.md,183,194,f89e7f29219a2e744feed8dcbec55161f6cff0e71cb6c5059fe4be68314b1fa7,bf719a80c4fa958a26254fb77060695950a1d28a60fb07410fb71cc10d014aac,True
chp-20:20_CHP-20Postscript_intro:l196-208,haskell-1980-rev-ed,chp-20,20_CHP-20Postscript_intro,20_CHP-20Postscript_intro.md,196,208,a28c56a63174dd0cae5ef933e67b9f3e74c16cf8c809fbfa3bf2432b9c541fd9,bf719a80c4fa958a26254fb77060695950a1d28a60fb07410fb71cc10d014aac,True
chp-20:20_CHP-20Postscript_intro:l210-218,haskell-1980-rev-ed,chp-20,20_CHP-20Postscript_intro,20_CHP-20Postscript_intro.md,210,218,f4e39e0fcef93589ba4c19903bcdf28327563e5bed48058ba6dc841a159b7932,bf719a80c4fa958a26254fb77060695950a1d28a60fb07410fb71cc10d014aac,True
chp-20:20_CHP-20Postscript_intro:l220-289,haskell-1980-rev-ed,chp-20,20_CHP-20Postscript_intro,20_CHP-20Postscript_intro.md,220,289,06267a527c92da9fa8eae9c0dcad0fc3eb04bacecd91b6cdb560d9e13cd923d4,bf719a80c4fa958a26254fb77060695950a1d28a60fb07410fb71cc10d014aac,True
chp-21:21_CHP-21Bibliography:l1-1,haskell-1980-rev-ed,chp-21,21_CHP-21Bibliography,21_CHP-21Bibliography.md,1,1,cefaa4b14a3920bc87cda6dfb8c2b6cf074adbd227e148e98f894e6a77520b19,f69ccf85eda80949e835db205addb5e89c8521a60e3632db1d7bf7c62e4d38b3,True
chp-21:21_CHP-21Bibliography:l3-45,haskell-1980-rev-ed,chp-21,21_CHP-21Bibliography,21_CHP-21Bibliography.md,3,45,1ee5744976bdd867c4482b078eeaf352b2596aed3a2b4c0585010e0e08c8183b,f69ccf85eda80949e835db205addb5e89c8521a60e3632db1d7bf7c62e4d38b3,True
chp-21:21_CHP-21Bibliography:l47-85,haskell-1980-rev-ed,chp-21,21_CHP-21Bibliography,21_CHP-21Bibliography.md,47,85,396dc079d1c3a85664b946bc191af6ef9f45d7421d9bb18e7c9aa03b966fc370,f69ccf85eda80949e835db205addb5e89c8521a60e3632db1d7bf7c62e4d38b3,True
chp-21:21_CHP-21Bibliography:l87-127,haskell-1980-rev-ed,chp-21,21_CHP-21Bibliography,21_CHP-21Bibliography.md,87,127,ef9fcd4e36fac62f01d868ff2fd9809bf39e57fc25ec98540cb9e24af072d373,f69ccf85eda80949e835db205addb5e89c8521a60e3632db1d7bf7c62e4d38b3,True
chp-21:21_CHP-21Bibliography:l129-163,haskell-1980-rev-ed,chp-21,21_CHP-21Bibliography,21_CHP-21Bibliography.md,129,163,1f55cc7604b48d357dfcd4b68419d3e76ae1872c5a6cd7a0355dd65732f593bb,f69ccf85eda80949e835db205addb5e89c8521a60e3632db1d7bf7c62e4d38b3,True
chp-21:21_CHP-21Bibliography:l165-205,haskell-1980-rev-ed,chp-21,21_CHP-21Bibliography,21_CHP-21Bibliography.md,165,205,3538bdc1764882c9225da55c438f8a4335d62981f4697f565ef83dec77ecb19e,f69ccf85eda80949e835db205addb5e89c8521a60e3632db1d7bf7c62e4d38b3,True
chp-21:21_CHP-21Bibliography:l207-241,haskell-1980-rev-ed,chp-21,21_CHP-21Bibliography,21_CHP-21Bibliography.md,207,241,c1f7139fc74ef6c3195974ce3e4be2dfefe41c87bb6e94f2e22512dc3a75e7a6,f69ccf85eda80949e835db205addb5e89c8521a60e3632db1d7bf7c62e4d38b3,True
chp-21:21_CHP-21Bibliography:l243-293,haskell-1980-rev-ed,chp-21,21_CHP-21Bibliography,21_CHP-21Bibliography.md,243,293,2c49ffb7987f2d239598f2e44a868040db8e3fe42ec3e72b299d3bfe5f5c5468,f69ccf85eda80949e835db205addb5e89c8521a60e3632db1d7bf7c62e4d38b3,True
chp-21:21_CHP-21Bibliography:l295-334,haskell-1980-rev-ed,chp-21,21_CHP-21Bibliography,21_CHP-21Bibliography.md,295,334,460c4d7f3e5ceec4bdd987c0d3f15cc8c765ca07774161d2fc6e75b63f755f97,f69ccf85eda80949e835db205addb5e89c8521a60e3632db1d7bf7c62e4d38b3,True
chp-21:21_CHP-21Bibliography:l336-374,haskell-1980-rev-ed,chp-21,21_CHP-21Bibliography,21_CHP-21Bibliography.md,336,374,5a362f0911b2e62c799a2f1f0a0beaae68337a5db0a51c9cb182c0a5338e4e0f,f69ccf85eda80949e835db205addb5e89c8521a60e3632db1d7bf7c62e4d38b3,True
chp-21:21_CHP-21Bibliography:l376-418,haskell-1980-rev-ed,chp-21,21_CHP-21Bibliography,21_CHP-21Bibliography.md,376,418,5e44cafeed9ff68b1686c9dbe1f2edc6de160ac1a8611133d48d0092e10e175b,f69ccf85eda80949e835db205addb5e89c8521a60e3632db1d7bf7c62e4d38b3,True
chp-21:21_CHP-21Bibliography:l420-459,haskell-1980-rev-ed,chp-21,21_CHP-21Bibliography,21_CHP-21Bibliography.md,420,459,0ba7f8abc0f5a326a50f9154012c97f3727f6c93e6ae57de4d882df5cdc2190d,f69ccf85eda80949e835db205addb5e89c8521a60e3632db1d7bf7c62e4d38b3,True
chp-21:21_CHP-21Bibliography:l461-496,haskell-1980-rev-ed,chp-21,21_CHP-21Bibliography,21_CHP-21Bibliography.md,461,496,7557618d47d33b1607c53475cd17836a0d58b362d02a071473f5f1562828ed67,f69ccf85eda80949e835db205addb5e89c8521a60e3632db1d7bf7c62e4d38b3,True
chp-21:21_CHP-21Bibliography:l498-536,haskell-1980-rev-ed,chp-21,21_CHP-21Bibliography,21_CHP-21Bibliography.md,498,536,5ba9899b5a4331e414cb249088bb631bce2d3a0be4ab8fd141de1dc3eba5121f,f69ccf85eda80949e835db205addb5e89c8521a60e3632db1d7bf7c62e4d38b3,True
chp-21:21_CHP-21Bibliography:l538-575,haskell-1980-rev-ed,chp-21,21_CHP-21Bibliography,21_CHP-21Bibliography.md,538,575,11f1f046fe8fad14a8bc0ae0aeb5bb9baf5eac11bf7754d6bca0524077c97f81,f69ccf85eda80949e835db205addb5e89c8521a60e3632db1d7bf7c62e4d38b3,True
chp-21:21_CHP-21Bibliography:l577-614,haskell-1980-rev-ed,chp-21,21_CHP-21Bibliography,21_CHP-21Bibliography.md,577,614,172f465616f50b076ef1d6a92e61c5c2c1e6569a59f648852b4c9a90edd0ecb2,f69ccf85eda80949e835db205addb5e89c8521a60e3632db1d7bf7c62e4d38b3,True
chp-21:21_CHP-21Bibliography:l616-656,haskell-1980-rev-ed,chp-21,21_CHP-21Bibliography,21_CHP-21Bibliography.md,616,656,3e4902cb1cf3d1e384faf0b46780179511a5a86b7b6bccf0acdf3dac4c2b761d,f69ccf85eda80949e835db205addb5e89c8521a60e3632db1d7bf7c62e4d38b3,True
chp-21:21_CHP-21Bibliography:l658-699,haskell-1980-rev-ed,chp-21,21_CHP-21Bibliography,21_CHP-21Bibliography.md,658,699,f13f3e705185e96f51cbf120bab19d4f07a88023dc68290b13caf60b6be76eb0,f69ccf85eda80949e835db205addb5e89c8521a60e3632db1d7bf7c62e4d38b3,True
chp-21:21_CHP-21Bibliography:l701-754,haskell-1980-rev-ed,chp-21,21_CHP-21Bibliography,21_CHP-21Bibliography.md,701,754,83bf278786ec87a2850b51344f9bd9e729021cc58077a5d0d5c8c52709e3998a,f69ccf85eda80949e835db205addb5e89c8521a60e3632db1d7bf7c62e4d38b3,True
chp-21:21_CHP-21Bibliography:l756-806,haskell-1980-rev-ed,chp-21,21_CHP-21Bibliography,21_CHP-21Bibliography.md,756,806,de7758f160bc3289ccf52bdbe39053590143a975fae9fe14af57bcee4946ba18,f69ccf85eda80949e835db205addb5e89c8521a60e3632db1d7bf7c62e4d38b3,True
chp-21:21_CHP-21Bibliography:l808-844,haskell-1980-rev-ed,chp-21,21_CHP-21Bibliography,21_CHP-21Bibliography.md,808,844,131ae7f4f6fa83793cb668be24ea5028f7a809b1923353bc729989be7ab723ec,f69ccf85eda80949e835db205addb5e89c8521a60e3632db1d7bf7c62e4d38b3,True
chp-21:21_CHP-21Bibliography:l846-881,haskell-1980-rev-ed,chp-21,21_CHP-21Bibliography,21_CHP-21Bibliography.md,846,881,452e318c5db9d0281edb596dd0af17224ccd515db43cf082daf86a0adc35fb08,f69ccf85eda80949e835db205addb5e89c8521a60e3632db1d7bf7c62e4d38b3,True
chp-21:21_CHP-21Bibliography:l883-926,haskell-1980-rev-ed,chp-21,21_CHP-21Bibliography,21_CHP-21Bibliography.md,883,926,6d88b39c3357751e8a7cde0ac8c41e7a9df9facc612d5ad8849eb0c7f76f4726,f69ccf85eda80949e835db205addb5e89c8521a60e3632db1d7bf7c62e4d38b3,True
chp-21:21_CHP-21Bibliography:l928-983,haskell-1980-rev-ed,chp-21,21_CHP-21Bibliography,21_CHP-21Bibliography.md,928,983,df71b743497fc6b4e376cf05c947ac620142e900b5e0ea3ffde3f305a9d36edc,f69ccf85eda80949e835db205addb5e89c8521a60e3632db1d7bf7c62e4d38b3,True
chp-21:21_CHP-21Bibliography:l985-1020,haskell-1980-rev-ed,chp-21,21_CHP-21Bibliography,21_CHP-21Bibliography.md,985,1020,76480a4c281b0439c39ad8cbf2680ad60a3bb93b46f4b95a4e3a38206a213f70,f69ccf85eda80949e835db205addb5e89c8521a60e3632db1d7bf7c62e4d38b3,True
chp-21:21_CHP-21Bibliography:l1022-1057,haskell-1980-rev-ed,chp-21,21_CHP-21Bibliography,21_CHP-21Bibliography.md,1022,1057,85dd9b22afaa7b6c4bb571221f8a53c1f3a7b79b238790d5df3df1e0225cfcc5,f69ccf85eda80949e835db205addb5e89c8521a60e3632db1d7bf7c62e4d38b3,True
chp-21:21_CHP-21Bibliography:l1059-1100,haskell-1980-rev-ed,chp-21,21_CHP-21Bibliography,21_CHP-21Bibliography.md,1059,1100,853a8a80c67691ed8811145b13a8b3d56382dfb8846e3db52fc62392a793eec6,f69ccf85eda80949e835db205addb5e89c8521a60e3632db1d7bf7c62e4d38b3,True
chp-21:21_CHP-21Bibliography:l1102-1139,haskell-1980-rev-ed,chp-21,21_CHP-21Bibliography,21_CHP-21Bibliography.md,1102,1139,f5cc60e16449f246c3cb146f18134a2fabb3bdeaab126afc880e595b26fef707,f69ccf85eda80949e835db205addb5e89c8521a60e3632db1d7bf7c62e4d38b3,True
chp-21:21_CHP-21Bibliography:l1141-1177,haskell-1980-rev-ed,chp-21,21_CHP-21Bibliography,21_CHP-21Bibliography.md,1141,1177,002ac07d49d47f3731c111b94ff873c42aa88d5a2be640ee17c18efddda3dced,f69ccf85eda80949e835db205addb5e89c8521a60e3632db1d7bf7c62e4d38b3,True
chp-21:21_CHP-21Bibliography:l1179-1218,haskell-1980-rev-ed,chp-21,21_CHP-21Bibliography,21_CHP-21Bibliography.md,1179,1218,ac051b424f2edea683db2a6cacf1a96c5f54b0cb5929c9ba3aa0400e41afa60e,f69ccf85eda80949e835db205addb5e89c8521a60e3632db1d7bf7c62e4d38b3,True
chp-21:21_CHP-21Bibliography:l1220-1259,haskell-1980-rev-ed,chp-21,21_CHP-21Bibliography,21_CHP-21Bibliography.md,1220,1259,e150ff8ac942307f7e59337b102e618367babaa86b8da6cda422a9e53285307c,f69ccf85eda80949e835db205addb5e89c8521a60e3632db1d7bf7c62e4d38b3,True
chp-21:21_CHP-21Bibliography:l1261-1299,haskell-1980-rev-ed,chp-21,21_CHP-21Bibliography,21_CHP-21Bibliography.md,1261,1299,5697180322dc12ae45bcab87bc06b903f0c5587eaf971fc1f14b2c5ab8d3bbf8,f69ccf85eda80949e835db205addb5e89c8521a60e3632db1d7bf7c62e4d38b3,True
chp-21:21_CHP-21Bibliography:l1301-1306,haskell-1980-rev-ed,chp-21,21_CHP-21Bibliography,21_CHP-21Bibliography.md,1301,1306,61c4adf622f6f3482eeca31e085be4d1d258c21f1dfb819470353486f18f4c57,f69ccf85eda80949e835db205addb5e89c8521a60e3632db1d7bf7c62e4d38b3,True
chp-21:21_CHP-21Bibliography_intro:l1-1,haskell-1980-rev-ed,chp-21,21_CHP-21Bibliography_intro,21_CHP-21Bibliography_intro.md,1,1,f9806ef8b394dd3f1bc0af9496b3e12b81ba9db4cf57850d5119fbf8e3d0b6f6,f210074df576166a7de397ea0f3f2694ab8d7e5ee8c1d829b2a4698256c13b59,True
chp-21:21_CHP-21Bibliography_intro:l3-45,haskell-1980-rev-ed,chp-21,21_CHP-21Bibliography_intro,21_CHP-21Bibliography_intro.md,3,45,28f3213312c5165367895e88dae9bba447a05e24914272c32c5ff5e4d8514512,f210074df576166a7de397ea0f3f2694ab8d7e5ee8c1d829b2a4698256c13b59,True
chp-21:21_CHP-21Bibliography_intro:l47-85,haskell-1980-rev-ed,chp-21,21_CHP-21Bibliography_intro,21_CHP-21Bibliography_intro.md,47,85,27f8a7621c0f4028a9a16c69b1d07711e0abf6535e4a7dfe991f0d9404bd65ac,f210074df576166a7de397ea0f3f2694ab8d7e5ee8c1d829b2a4698256c13b59,True
chp-21:21_CHP-21Bibliography_intro:l87-127,haskell-1980-rev-ed,chp-21,21_CHP-21Bibliography_intro,21_CHP-21Bibliography_intro.md,87,127,ef9fcd4e36fac62f01d868ff2fd9809bf39e57fc25ec98540cb9e24af072d373,f210074df576166a7de397ea0f3f2694ab8d7e5ee8c1d829b2a4698256c13b59,True
chp-21:21_CHP-21Bibliography_intro:l129-163,haskell-1980-rev-ed,chp-21,21_CHP-21Bibliography_intro,21_CHP-21Bibliography_intro.md,129,163,1e9032c20813212b40deb5eb5b7a9aeaef17e04afce75c15140c9cb0610576c1,f210074df576166a7de397ea0f3f2694ab8d7e5ee8c1d829b2a4698256c13b59,True
chp-21:21_CHP-21Bibliography_intro:l165-205,haskell-1980-rev-ed,chp-21,21_CHP-21Bibliography_intro,21_CHP-21Bibliography_intro.md,165,205,77f8529e25ff23d0a9b2b2c23fff869bcdd182aaaff3d1aaddbce7e256e92388,f210074df576166a7de397ea0f3f2694ab8d7e5ee8c1d829b2a4698256c13b59,True
chp-21:21_CHP-21Bibliography_intro:l207-241,haskell-1980-rev-ed,chp-21,21_CHP-21Bibliography_intro,21_CHP-21Bibliography_intro.md,207,241,ee5964fff45f16b01c77b85fa53aa2857a42a4bf4e05bf2df41a09cb0b48e9a0,f210074df576166a7de397ea0f3f2694ab8d7e5ee8c1d829b2a4698256c13b59,True
chp-21:21_CHP-21Bibliography_intro:l243-293,haskell-1980-rev-ed,chp-21,21_CHP-21Bibliography_intro,21_CHP-21Bibliography_intro.md,243,293,93eee9c9f27ae337e6623d80ef449a5e85fd1e3721a3d5eea42228e0885cc951,f210074df576166a7de397ea0f3f2694ab8d7e5ee8c1d829b2a4698256c13b59,True
chp-21:21_CHP-21Bibliography_intro:l295-334,haskell-1980-rev-ed,chp-21,21_CHP-21Bibliography_intro,21_CHP-21Bibliography_intro.md,295,334,fe3da29b45f7ad00d10f0908c81310b35119cd15026eec0d5ea356d238ad9951,f210074df576166a7de397ea0f3f2694ab8d7e5ee8c1d829b2a4698256c13b59,True
chp-21:21_CHP-21Bibliography_intro:l336-372,haskell-1980-rev-ed,chp-21,21_CHP-21Bibliography_intro,21_CHP-21Bibliography_intro.md,336,372,f629d7243e1a5fc3bc8ca06ee93c81ab39d94bb32b714256e73b8cc8d3b0e298,f210074df576166a7de397ea0f3f2694ab8d7e5ee8c1d829b2a4698256c13b59,True
chp-21:21_CHP-21Bibliography_intro:l374-416,haskell-1980-rev-ed,chp-21,21_CHP-21Bibliography_intro,21_CHP-21Bibliography_intro.md,374,416,5e44cafeed9ff68b1686c9dbe1f2edc6de160ac1a8611133d48d0092e10e175b,f210074df576166a7de397ea0f3f2694ab8d7e5ee8c1d829b2a4698256c13b59,True
chp-21:21_CHP-21Bibliography_intro:l418-457,haskell-1980-rev-ed,chp-21,21_CHP-21Bibliography_intro,21_CHP-21Bibliography_intro.md,418,457,04360c10a41edaa05a9958265e533d83e2258d1b4642ff254441e6162ffe33e5,f210074df576166a7de397ea0f3f2694ab8d7e5ee8c1d829b2a4698256c13b59,True
chp-21:21_CHP-21Bibliography_intro:l459-494,haskell-1980-rev-ed,chp-21,21_CHP-21Bibliography_intro,21_CHP-21Bibliography_intro.md,459,494,0418464e6a56c68c3476ad030c1d6424165fbae19e8cd3d7ffe91e8601fd953c,f210074df576166a7de397ea0f3f2694ab8d7e5ee8c1d829b2a4698256c13b59,True
chp-21:21_CHP-21Bibliography_intro:l496-535,haskell-1980-rev-ed,chp-21,21_CHP-21Bibliography_intro,21_CHP-21Bibliography_intro.md,496,535,997ea6796d10f882f52192665f67ff040aa031e9f6eb8be8f238af57e332a547,f210074df576166a7de397ea0f3f2694ab8d7e5ee8c1d829b2a4698256c13b59,True
chp-21:21_CHP-21Bibliography_intro:l537-574,haskell-1980-rev-ed,chp-21,21_CHP-21Bibliography_intro,21_CHP-21Bibliography_intro.md,537,574,a14907d6a6b437f2412ca96c175ce1b01c44a6446783a7648ceb2e021c9525d8,f210074df576166a7de397ea0f3f2694ab8d7e5ee8c1d829b2a4698256c13b59,True
chp-21:21_CHP-21Bibliography_intro:l576-613,haskell-1980-rev-ed,chp-21,21_CHP-21Bibliography_intro,21_CHP-21Bibliography_intro.md,576,613,292b6724f70cbaa609dc186d2bfd242068b995f2ee86a3acd18bf6c2e092a7d9,f210074df576166a7de397ea0f3f2694ab8d7e5ee8c1d829b2a4698256c13b59,True
chp-21:21_CHP-21Bibliography_intro:l615-655,haskell-1980-rev-ed,chp-21,21_CHP-21Bibliography_intro,21_CHP-21Bibliography_intro.md,615,655,acc8d43ca98d4269364b257b51ee3b623c5005956cca1b3ad802d63ac00bf34b,f210074df576166a7de397ea0f3f2694ab8d7e5ee8c1d829b2a4698256c13b59,True
chp-21:21_CHP-21Bibliography_intro:l657-698,haskell-1980-rev-ed,chp-21,21_CHP-21Bibliography_intro,21_CHP-21Bibliography_intro.md,657,698,f13f3e705185e96f51cbf120bab19d4f07a88023dc68290b13caf60b6be76eb0,f210074df576166a7de397ea0f3f2694ab8d7e5ee8c1d829b2a4698256c13b59,True
chp-21:21_CHP-21Bibliography_intro:l700-753,haskell-1980-rev-ed,chp-21,21_CHP-21Bibliography_intro,21_CHP-21Bibliography_intro.md,700,753,83bf278786ec87a2850b51344f9bd9e729021cc58077a5d0d5c8c52709e3998a,f210074df576166a7de397ea0f3f2694ab8d7e5ee8c1d829b2a4698256c13b59,True
chp-21:21_CHP-21Bibliography_intro:l755-805,haskell-1980-rev-ed,chp-21,21_CHP-21Bibliography_intro,21_CHP-21Bibliography_intro.md,755,805,b6a34f56629bae9aacfd78b6af5f1bff136d25646943967f346173542a703e7d,f210074df576166a7de397ea0f3f2694ab8d7e5ee8c1d829b2a4698256c13b59,True
chp-21:21_CHP-21Bibliography_intro:l807-842,haskell-1980-rev-ed,chp-21,21_CHP-21Bibliography_intro,21_CHP-21Bibliography_intro.md,807,842,a1b6eed9d0dceaedbd13c4e639f8028e43b19918b778495ba5653adda17ec6e3,f210074df576166a7de397ea0f3f2694ab8d7e5ee8c1d829b2a4698256c13b59,True
chp-21:21_CHP-21Bibliography_intro:l844-879,haskell-1980-rev-ed,chp-21,21_CHP-21Bibliography_intro,21_CHP-21Bibliography_intro.md,844,879,ba19ce42e49b4caeff98293ae3bd1d1129893d09261b50f0ca12fa4c30a29b13,f210074df576166a7de397ea0f3f2694ab8d7e5ee8c1d829b2a4698256c13b59,True
chp-21:21_CHP-21Bibliography_intro:l881-924,haskell-1980-rev-ed,chp-21,21_CHP-21Bibliography_intro,21_CHP-21Bibliography_intro.md,881,924,c4563c9f950ea20b07172c79fec799bebcc3e3dfc5763a5e012b667b7191bb07,f210074df576166a7de397ea0f3f2694ab8d7e5ee8c1d829b2a4698256c13b59,True
chp-21:21_CHP-21Bibliography_intro:l926-980,haskell-1980-rev-ed,chp-21,21_CHP-21Bibliography_intro,21_CHP-21Bibliography_intro.md,926,980,448f7ee637d7351ce5ba487c7971d329f5cfd10039c616abf705c767009582db,f210074df576166a7de397ea0f3f2694ab8d7e5ee8c1d829b2a4698256c13b59,True
chp-21:21_CHP-21Bibliography_intro:l982-1017,haskell-1980-rev-ed,chp-21,21_CHP-21Bibliography_intro,21_CHP-21Bibliography_intro.md,982,1017,76480a4c281b0439c39ad8cbf2680ad60a3bb93b46f4b95a4e3a38206a213f70,f210074df576166a7de397ea0f3f2694ab8d7e5ee8c1d829b2a4698256c13b59,True
chp-21:21_CHP-21Bibliography_intro:l1019-1054,haskell-1980-rev-ed,chp-21,21_CHP-21Bibliography_intro,21_CHP-21Bibliography_intro.md,1019,1054,202fae824607f221b0bc9cf19e6f48a8bbc9070b06d47bd16a663e21fbc3e739,f210074df576166a7de397ea0f3f2694ab8d7e5ee8c1d829b2a4698256c13b59,True
chp-21:21_CHP-21Bibliography_intro:l1056-1097,haskell-1980-rev-ed,chp-21,21_CHP-21Bibliography_intro,21_CHP-21Bibliography_intro.md,1056,1097,853a8a80c67691ed8811145b13a8b3d56382dfb8846e3db52fc62392a793eec6,f210074df576166a7de397ea0f3f2694ab8d7e5ee8c1d829b2a4698256c13b59,True
chp-21:21_CHP-21Bibliography_intro:l1099-1136,haskell-1980-rev-ed,chp-21,21_CHP-21Bibliography_intro,21_CHP-21Bibliography_intro.md,1099,1136,b581ec344a29d239c960879858cd0ecb91a746178b287d6ed5f5587fa1c1e5d0,f210074df576166a7de397ea0f3f2694ab8d7e5ee8c1d829b2a4698256c13b59,True
chp-21:21_CHP-21Bibliography_intro:l1138-1174,haskell-1980-rev-ed,chp-21,21_CHP-21Bibliography_intro,21_CHP-21Bibliography_intro.md,1138,1174,7bae535996cd40d8b1441b5637da2e88330a8f0113ddbfa18416260200627151,f210074df576166a7de397ea0f3f2694ab8d7e5ee8c1d829b2a4698256c13b59,True
chp-21:21_CHP-21Bibliography_intro:l1176-1215,haskell-1980-rev-ed,chp-21,21_CHP-21Bibliography_intro,21_CHP-21Bibliography_intro.md,1176,1215,051ed78dc120a2e64741f05a1d7b29eb9978ea5eaf9f7967800d6c73412beae5,f210074df576166a7de397ea0f3f2694ab8d7e5ee8c1d829b2a4698256c13b59,True
chp-21:21_CHP-21Bibliography_intro:l1217-1256,haskell-1980-rev-ed,chp-21,21_CHP-21Bibliography_intro,21_CHP-21Bibliography_intro.md,1217,1256,1632340c8a339df9614d8ecc0f1e33c9d687f8d8d979d0e732b715c5e0d57ca4,f210074df576166a7de397ea0f3f2694ab8d7e5ee8c1d829b2a4698256c13b59,True
chp-21:21_CHP-21Bibliography_intro:l1258-1296,haskell-1980-rev-ed,chp-21,21_CHP-21Bibliography_intro,21_CHP-21Bibliography_intro.md,1258,1296,5697180322dc12ae45bcab87bc06b903f0c5587eaf971fc1f14b2c5ab8d3bbf8,f210074df576166a7de397ea0f3f2694ab8d7e5ee8c1d829b2a4698256c13b59,True
chp-21:21_CHP-21Bibliography_intro:l1298-1303,haskell-1980-rev-ed,chp-21,21_CHP-21Bibliography_intro,21_CHP-21Bibliography_intro.md,1298,1303,28bd0f188d2bb108010015e5d1085c522aa7df684c741fc7d1e9aab65c99ad4b,f210074df576166a7de397ea0f3f2694ab8d7e5ee8c1d829b2a4698256c13b59,True
chp-22:22_CHP-22Index:l1-1,haskell-1980-rev-ed,chp-22,22_CHP-22Index,22_CHP-22Index.md,1,1,45492b6435dfca8b59bf2efd50dc25e63fc088c846b29d5aefeb8d94d3fc54a9,421811ae101e6445964aa155f253a566b42ca634b60d547c5057674c3c7f7081,True
chp-22:22_CHP-22Index:l3-3,haskell-1980-rev-ed,chp-22,22_CHP-22Index,22_CHP-22Index.md,3,3,1140823e47965d344d7b8f12d028795097bb1e290cde7f9a0bca82bf317542aa,421811ae101e6445964aa155f253a566b42ca634b60d547c5057674c3c7f7081,True
chp-22:22_CHP-22Index:l9-56,haskell-1980-rev-ed,chp-22,22_CHP-22Index,22_CHP-22Index.md,9,56,93505ccd4c69f3eb008df01bdeafb5e0de00fcd3048bb1ef596b78ad3bb9018b,421811ae101e6445964aa155f253a566b42ca634b60d547c5057674c3c7f7081,True
chp-22:22_CHP-22Index:l64-109,haskell-1980-rev-ed,chp-22,22_CHP-22Index,22_CHP-22Index.md,64,109,63c4cdd642118aa4dfbe1bd9e67b0080fbec56373118aa58de9ef56975c4c09a,421811ae101e6445964aa155f253a566b42ca634b60d547c5057674c3c7f7081,True
chp-22:22_CHP-22Index:l111-111,haskell-1980-rev-ed,chp-22,22_CHP-22Index,22_CHP-22Index.md,111,111,416bb56c937dafac08927855f582202f906144153af00982e7881b0581e62cb5,421811ae101e6445964aa155f253a566b42ca634b60d547c5057674c3c7f7081,True
chp-22:22_CHP-22Index:l113-168,haskell-1980-rev-ed,chp-22,22_CHP-22Index,22_CHP-22Index.md,113,168,0413db327fa2c0f600fdddba0613d49b0ee421d317624a4e3f52aa05aff91431,421811ae101e6445964aa155f253a566b42ca634b60d547c5057674c3c7f7081,True
chp-22:22_CHP-22Index:l170-224,haskell-1980-rev-ed,chp-22,22_CHP-22Index,22_CHP-22Index.md,170,224,33466681b2ad88008d510756b85e16f4760a07034658660a5f001e457a1f1ca5,421811ae101e6445964aa155f253a566b42ca634b60d547c5057674c3c7f7081,True
chp-22:22_CHP-22Index:l226-227,haskell-1980-rev-ed,chp-22,22_CHP-22Index,22_CHP-22Index.md,226,227,f00ee93a8ef3a3a97a1808b0bbf98d252f2e5e6fb1381ce7d99a81132f1623fe,421811ae101e6445964aa155f253a566b42ca634b60d547c5057674c3c7f7081,True
chp-22:22_CHP-22Index:l229-338,haskell-1980-rev-ed,chp-22,22_CHP-22Index,22_CHP-22Index.md,229,338,7a721bc7b0d263c7f02511d5294e872c0edc528b3fcf68d52f334379c9b2fa8b,421811ae101e6445964aa155f253a566b42ca634b60d547c5057674c3c7f7081,True
chp-22:22_CHP-22Index:l340-340,haskell-1980-rev-ed,chp-22,22_CHP-22Index,22_CHP-22Index.md,340,340,0921090a91f8e8ac87aa859a90b5d1101258503b1e25ef1d85a38e0a6d074e47,421811ae101e6445964aa155f253a566b42ca634b60d547c5057674c3c7f7081,True
chp-22:22_CHP-22Index:l342-396,haskell-1980-rev-ed,chp-22,22_CHP-22Index,22_CHP-22Index.md,342,396,82fb890a0adb8a2e67314e9827b1e597284701644fd418db55205ec43c034936,421811ae101e6445964aa155f253a566b42ca634b60d547c5057674c3c7f7081,True
chp-22:22_CHP-22Index:l398-452,haskell-1980-rev-ed,chp-22,22_CHP-22Index,22_CHP-22Index.md,398,452,181a3c0d1ce4c622021442f3f5c4247e11a812b83359fb25432e884710437c1f,421811ae101e6445964aa155f253a566b42ca634b60d547c5057674c3c7f7081,True
chp-22:22_CHP-22Index:l454-454,haskell-1980-rev-ed,chp-22,22_CHP-22Index,22_CHP-22Index.md,454,454,32f6a4831e9b7ee4c1b57a23e46fdaf89cb169cfe21e689cffdb1ea45d26fc96,421811ae101e6445964aa155f253a566b42ca634b60d547c5057674c3c7f7081,True
chp-22:22_CHP-22Index:l456-510,haskell-1980-rev-ed,chp-22,22_CHP-22Index,22_CHP-22Index.md,456,510,6ec502493fcd9668924ca8da9781e951ccb0892c3d8820636ff169a993f69932,421811ae101e6445964aa155f253a566b42ca634b60d547c5057674c3c7f7081,True
chp-22:22_CHP-22Index:l512-566,haskell-1980-rev-ed,chp-22,22_CHP-22Index,22_CHP-22Index.md,512,566,19555032123c5c7b465a1b156a66e077517c685052efa199c9cbb21c7ea02b1e,421811ae101e6445964aa155f253a566b42ca634b60d547c5057674c3c7f7081,True
chp-22:22_CHP-22Index:l568-568,haskell-1980-rev-ed,chp-22,22_CHP-22Index,22_CHP-22Index.md,568,568,ef79f464f134460605ac80da7a440bfa235a97bc356c784a6d47efecaea97183,421811ae101e6445964aa155f253a566b42ca634b60d547c5057674c3c7f7081,True
chp-22:22_CHP-22Index:l570-624,haskell-1980-rev-ed,chp-22,22_CHP-22Index,22_CHP-22Index.md,570,624,55373b110f43ef7efaa9b9f70738bbfea11b001d6cc2260481672e3f466f0bb8,421811ae101e6445964aa155f253a566b42ca634b60d547c5057674c3c7f7081,True
chp-22:22_CHP-22Index:l626-680,haskell-1980-rev-ed,chp-22,22_CHP-22Index,22_CHP-22Index.md,626,680,eda298f0d86f01c327b2f3d18122323c42e67bfa19675d0f9fe1056fd49a4fad,421811ae101e6445964aa155f253a566b42ca634b60d547c5057674c3c7f7081,True
chp-22:22_CHP-22Index:l682-682,haskell-1980-rev-ed,chp-22,22_CHP-22Index,22_CHP-22Index.md,682,682,c3d89bfbb496ada1657ea0b4033f040476db34b38c026e968b1b722f068231dc,421811ae101e6445964aa155f253a566b42ca634b60d547c5057674c3c7f7081,True
chp-22:22_CHP-22Index:l684-738,haskell-1980-rev-ed,chp-22,22_CHP-22Index,22_CHP-22Index.md,684,738,44708a96d0653a5fb43da8bd6cc6a9f5ba3428aaf6b4b7acfbaedd8e1a955c6c,421811ae101e6445964aa155f253a566b42ca634b60d547c5057674c3c7f7081,True
chp-22:22_CHP-22Index:l740-794,haskell-1980-rev-ed,chp-22,22_CHP-22Index,22_CHP-22Index.md,740,794,216833692d47955e28c2630e2ecd2bc7b811f59ffa504a43d2979ca130620a57,421811ae101e6445964aa155f253a566b42ca634b60d547c5057674c3c7f7081,True
chp-22:22_CHP-22Index:l796-796,haskell-1980-rev-ed,chp-22,22_CHP-22Index,22_CHP-22Index.md,796,796,76e429597707c00a870be43757ccc5b5625c34a7a1a1419fe84eab986f18a04f,421811ae101e6445964aa155f253a566b42ca634b60d547c5057674c3c7f7081,True
chp-22:22_CHP-22Index:l798-852,haskell-1980-rev-ed,chp-22,22_CHP-22Index,22_CHP-22Index.md,798,852,2061b6913828a532e6e7a8d94b23d76dde8c89ae4aae8d1d56e81db2edd903d2,421811ae101e6445964aa155f253a566b42ca634b60d547c5057674c3c7f7081,True
chp-22:22_CHP-22Index:l854-908,haskell-1980-rev-ed,chp-22,22_CHP-22Index,22_CHP-22Index.md,854,908,ed2ccce4f9052834366a12d2a3db14af9e581ce3b21dc2d57d9fafaa0e7e4c9a,421811ae101e6445964aa155f253a566b42ca634b60d547c5057674c3c7f7081,True
chp-22:22_CHP-22Index:l910-911,haskell-1980-rev-ed,chp-22,22_CHP-22Index,22_CHP-22Index.md,910,911,19943e73b3a4db14cd0cd95589d5375698e7dda6f1d03a70f06c439b8bfa9ef5,421811ae101e6445964aa155f253a566b42ca634b60d547c5057674c3c7f7081,True
chp-22:22_CHP-22Index:l913-1022,haskell-1980-rev-ed,chp-22,22_CHP-22Index,22_CHP-22Index.md,913,1022,118667f1927b47bf0217c2e27c292cf1a6d0c3e608888f6f60772da1d693f3c6,421811ae101e6445964aa155f253a566b42ca634b60d547c5057674c3c7f7081,True
chp-22:22_CHP-22Index:l1024-1024,haskell-1980-rev-ed,chp-22,22_CHP-22Index,22_CHP-22Index.md,1024,1024,26b543f859467534df442bdd71b9664a91b0adf2fe34a51803d8d82a95d3f399,421811ae101e6445964aa155f253a566b42ca634b60d547c5057674c3c7f7081,True
chp-22:22_CHP-22Index:l1026-1080,haskell-1980-rev-ed,chp-22,22_CHP-22Index,22_CHP-22Index.md,1026,1080,fa268b8d68231d0582638c54310e839be895a8f2e5706f16fb548eb34096c9fa,421811ae101e6445964aa155f253a566b42ca634b60d547c5057674c3c7f7081,True
chp-22:22_CHP-22Index:l1082-1136,haskell-1980-rev-ed,chp-22,22_CHP-22Index,22_CHP-22Index.md,1082,1136,aa5a0600d15753ff77f7b3677a373d7e016297a65b8aa9bc2367129bb21c1641,421811ae101e6445964aa155f253a566b42ca634b60d547c5057674c3c7f7081,True
chp-22:22_CHP-22Index:l1138-1138,haskell-1980-rev-ed,chp-22,22_CHP-22Index,22_CHP-22Index.md,1138,1138,48c5e82479a08116b2c230b8bd7a6991173115cb7b4d86eae2924cbabdb1373c,421811ae101e6445964aa155f253a566b42ca634b60d547c5057674c3c7f7081,True
chp-22:22_CHP-22Index:l1140-1194,haskell-1980-rev-ed,chp-22,22_CHP-22Index,22_CHP-22Index.md,1140,1194,7695adbbc21828cbbe663bd402f2217554a08cfee5bc7b22e3b9931fe8141266,421811ae101e6445964aa155f253a566b42ca634b60d547c5057674c3c7f7081,True
chp-22:22_CHP-22Index:l1196-1249,haskell-1980-rev-ed,chp-22,22_CHP-22Index,22_CHP-22Index.md,1196,1249,534100587edeba6f8c8a9a9e631461992491b257b128b066dc92fb4fcd91cd26,421811ae101e6445964aa155f253a566b42ca634b60d547c5057674c3c7f7081,True
chp-22:22_CHP-22Index:l1251-1251,haskell-1980-rev-ed,chp-22,22_CHP-22Index,22_CHP-22Index.md,1251,1251,2684de0cefa73e197e50633fabea149c81752eeebdc85a25b82413b5c769a431,421811ae101e6445964aa155f253a566b42ca634b60d547c5057674c3c7f7081,True
chp-22:22_CHP-22Index:l1253-1307,haskell-1980-rev-ed,chp-22,22_CHP-22Index,22_CHP-22Index.md,1253,1307,c209e928053aaa28a458a8707b555c6fa976e2cddb100c1611dc9c76a25f9591,421811ae101e6445964aa155f253a566b42ca634b60d547c5057674c3c7f7081,True
chp-22:22_CHP-22Index:l1309-1363,haskell-1980-rev-ed,chp-22,22_CHP-22Index,22_CHP-22Index.md,1309,1363,bcbf7d4bcbfc9e7df0a5ac703afbdec7ee1c3fb21951d2fa7664d7e545bcb84f,421811ae101e6445964aa155f253a566b42ca634b60d547c5057674c3c7f7081,True
chp-22:22_CHP-22Index:l1365-1366,haskell-1980-rev-ed,chp-22,22_CHP-22Index,22_CHP-22Index.md,1365,1366,2ac24aad023e082b6fa22c145fd10e6813c4f66ab37e31b3df3eb484ab1e9bb5,421811ae101e6445964aa155f253a566b42ca634b60d547c5057674c3c7f7081,True
chp-22:22_CHP-22Index:l1368-1422,haskell-1980-rev-ed,chp-22,22_CHP-22Index,22_CHP-22Index.md,1368,1422,8c5046de3419d0de78de4241439b00f4a579ce72237381faaea3a047b1658c39,421811ae101e6445964aa155f253a566b42ca634b60d547c5057674c3c7f7081,True
chp-22:22_CHP-22Index:l1424-1477,haskell-1980-rev-ed,chp-22,22_CHP-22Index,22_CHP-22Index.md,1424,1477,d211b81cc64cb6cf5fbf5aa3d5ad0c466007b58a51e16ed93bdc9e2d89bdcb09,421811ae101e6445964aa155f253a566b42ca634b60d547c5057674c3c7f7081,True
chp-22:22_CHP-22Index:l1479-1479,haskell-1980-rev-ed,chp-22,22_CHP-22Index,22_CHP-22Index.md,1479,1479,017e3e0fde4174d0c1c045f7d6dc3bfc390f5511b7430324bdd9656db6eae4a5,421811ae101e6445964aa155f253a566b42ca634b60d547c5057674c3c7f7081,True
chp-22:22_CHP-22Index:l1481-1535,haskell-1980-rev-ed,chp-22,22_CHP-22Index,22_CHP-22Index.md,1481,1535,de851c0a19348c0fec4e53aa4f220c4ac83f54a66cc7f2a35bcf643169275d13,421811ae101e6445964aa155f253a566b42ca634b60d547c5057674c3c7f7081,True
chp-22:22_CHP-22Index:l1537-1591,haskell-1980-rev-ed,chp-22,22_CHP-22Index,22_CHP-22Index.md,1537,1591,13fe60e3cd80def20d85b4ab44265cc65e06efad1eb35ece34a604b4c3661dfb,421811ae101e6445964aa155f253a566b42ca634b60d547c5057674c3c7f7081,True
chp-22:22_CHP-22Index:l1593-1593,haskell-1980-rev-ed,chp-22,22_CHP-22Index,22_CHP-22Index.md,1593,1593,f1cda416a969f90a2413451418d341f9d5a406ac896f80dd1a9393f9390bf51f,421811ae101e6445964aa155f253a566b42ca634b60d547c5057674c3c7f7081,True
chp-22:22_CHP-22Index:l1595-1649,haskell-1980-rev-ed,chp-22,22_CHP-22Index,22_CHP-22Index.md,1595,1649,0e674aa8a7b0d17380e7f16c54b3377ef7366b059c99b978abd26c449116f031,421811ae101e6445964aa155f253a566b42ca634b60d547c5057674c3c7f7081,True
chp-22:22_CHP-22Index:l1651-1703,haskell-1980-rev-ed,chp-22,22_CHP-22Index,22_CHP-22Index.md,1651,1703,1a5a168b7204677d3770c96d3b5b95d6bc32b4244a015c2a6bc78c8d41ca43f0,421811ae101e6445964aa155f253a566b42ca634b60d547c5057674c3c7f7081,True
chp-22:22_CHP-22Index:l1705-1705,haskell-1980-rev-ed,chp-22,22_CHP-22Index,22_CHP-22Index.md,1705,1705,8e3e6528279fd6806292635ded21050301a1f07fc61433edaa834f19ae56fcac,421811ae101e6445964aa155f253a566b42ca634b60d547c5057674c3c7f7081,True
chp-22:22_CHP-22Index:l1707-1761,haskell-1980-rev-ed,chp-22,22_CHP-22Index,22_CHP-22Index.md,1707,1761,a50d6e2e273aa92b960529677bb10ca78e8c47036fb206fd14b59034d1ade70d,421811ae101e6445964aa155f253a566b42ca634b60d547c5057674c3c7f7081,True
chp-22:22_CHP-22Index:l1763-1817,haskell-1980-rev-ed,chp-22,22_CHP-22Index,22_CHP-22Index.md,1763,1817,ffa0c0e05974b9f104b814285e2bc0affd92883f6ed02ef2434be0cb177450bc,421811ae101e6445964aa155f253a566b42ca634b60d547c5057674c3c7f7081,True
chp-22:22_CHP-22Index:l1819-1820,haskell-1980-rev-ed,chp-22,22_CHP-22Index,22_CHP-22Index.md,1819,1820,212b07088987bbb82b2a1b99c8817e71836ce68c56da6fc88dfc8cfeff03199c,421811ae101e6445964aa155f253a566b42ca634b60d547c5057674c3c7f7081,True
chp-22:22_CHP-22Index:l1822-1876,haskell-1980-rev-ed,chp-22,22_CHP-22Index,22_CHP-22Index.md,1822,1876,bbb774c7bbdae9ee75442754360126239d6bcccefb8738a8e5ebe500a01c6159,421811ae101e6445964aa155f253a566b42ca634b60d547c5057674c3c7f7081,True
chp-22:22_CHP-22Index:l1878-1931,haskell-1980-rev-ed,chp-22,22_CHP-22Index,22_CHP-22Index.md,1878,1931,e956d3456f161edf144338ae415f82a2a537ff8269e0d2944dda50f9ab35cade,421811ae101e6445964aa155f253a566b42ca634b60d547c5057674c3c7f7081,True
chp-22:22_CHP-22Index:l1933-1933,haskell-1980-rev-ed,chp-22,22_CHP-22Index,22_CHP-22Index.md,1933,1933,82e85195364932abd7a6083390af12cdcb4ca76f3ee899343ba7afa305c11405,421811ae101e6445964aa155f253a566b42ca634b60d547c5057674c3c7f7081,True
chp-22:22_CHP-22Index:l1935-1989,haskell-1980-rev-ed,chp-22,22_CHP-22Index,22_CHP-22Index.md,1935,1989,3d8080e00d019ee3eaeb3855ed9e9b9a0f7906b01c6f988f0ba41536d9cf7cb7,421811ae101e6445964aa155f253a566b42ca634b60d547c5057674c3c7f7081,True
chp-22:22_CHP-22Index:l1991-2045,haskell-1980-rev-ed,chp-22,22_CHP-22Index,22_CHP-22Index.md,1991,2045,f9bcb1fcb6be1429a8468a3511dd5daafee037fda7a69621600e4417a5591c3b,421811ae101e6445964aa155f253a566b42ca634b60d547c5057674c3c7f7081,True
chp-22:22_CHP-22Index:l2047-2047,haskell-1980-rev-ed,chp-22,22_CHP-22Index,22_CHP-22Index.md,2047,2047,3d4859d999760d68288d2a9ca7f54d1cc3fcbfd3bae9afdc30e9b44934e99e06,421811ae101e6445964aa155f253a566b42ca634b60d547c5057674c3c7f7081,True
chp-22:22_CHP-22Index:l2049-2103,haskell-1980-rev-ed,chp-22,22_CHP-22Index,22_CHP-22Index.md,2049,2103,371c20a03d17983562607b3e0e6c52a484999b30feff65203483cbb5209d43e3,421811ae101e6445964aa155f253a566b42ca634b60d547c5057674c3c7f7081,True
chp-22:22_CHP-22Index:l2105-2158,haskell-1980-rev-ed,chp-22,22_CHP-22Index,22_CHP-22Index.md,2105,2158,d8472bf922a68619a757e940e0fdb3d131c51e80535ff4c82fc2eecbf21faff7,421811ae101e6445964aa155f253a566b42ca634b60d547c5057674c3c7f7081,True
chp-22:22_CHP-22Index:l2160-2160,haskell-1980-rev-ed,chp-22,22_CHP-22Index,22_CHP-22Index.md,2160,2160,90c5fdd0ebd9b2d61215fa47d924a6fc65806b34136a4af326cad54ef301fb09,421811ae101e6445964aa155f253a566b42ca634b60d547c5057674c3c7f7081,True
chp-22:22_CHP-22Index:l2162-2215,haskell-1980-rev-ed,chp-22,22_CHP-22Index,22_CHP-22Index.md,2162,2215,58c6a66884151bc9027ac849b3aaf8a55a89cf27ef0335f167e2f0d43be79ff7,421811ae101e6445964aa155f253a566b42ca634b60d547c5057674c3c7f7081,True
chp-22:22_CHP-22Index:l2217-2270,haskell-1980-rev-ed,chp-22,22_CHP-22Index,22_CHP-22Index.md,2217,2270,b66a901ee0602270bde3fdd77963e4290a208b3313322ee60da80719235a6c6a,421811ae101e6445964aa155f253a566b42ca634b60d547c5057674c3c7f7081,True
chp-22:22_CHP-22Index:l2272-2272,haskell-1980-rev-ed,chp-22,22_CHP-22Index,22_CHP-22Index.md,2272,2272,3f1e07e56b0bca30e4f28558f44574ad2efb9c5d4483d0f2ead04ed3d50faa69,421811ae101e6445964aa155f253a566b42ca634b60d547c5057674c3c7f7081,True
chp-22:22_CHP-22Index:l2274-2328,haskell-1980-rev-ed,chp-22,22_CHP-22Index,22_CHP-22Index.md,2274,2328,16f06985a241fde8e82584e33f07b7c016625bfd4c3ecf1ecc07032ded0842f2,421811ae101e6445964aa155f253a566b42ca634b60d547c5057674c3c7f7081,True
chp-22:22_CHP-22Index:l2330-2385,haskell-1980-rev-ed,chp-22,22_CHP-22Index,22_CHP-22Index.md,2330,2385,bbac67bcdeb13cbe7c0a005fc11dffa57d7eb1cba7e54fe38696f33bbcc58a06,421811ae101e6445964aa155f253a566b42ca634b60d547c5057674c3c7f7081,True
chp-22:22_CHP-22Index:l2387-2387,haskell-1980-rev-ed,chp-22,22_CHP-22Index,22_CHP-22Index.md,2387,2387,e3fb49fcbac2f3391293ccbc4d283ba9f9d2bfc9770adf404f2ef17a6e87166b,421811ae101e6445964aa155f253a566b42ca634b60d547c5057674c3c7f7081,True
chp-22:22_CHP-22Index:l2389-2444,haskell-1980-rev-ed,chp-22,22_CHP-22Index,22_CHP-22Index.md,2389,2444,8dbc64cc34f9e254fb245748aaeb816ba703e21e51f68dfeefdf97d5c1d83f28,421811ae101e6445964aa155f253a566b42ca634b60d547c5057674c3c7f7081,True
chp-22:22_CHP-22Index:l2446-2500,haskell-1980-rev-ed,chp-22,22_CHP-22Index,22_CHP-22Index.md,2446,2500,129b7843aa2b211c58f3631788058e33eec9327af73457bd859518fe8aada936,421811ae101e6445964aa155f253a566b42ca634b60d547c5057674c3c7f7081,True
chp-22:22_CHP-22Index:l2502-2503,haskell-1980-rev-ed,chp-22,22_CHP-22Index,22_CHP-22Index.md,2502,2503,4acb1a55fc5303287ad1b5976ea697e6147fd5d007aa7d4043eef1072ea3970a,421811ae101e6445964aa155f253a566b42ca634b60d547c5057674c3c7f7081,True
chp-22:22_CHP-22Index:l2505-2559,haskell-1980-rev-ed,chp-22,22_CHP-22Index,22_CHP-22Index.md,2505,2559,c30c2e7e434edb01c22938f757436ed094d07767cf93f6cae7713296f09a5465,421811ae101e6445964aa155f253a566b42ca634b60d547c5057674c3c7f7081,True
chp-22:22_CHP-22Index:l2561-2612,haskell-1980-rev-ed,chp-22,22_CHP-22Index,22_CHP-22Index.md,2561,2612,7dab8f155884e0183bdaf219b3470fa9da93dfb6a019160fed237f2e896dd142,421811ae101e6445964aa155f253a566b42ca634b60d547c5057674c3c7f7081,True
chp-22:22_CHP-22Index:l2614-2614,haskell-1980-rev-ed,chp-22,22_CHP-22Index,22_CHP-22Index.md,2614,2614,edd1dd6b31cba123814b79054a8fd35247fe9d3d5c253b64e1d842c9203a592e,421811ae101e6445964aa155f253a566b42ca634b60d547c5057674c3c7f7081,True
chp-22:22_CHP-22Index:l2616-2670,haskell-1980-rev-ed,chp-22,22_CHP-22Index,22_CHP-22Index.md,2616,2670,8bd14e1f80499338d2b752549ee212d15e071e5de531b5f81cc2e60876613eb4,421811ae101e6445964aa155f253a566b42ca634b60d547c5057674c3c7f7081,True
chp-22:22_CHP-22Index:l2672-2726,haskell-1980-rev-ed,chp-22,22_CHP-22Index,22_CHP-22Index.md,2672,2726,4b49d15842658f7fe3f9ba20b9daa15789770570664a9a8812b3f9f36e504e42,421811ae101e6445964aa155f253a566b42ca634b60d547c5057674c3c7f7081,True
chp-22:22_CHP-22Index:l2728-2729,haskell-1980-rev-ed,chp-22,22_CHP-22Index,22_CHP-22Index.md,2728,2729,03501b7a9700b7edb046f3b547b25b1102b5ab2d138638a33498db36fad49521,421811ae101e6445964aa155f253a566b42ca634b60d547c5057674c3c7f7081,True
chp-22:22_CHP-22Index:l2731-2785,haskell-1980-rev-ed,chp-22,22_CHP-22Index,22_CHP-22Index.md,2731,2785,fa9ca0d3ac512f60f37395cd3c5a351727b5f1c984c744e024d898b81c9f0c52,421811ae101e6445964aa155f253a566b42ca634b60d547c5057674c3c7f7081,True
chp-22:22_CHP-22Index:l2787-2840,haskell-1980-rev-ed,chp-22,22_CHP-22Index,22_CHP-22Index.md,2787,2840,2c81d1f96694e3f543218a28a71eaf941d702ee6f6f888764e5b19d81f01cdd5,421811ae101e6445964aa155f253a566b42ca634b60d547c5057674c3c7f7081,True
chp-22:22_CHP-22Index:l2842-2842,haskell-1980-rev-ed,chp-22,22_CHP-22Index,22_CHP-22Index.md,2842,2842,ccb6ef00ad066d55494bfcd323c607da52b412d89f6f117a43069378a39ee686,421811ae101e6445964aa155f253a566b42ca634b60d547c5057674c3c7f7081,True
chp-22:22_CHP-22Index:l2844-2897,haskell-1980-rev-ed,chp-22,22_CHP-22Index,22_CHP-22Index.md,2844,2897,a8b08996d576e0236a15808f628ff37f5220185e3083902bbe63d06ca3cf956d,421811ae101e6445964aa155f253a566b42ca634b60d547c5057674c3c7f7081,True
chp-22:22_CHP-22Index:l2899-2952,haskell-1980-rev-ed,chp-22,22_CHP-22Index,22_CHP-22Index.md,2899,2952,69c6f646dfac54bd9b475622b4b26596fc731e42265504b21489eced0a6a397e,421811ae101e6445964aa155f253a566b42ca634b60d547c5057674c3c7f7081,True
chp-22:22_CHP-22Index:l2954-2954,haskell-1980-rev-ed,chp-22,22_CHP-22Index,22_CHP-22Index.md,2954,2954,f60ec360b481c8519ed9cc3ebee9eccf757b9ed7ccaad63dec5e626b5118f08b,421811ae101e6445964aa155f253a566b42ca634b60d547c5057674c3c7f7081,True
chp-22:22_CHP-22Index:l2956-3010,haskell-1980-rev-ed,chp-22,22_CHP-22Index,22_CHP-22Index.md,2956,3010,eeecbeec45a1d20ed50e238bcf48478b954f08e41706d7b161ac339dc7734b3f,421811ae101e6445964aa155f253a566b42ca634b60d547c5057674c3c7f7081,True
chp-22:22_CHP-22Index:l3012-3066,haskell-1980-rev-ed,chp-22,22_CHP-22Index,22_CHP-22Index.md,3012,3066,b133adf261d17a48bb7305d644605c03b35faa495e9539471c61124ccb74666b,421811ae101e6445964aa155f253a566b42ca634b60d547c5057674c3c7f7081,True
chp-22:22_CHP-22Index:l3068-3068,haskell-1980-rev-ed,chp-22,22_CHP-22Index,22_CHP-22Index.md,3068,3068,7a44ec5cec2b8c71058eab0f869c2fc33b679d7947d6b4223d7e580c8ece960a,421811ae101e6445964aa155f253a566b42ca634b60d547c5057674c3c7f7081,True
chp-22:22_CHP-22Index:l3070-3124,haskell-1980-rev-ed,chp-22,22_CHP-22Index,22_CHP-22Index.md,3070,3124,7ac56b7e40d485a9b01399fde19cd9a7b1a385bb3a7157213a8fd5560ff97aba,421811ae101e6445964aa155f253a566b42ca634b60d547c5057674c3c7f7081,True
chp-22:22_CHP-22Index:l3126-3179,haskell-1980-rev-ed,chp-22,22_CHP-22Index,22_CHP-22Index.md,3126,3179,980508bf015ac3e9a1f91843a77796d136c490b38ec0ebfb95762f1c2159abba,421811ae101e6445964aa155f253a566b42ca634b60d547c5057674c3c7f7081,True
chp-22:22_CHP-22Index:l3181-3182,haskell-1980-rev-ed,chp-22,22_CHP-22Index,22_CHP-22Index.md,3181,3182,1c46ec7955ddb260bff1959e135ee4be9aaef8833dd895db2cf389d1672784ad,421811ae101e6445964aa155f253a566b42ca634b60d547c5057674c3c7f7081,True
chp-22:22_CHP-22Index:l3184-3292,haskell-1980-rev-ed,chp-22,22_CHP-22Index,22_CHP-22Index.md,3184,3292,e5d299c67539599e59652a38054940fb461536edb39071785ad9ff4aace087c6,421811ae101e6445964aa155f253a566b42ca634b60d547c5057674c3c7f7081,True
chp-22:22_CHP-22Index:l3294-3294,haskell-1980-rev-ed,chp-22,22_CHP-22Index,22_CHP-22Index.md,3294,3294,e4efda574d8949a5ff0b48f413e83b74811cf39f11e19c9706f238fe9345fb0b,421811ae101e6445964aa155f253a566b42ca634b60d547c5057674c3c7f7081,True
chp-22:22_CHP-22Index:l3296-3349,haskell-1980-rev-ed,chp-22,22_CHP-22Index,22_CHP-22Index.md,3296,3349,90f04015f35072b872427aa6c9e1539e0b83778092c4d99bb69a5dd1a8590b95,421811ae101e6445964aa155f253a566b42ca634b60d547c5057674c3c7f7081,True
chp-22:22_CHP-22Index:l3351-3405,haskell-1980-rev-ed,chp-22,22_CHP-22Index,22_CHP-22Index.md,3351,3405,86a6168a8e058f03ddbd4ade29e9c8e4d25d65fa8cc665430f27902f0e02068e,421811ae101e6445964aa155f253a566b42ca634b60d547c5057674c3c7f7081,True
chp-22:22_CHP-22Index:l3407-3408,haskell-1980-rev-ed,chp-22,22_CHP-22Index,22_CHP-22Index.md,3407,3408,83752c34bb18db65f03793c6b843410dfbc8131010cd4ce02243658986d3e3c0,421811ae101e6445964aa155f253a566b42ca634b60d547c5057674c3c7f7081,True
chp-22:22_CHP-22Index:l3410-3463,haskell-1980-rev-ed,chp-22,22_CHP-22Index,22_CHP-22Index.md,3410,3463,f24f5976820b98b676ec16f16273ef9dcf23a6f12240dfd41cd83e086213cce5,421811ae101e6445964aa155f253a566b42ca634b60d547c5057674c3c7f7081,True
chp-22:22_CHP-22Index:l3465-3515,haskell-1980-rev-ed,chp-22,22_CHP-22Index,22_CHP-22Index.md,3465,3515,287efd6d5d1727f59c40aea3105c9dd13641de1911698bf33fb1512a04082a3a,421811ae101e6445964aa155f253a566b42ca634b60d547c5057674c3c7f7081,True
chp-22:22_CHP-22Index:l3517-3517,haskell-1980-rev-ed,chp-22,22_CHP-22Index,22_CHP-22Index.md,3517,3517,b41e1c5d45ff46cccff5d4683d7bc4a6550e1a23a869a9cd45152e50b4f1f3ee,421811ae101e6445964aa155f253a566b42ca634b60d547c5057674c3c7f7081,True
chp-22:22_CHP-22Index:l3519-3542,haskell-1980-rev-ed,chp-22,22_CHP-22Index,22_CHP-22Index.md,3519,3542,3856c20bc4b4cd6c2992f70ee190d138a8c4c0061e683dd6a21904d8ba6be9ae,421811ae101e6445964aa155f253a566b42ca634b60d547c5057674c3c7f7081,True
chp-22:22_CHP-22Index:l3567-3588,haskell-1980-rev-ed,chp-22,22_CHP-22Index,22_CHP-22Index.md,3567,3588,8fe160f28e33d2728d5ef14e257d78a3ce93035ea86c95c1246da65dda4babcc,421811ae101e6445964aa155f253a566b42ca634b60d547c5057674c3c7f7081,True
chp-22:22_CHP-22Index_intro:l1-1,haskell-1980-rev-ed,chp-22,22_CHP-22Index_intro,22_CHP-22Index_intro.md,1,1,43f4ce34d5a7e2edab2488d02cb009e192b808bd3aa6eaa21854d7c9cae282b4,7542b63166915cf8decaecc62e7ca8b7d91c6d46317abd43c141f7bd93a5196e,True
chp-22:22_CHP-22Index_intro:l3-3,haskell-1980-rev-ed,chp-22,22_CHP-22Index_intro,22_CHP-22Index_intro.md,3,3,1140823e47965d344d7b8f12d028795097bb1e290cde7f9a0bca82bf317542aa,7542b63166915cf8decaecc62e7ca8b7d91c6d46317abd43c141f7bd93a5196e,True
chp-22:22_CHP-22Index_intro:l9-56,haskell-1980-rev-ed,chp-22,22_CHP-22Index_intro,22_CHP-22Index_intro.md,9,56,b2e220f403304d5babbc4cff132f788103e27d330845ef168f8adfd6d3b73834,7542b63166915cf8decaecc62e7ca8b7d91c6d46317abd43c141f7bd93a5196e,True
chp-22:22_CHP-22Index_intro:l64-109,haskell-1980-rev-ed,chp-22,22_CHP-22Index_intro,22_CHP-22Index_intro.md,64,109,088152bcc6317b721fcf559852d62597c7a889b37ce38d59fb0ff734f9175c98,7542b63166915cf8decaecc62e7ca8b7d91c6d46317abd43c141f7bd93a5196e,True
chp-22:22_CHP-22Index_intro:l111-111,haskell-1980-rev-ed,chp-22,22_CHP-22Index_intro,22_CHP-22Index_intro.md,111,111,416bb56c937dafac08927855f582202f906144153af00982e7881b0581e62cb5,7542b63166915cf8decaecc62e7ca8b7d91c6d46317abd43c141f7bd93a5196e,True
chp-22:22_CHP-22Index_intro:l113-168,haskell-1980-rev-ed,chp-22,22_CHP-22Index_intro,22_CHP-22Index_intro.md,113,168,87e5a2348cf321f081dd016f990547ac980d448327689f3d1e29c12cff582750,7542b63166915cf8decaecc62e7ca8b7d91c6d46317abd43c141f7bd93a5196e,True
chp-22:22_CHP-22Index_intro:l170-224,haskell-1980-rev-ed,chp-22,22_CHP-22Index_intro,22_CHP-22Index_intro.md,170,224,21ae9238d9d46902956dca3fe023f27447e70c5b7f7d39ded2fb6164a0a15a8d,7542b63166915cf8decaecc62e7ca8b7d91c6d46317abd43c141f7bd93a5196e,True
chp-22:22_CHP-22Index_intro:l226-227,haskell-1980-rev-ed,chp-22,22_CHP-22Index_intro,22_CHP-22Index_intro.md,226,227,f00ee93a8ef3a3a97a1808b0bbf98d252f2e5e6fb1381ce7d99a81132f1623fe,7542b63166915cf8decaecc62e7ca8b7d91c6d46317abd43c141f7bd93a5196e,True
chp-22:22_CHP-22Index_intro:l229-338,haskell-1980-rev-ed,chp-22,22_CHP-22Index_intro,22_CHP-22Index_intro.md,229,338,a925b67064d68232fe3b246e51368ebcc0db9a0e7197eb8edef3fcf1136d0388,7542b63166915cf8decaecc62e7ca8b7d91c6d46317abd43c141f7bd93a5196e,True
chp-22:22_CHP-22Index_intro:l340-340,haskell-1980-rev-ed,chp-22,22_CHP-22Index_intro,22_CHP-22Index_intro.md,340,340,0921090a91f8e8ac87aa859a90b5d1101258503b1e25ef1d85a38e0a6d074e47,7542b63166915cf8decaecc62e7ca8b7d91c6d46317abd43c141f7bd93a5196e,True
chp-22:22_CHP-22Index_intro:l342-396,haskell-1980-rev-ed,chp-22,22_CHP-22Index_intro,22_CHP-22Index_intro.md,342,396,166fd5098811da10ef8ff40eade0d838ffdca1d3fc34e14bbe3e7e31792afd85,7542b63166915cf8decaecc62e7ca8b7d91c6d46317abd43c141f7bd93a5196e,True
chp-22:22_CHP-22Index_intro:l398-452,haskell-1980-rev-ed,chp-22,22_CHP-22Index_intro,22_CHP-22Index_intro.md,398,452,25c5065fdf47d6783d2c7467caaa62fb665387b9df3756a907220ad87c0f3a34,7542b63166915cf8decaecc62e7ca8b7d91c6d46317abd43c141f7bd93a5196e,True
chp-22:22_CHP-22Index_intro:l454-454,haskell-1980-rev-ed,chp-22,22_CHP-22Index_intro,22_CHP-22Index_intro.md,454,454,32f6a4831e9b7ee4c1b57a23e46fdaf89cb169cfe21e689cffdb1ea45d26fc96,7542b63166915cf8decaecc62e7ca8b7d91c6d46317abd43c141f7bd93a5196e,True
chp-22:22_CHP-22Index_intro:l456-510,haskell-1980-rev-ed,chp-22,22_CHP-22Index_intro,22_CHP-22Index_intro.md,456,510,3ada65455bfd24a983f96a87d11cc0a716d054a4829a4b7cab7633606cf69515,7542b63166915cf8decaecc62e7ca8b7d91c6d46317abd43c141f7bd93a5196e,True
chp-22:22_CHP-22Index_intro:l512-566,haskell-1980-rev-ed,chp-22,22_CHP-22Index_intro,22_CHP-22Index_intro.md,512,566,a9a87e5e30af6dd1613e9693a50a59f15630fea8613c3fdc6e64982d2e992787,7542b63166915cf8decaecc62e7ca8b7d91c6d46317abd43c141f7bd93a5196e,True
chp-22:22_CHP-22Index_intro:l568-568,haskell-1980-rev-ed,chp-22,22_CHP-22Index_intro,22_CHP-22Index_intro.md,568,568,ef79f464f134460605ac80da7a440bfa235a97bc356c784a6d47efecaea97183,7542b63166915cf8decaecc62e7ca8b7d91c6d46317abd43c141f7bd93a5196e,True
chp-22:22_CHP-22Index_intro:l570-624,haskell-1980-rev-ed,chp-22,22_CHP-22Index_intro,22_CHP-22Index_intro.md,570,624,662e532adef1a32826baf023631c5677d92f68308b1e3cfe94b54d8416358643,7542b63166915cf8decaecc62e7ca8b7d91c6d46317abd43c141f7bd93a5196e,True
chp-22:22_CHP-22Index_intro:l626-680,haskell-1980-rev-ed,chp-22,22_CHP-22Index_intro,22_CHP-22Index_intro.md,626,680,addf0bb3dd96288c8bc0f9d98ecc9804b9ee9cac3430c96e409d88d99ad440b5,7542b63166915cf8decaecc62e7ca8b7d91c6d46317abd43c141f7bd93a5196e,True
chp-22:22_CHP-22Index_intro:l682-682,haskell-1980-rev-ed,chp-22,22_CHP-22Index_intro,22_CHP-22Index_intro.md,682,682,c3d89bfbb496ada1657ea0b4033f040476db34b38c026e968b1b722f068231dc,7542b63166915cf8decaecc62e7ca8b7d91c6d46317abd43c141f7bd93a5196e,True
chp-22:22_CHP-22Index_intro:l684-738,haskell-1980-rev-ed,chp-22,22_CHP-22Index_intro,22_CHP-22Index_intro.md,684,738,d7a5c7979905269d954b05517f62e3e858586a112774851de2a8126335cc094b,7542b63166915cf8decaecc62e7ca8b7d91c6d46317abd43c141f7bd93a5196e,True
chp-22:22_CHP-22Index_intro:l740-794,haskell-1980-rev-ed,chp-22,22_CHP-22Index_intro,22_CHP-22Index_intro.md,740,794,7b6cca98f0ac3e5d411d0b72127936f11e901b934de64e93d1e88717b3885099,7542b63166915cf8decaecc62e7ca8b7d91c6d46317abd43c141f7bd93a5196e,True
chp-22:22_CHP-22Index_intro:l796-796,haskell-1980-rev-ed,chp-22,22_CHP-22Index_intro,22_CHP-22Index_intro.md,796,796,76e429597707c00a870be43757ccc5b5625c34a7a1a1419fe84eab986f18a04f,7542b63166915cf8decaecc62e7ca8b7d91c6d46317abd43c141f7bd93a5196e,True
chp-22:22_CHP-22Index_intro:l798-852,haskell-1980-rev-ed,chp-22,22_CHP-22Index_intro,22_CHP-22Index_intro.md,798,852,20d5da8872b582fcc5b8bac0341f497ea83db96770744bbbbaaac69a5b75a04e,7542b63166915cf8decaecc62e7ca8b7d91c6d46317abd43c141f7bd93a5196e,True
chp-22:22_CHP-22Index_intro:l854-908,haskell-1980-rev-ed,chp-22,22_CHP-22Index_intro,22_CHP-22Index_intro.md,854,908,b8403bbfa6f2a63e64ff788929a96b963f07dd7f45dc1e8583248e34f1419aee,7542b63166915cf8decaecc62e7ca8b7d91c6d46317abd43c141f7bd93a5196e,True
chp-22:22_CHP-22Index_intro:l910-911,haskell-1980-rev-ed,chp-22,22_CHP-22Index_intro,22_CHP-22Index_intro.md,910,911,19943e73b3a4db14cd0cd95589d5375698e7dda6f1d03a70f06c439b8bfa9ef5,7542b63166915cf8decaecc62e7ca8b7d91c6d46317abd43c141f7bd93a5196e,True
chp-22:22_CHP-22Index_intro:l913-1022,haskell-1980-rev-ed,chp-22,22_CHP-22Index_intro,22_CHP-22Index_intro.md,913,1022,71cb158030c4452f19f0251e3abc641a15d1070058521cc0db3baf1e90c55209,7542b63166915cf8decaecc62e7ca8b7d91c6d46317abd43c141f7bd93a5196e,True
chp-22:22_CHP-22Index_intro:l1024-1024,haskell-1980-rev-ed,chp-22,22_CHP-22Index_intro,22_CHP-22Index_intro.md,1024,1024,26b543f859467534df442bdd71b9664a91b0adf2fe34a51803d8d82a95d3f399,7542b63166915cf8decaecc62e7ca8b7d91c6d46317abd43c141f7bd93a5196e,True
chp-22:22_CHP-22Index_intro:l1026-1080,haskell-1980-rev-ed,chp-22,22_CHP-22Index_intro,22_CHP-22Index_intro.md,1026,1080,94c403d7146eaeae879a697d427036ae581eff5824d9a0e41625d12d176f0a38,7542b63166915cf8decaecc62e7ca8b7d91c6d46317abd43c141f7bd93a5196e,True
chp-22:22_CHP-22Index_intro:l1082-1136,haskell-1980-rev-ed,chp-22,22_CHP-22Index_intro,22_CHP-22Index_intro.md,1082,1136,74e97f622053a621e4f3bc12db76646a6eb58bcf7ea163b3c183a464d8e2b6c5,7542b63166915cf8decaecc62e7ca8b7d91c6d46317abd43c141f7bd93a5196e,True
chp-22:22_CHP-22Index_intro:l1138-1138,haskell-1980-rev-ed,chp-22,22_CHP-22Index_intro,22_CHP-22Index_intro.md,1138,1138,48c5e82479a08116b2c230b8bd7a6991173115cb7b4d86eae2924cbabdb1373c,7542b63166915cf8decaecc62e7ca8b7d91c6d46317abd43c141f7bd93a5196e,True
chp-22:22_CHP-22Index_intro:l1140-1194,haskell-1980-rev-ed,chp-22,22_CHP-22Index_intro,22_CHP-22Index_intro.md,1140,1194,c67b1315dec6a4a49b05746cd9b64984423d251caf4bd614366c4699cb99bc6e,7542b63166915cf8decaecc62e7ca8b7d91c6d46317abd43c141f7bd93a5196e,True
chp-22:22_CHP-22Index_intro:l1196-1249,haskell-1980-rev-ed,chp-22,22_CHP-22Index_intro,22_CHP-22Index_intro.md,1196,1249,ca8b47aa50625a65e458c323b0ef298febee588e733bf298b977446a2aa3c7da,7542b63166915cf8decaecc62e7ca8b7d91c6d46317abd43c141f7bd93a5196e,True
chp-22:22_CHP-22Index_intro:l1251-1251,haskell-1980-rev-ed,chp-22,22_CHP-22Index_intro,22_CHP-22Index_intro.md,1251,1251,2684de0cefa73e197e50633fabea149c81752eeebdc85a25b82413b5c769a431,7542b63166915cf8decaecc62e7ca8b7d91c6d46317abd43c141f7bd93a5196e,True
chp-22:22_CHP-22Index_intro:l1253-1307,haskell-1980-rev-ed,chp-22,22_CHP-22Index_intro,22_CHP-22Index_intro.md,1253,1307,ab55382ac2a381dd7a45842acef46d0ed1407ee4742c02b7dd713847bf19cd4f,7542b63166915cf8decaecc62e7ca8b7d91c6d46317abd43c141f7bd93a5196e,True
chp-22:22_CHP-22Index_intro:l1309-1363,haskell-1980-rev-ed,chp-22,22_CHP-22Index_intro,22_CHP-22Index_intro.md,1309,1363,14b754d3fbb315b95cca0e1723529cac79150964aa7749bd978b8d355c60dbfc,7542b63166915cf8decaecc62e7ca8b7d91c6d46317abd43c141f7bd93a5196e,True
chp-22:22_CHP-22Index_intro:l1365-1366,haskell-1980-rev-ed,chp-22,22_CHP-22Index_intro,22_CHP-22Index_intro.md,1365,1366,2ac24aad023e082b6fa22c145fd10e6813c4f66ab37e31b3df3eb484ab1e9bb5,7542b63166915cf8decaecc62e7ca8b7d91c6d46317abd43c141f7bd93a5196e,True
chp-22:22_CHP-22Index_intro:l1368-1422,haskell-1980-rev-ed,chp-22,22_CHP-22Index_intro,22_CHP-22Index_intro.md,1368,1422,837743d7143ba9e81a522852ecbed729077523d21c8d4e0d1822f365e99dc4a2,7542b63166915cf8decaecc62e7ca8b7d91c6d46317abd43c141f7bd93a5196e,True
chp-22:22_CHP-22Index_intro:l1424-1477,haskell-1980-rev-ed,chp-22,22_CHP-22Index_intro,22_CHP-22Index_intro.md,1424,1477,6dd7cdec691913a3127e0b5aa67ecedc4e57ee00e21b6a1a53e5765a82508f19,7542b63166915cf8decaecc62e7ca8b7d91c6d46317abd43c141f7bd93a5196e,True
chp-22:22_CHP-22Index_intro:l1479-1479,haskell-1980-rev-ed,chp-22,22_CHP-22Index_intro,22_CHP-22Index_intro.md,1479,1479,017e3e0fde4174d0c1c045f7d6dc3bfc390f5511b7430324bdd9656db6eae4a5,7542b63166915cf8decaecc62e7ca8b7d91c6d46317abd43c141f7bd93a5196e,True
chp-22:22_CHP-22Index_intro:l1481-1535,haskell-1980-rev-ed,chp-22,22_CHP-22Index_intro,22_CHP-22Index_intro.md,1481,1535,315fecf69210afd3bd8c21d5f99bb91a4784073f89d49f8c0c0a58fb2aea85e9,7542b63166915cf8decaecc62e7ca8b7d91c6d46317abd43c141f7bd93a5196e,True
chp-22:22_CHP-22Index_intro:l1537-1591,haskell-1980-rev-ed,chp-22,22_CHP-22Index_intro,22_CHP-22Index_intro.md,1537,1591,b70b61b83e1530c3cb79dfcbab9d0389501cbc49c076f7f37e395362460cb4fd,7542b63166915cf8decaecc62e7ca8b7d91c6d46317abd43c141f7bd93a5196e,True
chp-22:22_CHP-22Index_intro:l1593-1593,haskell-1980-rev-ed,chp-22,22_CHP-22Index_intro,22_CHP-22Index_intro.md,1593,1593,f1cda416a969f90a2413451418d341f9d5a406ac896f80dd1a9393f9390bf51f,7542b63166915cf8decaecc62e7ca8b7d91c6d46317abd43c141f7bd93a5196e,True
chp-22:22_CHP-22Index_intro:l1595-1649,haskell-1980-rev-ed,chp-22,22_CHP-22Index_intro,22_CHP-22Index_intro.md,1595,1649,6e440ee41e83fda4fb75d1ba7e32bc6422c04e6539880f5f1801ead8f839a54b,7542b63166915cf8decaecc62e7ca8b7d91c6d46317abd43c141f7bd93a5196e,True
chp-22:22_CHP-22Index_intro:l1651-1703,haskell-1980-rev-ed,chp-22,22_CHP-22Index_intro,22_CHP-22Index_intro.md,1651,1703,926a50a8cad6ddaa67ba4a2fa7cf74a97c47e2ab21a73a47e4f2f975b03004f6,7542b63166915cf8decaecc62e7ca8b7d91c6d46317abd43c141f7bd93a5196e,True
chp-22:22_CHP-22Index_intro:l1705-1705,haskell-1980-rev-ed,chp-22,22_CHP-22Index_intro,22_CHP-22Index_intro.md,1705,1705,8e3e6528279fd6806292635ded21050301a1f07fc61433edaa834f19ae56fcac,7542b63166915cf8decaecc62e7ca8b7d91c6d46317abd43c141f7bd93a5196e,True
chp-22:22_CHP-22Index_intro:l1707-1761,haskell-1980-rev-ed,chp-22,22_CHP-22Index_intro,22_CHP-22Index_intro.md,1707,1761,cbb0a3bd7cd37ea02efa7827e7a2f4a9153d5164f631c564e8344f66ee6d1ba4,7542b63166915cf8decaecc62e7ca8b7d91c6d46317abd43c141f7bd93a5196e,True
chp-22:22_CHP-22Index_intro:l1763-1817,haskell-1980-rev-ed,chp-22,22_CHP-22Index_intro,22_CHP-22Index_intro.md,1763,1817,81ae416e236fda8f0c16a1cce47268f5050a001e8ca6f24928edbbf5c03c2719,7542b63166915cf8decaecc62e7ca8b7d91c6d46317abd43c141f7bd93a5196e,True
chp-22:22_CHP-22Index_intro:l1819-1820,haskell-1980-rev-ed,chp-22,22_CHP-22Index_intro,22_CHP-22Index_intro.md,1819,1820,212b07088987bbb82b2a1b99c8817e71836ce68c56da6fc88dfc8cfeff03199c,7542b63166915cf8decaecc62e7ca8b7d91c6d46317abd43c141f7bd93a5196e,True
chp-22:22_CHP-22Index_intro:l1822-1876,haskell-1980-rev-ed,chp-22,22_CHP-22Index_intro,22_CHP-22Index_intro.md,1822,1876,88251f85e39a2ffd0839eae681c650d2ba78d953cf0fce34b3737fa0fe71ae69,7542b63166915cf8decaecc62e7ca8b7d91c6d46317abd43c141f7bd93a5196e,True
chp-22:22_CHP-22Index_intro:l1878-1931,haskell-1980-rev-ed,chp-22,22_CHP-22Index_intro,22_CHP-22Index_intro.md,1878,1931,6bb2d3484137fe497373cc6525b2f9cbb74acb09e8031cb53a19288ee8d6cb63,7542b63166915cf8decaecc62e7ca8b7d91c6d46317abd43c141f7bd93a5196e,True
chp-22:22_CHP-22Index_intro:l1933-1933,haskell-1980-rev-ed,chp-22,22_CHP-22Index_intro,22_CHP-22Index_intro.md,1933,1933,82e85195364932abd7a6083390af12cdcb4ca76f3ee899343ba7afa305c11405,7542b63166915cf8decaecc62e7ca8b7d91c6d46317abd43c141f7bd93a5196e,True
chp-22:22_CHP-22Index_intro:l1935-1989,haskell-1980-rev-ed,chp-22,22_CHP-22Index_intro,22_CHP-22Index_intro.md,1935,1989,da2d20fc4327d56f6635898bb41743ec22c145fb355cebfd058f16e8eac7d6f5,7542b63166915cf8decaecc62e7ca8b7d91c6d46317abd43c141f7bd93a5196e,True
chp-22:22_CHP-22Index_intro:l1991-2045,haskell-1980-rev-ed,chp-22,22_CHP-22Index_intro,22_CHP-22Index_intro.md,1991,2045,2093facc736f83d0bfc3fa6187fd7964d4b31c6b1c36b5457cba7280474a70df,7542b63166915cf8decaecc62e7ca8b7d91c6d46317abd43c141f7bd93a5196e,True
chp-22:22_CHP-22Index_intro:l2047-2047,haskell-1980-rev-ed,chp-22,22_CHP-22Index_intro,22_CHP-22Index_intro.md,2047,2047,3d4859d999760d68288d2a9ca7f54d1cc3fcbfd3bae9afdc30e9b44934e99e06,7542b63166915cf8decaecc62e7ca8b7d91c6d46317abd43c141f7bd93a5196e,True
chp-22:22_CHP-22Index_intro:l2049-2103,haskell-1980-rev-ed,chp-22,22_CHP-22Index_intro,22_CHP-22Index_intro.md,2049,2103,de608c609b6bda07745d7883fca7fd713ebe1467f8588fe8a7258f3ce8b68df9,7542b63166915cf8decaecc62e7ca8b7d91c6d46317abd43c141f7bd93a5196e,True
chp-22:22_CHP-22Index_intro:l2105-2158,haskell-1980-rev-ed,chp-22,22_CHP-22Index_intro,22_CHP-22Index_intro.md,2105,2158,6b8e20e488d5ab7265d24fe83ebacf4d6d1d5e49c511fadad4f9cf0392ec07f3,7542b63166915cf8decaecc62e7ca8b7d91c6d46317abd43c141f7bd93a5196e,True
chp-22:22_CHP-22Index_intro:l2160-2160,haskell-1980-rev-ed,chp-22,22_CHP-22Index_intro,22_CHP-22Index_intro.md,2160,2160,90c5fdd0ebd9b2d61215fa47d924a6fc65806b34136a4af326cad54ef301fb09,7542b63166915cf8decaecc62e7ca8b7d91c6d46317abd43c141f7bd93a5196e,True
chp-22:22_CHP-22Index_intro:l2162-2215,haskell-1980-rev-ed,chp-22,22_CHP-22Index_intro,22_CHP-22Index_intro.md,2162,2215,c94cb46898d58dfc50f13d329e7bac585312a57a4bb8f570a949e50228888481,7542b63166915cf8decaecc62e7ca8b7d91c6d46317abd43c141f7bd93a5196e,True
chp-22:22_CHP-22Index_intro:l2217-2270,haskell-1980-rev-ed,chp-22,22_CHP-22Index_intro,22_CHP-22Index_intro.md,2217,2270,bee0a3bfb9bfb33e78a83a5a10914df94548a4943bb5bcf02b147b855982ef7d,7542b63166915cf8decaecc62e7ca8b7d91c6d46317abd43c141f7bd93a5196e,True
chp-22:22_CHP-22Index_intro:l2272-2272,haskell-1980-rev-ed,chp-22,22_CHP-22Index_intro,22_CHP-22Index_intro.md,2272,2272,3f1e07e56b0bca30e4f28558f44574ad2efb9c5d4483d0f2ead04ed3d50faa69,7542b63166915cf8decaecc62e7ca8b7d91c6d46317abd43c141f7bd93a5196e,True
chp-22:22_CHP-22Index_intro:l2274-2328,haskell-1980-rev-ed,chp-22,22_CHP-22Index_intro,22_CHP-22Index_intro.md,2274,2328,cc7c6759eead4a515620af508c0b5618616277538823a8413936a3e62fb1dcc9,7542b63166915cf8decaecc62e7ca8b7d91c6d46317abd43c141f7bd93a5196e,True
chp-22:22_CHP-22Index_intro:l2330-2385,haskell-1980-rev-ed,chp-22,22_CHP-22Index_intro,22_CHP-22Index_intro.md,2330,2385,91edfb30f4b67634635223731d4f880886276f9773ab754b6c08c0558f06c94c,7542b63166915cf8decaecc62e7ca8b7d91c6d46317abd43c141f7bd93a5196e,True
chp-22:22_CHP-22Index_intro:l2387-2387,haskell-1980-rev-ed,chp-22,22_CHP-22Index_intro,22_CHP-22Index_intro.md,2387,2387,e3fb49fcbac2f3391293ccbc4d283ba9f9d2bfc9770adf404f2ef17a6e87166b,7542b63166915cf8decaecc62e7ca8b7d91c6d46317abd43c141f7bd93a5196e,True
chp-22:22_CHP-22Index_intro:l2389-2444,haskell-1980-rev-ed,chp-22,22_CHP-22Index_intro,22_CHP-22Index_intro.md,2389,2444,6eb7c53b0561452e5ab61cf9113aa51eecc3d8c140cfd0b186d1b1d3b6d9fa5b,7542b63166915cf8decaecc62e7ca8b7d91c6d46317abd43c141f7bd93a5196e,True
chp-22:22_CHP-22Index_intro:l2446-2500,haskell-1980-rev-ed,chp-22,22_CHP-22Index_intro,22_CHP-22Index_intro.md,2446,2500,e88ad3c60262d3491a3c9a1e27789d70bf05666e3e75949b260d81ef0cd4e743,7542b63166915cf8decaecc62e7ca8b7d91c6d46317abd43c141f7bd93a5196e,True
chp-22:22_CHP-22Index_intro:l2502-2503,haskell-1980-rev-ed,chp-22,22_CHP-22Index_intro,22_CHP-22Index_intro.md,2502,2503,4acb1a55fc5303287ad1b5976ea697e6147fd5d007aa7d4043eef1072ea3970a,7542b63166915cf8decaecc62e7ca8b7d91c6d46317abd43c141f7bd93a5196e,True
chp-22:22_CHP-22Index_intro:l2505-2559,haskell-1980-rev-ed,chp-22,22_CHP-22Index_intro,22_CHP-22Index_intro.md,2505,2559,71669a91164b46cd30c92d36979d7846e45aa1171136c21db1294e9af7576c72,7542b63166915cf8decaecc62e7ca8b7d91c6d46317abd43c141f7bd93a5196e,True
chp-22:22_CHP-22Index_intro:l2561-2612,haskell-1980-rev-ed,chp-22,22_CHP-22Index_intro,22_CHP-22Index_intro.md,2561,2612,0fb4962b34fc18f6fd224090142fa3f2be7750ce99b4bc59dcc7082ca02a4935,7542b63166915cf8decaecc62e7ca8b7d91c6d46317abd43c141f7bd93a5196e,True
chp-22:22_CHP-22Index_intro:l2614-2614,haskell-1980-rev-ed,chp-22,22_CHP-22Index_intro,22_CHP-22Index_intro.md,2614,2614,edd1dd6b31cba123814b79054a8fd35247fe9d3d5c253b64e1d842c9203a592e,7542b63166915cf8decaecc62e7ca8b7d91c6d46317abd43c141f7bd93a5196e,True
chp-22:22_CHP-22Index_intro:l2616-2670,haskell-1980-rev-ed,chp-22,22_CHP-22Index_intro,22_CHP-22Index_intro.md,2616,2670,e9bf58b0e6930f477b1a827131835ede75daa2b2f63835bda78c6096e7755477,7542b63166915cf8decaecc62e7ca8b7d91c6d46317abd43c141f7bd93a5196e,True
chp-22:22_CHP-22Index_intro:l2672-2726,haskell-1980-rev-ed,chp-22,22_CHP-22Index_intro,22_CHP-22Index_intro.md,2672,2726,9068537f03f6e3c4c18ae09c2b3373b9821b8e9749bd482f9225ed1f004edf17,7542b63166915cf8decaecc62e7ca8b7d91c6d46317abd43c141f7bd93a5196e,True
chp-22:22_CHP-22Index_intro:l2728-2729,haskell-1980-rev-ed,chp-22,22_CHP-22Index_intro,22_CHP-22Index_intro.md,2728,2729,03501b7a9700b7edb046f3b547b25b1102b5ab2d138638a33498db36fad49521,7542b63166915cf8decaecc62e7ca8b7d91c6d46317abd43c141f7bd93a5196e,True
chp-22:22_CHP-22Index_intro:l2731-2785,haskell-1980-rev-ed,chp-22,22_CHP-22Index_intro,22_CHP-22Index_intro.md,2731,2785,cba118d5f7fede5dc1e0d410efabe673f49afaa1805dab37f16dc1dc31bbaaa7,7542b63166915cf8decaecc62e7ca8b7d91c6d46317abd43c141f7bd93a5196e,True
chp-22:22_CHP-22Index_intro:l2787-2840,haskell-1980-rev-ed,chp-22,22_CHP-22Index_intro,22_CHP-22Index_intro.md,2787,2840,22d65b8e286f61c74f59d3e2fd2be8a341cc336c34e2bab0f53a396d333072b0,7542b63166915cf8decaecc62e7ca8b7d91c6d46317abd43c141f7bd93a5196e,True
chp-22:22_CHP-22Index_intro:l2842-2842,haskell-1980-rev-ed,chp-22,22_CHP-22Index_intro,22_CHP-22Index_intro.md,2842,2842,ccb6ef00ad066d55494bfcd323c607da52b412d89f6f117a43069378a39ee686,7542b63166915cf8decaecc62e7ca8b7d91c6d46317abd43c141f7bd93a5196e,True
chp-22:22_CHP-22Index_intro:l2844-2897,haskell-1980-rev-ed,chp-22,22_CHP-22Index_intro,22_CHP-22Index_intro.md,2844,2897,f96320b5bf55f64ac139fdd12b8abad8d7d52189091542f1ae29daaf3234b019,7542b63166915cf8decaecc62e7ca8b7d91c6d46317abd43c141f7bd93a5196e,True
chp-22:22_CHP-22Index_intro:l2899-2952,haskell-1980-rev-ed,chp-22,22_CHP-22Index_intro,22_CHP-22Index_intro.md,2899,2952,6df000e06522eae8c8058ff3fca7da5a20ac86d4568bcb1cdf2195732971d363,7542b63166915cf8decaecc62e7ca8b7d91c6d46317abd43c141f7bd93a5196e,True
chp-22:22_CHP-22Index_intro:l2954-2954,haskell-1980-rev-ed,chp-22,22_CHP-22Index_intro,22_CHP-22Index_intro.md,2954,2954,f60ec360b481c8519ed9cc3ebee9eccf757b9ed7ccaad63dec5e626b5118f08b,7542b63166915cf8decaecc62e7ca8b7d91c6d46317abd43c141f7bd93a5196e,True
chp-22:22_CHP-22Index_intro:l2956-3010,haskell-1980-rev-ed,chp-22,22_CHP-22Index_intro,22_CHP-22Index_intro.md,2956,3010,fdf3ffe2b857fada0f053d94a4dd25fcbe778556e996c6d68bac3f29e4bfaa95,7542b63166915cf8decaecc62e7ca8b7d91c6d46317abd43c141f7bd93a5196e,True
chp-22:22_CHP-22Index_intro:l3012-3066,haskell-1980-rev-ed,chp-22,22_CHP-22Index_intro,22_CHP-22Index_intro.md,3012,3066,2e9a84a23f3d1d54f2ddee79ff97cce7dd8858704e1cf3c1021c41b31224cf0b,7542b63166915cf8decaecc62e7ca8b7d91c6d46317abd43c141f7bd93a5196e,True
chp-22:22_CHP-22Index_intro:l3068-3068,haskell-1980-rev-ed,chp-22,22_CHP-22Index_intro,22_CHP-22Index_intro.md,3068,3068,7a44ec5cec2b8c71058eab0f869c2fc33b679d7947d6b4223d7e580c8ece960a,7542b63166915cf8decaecc62e7ca8b7d91c6d46317abd43c141f7bd93a5196e,True
chp-22:22_CHP-22Index_intro:l3070-3124,haskell-1980-rev-ed,chp-22,22_CHP-22Index_intro,22_CHP-22Index_intro.md,3070,3124,632ecbca2c550840ead4010c9200989b6471c25dc624aa5ff316540c3522881a,7542b63166915cf8decaecc62e7ca8b7d91c6d46317abd43c141f7bd93a5196e,True
chp-22:22_CHP-22Index_intro:l3126-3178,haskell-1980-rev-ed,chp-22,22_CHP-22Index_intro,22_CHP-22Index_intro.md,3126,3178,ef82f85c583d46aae5b94b94b1e787f8cd1632182cad83bbcd1181ea6cb5d36b,7542b63166915cf8decaecc62e7ca8b7d91c6d46317abd43c141f7bd93a5196e,True
chp-22:22_CHP-22Index_intro:l3180-3181,haskell-1980-rev-ed,chp-22,22_CHP-22Index_intro,22_CHP-22Index_intro.md,3180,3181,1c46ec7955ddb260bff1959e135ee4be9aaef8833dd895db2cf389d1672784ad,7542b63166915cf8decaecc62e7ca8b7d91c6d46317abd43c141f7bd93a5196e,True
chp-22:22_CHP-22Index_intro:l3183-3291,haskell-1980-rev-ed,chp-22,22_CHP-22Index_intro,22_CHP-22Index_intro.md,3183,3291,4dea0c208bae8834ff42e0f2cd04c32b9b390260bc96281b92d0eb2bbc623bde,7542b63166915cf8decaecc62e7ca8b7d91c6d46317abd43c141f7bd93a5196e,True
chp-22:22_CHP-22Index_intro:l3293-3293,haskell-1980-rev-ed,chp-22,22_CHP-22Index_intro,22_CHP-22Index_intro.md,3293,3293,e4efda574d8949a5ff0b48f413e83b74811cf39f11e19c9706f238fe9345fb0b,7542b63166915cf8decaecc62e7ca8b7d91c6d46317abd43c141f7bd93a5196e,True
chp-22:22_CHP-22Index_intro:l3295-3348,haskell-1980-rev-ed,chp-22,22_CHP-22Index_intro,22_CHP-22Index_intro.md,3295,3348,4000f6b76152b8888465eb3352e8073cac76ee3c5b74e986cf120844b8076a88,7542b63166915cf8decaecc62e7ca8b7d91c6d46317abd43c141f7bd93a5196e,True
chp-22:22_CHP-22Index_intro:l3350-3404,haskell-1980-rev-ed,chp-22,22_CHP-22Index_intro,22_CHP-22Index_intro.md,3350,3404,a565619805df48620311509fc2e9e37cb1d219bad957d8d9815e3490e7463fb5,7542b63166915cf8decaecc62e7ca8b7d91c6d46317abd43c141f7bd93a5196e,True
chp-22:22_CHP-22Index_intro:l3406-3407,haskell-1980-rev-ed,chp-22,22_CHP-22Index_intro,22_CHP-22Index_intro.md,3406,3407,83752c34bb18db65f03793c6b843410dfbc8131010cd4ce02243658986d3e3c0,7542b63166915cf8decaecc62e7ca8b7d91c6d46317abd43c141f7bd93a5196e,True
chp-22:22_CHP-22Index_intro:l3409-3462,haskell-1980-rev-ed,chp-22,22_CHP-22Index_intro,22_CHP-22Index_intro.md,3409,3462,a327155024f73ad845aa5a07933d63e4d6f825cece9bec4ec56300e8d2a74369,7542b63166915cf8decaecc62e7ca8b7d91c6d46317abd43c141f7bd93a5196e,True
chp-22:22_CHP-22Index_intro:l3464-3514,haskell-1980-rev-ed,chp-22,22_CHP-22Index_intro,22_CHP-22Index_intro.md,3464,3514,1198e8ece1fa4e9747b3f0d6be19ce7cd349c1deb8d4bbc0ccfe8aea94e4b5a0,7542b63166915cf8decaecc62e7ca8b7d91c6d46317abd43c141f7bd93a5196e,True
chp-22:22_CHP-22Index_intro:l3516-3516,haskell-1980-rev-ed,chp-22,22_CHP-22Index_intro,22_CHP-22Index_intro.md,3516,3516,b41e1c5d45ff46cccff5d4683d7bc4a6550e1a23a869a9cd45152e50b4f1f3ee,7542b63166915cf8decaecc62e7ca8b7d91c6d46317abd43c141f7bd93a5196e,True
chp-22:22_CHP-22Index_intro:l3518-3541,haskell-1980-rev-ed,chp-22,22_CHP-22Index_intro,22_CHP-22Index_intro.md,3518,3541,930c161b882049f4fdfd8c05a4ea6e5027c30c2b9cc24cb3155cbe2e299875a2,7542b63166915cf8decaecc62e7ca8b7d91c6d46317abd43c141f7bd93a5196e,True
chp-22:22_CHP-22Index_intro:l3566-3587,haskell-1980-rev-ed,chp-22,22_CHP-22Index_intro,22_CHP-22Index_intro.md,3566,3587,8fe160f28e33d2728d5ef14e257d78a3ce93035ea86c95c1246da65dda4babcc,7542b63166915cf8decaecc62e7ca8b7d91c6d46317abd43c141f7bd93a5196e,True
