source_id,kind,label,version,accessed_date,citation,url
haskell-1980-rev-ed,book,"Francis Haskell, Patrons and Painters, revised and enlarged ed. (New Haven and London: Yale University Press, 1980; this printing 2006), ch. 1, pp. 17.",,,"Francis Haskell, Patrons and Painters, revised and enlarged ed. (New Haven and London: Yale University Press, 1980; this printing 2006), ch. 1, pp. 17.",https://www.fondazione1563.it/pdf/La-Riscoperta-Del-Seicento.pdf
src-001661abd0baedb5,external,"Wikidata, Q3894101, revision 2513852338. https://www.wikidata.org/wiki/Q3894101. Accessed 2026-09-10.",,,"Wikidata, Q3894101, revision 2513852338. https://www.wikidata.org/wiki/Q3894101. Accessed 2026-09-10.",https://www.wikidata.org/wiki/Q3894101
src-00716af58395a8d4,external,"Maria Concetta Calabrese, “Ruffo, Antonio,” Dizionario Biografico degli Italiani, vol. 89 (2017), Treccani. https://www.treccani.it/enciclopedia/antonio-ruffo_(Dizionario-Biografico)/. Accessed 2026-09-11.",,,"Maria Concetta Calabrese, “Ruffo, Antonio,” Dizionario Biografico degli Italiani, vol. 89 (2017), Treccani. https://www.treccani.it/enciclopedia/antonio-ruffo_(Dizionario-Biografico)/. Accessed 2026-09-11.",https://www.treccani.it/enciclopedia/antonio-ruffo_(Dizionario-Biografico)/
src-00769adaa9f8db31,external,"Wikipedia (en), Filippo Baldinucci, revision 1363682752. https://en.wikipedia.org/wiki/Filippo_Baldinucci. Accessed 2026-09-10.",,,"Wikipedia (en), Filippo Baldinucci, revision 1363682752. https://en.wikipedia.org/wiki/Filippo_Baldinucci. Accessed 2026-09-10.",https://en.wikipedia.org/wiki/Filippo_Baldinucci
src-00809e6dd9c338fd,external,"Wikipedia (en), The Incredulity of Saint Thomas (Caravaggio), revision 1361428878. https://en.wikipedia.org/wiki/The_Incredulity_of_Saint_Thomas_(Caravaggio). Accessed 2026-09-12.",,,"Wikipedia (en), The Incredulity of Saint Thomas (Caravaggio), revision 1361428878. https://en.wikipedia.org/wiki/The_Incredulity_of_Saint_Thomas_(Caravaggio). Accessed 2026-09-12.",https://en.wikipedia.org/wiki/The_Incredulity_of_Saint_Thomas_(Caravaggio)
src-00a994e05c879009,external,"Wikidata, Q807815, revision 2491112480. https://www.wikidata.org/wiki/Q807815. Accessed 2026-09-11.",,,"Wikidata, Q807815, revision 2491112480. https://www.wikidata.org/wiki/Q807815. Accessed 2026-09-11.",https://www.wikidata.org/wiki/Q807815
src-00fa72506147a8db,external,"Silvano Giordano, PAOLO V, papa, Dizionario Biografico degli Italiani, vol.81 (2014). https://www.treccani.it/enciclopedia/papa-paolo-v_(Dizionario-Biografico)/. Accessed 2026-09-10.",,,"Silvano Giordano, PAOLO V, papa, Dizionario Biografico degli Italiani, vol.81 (2014). https://www.treccani.it/enciclopedia/papa-paolo-v_(Dizionario-Biografico)/. Accessed 2026-09-10.",https://www.treccani.it/enciclopedia/papa-paolo-v_(Dizionario-Biografico)/
src-01153e0b51090d58,external,"University of Cambridge, About the University. https://www.cam.ac.uk/about-the-university. Accessed 2026-09-15.",,,"University of Cambridge, About the University. https://www.cam.ac.uk/about-the-university. Accessed 2026-09-15.",https://www.cam.ac.uk/about-the-university
src-011ac2dbd7913eba,external,"Vincenzo Ruffo, ‘Galleria Ruffo nel secolo XVII in Messina,’ Bollettino d’Arte 10, fasc. 5–6 (1916), pp. 165–192, printed pp. 168–169. Internet Archive scan and OCR: https://archive.org/stream/bollettinodarte10italuoft/bollettinodarte10italuoft_djvu.txt. Accessed 2026-09-25.",,,"Vincenzo Ruffo, ‘Galleria Ruffo nel secolo XVII in Messina,’ Bollettino d’Arte 10, fasc. 5–6 (1916), pp. 165–192, printed pp. 168–169. Internet Archive scan and OCR: https://archive.org/stream/bollettinodarte10italuoft/bollettinodarte10italuoft_djvu.txt. Accessed 2026-09-25.",https://archive.org/stream/bollettinodarte10italuoft/bollettinodarte10italuoft_djvu.txt
src-015d1e7c0af378c7,external,"Wikidata, Q506483, revision 2540214586. https://www.wikidata.org/wiki/Q506483. Accessed 2026-09-10.",,,"Wikidata, Q506483, revision 2540214586. https://www.wikidata.org/wiki/Q506483. Accessed 2026-09-10.",https://www.wikidata.org/wiki/Q506483
src-01634381ddcb8943,external,"Wikipedia (en), ‘Orazio Ludovisi,’ revision 1301893644. https://en.wikipedia.org/wiki/Orazio_Ludovisi. Accessed 2026-09-25.",,,"Wikipedia (en), ‘Orazio Ludovisi,’ revision 1301893644. https://en.wikipedia.org/wiki/Orazio_Ludovisi. Accessed 2026-09-25.",https://en.wikipedia.org/wiki/Orazio_Ludovisi
src-016b2d8ee85cc50c,external,"Michele Simonetto, “Gianfranco Torcellan (1938-1966),” Rivista storica italiana 120, no. 1 (2008), pp. 132-182. https://www.openstarts.units.it/bitstream/10077/15487/1/Riviste-storiche-full-text.pdf. Accessed 2026-09-25.",,,"Michele Simonetto, “Gianfranco Torcellan (1938-1966),” Rivista storica italiana 120, no. 1 (2008), pp. 132-182. https://www.openstarts.units.it/bitstream/10077/15487/1/Riviste-storiche-full-text.pdf. Accessed 2026-09-25.",https://www.openstarts.units.it/bitstream/10077/15487/1/Riviste-storiche-full-text.pdf
src-017c4573ce6f3320,external,"Wikipedia (en), Massacre of the Innocents (Reni), revision 1361282196. https://en.wikipedia.org/wiki/Massacre_of_the_Innocents_(Reni). Accessed 2026-09-11.",,,"Wikipedia (en), Massacre of the Innocents (Reni), revision 1361282196. https://en.wikipedia.org/wiki/Massacre_of_the_Innocents_(Reni). Accessed 2026-09-11.",https://en.wikipedia.org/wiki/Massacre_of_the_Innocents_(Reni)
src-018d7408ec539e87,external,"Wikipédia (pt), Palazzo della Minerva, https://pt.wikipedia.org/wiki/Palazzo_della_Minerva. Accessed 2026-09-25.",,,"Wikipédia (pt), Palazzo della Minerva, https://pt.wikipedia.org/wiki/Palazzo_della_Minerva. Accessed 2026-09-25.",https://pt.wikipedia.org/wiki/Palazzo_della_Minerva
src-019b94b4bd3889b1,external,"Wikidata, Q979862, revision 2521302859. https://www.wikidata.org/wiki/Q979862. Accessed 2026-09-11.",,,"Wikidata, Q979862, revision 2521302859. https://www.wikidata.org/wiki/Q979862. Accessed 2026-09-11.",https://www.wikidata.org/wiki/Q979862
src-01a0e733f9dfd06a,external,"Wikidata, Q3889852. https://www.wikidata.org/wiki/Q3889852. Accessed 2026-09-13.",,,"Wikidata, Q3889852. https://www.wikidata.org/wiki/Q3889852. Accessed 2026-09-13.",https://www.wikidata.org/wiki/Q3889852
src-01bacd04bba025f3,external,"Wikipedia (en), Pietro da Cortona, revision 1368378432. https://en.wikipedia.org/wiki/Pietro_da_Cortona. Accessed 2026-09-10.",,,"Wikipedia (en), Pietro da Cortona, revision 1368378432. https://en.wikipedia.org/wiki/Pietro_da_Cortona. Accessed 2026-09-10.",https://en.wikipedia.org/wiki/Pietro_da_Cortona
src-01ca8debf3b062b2,external,"Wikidata, Q1460179, https://www.wikidata.org/wiki/Q1460179. Accessed 2026-09-12.",,,"Wikidata, Q1460179, https://www.wikidata.org/wiki/Q1460179. Accessed 2026-09-12.",https://www.wikidata.org/wiki/Q1460179
src-0246e0bacc1a90dd,external,"Wikipedia (en), London, revision 1372851516. https://en.wikipedia.org/wiki/London. Accessed 2026-09-10.",,,"Wikipedia (en), London, revision 1372851516. https://en.wikipedia.org/wiki/London. Accessed 2026-09-10.",https://en.wikipedia.org/wiki/London
src-024fdb7d196fd22d,external,"Wikidata, Q38, revision 2540155272. https://www.wikidata.org/wiki/Q38. Accessed 2026-09-10.",,,"Wikidata, Q38, revision 2540155272. https://www.wikidata.org/wiki/Q38. Accessed 2026-09-10.",https://www.wikidata.org/wiki/Q38
src-02813ef29a74bbef,external,"Wikidata, Q979862, revision 2521302859. https://www.wikidata.org/wiki/Q979862. Accessed 2026-09-10.",,,"Wikidata, Q979862, revision 2521302859. https://www.wikidata.org/wiki/Q979862. Accessed 2026-09-10.",https://www.wikidata.org/wiki/Q979862
src-029274d915796912,external,"Treccani, Cerato, Domenico, Enciclopedia on line. https://www.treccani.it/enciclopedia/domenico-cerato/. Accessed 2026-09-15.",,,"Treccani, Cerato, Domenico, Enciclopedia on line. https://www.treccani.it/enciclopedia/domenico-cerato/. Accessed 2026-09-15.",https://www.treccani.it/enciclopedia/domenico-cerato/
src-02ae4eb85abd6a19,external,"Wikipedia (en), Dilettante, revision 1137118373. https://en.wikipedia.org/wiki/Dilettante. Accessed 2026-09-10.",,,"Wikipedia (en), Dilettante, revision 1137118373. https://en.wikipedia.org/wiki/Dilettante. Accessed 2026-09-10.",https://en.wikipedia.org/wiki/Dilettante
src-0327f696edfcd186,external,"Wikidata, Q1203458. https://www.wikidata.org/wiki/Q1203458. Accessed 2026-09-13.",,,"Wikidata, Q1203458. https://www.wikidata.org/wiki/Q1203458. Accessed 2026-09-13.",https://www.wikidata.org/wiki/Q1203458
src-032f49b9dc487b92,external,"Wikipedia (en), Viviano Codazzi. https://en.wikipedia.org/wiki/Viviano_Codazzi. Accessed 2026-09-13.",,,"Wikipedia (en), Viviano Codazzi. https://en.wikipedia.org/wiki/Viviano_Codazzi. Accessed 2026-09-13.",https://en.wikipedia.org/wiki/Viviano_Codazzi
src-036a9b79626fe5fb,external,"Wikipedia (en), Andrea Pozzo, revision 1372387537. https://en.wikipedia.org/wiki/Andrea_Pozzo. Accessed 2026-09-10.",,,"Wikipedia (en), Andrea Pozzo, revision 1372387537. https://en.wikipedia.org/wiki/Andrea_Pozzo. Accessed 2026-09-10.",https://en.wikipedia.org/wiki/Andrea_Pozzo
src-036bd418fe1d0928,external,"Wikidata, Q133100, revision 2522262302. https://www.wikidata.org/wiki/Q133100. Accessed 2026-09-10.",,,"Wikidata, Q133100, revision 2522262302. https://www.wikidata.org/wiki/Q133100. Accessed 2026-09-10.",https://www.wikidata.org/wiki/Q133100
src-036f8f2167ace8ca,external,"Wikidata, Q3106993, revision 2513805031. https://www.wikidata.org/wiki/Q3106993. Accessed 2026-09-11.",,,"Wikidata, Q3106993, revision 2513805031. https://www.wikidata.org/wiki/Q3106993. Accessed 2026-09-11.",https://www.wikidata.org/wiki/Q3106993
src-0375bbd926f19966,external,"Wikipedia (en), Milan, revision 1373568393. https://en.wikipedia.org/wiki/Milan. Accessed 2026-09-11.",,,"Wikipedia (en), Milan, revision 1373568393. https://en.wikipedia.org/wiki/Milan. Accessed 2026-09-11.",https://en.wikipedia.org/wiki/Milan
src-0391a35e77142cdf,external,"Wikidata, Q58337859, https://www.wikidata.org/wiki/Q58337859. Accessed 2026-09-25.",,,"Wikidata, Q58337859, https://www.wikidata.org/wiki/Q58337859. Accessed 2026-09-25.",https://www.wikidata.org/wiki/Q58337859
src-040337c22a1b9113,external,"BONATTI, Giovanni, detto Giovannino del Pio o il Ferraresino, Dizionario Biografico degli Italiani 11 (1969),署名**. https://www.treccani.it/enciclopedia/bonatti-giovanni-detto-giovannino-del-pio-o-il-ferraresino_(Dizionario-Biografico)/. Accessed 2026-09-11.",,,"BONATTI, Giovanni, detto Giovannino del Pio o il Ferraresino, Dizionario Biografico degli Italiani 11 (1969),署名**. https://www.treccani.it/enciclopedia/bonatti-giovanni-detto-giovannino-del-pio-o-il-ferraresino_(Dizionario-Biografico)/. Accessed 2026-09-11.",https://www.treccani.it/enciclopedia/bonatti-giovanni-detto-giovannino-del-pio-o-il-ferraresino_(Dizionario-Biografico)/
src-040db22d3c3a7eaa,external,"Complesso Monumentale della Pilotta, Farnese Theatre. https://complessopilotta.it/en/the-farnese-theatre/. Accessed 2026-09-11.",,,"Complesso Monumentale della Pilotta, Farnese Theatre. https://complessopilotta.it/en/the-farnese-theatre/. Accessed 2026-09-11.",https://complessopilotta.it/en/the-farnese-theatre/
src-0418070b2d56388c,external,"Wikipedia (en), Sant'Agnese in Agone, revision 1362791584. https://en.wikipedia.org/wiki/Sant'Agnese_in_Agone Accessed 2026-09-11.",,,"Wikipedia (en), Sant'Agnese in Agone, revision 1362791584. https://en.wikipedia.org/wiki/Sant'Agnese_in_Agone Accessed 2026-09-11.",https://en.wikipedia.org/wiki/Sant'Agnese_in_Agone
src-046c5789d1b4304f,external,"The Burlington Magazine, June 1974, vol. 116, no. 855. https://www.burlington.org.uk/archive/back-issues/197406. Accessed 2026-09-14.",,,"The Burlington Magazine, June 1974, vol. 116, no. 855. https://www.burlington.org.uk/archive/back-issues/197406. Accessed 2026-09-14.",https://www.burlington.org.uk/archive/back-issues/197406
src-0480d70d2e0966dd,external,"King’s College Cambridge, Guide to the Modern Archives. https://www.kings.cam.ac.uk/guide-modern-archives. Accessed 2026-09-14.",,,"King’s College Cambridge, Guide to the Modern Archives. https://www.kings.cam.ac.uk/guide-modern-archives. Accessed 2026-09-14.",https://www.kings.cam.ac.uk/guide-modern-archives
src-04a70ba6ce0ba415,external,"Wikipedia (en), Pio Monte della Misericordia. https://en.wikipedia.org/wiki/Pio_Monte_della_Misericordia. Accessed 2026-09-13.",,,"Wikipedia (en), Pio Monte della Misericordia. https://en.wikipedia.org/wiki/Pio_Monte_della_Misericordia. Accessed 2026-09-13.",https://en.wikipedia.org/wiki/Pio_Monte_della_Misericordia
src-04db55a4a8eb4aad,external,"Wikipedia (en), The Calling of Saints Peter and Andrew, revision 1361422659. https://en.wikipedia.org/wiki/The_Calling_of_Saints_Peter_and_Andrew. Accessed 2026-09-12.",,,"Wikipedia (en), The Calling of Saints Peter and Andrew, revision 1361422659. https://en.wikipedia.org/wiki/The_Calling_of_Saints_Peter_and_Andrew. Accessed 2026-09-12.",https://en.wikipedia.org/wiki/The_Calling_of_Saints_Peter_and_Andrew
src-04dd90649c4f861f,external,"Wikidata, Q3155864, revision 2519568660. https://www.wikidata.org/wiki/Q3155864. Accessed 2026-09-11.",,,"Wikidata, Q3155864, revision 2519568660. https://www.wikidata.org/wiki/Q3155864. Accessed 2026-09-11.",https://www.wikidata.org/wiki/Q3155864
src-052e358e466ba3e4,external,"Wikipedia (en), Guillaume Courtois, revision 1365392920. https://en.wikipedia.org/wiki/Guillaume_Courtois. Accessed 2026-09-10.",,,"Wikipedia (en), Guillaume Courtois, revision 1365392920. https://en.wikipedia.org/wiki/Guillaume_Courtois. Accessed 2026-09-10.",https://en.wikipedia.org/wiki/Guillaume_Courtois
src-053130f65a7a55dc,external,"Accademia Nazionale di San Luca, Storia dell’Accademia. https://accademiasanluca.it/accademia/storia-dell-accademia. Accessed 2026-09-11.",,,"Accademia Nazionale di San Luca, Storia dell’Accademia. https://accademiasanluca.it/accademia/storia-dell-accademia. Accessed 2026-09-11.",https://accademiasanluca.it/accademia/storia-dell-accademia
src-05aa6eb6826278ac,external,"Wikidata, Q160538, revision 2541050077. https://www.wikidata.org/wiki/Q160538. Accessed 2026-09-10.",,,"Wikidata, Q160538, revision 2541050077. https://www.wikidata.org/wiki/Q160538. Accessed 2026-09-10.",https://www.wikidata.org/wiki/Q160538
src-05cc75448ae4fab5,external,"Getty Research Institute, Art & Architecture Thesaurus, altarpieces, 300075940. https://www.getty.edu/vow/AATFullDisplay?find=&logic=AND&note=&page=1&subjectid=300075940. Accessed 2026-09-10.",,,"Getty Research Institute, Art & Architecture Thesaurus, altarpieces, 300075940. https://www.getty.edu/vow/AATFullDisplay?find=&logic=AND&note=&page=1&subjectid=300075940. Accessed 2026-09-10.",https://www.getty.edu/vow/AATFullDisplay?find=&logic=AND&note=&page=1&subjectid=300075940
src-05edc3f890c8c9f6,external,"Wikidata, Q510799, https://www.wikidata.org/wiki/Q510799. Accessed 2026-09-12.",,,"Wikidata, Q510799, https://www.wikidata.org/wiki/Q510799. Accessed 2026-09-12.",https://www.wikidata.org/wiki/Q510799
src-06460ee320510249,external,"Wikidata, Q88949215, revision 2490982581. https://www.wikidata.org/wiki/Q88949215. Accessed 2026-09-10.",,,"Wikidata, Q88949215, revision 2490982581. https://www.wikidata.org/wiki/Q88949215. Accessed 2026-09-10.",https://www.wikidata.org/wiki/Q88949215
src-064f69d88b9bea2e,external,"Wikidata Q192110, revision 2525864132. https://www.wikidata.org/wiki/Q192110. Accessed 2026-09-11.",,,"Wikidata Q192110, revision 2525864132. https://www.wikidata.org/wiki/Q192110. Accessed 2026-09-11.",https://www.wikidata.org/wiki/Q192110
src-068c0a611fd68c81,external,"Sant'Andrea della Valle, La facciata. https://santandrea.teatinos.org/accenni-storia-arte/la-facciata/. Accessed 2026-09-10.",,,"Sant'Andrea della Valle, La facciata. https://santandrea.teatinos.org/accenni-storia-arte/la-facciata/. Accessed 2026-09-10.",https://santandrea.teatinos.org/accenni-storia-arte/la-facciata/
src-068d694d0b209e07,external,"Wikidata, Q134194, revision 2509243265. https://www.wikidata.org/wiki/Q134194. Accessed 2026-09-10.",,,"Wikidata, Q134194, revision 2509243265. https://www.wikidata.org/wiki/Q134194. Accessed 2026-09-10.",https://www.wikidata.org/wiki/Q134194
src-06c2bdfe74243b9b,external,"Museo Nacional del Prado, Annibale Carracci, English artist biography, after Nicholas Turner (2008), p. 172. https://www.museodelprado.es/en/the-collection/artist/annibale-carracci/b18fd66f-c8e2-490a-96f5-a2de63457aa6. Accessed 2026-09-10.",,,"Museo Nacional del Prado, Annibale Carracci, English artist biography, after Nicholas Turner (2008), p. 172. https://www.museodelprado.es/en/the-collection/artist/annibale-carracci/b18fd66f-c8e2-490a-96f5-a2de63457aa6. Accessed 2026-09-10.",https://www.museodelprado.es/en/the-collection/artist/annibale-carracci/b18fd66f-c8e2-490a-96f5-a2de63457aa6
src-06ca5ec261114278,external,"Wikidata Q5147759, revision 2534621132. https://www.wikidata.org/wiki/Q5147759. Accessed 2026-09-11.",,,"Wikidata Q5147759, revision 2534621132. https://www.wikidata.org/wiki/Q5147759. Accessed 2026-09-11.",https://www.wikidata.org/wiki/Q5147759
src-071774124671f1fe,external,"Wikidata, Q128027, revision 2533462885. https://www.wikidata.org/wiki/Q128027. Accessed 2026-09-11.",,,"Wikidata, Q128027, revision 2533462885. https://www.wikidata.org/wiki/Q128027. Accessed 2026-09-11.",https://www.wikidata.org/wiki/Q128027
src-0728ea9e5acc86af,external,"Veneranda Biblioteca Ambrosiana, Pinacoteca. https://www.ambrosiana.it/ambrosiana-info/pinacoteca/. Accessed 2026-09-13.",,,"Veneranda Biblioteca Ambrosiana, Pinacoteca. https://www.ambrosiana.it/ambrosiana-info/pinacoteca/. Accessed 2026-09-13.",https://www.ambrosiana.it/ambrosiana-info/pinacoteca/
src-07351a5a08632245,external,"Amalia Mezzetti, Contributi a Carlo Maratti, INASA数字化论文. https://www.inasaroma.org/patrimonio/wp-content/uploads/2021/04/07-A.-MEZZETTI-Contributi-a-Carlo-Maratti-02.pdf. Accessed 2026-09-14.",,,"Amalia Mezzetti, Contributi a Carlo Maratti, INASA数字化论文. https://www.inasaroma.org/patrimonio/wp-content/uploads/2021/04/07-A.-MEZZETTI-Contributi-a-Carlo-Maratti-02.pdf. Accessed 2026-09-14.",https://www.inasaroma.org/patrimonio/wp-content/uploads/2021/04/07-A.-MEZZETTI-Contributi-a-Carlo-Maratti-02.pdf
src-076ffd2c4af62023,external,"Wikidata, Q1201549. https://www.wikidata.org/wiki/Q1201549. Accessed 2026-09-13.",,,"Wikidata, Q1201549. https://www.wikidata.org/wiki/Q1201549. Accessed 2026-09-13.",https://www.wikidata.org/wiki/Q1201549
src-077ee3c9abbcc78a,external,"Wikidata, Q7099965, revision 2545462336. https://www.wikidata.org/wiki/Q7099965. Accessed 2026-09-25.",,,"Wikidata, Q7099965, revision 2545462336. https://www.wikidata.org/wiki/Q7099965. Accessed 2026-09-25.",https://www.wikidata.org/wiki/Q7099965
src-07bea6fc73d7a088,external,"Laura Mocci, FUMIANI, Giovanni Antonio, DBI 50 (1998). https://www.treccani.it/enciclopedia/giovanni-antonio-fumiani_(Dizionario-Biografico)/. Accessed 2026-09-15.",,,"Laura Mocci, FUMIANI, Giovanni Antonio, DBI 50 (1998). https://www.treccani.it/enciclopedia/giovanni-antonio-fumiani_(Dizionario-Biografico)/. Accessed 2026-09-15.",https://www.treccani.it/enciclopedia/giovanni-antonio-fumiani_(Dizionario-Biografico)/
src-07c19f5168c225d7,external,"Curia General de los Clérigos Regulares Teatinos, Historia. https://teatinos.org/historia/ . Accessed 2026-09-10.",,,"Curia General de los Clérigos Regulares Teatinos, Historia. https://teatinos.org/historia/ . Accessed 2026-09-10.",https://teatinos.org/historia/
src-07c806145291f1ed,external,"Wikipedia (en), Secondo Lancellotti, revision 1359358326. https://en.wikipedia.org/wiki/Secondo_Lancellotti. Accessed 2026-09-10.",,,"Wikipedia (en), Secondo Lancellotti, revision 1359358326. https://en.wikipedia.org/wiki/Secondo_Lancellotti. Accessed 2026-09-10.",https://en.wikipedia.org/wiki/Secondo_Lancellotti
src-08035c8d0658e762,external,"Wikidata, Q1101774, revision 2527349948. https://www.wikidata.org/wiki/Q1101774. Accessed 2026-09-10.",,,"Wikidata, Q1101774, revision 2527349948. https://www.wikidata.org/wiki/Q1101774. Accessed 2026-09-10.",https://www.wikidata.org/wiki/Q1101774
src-080c88d0aaa7b73c,external,"Wikipedia (en), Antonio Barberini, revision 1362029134. https://en.wikipedia.org/wiki/Antonio_Barberini. Accessed 2026-09-10.",,,"Wikipedia (en), Antonio Barberini, revision 1362029134. https://en.wikipedia.org/wiki/Antonio_Barberini. Accessed 2026-09-10.",https://en.wikipedia.org/wiki/Antonio_Barberini
src-083cf30a9d2dbfb6,external,"Wikipedia (en), Giovanni Maria Morandi, revision 1365386530. https://en.wikipedia.org/wiki/Giovanni_Maria_Morandi. Accessed 2026-09-10.",,,"Wikipedia (en), Giovanni Maria Morandi, revision 1365386530. https://en.wikipedia.org/wiki/Giovanni_Maria_Morandi. Accessed 2026-09-10.",https://en.wikipedia.org/wiki/Giovanni_Maria_Morandi
src-08486636b696ae42,external,"Wikidata, Q1136614, revision 2539202298. https://www.wikidata.org/wiki/Q1136614. Accessed 2026-09-11.",,,"Wikidata, Q1136614, revision 2539202298. https://www.wikidata.org/wiki/Q1136614. Accessed 2026-09-11.",https://www.wikidata.org/wiki/Q1136614
src-085c7eb8b8301fb0,external,"Wikipedia (en), Gian Lorenzo Bernini, revision 1374038020. https://en.wikipedia.org/wiki/Gian_Lorenzo_Bernini Accessed 2026-09-11.",,,"Wikipedia (en), Gian Lorenzo Bernini, revision 1374038020. https://en.wikipedia.org/wiki/Gian_Lorenzo_Bernini Accessed 2026-09-11.",https://en.wikipedia.org/wiki/Gian_Lorenzo_Bernini
src-087e148c049822f7,external,"Piero Del Negro, LODOLI, Carlo, Dizionario Biografico degli Italiani 65 (2005). https://www.treccani.it/enciclopedia/carlo-lodoli_(Dizionario-Biografico)/. Accessed 2026-09-15.",,,"Piero Del Negro, LODOLI, Carlo, Dizionario Biografico degli Italiani 65 (2005). https://www.treccani.it/enciclopedia/carlo-lodoli_(Dizionario-Biografico)/. Accessed 2026-09-15.",https://www.treccani.it/enciclopedia/carlo-lodoli_(Dizionario-Biografico)/
src-0891076e59a2a9ca,external,"Wikidata, Q403080. https://www.wikidata.org/wiki/Q403080. Accessed 2026-09-13.",,,"Wikidata, Q403080. https://www.wikidata.org/wiki/Q403080. Accessed 2026-09-13.",https://www.wikidata.org/wiki/Q403080
src-08b3e47f8cc138b0,external,"Jesuit Conference of Canada and the United States, Our Founder, Our History. https://www.jesuits.org/about-us/ignatius-of-loyola/. Accessed 2026-09-10.",,,"Jesuit Conference of Canada and the United States, Our Founder, Our History. https://www.jesuits.org/about-us/ignatius-of-loyola/. Accessed 2026-09-10.",https://www.jesuits.org/about-us/ignatius-of-loyola/
src-08c5673ee3b423a1,external,"Fondazione Federico Zeri, “Leoni Ottavio, Susanna e i vecchi,” entry 119062. https://catalogo.fondazionezeri.unibo.it/entry/work/119062/Leoni%20Ottavio%2C%20Susanna%20e%20i%20vecchi. Accessed 2026-09-25.",,,"Fondazione Federico Zeri, “Leoni Ottavio, Susanna e i vecchi,” entry 119062. https://catalogo.fondazionezeri.unibo.it/entry/work/119062/Leoni%20Ottavio%2C%20Susanna%20e%20i%20vecchi. Accessed 2026-09-25.",https://catalogo.fondazionezeri.unibo.it/entry/work/119062/Leoni%20Ottavio%2C%20Susanna%20e%20i%20vecchi
src-09262b9410a169e2,external,"Wikidata, Q3894305, revision 2518191823. https://www.wikidata.org/wiki/Q3894305. Accessed 2026-09-10.",,,"Wikidata, Q3894305, revision 2518191823. https://www.wikidata.org/wiki/Q3894305. Accessed 2026-09-10.",https://www.wikidata.org/wiki/Q3894305
src-092d277b5e2bd706,external,"Paul VI, grant of minor-basilica title, 1965-12-20, Spanish text hosted by Sant'Andrea della Valle. https://santandrea.teatinos.org/es/bienvenida/titulo-basilica-menor/. Accessed 2026-09-10.",,,"Paul VI, grant of minor-basilica title, 1965-12-20, Spanish text hosted by Sant'Andrea della Valle. https://santandrea.teatinos.org/es/bienvenida/titulo-basilica-menor/. Accessed 2026-09-10.",https://santandrea.teatinos.org/es/bienvenida/titulo-basilica-menor/
src-095bb470901d3dcb,external,"Wikidata, Q3657340. https://www.wikidata.org/wiki/Q3657340. Accessed 2026-09-13.",,,"Wikidata, Q3657340. https://www.wikidata.org/wiki/Q3657340. Accessed 2026-09-13.",https://www.wikidata.org/wiki/Q3657340
src-0978f8b89535d527,external,"Wikidata, Q63522275, revision 2259607374. https://www.wikidata.org/wiki/Q63522275. Accessed 2026-09-10.",,,"Wikidata, Q63522275, revision 2259607374. https://www.wikidata.org/wiki/Q63522275. Accessed 2026-09-10.",https://www.wikidata.org/wiki/Q63522275
src-09e9ba032fe59b9f,external,"Wikidata, Q610738, revision 2531928598. https://www.wikidata.org/wiki/Q610738. Accessed 2026-09-11.",,,"Wikidata, Q610738, revision 2531928598. https://www.wikidata.org/wiki/Q610738. Accessed 2026-09-11.",https://www.wikidata.org/wiki/Q610738
src-09fa096c4e0ed9f5,external,"Vincenzo Ruffo, ‘Galleria Ruffo nel secolo XVII in Messina (con lettere di pittori ed altri documenti inediti) (II),’ Bollettino d’Arte 10 (1916), pp. 95–128.",,,"Vincenzo Ruffo, ‘Galleria Ruffo nel secolo XVII in Messina (con lettere di pittori ed altri documenti inediti) (II),’ Bollettino d’Arte 10 (1916), pp. 95–128.",https://bollettinodarte.cultura.gov.it/wp-content/uploads/Importer/1343998074095_5_-_Vincenzo_Ruffo_p._95.pdf
src-0a18b3ae65cc4e76,external,"Wikipedia (en), Giovanni Pietro Bellori, revision 1365391346. https://en.wikipedia.org/wiki/Giovanni_Pietro_Bellori Accessed 2026-09-11.",,,"Wikipedia (en), Giovanni Pietro Bellori, revision 1365391346. https://en.wikipedia.org/wiki/Giovanni_Pietro_Bellori Accessed 2026-09-11.",https://en.wikipedia.org/wiki/Giovanni_Pietro_Bellori
src-0a34aad732e56a3d,external,"Catalogo generale dei Beni Culturali, Ritratto del Cardinale Guido Bentivoglio, 0900129521, Palatina 82. https://catalogo.beniculturali.it/detail/HistoricOrArtisticProperty/0900129521. Accessed 2026-09-14.",,,"Catalogo generale dei Beni Culturali, Ritratto del Cardinale Guido Bentivoglio, 0900129521, Palatina 82. https://catalogo.beniculturali.it/detail/HistoricOrArtisticProperty/0900129521. Accessed 2026-09-14.",https://catalogo.beniculturali.it/detail/HistoricOrArtisticProperty/0900129521
src-0a7d8eb321f88a38,external,"Wikidata, Q153619, revision 2517434979. https://www.wikidata.org/wiki/Q153619. Accessed 2026-09-10.",,,"Wikidata, Q153619, revision 2517434979. https://www.wikidata.org/wiki/Q153619. Accessed 2026-09-10.",https://www.wikidata.org/wiki/Q153619
src-0aa62f5bce43a2a1,external,"Carla Faldi Guglielmi, ABBATINI, Guido Ubaldo, Dizionario Biografico degli Italiani 1 (1960). https://www.treccani.it/enciclopedia/guido-ubaldo-abbatini_(Dizionario-Biografico)/. Accessed 2026-09-15.",,,"Carla Faldi Guglielmi, ABBATINI, Guido Ubaldo, Dizionario Biografico degli Italiani 1 (1960). https://www.treccani.it/enciclopedia/guido-ubaldo-abbatini_(Dizionario-Biografico)/. Accessed 2026-09-15.",https://www.treccani.it/enciclopedia/guido-ubaldo-abbatini_(Dizionario-Biografico)/
src-0aa68d6a4474c97c,external,"Wikidata, Q187549. https://www.wikidata.org/wiki/Q187549. Accessed 2026-09-13.",,,"Wikidata, Q187549. https://www.wikidata.org/wiki/Q187549. Accessed 2026-09-13.",https://www.wikidata.org/wiki/Q187549
src-0aa9eb32962608fc,external,"Wikidata, Q5565359, revision 2513889180. https://www.wikidata.org/wiki/Q5565359. Accessed 2026-09-10.",,,"Wikidata, Q5565359, revision 2513889180. https://www.wikidata.org/wiki/Q5565359. Accessed 2026-09-10.",https://www.wikidata.org/wiki/Q5565359
src-0af2cf47ddf63912,external,"Columbia University, M.A. in Art History exhibition label, C00.0802.132 (2017). https://projects.mcah.columbia.edu/ma/label?field_record_id_value=2017_exhibition_C00.0802.132&height=500&iframe=true&width=500. Accessed 2026-09-14.",,,"Columbia University, M.A. in Art History exhibition label, C00.0802.132 (2017). https://projects.mcah.columbia.edu/ma/label?field_record_id_value=2017_exhibition_C00.0802.132&height=500&iframe=true&width=500. Accessed 2026-09-14.",https://projects.mcah.columbia.edu/ma/label?field_record_id_value=2017_exhibition_C00.0802.132&height=500&iframe=true&width=500
src-0b26a0f26834b0c6,external,"Accademia dell’Arcadia, Bosco Parrasio. https://www.accademiadellarcadia.it/patrimonio/bosco-parrasio/. Accessed 2026-09-10.",,,"Accademia dell’Arcadia, Bosco Parrasio. https://www.accademiadellarcadia.it/patrimonio/bosco-parrasio/. Accessed 2026-09-10.",https://www.accademiadellarcadia.it/patrimonio/bosco-parrasio/
src-0b2a4b5a0257ede9,external,"Wikidata Q3437, revision 2529587808. https://www.wikidata.org/wiki/Q3437. Reviewed 2026-09-11.",,,"Wikidata Q3437, revision 2529587808. https://www.wikidata.org/wiki/Q3437. Reviewed 2026-09-11.",https://www.wikidata.org/wiki/Q3437
src-0b8a39a53d09bf17,external,"Wikidata, Q576907, revision 2520938250. https://www.wikidata.org/wiki/Q576907. Accessed 2026-09-11.",,,"Wikidata, Q576907, revision 2520938250. https://www.wikidata.org/wiki/Q576907. Accessed 2026-09-11.",https://www.wikidata.org/wiki/Q576907
src-0bb141c34c2e7800,external,"The Fitzwilliam Museum, Hockney exhibition large-print labels. https://fitz-cms-images.s3.eu-west-2.amazonaws.com/hockney-large-labels-final2.pdf. Accessed 2026-09-14.",,,"The Fitzwilliam Museum, Hockney exhibition large-print labels. https://fitz-cms-images.s3.eu-west-2.amazonaws.com/hockney-large-labels-final2.pdf. Accessed 2026-09-14.",https://fitz-cms-images.s3.eu-west-2.amazonaws.com/hockney-large-labels-final2.pdf
src-0c7d4eed4834a1c0,external,"""Guercino,"" English Wikipedia, revision 1368453686. https://en.wikipedia.org/wiki/Guercino. Accessed 2026-09-09.",,,"""Guercino,"" English Wikipedia, revision 1368453686. https://en.wikipedia.org/wiki/Guercino. Accessed 2026-09-09.",https://en.wikipedia.org/wiki/Guercino
src-0caee0b8769d740a,external,"Wikidata, Q463400, revision 2517846076. https://www.wikidata.org/wiki/Q463400. Accessed 2026-09-11.",,,"Wikidata, Q463400, revision 2517846076. https://www.wikidata.org/wiki/Q463400. Accessed 2026-09-11.",https://www.wikidata.org/wiki/Q463400
src-0cb168e19c5c7b66,external,"Johana Bronková, The Baldacchino and the Altar of the Chair of St. Peter's Basilica, Vatican News, 2024-10-26. https://www.vaticannews.va/en/vatican-city/news/2024-10/baldacchino-and-the-altar-of-the-chair-of-st-peter-basilica.html. Accessed 2026-09-10.",,,"Johana Bronková, The Baldacchino and the Altar of the Chair of St. Peter's Basilica, Vatican News, 2024-10-26. https://www.vaticannews.va/en/vatican-city/news/2024-10/baldacchino-and-the-altar-of-the-chair-of-st-peter-basilica.html. Accessed 2026-09-10.",https://www.vaticannews.va/en/vatican-city/news/2024-10/baldacchino-and-the-altar-of-the-chair-of-st-peter-basilica.html
src-0cd9f2a4dd3d85a8,external,"Wikipedia (en), Giulio Mancini, revision 1359968780. https://en.wikipedia.org/wiki/Giulio_Mancini. Accessed 2026-09-10.",,,"Wikipedia (en), Giulio Mancini, revision 1359968780. https://en.wikipedia.org/wiki/Giulio_Mancini. Accessed 2026-09-10.",https://en.wikipedia.org/wiki/Giulio_Mancini
src-0d1fcbd2c11f22ab,external,"Wikidata, Q638283. https://www.wikidata.org/wiki/Q638283. Accessed 2026-09-13.",,,"Wikidata, Q638283. https://www.wikidata.org/wiki/Q638283. Accessed 2026-09-13.",https://www.wikidata.org/wiki/Q638283
src-0d39ad4d3777d8e7,external,"Wikipedia (en), Andrea Camassei, revision 1365391539. https://en.wikipedia.org/wiki/Andrea_Camassei. Accessed 2026-09-11.",,,"Wikipedia (en), Andrea Camassei, revision 1365391539. https://en.wikipedia.org/wiki/Andrea_Camassei. Accessed 2026-09-11.",https://en.wikipedia.org/wiki/Andrea_Camassei
src-0d3af7f3b0383a66,external,"Wikidata, Q15711026, revision 2508628084. https://www.wikidata.org/wiki/Q15711026. Accessed 2026-09-10.",,,"Wikidata, Q15711026, revision 2508628084. https://www.wikidata.org/wiki/Q15711026. Accessed 2026-09-10.",https://www.wikidata.org/wiki/Q15711026
src-0da4839a56a23182,external,"Treccani, Foscarini, Marco, Enciclopedia on line. https://www.treccani.it/enciclopedia/marco-foscarini/. Accessed 2026-09-14.",,,"Treccani, Foscarini, Marco, Enciclopedia on line. https://www.treccani.it/enciclopedia/marco-foscarini/. Accessed 2026-09-14.",https://www.treccani.it/enciclopedia/marco-foscarini/
src-0de2b29970b111dc,external,"Wikidata, Q514377, revision 2503490291. https://www.wikidata.org/wiki/Q514377. Accessed 2026-09-11.",,,"Wikidata, Q514377, revision 2503490291. https://www.wikidata.org/wiki/Q514377. Accessed 2026-09-11.",https://www.wikidata.org/wiki/Q514377
src-0dfb9a2ef89f17af,external,"Wikidata, Q3983865, revision 2516196809. https://www.wikidata.org/wiki/Q3983865. Accessed 2026-09-10.",,,"Wikidata, Q3983865, revision 2516196809. https://www.wikidata.org/wiki/Q3983865. Accessed 2026-09-10.",https://www.wikidata.org/wiki/Q3983865
src-0e10ac1ce14e392c,external,"Wikidata, Q1021897, revision 2536162206. https://www.wikidata.org/wiki/Q1021897. Accessed 2026-09-10.",,,"Wikidata, Q1021897, revision 2536162206. https://www.wikidata.org/wiki/Q1021897. Accessed 2026-09-10.",https://www.wikidata.org/wiki/Q1021897
src-0e1cee7df01c931d,external,"Wikipedia (en), Pieter van Laer, revision 1366097669. https://en.wikipedia.org/wiki/Pieter_van_Laer. Accessed 2026-09-10.",,,"Wikipedia (en), Pieter van Laer, revision 1366097669. https://en.wikipedia.org/wiki/Pieter_van_Laer. Accessed 2026-09-10.",https://en.wikipedia.org/wiki/Pieter_van_Laer
src-0e4238d6226d3c73,external,"Wikipedia (en), Saint Jerome Writing (Caravaggio, Valletta), revision 1361377244. https://en.wikipedia.org/wiki/Saint_Jerome_Writing_(Caravaggio,_Valletta). Accessed 2026-09-12.",,,"Wikipedia (en), Saint Jerome Writing (Caravaggio, Valletta), revision 1361377244. https://en.wikipedia.org/wiki/Saint_Jerome_Writing_(Caravaggio,_Valletta). Accessed 2026-09-12.","https://en.wikipedia.org/wiki/Saint_Jerome_Writing_(Caravaggio,_Valletta)"
src-0e6f310da1abf8ac,external,"Wikipedia (en), Fabric of Saint Peter, revision 1364129357. https://en.wikipedia.org/wiki/Fabric_of_Saint_Peter. Accessed 2026-09-11.",,,"Wikipedia (en), Fabric of Saint Peter, revision 1364129357. https://en.wikipedia.org/wiki/Fabric_of_Saint_Peter. Accessed 2026-09-11.",https://en.wikipedia.org/wiki/Fabric_of_Saint_Peter
src-0e733b210f97b678,external,"Pro Loco Valmontone, Palazzo Doria Pamphilj. https://www.prolocovalmontone.it/it/attivita/palazzo-doria-pamphilj/. Accessed 2026-09-11.",,,"Pro Loco Valmontone, Palazzo Doria Pamphilj. https://www.prolocovalmontone.it/it/attivita/palazzo-doria-pamphilj/. Accessed 2026-09-11.",https://www.prolocovalmontone.it/it/attivita/palazzo-doria-pamphilj/
src-0ebafb3ebde8cb77,external,"Renato Roli, CRESPI, Giuseppe Maria, detto lo Spagnolo, Dizionario Biografico degli Italiani, vol. 30 (1984). https://www.treccani.it/enciclopedia/crespi-giuseppe-maria-detto-lo-spagnolo_(Dizionario-Biografico)/. Accessed 2026-09-14.",,,"Renato Roli, CRESPI, Giuseppe Maria, detto lo Spagnolo, Dizionario Biografico degli Italiani, vol. 30 (1984). https://www.treccani.it/enciclopedia/crespi-giuseppe-maria-detto-lo-spagnolo_(Dizionario-Biografico)/. Accessed 2026-09-14.",https://www.treccani.it/enciclopedia/crespi-giuseppe-maria-detto-lo-spagnolo_(Dizionario-Biografico)/
src-0ee82886fc88906c,external,"Wikipedia (en), Paolo Gerolamo Piola, revision 1369968308. https://en.wikipedia.org/wiki/Paolo_Gerolamo_Piola. Accessed 2026-09-11.",,,"Wikipedia (en), Paolo Gerolamo Piola, revision 1369968308. https://en.wikipedia.org/wiki/Paolo_Gerolamo_Piola. Accessed 2026-09-11.",https://en.wikipedia.org/wiki/Paolo_Gerolamo_Piola
src-0ef2484f12a01275,external,"Musée du Louvre, ""La Peste d’Asdod,"" INV 7276 / MR 2312, updated 2025-03-04. https://collections.louvre.fr/ark:/53355/cl010062502. Accessed 2026-09-09.",,,"Musée du Louvre, ""La Peste d’Asdod,"" INV 7276 / MR 2312, updated 2025-03-04. https://collections.louvre.fr/ark:/53355/cl010062502. Accessed 2026-09-09.",https://collections.louvre.fr/ark:/53355/cl010062502
src-0f0f323c207bc89e,external,"Maddalena Spagnolo, “ZUCCARI, Federico”, Dizionario Biografico degli Italiani, vol.100 (2020). https://www.treccani.it/enciclopedia/federico-zuccari_(Dizionario-Biografico)/. Accessed 2026-09-11.",,,"Maddalena Spagnolo, “ZUCCARI, Federico”, Dizionario Biografico degli Italiani, vol.100 (2020). https://www.treccani.it/enciclopedia/federico-zuccari_(Dizionario-Biografico)/. Accessed 2026-09-11.",https://www.treccani.it/enciclopedia/federico-zuccari_(Dizionario-Biografico)/
src-0f3d7e461743dd94,external,"Wikipedia (en), Carlo Ridolfi, revision 1372947747. https://en.wikipedia.org/wiki/Carlo_Ridolfi Accessed 2026-09-11.",,,"Wikipedia (en), Carlo Ridolfi, revision 1372947747. https://en.wikipedia.org/wiki/Carlo_Ridolfi Accessed 2026-09-11.",https://en.wikipedia.org/wiki/Carlo_Ridolfi
src-0f562f15309cb206,external,"Wikipedia (en), Carlo Maratta, revision 1365406547. https://en.wikipedia.org/wiki/Carlo_Maratta. Accessed 2026-09-10.",,,"Wikipedia (en), Carlo Maratta, revision 1365406547. https://en.wikipedia.org/wiki/Carlo_Maratta. Accessed 2026-09-10.",https://en.wikipedia.org/wiki/Carlo_Maratta
src-0f599507bdae357e,external,"Alessandra Cosmi, SACCHI, Andrea, Dizionario Biografico degli Italiani 89 (2017). https://www.treccani.it/enciclopedia/andrea-sacchi_(Dizionario-Biografico)/. Accessed 2026-09-11.",,,"Alessandra Cosmi, SACCHI, Andrea, Dizionario Biografico degli Italiani 89 (2017). https://www.treccani.it/enciclopedia/andrea-sacchi_(Dizionario-Biografico)/. Accessed 2026-09-11.",https://www.treccani.it/enciclopedia/andrea-sacchi_(Dizionario-Biografico)/
src-0f5d15a034b93d11,external,"The Landmark Trust, Fox Hall History Album. https://www.landmarktrust.org.uk/globalassets/3.-images-and-documents-to-keep/history-albums/fox-hall-history-album.pdf. Accessed 2026-09-14.",,,"The Landmark Trust, Fox Hall History Album. https://www.landmarktrust.org.uk/globalassets/3.-images-and-documents-to-keep/history-albums/fox-hall-history-album.pdf. Accessed 2026-09-14.",https://www.landmarktrust.org.uk/globalassets/3.-images-and-documents-to-keep/history-albums/fox-hall-history-album.pdf
src-0f67ed6be776a84f,external,"Wikidata, Q685916, https://www.wikidata.org/wiki/Q685916. Accessed 2026-09-12.",,,"Wikidata, Q685916, https://www.wikidata.org/wiki/Q685916. Accessed 2026-09-12.",https://www.wikidata.org/wiki/Q685916
src-0f90a886da192f67,external,"Wikipedia (en), Bologna, revision 1373681308. https://en.wikipedia.org/wiki/Bologna. Accessed 2026-09-10.",,,"Wikipedia (en), Bologna, revision 1373681308. https://en.wikipedia.org/wiki/Bologna. Accessed 2026-09-10.",https://en.wikipedia.org/wiki/Bologna
src-0fb7ef951d0db894,external,"Wikipedia (en), Peter Paul Rubens, revision 1370757114. https://en.wikipedia.org/wiki/Peter_Paul_Rubens Accessed 2026-09-11.",,,"Wikipedia (en), Peter Paul Rubens, revision 1370757114. https://en.wikipedia.org/wiki/Peter_Paul_Rubens Accessed 2026-09-11.",https://en.wikipedia.org/wiki/Peter_Paul_Rubens
src-0fc10a31baa842a5,external,"Federico Barbierato, “PESARO, Giovanni,” Dizionario Biografico degli Italiani 82 (2015), Treccani. https://www.treccani.it/enciclopedia/giovanni-pesaro_(Dizionario-Biografico)/. Accessed 2026-09-25.",,,"Federico Barbierato, “PESARO, Giovanni,” Dizionario Biografico degli Italiani 82 (2015), Treccani. https://www.treccani.it/enciclopedia/giovanni-pesaro_(Dizionario-Biografico)/. Accessed 2026-09-25.",https://www.treccani.it/enciclopedia/giovanni-pesaro_(Dizionario-Biografico)/
src-0fd5028d6ce7d489,external,"American Academy of Arts and Sciences, Howard Hibbard, member record. https://www.amacad.org/person/howard-hibbard. Accessed 2026-09-14.",,,"American Academy of Arts and Sciences, Howard Hibbard, member record. https://www.amacad.org/person/howard-hibbard. Accessed 2026-09-14.",https://www.amacad.org/person/howard-hibbard
src-0fd5dbbe756e6a65,external,"Accademia dei Virtuosi al Pantheon, “Ritratto di Gregorio XV,” collection item 134. https://www.accademiavirtuosi.it/collezione/opera?id=134. Accessed 2026-09-25.",,,"Accademia dei Virtuosi al Pantheon, “Ritratto di Gregorio XV,” collection item 134. https://www.accademiavirtuosi.it/collezione/opera?id=134. Accessed 2026-09-25.",https://www.accademiavirtuosi.it/collezione/opera?id=134
src-0fdde02eca73ebaf,external,"Wikipedia (en), Florence, revision 1373486100. https://en.wikipedia.org/wiki/Florence. Accessed 2026-09-10.",,,"Wikipedia (en), Florence, revision 1373486100. https://en.wikipedia.org/wiki/Florence. Accessed 2026-09-10.",https://en.wikipedia.org/wiki/Florence
src-1010f85deedfea66,external,"Wikipedia (en), Michelangelo Cerquozzi, revision 1365391795. https://en.wikipedia.org/wiki/Michelangelo_Cerquozzi. Accessed 2026-09-11.",,,"Wikipedia (en), Michelangelo Cerquozzi, revision 1365391795. https://en.wikipedia.org/wiki/Michelangelo_Cerquozzi. Accessed 2026-09-11.",https://en.wikipedia.org/wiki/Michelangelo_Cerquozzi
src-104e07d2403153c1,external,"Wikidata, Q2574120, https://www.wikidata.org/wiki/Q2574120. Accessed 2026-09-12.",,,"Wikidata, Q2574120, https://www.wikidata.org/wiki/Q2574120. Accessed 2026-09-12.",https://www.wikidata.org/wiki/Q2574120
src-106eb500dd540d24,external,"Theatermuseum Wien, La monarchia latina trionfante, GS_GSU6464. https://collection.theatermuseum.at/en/objects/alternativtitel-die-sig-prangende-roemische-monarchey-983861. Accessed 2026-09-14.",,,"Theatermuseum Wien, La monarchia latina trionfante, GS_GSU6464. https://collection.theatermuseum.at/en/objects/alternativtitel-die-sig-prangende-roemische-monarchey-983861. Accessed 2026-09-14.",https://collection.theatermuseum.at/en/objects/alternativtitel-die-sig-prangende-roemische-monarchey-983861
src-107a5c2e66e61337,external,"Wikidata, Q983632. https://www.wikidata.org/wiki/Q983632. Accessed 2026-09-13.",,,"Wikidata, Q983632. https://www.wikidata.org/wiki/Q983632. Accessed 2026-09-13.",https://www.wikidata.org/wiki/Q983632
src-109b4aec0cacdb9a,external,"Wikidata, Q2901274, revision 2522326200. https://www.wikidata.org/wiki/Q2901274. Accessed 2026-09-10.",,,"Wikidata, Q2901274, revision 2522326200. https://www.wikidata.org/wiki/Q2901274. Accessed 2026-09-10.",https://www.wikidata.org/wiki/Q2901274
src-10bc9949e39fa747,external,"Raffaele Romanelli, I cento volumi del Dizionario biografico, Dizionario Biografico degli Italiani, vol.100 (2020). https://www.treccani.it/enciclopedia/i-cento-volumi-del-dizionario-biografico_%28Dizionario-Biografico%29/. Accessed 2026-09-14.",,,"Raffaele Romanelli, I cento volumi del Dizionario biografico, Dizionario Biografico degli Italiani, vol.100 (2020). https://www.treccani.it/enciclopedia/i-cento-volumi-del-dizionario-biografico_%28Dizionario-Biografico%29/. Accessed 2026-09-14.",https://www.treccani.it/enciclopedia/i-cento-volumi-del-dizionario-biografico_%28Dizionario-Biografico%29/
src-112aa693f7e696ad,external,"Treccani, Italia. https://www.treccani.it/enciclopedia/italia/. Accessed 2026-09-11.",,,"Treccani, Italia. https://www.treccani.it/enciclopedia/italia/. Accessed 2026-09-11.",https://www.treccani.it/enciclopedia/italia/
src-112b70e8f9319009,external,"Lione Pascoli, Vite de’ pittori, scultori, ed architetti moderni, vol.1 (Roma: Antonio de’ Rossi, 1730), «Di Pietro Mulier», pp.177–184. Getty Research Institute scan, https://archive.org/details/vitedepittoriscu01pasc. Accessed 2026-09-11.",,,"Lione Pascoli, Vite de’ pittori, scultori, ed architetti moderni, vol.1 (Roma: Antonio de’ Rossi, 1730), «Di Pietro Mulier», pp.177–184. Getty Research Institute scan, https://archive.org/details/vitedepittoriscu01pasc. Accessed 2026-09-11.",https://archive.org/details/vitedepittoriscu01pasc
src-1145e0b85fc2229e,external,"Paris Musées, Le Banquet de Cléopâtre, J 104. https://www.parismuseescollections.paris.fr/fr/musee-cognacq-jay/oeuvres/le-banquet-de-cleopatre. Accessed 2026-09-15.",,,"Paris Musées, Le Banquet de Cléopâtre, J 104. https://www.parismuseescollections.paris.fr/fr/musee-cognacq-jay/oeuvres/le-banquet-de-cleopatre. Accessed 2026-09-15.",https://www.parismuseescollections.paris.fr/fr/musee-cognacq-jay/oeuvres/le-banquet-de-cleopatre
src-115406a71e4c3608,external,"Giulia Daniele, «TREVISANI, Francesco», Dizionario Biografico degli Italiani 96 (2019). https://www.treccani.it/enciclopedia/francesco-trevisani_(Dizionario-Biografico)/. Accessed 2026-09-11.",,,"Giulia Daniele, «TREVISANI, Francesco», Dizionario Biografico degli Italiani 96 (2019). https://www.treccani.it/enciclopedia/francesco-trevisani_(Dizionario-Biografico)/. Accessed 2026-09-11.",https://www.treccani.it/enciclopedia/francesco-trevisani_(Dizionario-Biografico)/
src-116156a221976175,external,"Wikipedia (en), Order of Friars Minor Capuchin, revision 1371309706. https://en.wikipedia.org/wiki/Order_of_Friars_Minor_Capuchin . Accessed 2026-09-10.",,,"Wikipedia (en), Order of Friars Minor Capuchin, revision 1371309706. https://en.wikipedia.org/wiki/Order_of_Friars_Minor_Capuchin . Accessed 2026-09-10.",https://en.wikipedia.org/wiki/Order_of_Friars_Minor_Capuchin
src-1174ffd475e804c9,external,"Wikidata, Q133100, revision 2543405166. https://www.wikidata.org/wiki/Q133100. Accessed 2026-09-11.",,,"Wikidata, Q133100, revision 2543405166. https://www.wikidata.org/wiki/Q133100. Accessed 2026-09-11.",https://www.wikidata.org/wiki/Q133100
src-118412d9f9f71b59,external,"Wikipedia (en), “Andrea Carlone.” https://en.wikipedia.org/wiki/Andrea_Carlone. Accessed 2026-09-11.",,,"Wikipedia (en), “Andrea Carlone.” https://en.wikipedia.org/wiki/Andrea_Carlone. Accessed 2026-09-11.",https://en.wikipedia.org/wiki/Andrea_Carlone
src-1197a4fd65538dde,external,"Cultura Bologna, Oratorio dei Fiorentini: alla scoperta de La Nascita del Battista, 22 September 2022. https://www.culturabologna.it/lang/ita/events/oratorio-dei-fiorentini-alla-scoperta-de-la-nascita-del-battista-2022. Accessed 2026-09-11.",,,"Cultura Bologna, Oratorio dei Fiorentini: alla scoperta de La Nascita del Battista, 22 September 2022. https://www.culturabologna.it/lang/ita/events/oratorio-dei-fiorentini-alla-scoperta-de-la-nascita-del-battista-2022. Accessed 2026-09-11.",https://www.culturabologna.it/lang/ita/events/oratorio-dei-fiorentini-alla-scoperta-de-la-nascita-del-battista-2022
src-11f892a1851d3c68,external,"Wikidata, Q707750, revision 2538998104. https://www.wikidata.org/wiki/Q707750. Accessed 2026-09-10.",,,"Wikidata, Q707750, revision 2538998104. https://www.wikidata.org/wiki/Q707750. Accessed 2026-09-10.",https://www.wikidata.org/wiki/Q707750
src-122aa5e5ef0648ef,external,"Wikipedia (en), Giovanni Francesco Venturini, https://en.wikipedia.org/wiki/Giovanni_Francesco_Venturini. Accessed 2026-09-25.",,,"Wikipedia (en), Giovanni Francesco Venturini, https://en.wikipedia.org/wiki/Giovanni_Francesco_Venturini. Accessed 2026-09-25.",https://en.wikipedia.org/wiki/Giovanni_Francesco_Venturini
src-1233fa670970f8c7,external,"Wikidata, Q474024, https://www.wikidata.org/wiki/Q474024. Accessed 2026-09-12.",,,"Wikidata, Q474024, https://www.wikidata.org/wiki/Q474024. Accessed 2026-09-12.",https://www.wikidata.org/wiki/Q474024
src-1234f907d7394aed,external,"Irene Fosi, SACCHETTI, Marcello, DBI 89 (2017). https://www.treccani.it/enciclopedia/marcello-sacchetti_(Dizionario-Biografico)/. Accessed 2026-09-11.",,,"Irene Fosi, SACCHETTI, Marcello, DBI 89 (2017). https://www.treccani.it/enciclopedia/marcello-sacchetti_(Dizionario-Biografico)/. Accessed 2026-09-11.",https://www.treccani.it/enciclopedia/marcello-sacchetti_(Dizionario-Biografico)/
src-1245e1af70293d79,external,"Wikipedia (en), Oratory of Saint Philip Neri, revision 1366882900. https://en.wikipedia.org/wiki/Oratory_of_Saint_Philip_Neri . Accessed 2026-09-10.",,,"Wikipedia (en), Oratory of Saint Philip Neri, revision 1366882900. https://en.wikipedia.org/wiki/Oratory_of_Saint_Philip_Neri . Accessed 2026-09-10.",https://en.wikipedia.org/wiki/Oratory_of_Saint_Philip_Neri
src-1257ee626bc95941,external,"Regione Lombardia / Gabinetto dei Disegni, SIRBeC 4y010-09081, Ritratto di Matthias von der Schulenburg. https://www.lombardiabeniculturali.it/opere-arte/schede-complete/4y010-09081/. Accessed 2026-09-14.",,,"Regione Lombardia / Gabinetto dei Disegni, SIRBeC 4y010-09081, Ritratto di Matthias von der Schulenburg. https://www.lombardiabeniculturali.it/opere-arte/schede-complete/4y010-09081/. Accessed 2026-09-14.",https://www.lombardiabeniculturali.it/opere-arte/schede-complete/4y010-09081/
src-12638da26290f463,external,"Wikipedia (en), The Massacre of the Innocents (Poussin), revision 1372253609. https://en.wikipedia.org/wiki/The_Massacre_of_the_Innocents_(Poussin). Accessed 2026-09-11.",,,"Wikipedia (en), The Massacre of the Innocents (Poussin), revision 1372253609. https://en.wikipedia.org/wiki/The_Massacre_of_the_Innocents_(Poussin). Accessed 2026-09-11.",https://en.wikipedia.org/wiki/The_Massacre_of_the_Innocents_(Poussin)
src-1284a8465656ff73,external,"RKD Studies, Gerson Digital: Italy, 2.4 The Bambocciate in Rome and Beyond. https://gersonitaly.rkdstudies.nl/2-rome/24-bambocciate-rome-and-beyond/. Accessed 2026-09-14.",,,"RKD Studies, Gerson Digital: Italy, 2.4 The Bambocciate in Rome and Beyond. https://gersonitaly.rkdstudies.nl/2-rome/24-bambocciate-rome-and-beyond/. Accessed 2026-09-14.",https://gersonitaly.rkdstudies.nl/2-rome/24-bambocciate-rome-and-beyond/
src-12c055bce444e123,external,"National Trust, The history of Kingston Lacy. https://www.nationaltrust.org.uk/visit/dorset/kingston-lacy/the-history-of-kingston-lacy. Accessed 2026-09-14.",,,"National Trust, The history of Kingston Lacy. https://www.nationaltrust.org.uk/visit/dorset/kingston-lacy/the-history-of-kingston-lacy. Accessed 2026-09-14.",https://www.nationaltrust.org.uk/visit/dorset/kingston-lacy/the-history-of-kingston-lacy
src-12e194f1a1fabc3f,external,"Wikidata Q3859830, revision 2425613665. https://www.wikidata.org/wiki/Q3859830. Accessed 2026-09-11.",,,"Wikidata Q3859830, revision 2425613665. https://www.wikidata.org/wiki/Q3859830. Accessed 2026-09-11.",https://www.wikidata.org/wiki/Q3859830
src-12f76e90f6f694d2,external,"Papal Basilica of Saint Mary Major, Pauline Chapel. https://www.basilicasantamariamaggiore.va/en/basilica/storia-e-arte/cappelle/paolina.html. Accessed 2026-09-10.",,,"Papal Basilica of Saint Mary Major, Pauline Chapel. https://www.basilicasantamariamaggiore.va/en/basilica/storia-e-arte/cappelle/paolina.html. Accessed 2026-09-10.",https://www.basilicasantamariamaggiore.va/en/basilica/storia-e-arte/cappelle/paolina.html
src-13155556e310667a,external,"ISSN International Centre, Museum studies (Chicago, Ill.), ISSN 0069-3235. https://portal.issn.org/resource/ISSN/0069-3235. Accessed 2026-09-14.",,,"ISSN International Centre, Museum studies (Chicago, Ill.), ISSN 0069-3235. https://portal.issn.org/resource/ISSN/0069-3235. Accessed 2026-09-14.",https://portal.issn.org/resource/ISSN/0069-3235
src-131598799fcfffb8,external,"Wikidata, Q735298, revision 2529459168. https://www.wikidata.org/wiki/Q735298. Accessed 2026-09-11.",,,"Wikidata, Q735298, revision 2529459168. https://www.wikidata.org/wiki/Q735298. Accessed 2026-09-11.",https://www.wikidata.org/wiki/Q735298
src-1316a23e8cabd19f,external,"Wikidata, Q1060690, revision 2086192038. https://www.wikidata.org/wiki/Q1060690. Accessed 2026-09-11.",,,"Wikidata, Q1060690, revision 2086192038. https://www.wikidata.org/wiki/Q1060690. Accessed 2026-09-11.",https://www.wikidata.org/wiki/Q1060690
src-131b74e10edd4f5e,external,"Wikidata, Q9015206, https://www.wikidata.org/wiki/Q9015206. Accessed 2026-09-12.",,,"Wikidata, Q9015206, https://www.wikidata.org/wiki/Q9015206. Accessed 2026-09-12.",https://www.wikidata.org/wiki/Q9015206
src-132469077ff2954c,external,"Wikipedia (en), Sicily, revision 1372963625. https://en.wikipedia.org/wiki/Sicily. Accessed 2026-09-10.",,,"Wikipedia (en), Sicily, revision 1372963625. https://en.wikipedia.org/wiki/Sicily. Accessed 2026-09-10.",https://en.wikipedia.org/wiki/Sicily
src-1324893fa12212d2,external,"Wikidata, Q4014886, revision 2379066146. https://www.wikidata.org/wiki/Q4014886. Accessed 2026-09-10.",,,"Wikidata, Q4014886, revision 2379066146. https://www.wikidata.org/wiki/Q4014886. Accessed 2026-09-10.",https://www.wikidata.org/wiki/Q4014886
src-13402d8040b8dd42,external,"Wikipedia (it), Palazzo Doria-Pamphilj (Valmontone), revision 145152833. https://it.wikipedia.org/wiki/Palazzo_Doria-Pamphilj_(Valmontone). Accessed 2026-09-11.",,,"Wikipedia (it), Palazzo Doria-Pamphilj (Valmontone), revision 145152833. https://it.wikipedia.org/wiki/Palazzo_Doria-Pamphilj_(Valmontone). Accessed 2026-09-11.",https://it.wikipedia.org/wiki/Palazzo_Doria-Pamphilj_(Valmontone)
src-13512ba35e6b497e,external,"Wikipedia (en), The Massacre of the Innocents (Poussin), revision 1372253609. https://en.wikipedia.org/wiki/The_Massacre_of_the_Innocents_(Poussin). Accessed 2026-09-10.",,,"Wikipedia (en), The Massacre of the Innocents (Poussin), revision 1372253609. https://en.wikipedia.org/wiki/The_Massacre_of_the_Innocents_(Poussin). Accessed 2026-09-10.",https://en.wikipedia.org/wiki/The_Massacre_of_the_Innocents_(Poussin)
src-137aae8d577a7717,external,"Wikipedia (en), Bacchus (Caravaggio), revision 1369810233. https://en.wikipedia.org/wiki/Bacchus_(Caravaggio). Accessed 2026-09-12.",,,"Wikipedia (en), Bacchus (Caravaggio), revision 1369810233. https://en.wikipedia.org/wiki/Bacchus_(Caravaggio). Accessed 2026-09-12.",https://en.wikipedia.org/wiki/Bacchus_(Caravaggio)
src-13b2d42151a097f7,external,"National Trust Collections, Italian art and Britain. Winter exhibition 1960, NT 3119476. https://www.nationaltrustcollections.org.uk/object/3119476. Accessed 2026-09-14.",,,"National Trust Collections, Italian art and Britain. Winter exhibition 1960, NT 3119476. https://www.nationaltrustcollections.org.uk/object/3119476. Accessed 2026-09-14.",https://www.nationaltrustcollections.org.uk/object/3119476
src-144e2d762a97d5e0,external,"Luca Bortolotti, 'MARATTI, Carlo,' Dizionario Biografico degli Italiani 69 (2007). https://www.treccani.it/enciclopedia/carlo-maratti_(Dizionario-Biografico)/ Accessed 2026-09-11.",,,"Luca Bortolotti, 'MARATTI, Carlo,' Dizionario Biografico degli Italiani 69 (2007). https://www.treccani.it/enciclopedia/carlo-maratti_(Dizionario-Biografico)/ Accessed 2026-09-11.",https://www.treccani.it/enciclopedia/carlo-maratti_(Dizionario-Biografico)/
src-1450e03989053436,external,"Università Ca’ Foscari Venezia, L’Archivio dell’Università Ca’ Foscari Venezia, Fondo Gaetano Cozzi. https://edizionicafoscari.unive.it/media/pdf/books/978-88-6969-706-7/978-88-6969-706-7-ch-04.pdf. Accessed 2026-09-14.",,,"Università Ca’ Foscari Venezia, L’Archivio dell’Università Ca’ Foscari Venezia, Fondo Gaetano Cozzi. https://edizionicafoscari.unive.it/media/pdf/books/978-88-6969-706-7/978-88-6969-706-7-ch-04.pdf. Accessed 2026-09-14.",https://edizionicafoscari.unive.it/media/pdf/books/978-88-6969-706-7/978-88-6969-706-7-ch-04.pdf
src-14b83e251dbbfc5e,external,"Wikidata, Q16853519, revision 2420442741. https://www.wikidata.org/wiki/Q16853519. Accessed 2026-09-11.",,,"Wikidata, Q16853519, revision 2420442741. https://www.wikidata.org/wiki/Q16853519. Accessed 2026-09-11.",https://www.wikidata.org/wiki/Q16853519
src-14cc13e097aae26c,external,"Musei Capitolini, Burial of Saint Petronilla, Inv. PC 140. https://www.museicapitolini.org/en/opera/seppellimento-di-santa-petronilla. Accessed 2026-09-10.",,,"Musei Capitolini, Burial of Saint Petronilla, Inv. PC 140. https://www.museicapitolini.org/en/opera/seppellimento-di-santa-petronilla. Accessed 2026-09-10.",https://www.museicapitolini.org/en/opera/seppellimento-di-santa-petronilla
src-14d6fa2782ea0efc,external,"National Gallery Archive, Correspondence between Abraham Hume and Giovanni Maria Sasso, Giovanni Antonio Armano and others, NGA8/1. https://www.nationalgallery.org.uk/research/research-centre/archive/record/NGA8/1. Accessed 2026-09-14.",,,"National Gallery Archive, Correspondence between Abraham Hume and Giovanni Maria Sasso, Giovanni Antonio Armano and others, NGA8/1. https://www.nationalgallery.org.uk/research/research-centre/archive/record/NGA8/1. Accessed 2026-09-14.",https://www.nationalgallery.org.uk/research/research-centre/archive/record/NGA8/1
src-14eabf88f8d10340,external,"Wikipedia (en), Ultramarine, revision 1373556039. https://en.wikipedia.org/wiki/Ultramarine. Accessed 2026-09-11.",,,"Wikipedia (en), Ultramarine, revision 1373556039. https://en.wikipedia.org/wiki/Ultramarine. Accessed 2026-09-11.",https://en.wikipedia.org/wiki/Ultramarine
src-15041e847f1281cf,external,"Sonja Felici, Bust of Scipione Borghese, Galleria Borghese, January 2024, inv. CCLXVI. https://www.collezionegalleriaborghese.it/en/opere/bust-of-scipione-borghese. Accessed 2026-09-10.",,,"Sonja Felici, Bust of Scipione Borghese, Galleria Borghese, January 2024, inv. CCLXVI. https://www.collezionegalleriaborghese.it/en/opere/bust-of-scipione-borghese. Accessed 2026-09-10.",https://www.collezionegalleriaborghese.it/en/opere/bust-of-scipione-borghese
src-15103cd04dbdde1a,external,"The National Gallery, London, 'Artemisia Gentileschi (1593–1654 or later).' https://www.nationalgallery.org.uk/artists/artemisia-gentileschi Accessed 2026-09-11.",,,"The National Gallery, London, 'Artemisia Gentileschi (1593–1654 or later).' https://www.nationalgallery.org.uk/artists/artemisia-gentileschi Accessed 2026-09-11.",https://www.nationalgallery.org.uk/artists/artemisia-gentileschi
src-153827888e87092e,external,"Wikipedia (en), Giovanni Odazzi, revision 1365386596. https://en.wikipedia.org/wiki/Giovanni_Odazzi. Accessed 2026-09-11.",,,"Wikipedia (en), Giovanni Odazzi, revision 1365386596. https://en.wikipedia.org/wiki/Giovanni_Odazzi. Accessed 2026-09-11.",https://en.wikipedia.org/wiki/Giovanni_Odazzi
src-157680743fc1e76f,external,"Wikipedia (en), Pietro Bernini, revision 1365556646. https://en.wikipedia.org/wiki/Pietro_Bernini. Accessed 2026-09-25.",,,"Wikipedia (en), Pietro Bernini, revision 1365556646. https://en.wikipedia.org/wiki/Pietro_Bernini. Accessed 2026-09-25.",https://en.wikipedia.org/wiki/Pietro_Bernini
src-15867257e6f60426,external,"Wikipedia (en), Sant'Antonino, Piacenza, revision 1341776021. https://en.wikipedia.org/wiki/Sant'Antonino,_Piacenza Accessed 2026-09-11.",,,"Wikipedia (en), Sant'Antonino, Piacenza, revision 1341776021. https://en.wikipedia.org/wiki/Sant'Antonino,_Piacenza Accessed 2026-09-11.","https://en.wikipedia.org/wiki/Sant'Antonino,_Piacenza"
src-15ddcb9916771513,external,"Wikipedia (en), Boy Peeling Fruit, revision 1361245364. https://en.wikipedia.org/wiki/Boy_Peeling_Fruit. Accessed 2026-09-12.",,,"Wikipedia (en), Boy Peeling Fruit, revision 1361245364. https://en.wikipedia.org/wiki/Boy_Peeling_Fruit. Accessed 2026-09-12.",https://en.wikipedia.org/wiki/Boy_Peeling_Fruit
src-1624b6e28e2d5e13,external,"Wikidata, Q38, https://www.wikidata.org/wiki/Q38. Accessed 2026-09-25.",,,"Wikidata, Q38, https://www.wikidata.org/wiki/Q38. Accessed 2026-09-25.",https://www.wikidata.org/wiki/Q38
src-162f674b3f5ca943,external,"Wikidata, Q3737242. https://www.wikidata.org/wiki/Q3737242. Accessed 2026-09-13.",,,"Wikidata, Q3737242. https://www.wikidata.org/wiki/Q3737242. Accessed 2026-09-13.",https://www.wikidata.org/wiki/Q3737242
src-1694605965923e79,external,"Wikipedia (en), Mattia Preti, revision 1365392526. https://en.wikipedia.org/wiki/Mattia_Preti. Accessed 2026-09-11.",,,"Wikipedia (en), Mattia Preti, revision 1365392526. https://en.wikipedia.org/wiki/Mattia_Preti. Accessed 2026-09-11.",https://en.wikipedia.org/wiki/Mattia_Preti
src-16a4e7ead22df1fb,external,"Fulvio Lenzo, ‘Il campanile di San Gregorio e Paolo Filocamo,’ Lexicon: Storie e architetture in Sicilia 1 (2005): 31–40. https://dialnet.unirioja.es/descarga/articolo/3669368.pdf. Accessed 2026-09-25.",,,"Fulvio Lenzo, ‘Il campanile di San Gregorio e Paolo Filocamo,’ Lexicon: Storie e architetture in Sicilia 1 (2005): 31–40. https://dialnet.unirioja.es/descarga/articolo/3669368.pdf. Accessed 2026-09-25.",https://dialnet.unirioja.es/descarga/articolo/3669368.pdf
src-16aef7f0cd6f386b,external,"Simona Feci, Luca Bortolotti, Franco Bruni, GIUSTINIANI, Vincenzo, Dizionario Biografico degli Italiani 57 (2001). https://www.treccani.it/enciclopedia/vincenzo-giustiniani_(Dizionario-Biografico)/. Accessed 2026-09-11.",,,"Simona Feci, Luca Bortolotti, Franco Bruni, GIUSTINIANI, Vincenzo, Dizionario Biografico degli Italiani 57 (2001). https://www.treccani.it/enciclopedia/vincenzo-giustiniani_(Dizionario-Biografico)/. Accessed 2026-09-11.",https://www.treccani.it/enciclopedia/vincenzo-giustiniani_(Dizionario-Biografico)/
src-16baea5099bfb11a,external,"Wikipedia (en), The Lute Player (Caravaggio), revision 1373350105. https://en.wikipedia.org/wiki/The_Lute_Player_(Caravaggio). Accessed 2026-09-12.",,,"Wikipedia (en), The Lute Player (Caravaggio), revision 1373350105. https://en.wikipedia.org/wiki/The_Lute_Player_(Caravaggio). Accessed 2026-09-12.",https://en.wikipedia.org/wiki/The_Lute_Player_(Caravaggio)
src-16f064c3335c604c,external,"Wikidata, Q36380, revision 2534566961. https://www.wikidata.org/wiki/Q36380. Accessed 2026-09-10.",,,"Wikidata, Q36380, revision 2534566961. https://www.wikidata.org/wiki/Q36380. Accessed 2026-09-10.",https://www.wikidata.org/wiki/Q36380
src-1706e40d4ed7dbb2,external,"Wikidata, Q15733678, revision 2542174971. https://www.wikidata.org/wiki/Q15733678. Accessed 2026-09-10.",,,"Wikidata, Q15733678, revision 2542174971. https://www.wikidata.org/wiki/Q15733678. Accessed 2026-09-10.",https://www.wikidata.org/wiki/Q15733678
src-17133d2d5a95349c,external,"Gabriele Taddei, «7 gennaio 1411: 60.000 fiorini e Cortona è fiorentina», Portale Storia di Firenze, Università degli Studi di Firenze. https://www.storiadifirenze.org/?p=4162. Accessed 2026-09-11.",,,"Gabriele Taddei, «7 gennaio 1411: 60.000 fiorini e Cortona è fiorentina», Portale Storia di Firenze, Università degli Studi di Firenze. https://www.storiadifirenze.org/?p=4162. Accessed 2026-09-11.",https://www.storiadifirenze.org/?p=4162
src-171b6c1274afb5a4,external,"Wikipedia (en), Pope Clement VIII. https://en.wikipedia.org/wiki/Pope_Clement_VIII. Accessed 2026-09-12.",,,"Wikipedia (en), Pope Clement VIII. https://en.wikipedia.org/wiki/Pope_Clement_VIII. Accessed 2026-09-12.",https://en.wikipedia.org/wiki/Pope_Clement_VIII
src-172d090654d18d72,external,"Wikidata, Q538998, revision 2540077749. https://www.wikidata.org/wiki/Q538998. Accessed 2026-09-11.",,,"Wikidata, Q538998, revision 2540077749. https://www.wikidata.org/wiki/Q538998. Accessed 2026-09-11.",https://www.wikidata.org/wiki/Q538998
src-17b418b72765ed43,external,"Olga Melasecchi, 'GUIDOTTI, Paolo, detto il Cavalier Borghese,' Dizionario Biografico degli Italiani 61 (2004). https://www.treccani.it/enciclopedia/guidotti-paolo-detto-il-cavalier-borghese_(Dizionario-Biografico)/ Accessed 2026-09-11.",,,"Olga Melasecchi, 'GUIDOTTI, Paolo, detto il Cavalier Borghese,' Dizionario Biografico degli Italiani 61 (2004). https://www.treccani.it/enciclopedia/guidotti-paolo-detto-il-cavalier-borghese_(Dizionario-Biografico)/ Accessed 2026-09-11.",https://www.treccani.it/enciclopedia/guidotti-paolo-detto-il-cavalier-borghese_(Dizionario-Biografico)/
src-17fc582773f8a9c6,external,"Wikipedia (en), Caravaggio, revision 1372526492. https://en.wikipedia.org/wiki/Caravaggio. Accessed 2026-09-10.",,,"Wikipedia (en), Caravaggio, revision 1372526492. https://en.wikipedia.org/wiki/Caravaggio. Accessed 2026-09-10.",https://en.wikipedia.org/wiki/Caravaggio
src-183d37a81a6fc79c,external,"Wikidata, Q64521462. https://www.wikidata.org/wiki/Q64521462. Accessed 2026-09-25.",,,"Wikidata, Q64521462. https://www.wikidata.org/wiki/Q64521462. Accessed 2026-09-25.",https://www.wikidata.org/wiki/Q64521462
src-1855ae822cb25bba,external,"Marco Gallo, FRANCESCHINI, Baldassarre detto il Volterrano, DBI 49 (1997). https://www.treccani.it/enciclopedia/baldassarre-detto-il-volterrano-franceschini_(Dizionario-Biografico)/. Accessed 2026-09-15.",,,"Marco Gallo, FRANCESCHINI, Baldassarre detto il Volterrano, DBI 49 (1997). https://www.treccani.it/enciclopedia/baldassarre-detto-il-volterrano-franceschini_(Dizionario-Biografico)/. Accessed 2026-09-15.",https://www.treccani.it/enciclopedia/baldassarre-detto-il-volterrano-franceschini_(Dizionario-Biografico)/
src-1857724d8d9de01d,external,"“Pietro da Cortona” chronology, Kunstchronik, n.s. 23 (1912), p. 282. https://digi.ub.uni-heidelberg.de/diglit/kunstchronik1912/0294. Accessed 2026-09-11.",,,"“Pietro da Cortona” chronology, Kunstchronik, n.s. 23 (1912), p. 282. https://digi.ub.uni-heidelberg.de/diglit/kunstchronik1912/0294. Accessed 2026-09-11.",https://digi.ub.uni-heidelberg.de/diglit/kunstchronik1912/0294
src-18ac324720b6d6a2,external,"Basilica Santa Maria sopra Minerva, Carafa Chapel; Statue of Michelangelo of Christ the Redeemer. https://www.santamariasopraminerva.it/en/4-carafa-chapel-san-tommaso-d-aquino.html ; https://www.santamariasopraminerva.it/en/6-statue-of-michelangelo-of-christ-the-redeemer.html . Accessed 2026-09-10.",,,"Basilica Santa Maria sopra Minerva, Carafa Chapel; Statue of Michelangelo of Christ the Redeemer. https://www.santamariasopraminerva.it/en/4-carafa-chapel-san-tommaso-d-aquino.html ; https://www.santamariasopraminerva.it/en/6-statue-of-michelangelo-of-christ-the-redeemer.html . Accessed 2026-09-10.",https://www.santamariasopraminerva.it/en/4-carafa-chapel-san-tommaso-d-aquino.html
src-18d5c41d717aa2c0,external,"Wikidata, Q132783. https://www.wikidata.org/wiki/Q132783. Accessed 2026-09-13.",,,"Wikidata, Q132783. https://www.wikidata.org/wiki/Q132783. Accessed 2026-09-13.",https://www.wikidata.org/wiki/Q132783
src-18fb505f7172f366,external,"Fondazione Giorgio Cini, Book launch: Venezia Settecento. Studi in memoria di Alessandro Bettagno. https://www.cini.it/en/eventi/book-launch-venezia-settecento-studi-in-memoria-di-alessandro-bettagno/. Accessed 2026-09-25.",,,"Fondazione Giorgio Cini, Book launch: Venezia Settecento. Studi in memoria di Alessandro Bettagno. https://www.cini.it/en/eventi/book-launch-venezia-settecento-studi-in-memoria-di-alessandro-bettagno/. Accessed 2026-09-25.",https://www.cini.it/en/eventi/book-launch-venezia-settecento-studi-in-memoria-di-alessandro-bettagno/
src-19572d25b8d2ec13,external,"ICCD, L’Empire de Flore, print 0800437630, inv.1233. https://catalogo.beniculturali.it/detail/HistoricOrArtisticProperty/0800437630. Record 2008; accessed 2026-09-11.",,,"ICCD, L’Empire de Flore, print 0800437630, inv.1233. https://catalogo.beniculturali.it/detail/HistoricOrArtisticProperty/0800437630. Record 2008; accessed 2026-09-11.",https://catalogo.beniculturali.it/detail/HistoricOrArtisticProperty/0800437630
src-195ec009e13838ee,external,"ICCD, Assunzione della Madonna, record 0800001906. https://catalogo.beniculturali.it/detail/HistoricOrArtisticProperty/0800001906. Accessed 2026-09-11.",,,"ICCD, Assunzione della Madonna, record 0800001906. https://catalogo.beniculturali.it/detail/HistoricOrArtisticProperty/0800001906. Accessed 2026-09-11.",https://catalogo.beniculturali.it/detail/HistoricOrArtisticProperty/0800001906
src-19ae0ca7a801dcc9,external,"LIECHTENSTEIN. The Princely Collections, “Prince Johann Adam Andreas I von Liechtenstein.” https://www.liechtensteincollections.at/en/princes/prince-johann-adam-andreas-i-von-liechtenstein. Accessed 2026-09-11.",,,"LIECHTENSTEIN. The Princely Collections, “Prince Johann Adam Andreas I von Liechtenstein.” https://www.liechtensteincollections.at/en/princes/prince-johann-adam-andreas-i-von-liechtenstein. Accessed 2026-09-11.",https://www.liechtensteincollections.at/en/princes/prince-johann-adam-andreas-i-von-liechtenstein
src-1a2544a9858c6d45,external,"Accademia Nazionale Virgiliana, Quaderni, PDF 6.pdf. https://www.accademianazionalevirgiliana.org/biblioteca/quaderni/6.pdf. Accessed 2026-09-11.",,,"Accademia Nazionale Virgiliana, Quaderni, PDF 6.pdf. https://www.accademianazionalevirgiliana.org/biblioteca/quaderni/6.pdf. Accessed 2026-09-11.",https://www.accademianazionalevirgiliana.org/biblioteca/quaderni/6.pdf
src-1aed9a89c6825340,external,"Wikidata, Q1337275, revision 2523178172. https://www.wikidata.org/wiki/Q1337275. Accessed 2026-09-11.",,,"Wikidata, Q1337275, revision 2523178172. https://www.wikidata.org/wiki/Q1337275. Accessed 2026-09-11.",https://www.wikidata.org/wiki/Q1337275
src-1b10f61032e02de6,external,"Wikipedia (en), John the Baptist (Caravaggio), revision 1365222349. https://en.wikipedia.org/wiki/John_the_Baptist_(Caravaggio). Accessed 2026-09-12.",,,"Wikipedia (en), John the Baptist (Caravaggio), revision 1365222349. https://en.wikipedia.org/wiki/John_the_Baptist_(Caravaggio). Accessed 2026-09-12.",https://en.wikipedia.org/wiki/John_the_Baptist_(Caravaggio)
src-1b26d19cbb4f94cd,external,"Wikidata, Q1749032, revision 2513744098. https://www.wikidata.org/wiki/Q1749032. Reviewed 2026-09-11.",,,"Wikidata, Q1749032, revision 2513744098. https://www.wikidata.org/wiki/Q1749032. Reviewed 2026-09-11.",https://www.wikidata.org/wiki/Q1749032
src-1b2ec10a3f0f4ae2,external,"Wikidata, Clement VIII, Q170395, revision 2532450060. https://www.wikidata.org/wiki/Q170395. Accessed 2026-09-12.",,,"Wikidata, Clement VIII, Q170395, revision 2532450060. https://www.wikidata.org/wiki/Q170395. Accessed 2026-09-12.",https://www.wikidata.org/wiki/Q170395
src-1b38d80ea599518e,external,"Wikidata, Q766487, revision 2445400234. https://www.wikidata.org/wiki/Q766487. Accessed 2026-09-11.",,,"Wikidata, Q766487, revision 2445400234. https://www.wikidata.org/wiki/Q766487. Accessed 2026-09-11.",https://www.wikidata.org/wiki/Q766487
src-1b7cbe0b38b128c3,external,"Palazzo Ducale Venezia, “I Dogi di Venezia / The Doges of Venice.” https://palazzoducale.visitmuve.it/wp-content/uploads/sites/2/2025/06/IL-DOGE-ITA-ENG-2020.pdf. Accessed 2026-09-25.",,,"Palazzo Ducale Venezia, “I Dogi di Venezia / The Doges of Venice.” https://palazzoducale.visitmuve.it/wp-content/uploads/sites/2/2025/06/IL-DOGE-ITA-ENG-2020.pdf. Accessed 2026-09-25.",https://palazzoducale.visitmuve.it/wp-content/uploads/sites/2/2025/06/IL-DOGE-ITA-ENG-2020.pdf
src-1c3ef7ee404ad0b0,external,"Wikidata, Q663133, https://www.wikidata.org/wiki/Q663133. Accessed 2026-09-12.",,,"Wikidata, Q663133, https://www.wikidata.org/wiki/Q663133. Accessed 2026-09-12.",https://www.wikidata.org/wiki/Q663133
src-1c712d4eed4b3c6d,external,"Wikidata, Q2609235, https://www.wikidata.org/wiki/Q2609235. Accessed 2026-09-12.",,,"Wikidata, Q2609235, https://www.wikidata.org/wiki/Q2609235. Accessed 2026-09-12.",https://www.wikidata.org/wiki/Q2609235
src-1c73b039d641d899,external,"Jubilee 2025, “What is the Jubilee?”. https://www.iubilaeum2025.va/en/giubileo-2025/segni-del-giubileo.html Accessed 2026-09-11.",,,"Jubilee 2025, “What is the Jubilee?”. https://www.iubilaeum2025.va/en/giubileo-2025/segni-del-giubileo.html Accessed 2026-09-11.",https://www.iubilaeum2025.va/en/giubileo-2025/segni-del-giubileo.html
src-1c84bdc11db8d06e,external,"Wikipedia (en), Denis Mahon, revision 1364120001. https://en.wikipedia.org/wiki/Denis_Mahon. Accessed 2026-09-10.",,,"Wikipedia (en), Denis Mahon, revision 1364120001. https://en.wikipedia.org/wiki/Denis_Mahon. Accessed 2026-09-10.",https://en.wikipedia.org/wiki/Denis_Mahon
src-1cbd9047f89b7b77,external,"Wikipedia (en), Alessandro Peretti di Montalto, revision 1369317801. https://en.wikipedia.org/wiki/Alessandro_Peretti_di_Montalto. Accessed 2026-09-10.",,,"Wikipedia (en), Alessandro Peretti di Montalto, revision 1369317801. https://en.wikipedia.org/wiki/Alessandro_Peretti_di_Montalto. Accessed 2026-09-10.",https://en.wikipedia.org/wiki/Alessandro_Peretti_di_Montalto
src-1cd8350509c361e7,external,"Wikipedia (en), Pope Innocent XIII, revision 1372256611. https://en.wikipedia.org/wiki/Pope_Innocent_XIII. Accessed 2026-09-10.",,,"Wikipedia (en), Pope Innocent XIII, revision 1372256611. https://en.wikipedia.org/wiki/Pope_Innocent_XIII. Accessed 2026-09-10.",https://en.wikipedia.org/wiki/Pope_Innocent_XIII
src-1d08178fe473085c,external,"National Gallery, London, Altarpieces, Glossary. https://www.nationalgallery.org.uk/paintings/glossary/altarpieces. Accessed 2026-09-10.",,,"National Gallery, London, Altarpieces, Glossary. https://www.nationalgallery.org.uk/paintings/glossary/altarpieces. Accessed 2026-09-10.",https://www.nationalgallery.org.uk/paintings/glossary/altarpieces
src-1d16d70e327e922a,external,"Wikipédia (fr), “Musée Fesch,” revision 237317398; Wikidata Q2483597, revision 2515916305. https://fr.wikipedia.org/wiki/Mus%C3%A9e_Fesch ; https://www.wikidata.org/wiki/Q2483597. Accessed 2026-09-25.",,,"Wikipédia (fr), “Musée Fesch,” revision 237317398; Wikidata Q2483597, revision 2515916305. https://fr.wikipedia.org/wiki/Mus%C3%A9e_Fesch ; https://www.wikidata.org/wiki/Q2483597. Accessed 2026-09-25.",https://fr.wikipedia.org/wiki/Mus%C3%A9e_Fesch
src-1d2a037cfe872320,external,"Alberto Merola, “Altemps, Giovanni Angelo,” Dizionario Biografico degli Italiani 2 (1960). https://www.treccani.it/enciclopedia/giovanni-angelo-altemps_(Dizionario-Biografico)/. Accessed 2026-09-25.",,,"Alberto Merola, “Altemps, Giovanni Angelo,” Dizionario Biografico degli Italiani 2 (1960). https://www.treccani.it/enciclopedia/giovanni-angelo-altemps_(Dizionario-Biografico)/. Accessed 2026-09-25.",https://www.treccani.it/enciclopedia/giovanni-angelo-altemps_(Dizionario-Biografico)/
src-1d2fb62d27d11acf,external,"Wikidata Q155961, revision 2535893812. https://www.wikidata.org/wiki/Q155961. Accessed 2026-09-11.",,,"Wikidata Q155961, revision 2535893812. https://www.wikidata.org/wiki/Q155961. Accessed 2026-09-11.",https://www.wikidata.org/wiki/Q155961
src-1d40bfdfaf7eda22,external,"Wikipedia (en), Santa Maria della Concezione dei Cappuccini, revision 1366883114. https://en.wikipedia.org/wiki/Santa_Maria_della_Concezione_dei_Cappuccini. Accessed 2026-09-10.",,,"Wikipedia (en), Santa Maria della Concezione dei Cappuccini, revision 1366883114. https://en.wikipedia.org/wiki/Santa_Maria_della_Concezione_dei_Cappuccini. Accessed 2026-09-10.",https://en.wikipedia.org/wiki/Santa_Maria_della_Concezione_dei_Cappuccini
src-1d6b5a3a6f4634e1,external,"BONATTI, Giovanni, detto Giovannino del Pio o il Ferraresino, Dizionario Biografico degli Italiani 11 (1969). https://www.treccani.it/enciclopedia/bonatti-giovanni-detto-giovannino-del-pio-o-il-ferraresino_(Dizionario-Biografico)/. Read 2026-09-11.",,,"BONATTI, Giovanni, detto Giovannino del Pio o il Ferraresino, Dizionario Biografico degli Italiani 11 (1969). https://www.treccani.it/enciclopedia/bonatti-giovanni-detto-giovannino-del-pio-o-il-ferraresino_(Dizionario-Biografico)/. Read 2026-09-11.",https://www.treccani.it/enciclopedia/bonatti-giovanni-detto-giovannino-del-pio-o-il-ferraresino_(Dizionario-Biografico)/
src-1d8915313f0694d9,external,Collection or site authority record. https://www.nationalgallery.org.uk/paintings/michelangelo-merisi-da-caravaggio-boy-bitten-by-a-lizard. Accessed 2026-09-12.,,,Collection or site authority record. https://www.nationalgallery.org.uk/paintings/michelangelo-merisi-da-caravaggio-boy-bitten-by-a-lizard. Accessed 2026-09-12.,https://www.nationalgallery.org.uk/paintings/michelangelo-merisi-da-caravaggio-boy-bitten-by-a-lizard
src-1d9b27cde23ea4eb,external,"Fondazione Federico Zeri, entry 57026, work 58737. https://catalogo.fondazionezeri.unibo.it/entry/work/58737/. Accessed 2026-09-11.",,,"Fondazione Federico Zeri, entry 57026, work 58737. https://catalogo.fondazionezeri.unibo.it/entry/work/58737/. Accessed 2026-09-11.",https://catalogo.fondazionezeri.unibo.it/entry/work/58737/
src-1e0ca9f4261cebaf,external,"Wikipedia (en), Biblioteca Augusta, revision 1212538139. https://en.wikipedia.org/wiki/Biblioteca_Augusta. Accessed 2026-09-11.",,,"Wikipedia (en), Biblioteca Augusta, revision 1212538139. https://en.wikipedia.org/wiki/Biblioteca_Augusta. Accessed 2026-09-11.",https://en.wikipedia.org/wiki/Biblioteca_Augusta
src-1e2eabf63d685075,external,"National Gallery, Studying Raphael: Pigments and medium. https://www.nationalgallery.org.uk/research/publications/studying-raphael/studying-raphael-pigments-and-medium. Accessed 2026-09-11.",,,"National Gallery, Studying Raphael: Pigments and medium. https://www.nationalgallery.org.uk/research/publications/studying-raphael/studying-raphael-pigments-and-medium. Accessed 2026-09-11.",https://www.nationalgallery.org.uk/research/publications/studying-raphael/studying-raphael-pigments-and-medium
src-1e411d20526feb61,external,"Pinacoteca Nazionale di Bologna, Strage degli innocenti, INV 439. https://pinacotecabologna.cultura.gov.it/opere-darte/strage-degli-innocenti-847. Accessed 2026-09-11; legacy English record: https://pinacotecabologna.beniculturali.it/en/content_page/item/2822-massacre-of-the-innocents.",,,"Pinacoteca Nazionale di Bologna, Strage degli innocenti, INV 439. https://pinacotecabologna.cultura.gov.it/opere-darte/strage-degli-innocenti-847. Accessed 2026-09-11; legacy English record: https://pinacotecabologna.beniculturali.it/en/content_page/item/2822-massacre-of-the-innocents.",https://pinacotecabologna.cultura.gov.it/opere-darte/strage-degli-innocenti-847
src-1e54b18572078636,external,"Wikipedia (it), Gentiluomo, revision 149034786. https://it.wikipedia.org/wiki/Gentiluomo. Accessed 2026-09-11.",,,"Wikipedia (it), Gentiluomo, revision 149034786. https://it.wikipedia.org/wiki/Gentiluomo. Accessed 2026-09-11.",https://it.wikipedia.org/wiki/Gentiluomo
src-1e6b2c60d3652ddf,external,"Wikidata, Q332494, revision 2531611425. https://www.wikidata.org/wiki/Q332494. Accessed 2026-09-11.",,,"Wikidata, Q332494, revision 2531611425. https://www.wikidata.org/wiki/Q332494. Accessed 2026-09-11.",https://www.wikidata.org/wiki/Q332494
src-1e7205fed04ccd06,external,"Wikidata, Q63522275, revision 2259607374. https://www.wikidata.org/wiki/Special:EntityData/Q63522275.json. Accessed 2026-09-10.",,,"Wikidata, Q63522275, revision 2259607374. https://www.wikidata.org/wiki/Special:EntityData/Q63522275.json. Accessed 2026-09-10.",https://www.wikidata.org/wiki/Special:EntityData/Q63522275.json
src-1e7a6bde2022cc2e,external,"Wikipedia (en), Jubilee in the Catholic Church, revision 1373546381. https://en.wikipedia.org/wiki/Jubilee_in_the_Catholic_Church. Accessed 2026-09-10.",,,"Wikipedia (en), Jubilee in the Catholic Church, revision 1373546381. https://en.wikipedia.org/wiki/Jubilee_in_the_Catholic_Church. Accessed 2026-09-10.",https://en.wikipedia.org/wiki/Jubilee_in_the_Catholic_Church
src-1e91456fb9a932e4,external,Collection or site authority record. https://gallerieditalia.com/en/online-museums/artworks/martyrdom_of_saint_ursula-3023/. Accessed 2026-09-12.,,,Collection or site authority record. https://gallerieditalia.com/en/online-museums/artworks/martyrdom_of_saint_ursula-3023/. Accessed 2026-09-12.,https://gallerieditalia.com/en/online-museums/artworks/martyrdom_of_saint_ursula-3023/
src-1eb0b24005bea745,external,"Wikidata, Q3839112, revision 2502593632. https://www.wikidata.org/wiki/Q3839112. Read 2026-09-11.",,,"Wikidata, Q3839112, revision 2502593632. https://www.wikidata.org/wiki/Q3839112. Read 2026-09-11.",https://www.wikidata.org/wiki/Q3839112
src-1ed25e9f6ef594b4,external,"Theatines, Historia Basílica. https://teatinos.org/historia-basilica/. Accessed 2026-09-10.",,,"Theatines, Historia Basílica. https://teatinos.org/historia-basilica/. Accessed 2026-09-10.",https://teatinos.org/historia-basilica/
src-1efaefb043ef46bf,external,"Princeton University Library, European Graphic Arts, Z-GA-EGA-131. https://static-prod.lib.princeton.edu/scsites/portfolio/ega/r00000032.htm. Accessed 2026-09-14.",,,"Princeton University Library, European Graphic Arts, Z-GA-EGA-131. https://static-prod.lib.princeton.edu/scsites/portfolio/ega/r00000032.htm. Accessed 2026-09-14.",https://static-prod.lib.princeton.edu/scsites/portfolio/ega/r00000032.htm
src-1efb443fe6555740,external,"Wikipedia (en), Scipione Borghese, revision 1357800136. https://en.wikipedia.org/wiki/Scipione_Borghese. Accessed 2026-09-10.",,,"Wikipedia (en), Scipione Borghese, revision 1357800136. https://en.wikipedia.org/wiki/Scipione_Borghese. Accessed 2026-09-10.",https://en.wikipedia.org/wiki/Scipione_Borghese
src-1f09bebedc09fc25,external,"John Q. Barrett, Peter Calvocoressi (1912–2010), Nuremberg Prosecutor, 2010. https://thejacksonlist.com/wp-content/uploads/2014/02/20100208-Jackson-List-Calvocoressi.pdf. Accessed 2026-09-15.",,,"John Q. Barrett, Peter Calvocoressi (1912–2010), Nuremberg Prosecutor, 2010. https://thejacksonlist.com/wp-content/uploads/2014/02/20100208-Jackson-List-Calvocoressi.pdf. Accessed 2026-09-15.",https://thejacksonlist.com/wp-content/uploads/2014/02/20100208-Jackson-List-Calvocoressi.pdf
src-1f46eb3b44b5cbf3,external,"Wikidata, Q22932, revision 2485413121. https://www.wikidata.org/wiki/Q22932. Accessed 2026-09-11.",,,"Wikidata, Q22932, revision 2485413121. https://www.wikidata.org/wiki/Q22932. Accessed 2026-09-11.",https://www.wikidata.org/wiki/Q22932
src-1f9a53d3e2c545fb,external,"Dwight C. Miller, ""BARBIERI, Giovanni Francesco detto il Guercino,"" Dizionario Biografico degli Italiani 6 (1964). https://www.treccani.it/enciclopedia/giovanni-francesco-detto-il-guercino-barbieri_(Dizionario-Biografico)/ Accessed 2026-09-10.",,,"Dwight C. Miller, ""BARBIERI, Giovanni Francesco detto il Guercino,"" Dizionario Biografico degli Italiani 6 (1964). https://www.treccani.it/enciclopedia/giovanni-francesco-detto-il-guercino-barbieri_(Dizionario-Biografico)/ Accessed 2026-09-10.",https://www.treccani.it/enciclopedia/giovanni-francesco-detto-il-guercino-barbieri_(Dizionario-Biografico)/
src-1fe64f6f1356e125,external,"Compton Verney, The History of Compton Verney, Sir Peter Moores CBE DL. https://www.comptonverney.org.uk/our-story/history-of-compton-verney/. Accessed 2026-09-14.",,,"Compton Verney, The History of Compton Verney, Sir Peter Moores CBE DL. https://www.comptonverney.org.uk/our-story/history-of-compton-verney/. Accessed 2026-09-14.",https://www.comptonverney.org.uk/our-story/history-of-compton-verney/
src-20493b8f8bffd3f4,external,"Wikipedia (en), The Calling of Saint Matthew, revision 1368373413. https://en.wikipedia.org/wiki/The_Calling_of_Saint_Matthew. Accessed 2026-09-12.",,,"Wikipedia (en), The Calling of Saint Matthew, revision 1368373413. https://en.wikipedia.org/wiki/The_Calling_of_Saint_Matthew. Accessed 2026-09-12.",https://en.wikipedia.org/wiki/The_Calling_of_Saint_Matthew
src-206ec9466402c473,external,"Wikipedia (en), Valmontone, revision 1346917382. https://en.wikipedia.org/wiki/Valmontone. Accessed 2026-09-10.",,,"Wikipedia (en), Valmontone, revision 1346917382. https://en.wikipedia.org/wiki/Valmontone. Accessed 2026-09-10.",https://en.wikipedia.org/wiki/Valmontone
src-207a2a61e7380482,external,"Wallraf-Richartz-Museum, Contact. https://www.wallraf.museum/en/the-museum/contact/contact/. Accessed 2026-09-15.",,,"Wallraf-Richartz-Museum, Contact. https://www.wallraf.museum/en/the-museum/contact/contact/. Accessed 2026-09-15.",https://www.wallraf.museum/en/the-museum/contact/contact/
src-20955f837289b882,external,"Alessandro Serafini, LUTI, Benedetto, Dizionario Biografico degli Italiani 66 (2006). https://www.treccani.it/enciclopedia/benedetto-luti_(Dizionario-Biografico)/ Accessed 2026-09-11.",,,"Alessandro Serafini, LUTI, Benedetto, Dizionario Biografico degli Italiani 66 (2006). https://www.treccani.it/enciclopedia/benedetto-luti_(Dizionario-Biografico)/ Accessed 2026-09-11.",https://www.treccani.it/enciclopedia/benedetto-luti_(Dizionario-Biografico)/
src-20ce891b9ca3ad75,external,"Wikidata, Q243514, revision 2527348834. https://www.wikidata.org/wiki/Q243514. Reviewed 2026-09-11.",,,"Wikidata, Q243514, revision 2527348834. https://www.wikidata.org/wiki/Q243514. Reviewed 2026-09-11.",https://www.wikidata.org/wiki/Q243514
src-20de977717a581d1,external,"U.S. Copyright Office, Copyright Law of the United States (Title 17). https://www.copyright.gov/title17/. Accessed 2026-09-15.",,,"U.S. Copyright Office, Copyright Law of the United States (Title 17). https://www.copyright.gov/title17/. Accessed 2026-09-15.",https://www.copyright.gov/title17/
src-20e56f977424bea3,external,"Wikidata, Q84, revision 2539604940. https://www.wikidata.org/wiki/Q84. Accessed 2026-09-10.",,,"Wikidata, Q84, revision 2539604940. https://www.wikidata.org/wiki/Q84. Accessed 2026-09-10.",https://www.wikidata.org/wiki/Q84
src-211ecc0a39740c2e,external,"Roma Capitale, Palazzo di Montecitorio, Turismo Roma. https://www.turismoroma.it/it/node/1403. Accessed 2026-09-10.",,,"Roma Capitale, Palazzo di Montecitorio, Turismo Roma. https://www.turismoroma.it/it/node/1403. Accessed 2026-09-10.",https://www.turismoroma.it/it/node/1403
src-2161f22013be7bac,external,"Wikipedia (en), Heritage Malta. https://en.wikipedia.org/wiki/Heritage_Malta. Accessed 2026-09-13.",,,"Wikipedia (en), Heritage Malta. https://en.wikipedia.org/wiki/Heritage_Malta. Accessed 2026-09-13.",https://en.wikipedia.org/wiki/Heritage_Malta
src-217701a6f5805839,external,"Sabrina Minuzzi, PASQUALI, Giambattista, Dizionario Biografico degli Italiani, vol. 81 (2014). https://www.treccani.it/enciclopedia/giambattista-pasquali_(Dizionario-Biografico)/. Accessed 2026-09-14.",,,"Sabrina Minuzzi, PASQUALI, Giambattista, Dizionario Biografico degli Italiani, vol. 81 (2014). https://www.treccani.it/enciclopedia/giambattista-pasquali_(Dizionario-Biografico)/. Accessed 2026-09-14.",https://www.treccani.it/enciclopedia/giambattista-pasquali_(Dizionario-Biografico)/
src-2183e09533f8fe33,external,"Wikipedia (en), Crucifixion of Saint Peter (Caravaggio), revision 1361249053. https://en.wikipedia.org/wiki/Crucifixion_of_Saint_Peter_(Caravaggio). Accessed 2026-09-10.",,,"Wikipedia (en), Crucifixion of Saint Peter (Caravaggio), revision 1361249053. https://en.wikipedia.org/wiki/Crucifixion_of_Saint_Peter_(Caravaggio). Accessed 2026-09-10.",https://en.wikipedia.org/wiki/Crucifixion_of_Saint_Peter_(Caravaggio)
src-21b54c7c8568c9b0,external,"Wikidata, Q599744, revision 2521125466. https://www.wikidata.org/wiki/Q599744. Accessed 2026-09-11.",,,"Wikidata, Q599744, revision 2521125466. https://www.wikidata.org/wiki/Q599744. Accessed 2026-09-11.",https://www.wikidata.org/wiki/Q599744
src-21d14e4f6dc612cd,external,"Wikidata, Q333906. https://www.wikidata.org/wiki/Q333906. Accessed 2026-09-13.",,,"Wikidata, Q333906. https://www.wikidata.org/wiki/Q333906. Accessed 2026-09-13.",https://www.wikidata.org/wiki/Q333906
src-22082366a5fa4777,external,"Wikipedia (en), Perugia, revision 1373033931. https://en.wikipedia.org/wiki/Perugia. Accessed 2026-09-11.",,,"Wikipedia (en), Perugia, revision 1373033931. https://en.wikipedia.org/wiki/Perugia. Accessed 2026-09-11.",https://en.wikipedia.org/wiki/Perugia
src-225c1c40b499f94a,external,"Wikidata, Q29, revision 2542143031. https://www.wikidata.org/wiki/Q29. Accessed 2026-09-11.",,,"Wikidata, Q29, revision 2542143031. https://www.wikidata.org/wiki/Q29. Accessed 2026-09-11.",https://www.wikidata.org/wiki/Q29
src-22d0430984d6f7fb,external,"Senato della Repubblica, Palazzo della Minerva, institutional building brochure. https://www.senato.it/documenti/repository/relazioni/libreria/palazzi_del_Senato.pdf. Accessed 2026-09-25.",,,"Senato della Repubblica, Palazzo della Minerva, institutional building brochure. https://www.senato.it/documenti/repository/relazioni/libreria/palazzi_del_Senato.pdf. Accessed 2026-09-25.",https://www.senato.it/documenti/repository/relazioni/libreria/palazzi_del_Senato.pdf
src-22f04b78749022bb,external,"The Holy See, Sisto V. https://www.vatican.va/content/vatican/it/holy-father/sisto-v.html. Accessed 2026-09-10.",,,"The Holy See, Sisto V. https://www.vatican.va/content/vatican/it/holy-father/sisto-v.html. Accessed 2026-09-10.",https://www.vatican.va/content/vatican/it/holy-father/sisto-v.html
src-22f2ad2ab9e6a17c,external,"Wikidata, Q641, revision 2540996855. https://www.wikidata.org/wiki/Q641. Accessed 2026-09-10.",,,"Wikidata, Q641, revision 2540996855. https://www.wikidata.org/wiki/Q641. Accessed 2026-09-10.",https://www.wikidata.org/wiki/Q641
src-22f2e019ee24aa48,external,"Wikipedia (en), Thomas Howard, 14th Earl of Arundel, revision 1372440287. https://en.wikipedia.org/wiki/Thomas_Howard,_14th_Earl_of_Arundel. Read 2026-09-11.",,,"Wikipedia (en), Thomas Howard, 14th Earl of Arundel, revision 1372440287. https://en.wikipedia.org/wiki/Thomas_Howard,_14th_Earl_of_Arundel. Read 2026-09-11.","https://en.wikipedia.org/wiki/Thomas_Howard,_14th_Earl_of_Arundel"
src-22fdb35ce3c07b74,external,"Bayerische Staatsgemäldesammlungen, Alles Gute zum Geburtstag, Alte Pinakothek!, 2026-04-07. https://www.pinakothek.de/de/alles-gute-zum-geburtstag-alte-pinakothek. Accessed 2026-09-14.",,,"Bayerische Staatsgemäldesammlungen, Alles Gute zum Geburtstag, Alte Pinakothek!, 2026-04-07. https://www.pinakothek.de/de/alles-gute-zum-geburtstag-alte-pinakothek. Accessed 2026-09-14.",https://www.pinakothek.de/de/alles-gute-zum-geburtstag-alte-pinakothek
src-231965814e62379d,external,"Wikidata Q2448678, revision 2505207429. https://www.wikidata.org/wiki/Q2448678. Accessed 2026-09-11.",,,"Wikidata Q2448678, revision 2505207429. https://www.wikidata.org/wiki/Q2448678. Accessed 2026-09-11.",https://www.wikidata.org/wiki/Q2448678
src-23f01b4e7334c526,external,"Wikidata, Q1448203, revision 2502313477. https://www.wikidata.org/wiki/Q1448203. Accessed 2026-09-10.",,,"Wikidata, Q1448203, revision 2502313477. https://www.wikidata.org/wiki/Q1448203. Accessed 2026-09-10.",https://www.wikidata.org/wiki/Q1448203
src-242325e4987deb1b,external,"Wikidata, Q2626595, https://www.wikidata.org/wiki/Q2626595. Accessed 2026-09-12.",,,"Wikidata, Q2626595, https://www.wikidata.org/wiki/Q2626595. Accessed 2026-09-12.",https://www.wikidata.org/wiki/Q2626595
src-243a087c650e8891,external,"Giovanni Treccani, “Hercolani, Filippo, principe,” Enciclopedia on line. https://www.treccani.it/enciclopedia/hercolani-filippo-principe/. Accessed 2026-09-25.",,,"Giovanni Treccani, “Hercolani, Filippo, principe,” Enciclopedia on line. https://www.treccani.it/enciclopedia/hercolani-filippo-principe/. Accessed 2026-09-25.",https://www.treccani.it/enciclopedia/hercolani-filippo-principe/
src-24470fb601e10206,external,"Wikidata, Q447730, revision 2537267979. https://www.wikidata.org/wiki/Q447730. Accessed 2026-09-10.",,,"Wikidata, Q447730, revision 2537267979. https://www.wikidata.org/wiki/Q447730. Accessed 2026-09-10.",https://www.wikidata.org/wiki/Q447730
src-2459bc820f202f38,external,"Wikidata, Q20458, revision 2527328243. https://www.wikidata.org/wiki/Q20458. Accessed 2026-09-11.",,,"Wikidata, Q20458, revision 2527328243. https://www.wikidata.org/wiki/Q20458. Accessed 2026-09-11.",https://www.wikidata.org/wiki/Q20458
src-247621ddd635cc91,external,Collection or site authority record. https://collections.louvre.fr/ark:/53355/cl010062328. Accessed 2026-09-12.,,,Collection or site authority record. https://collections.louvre.fr/ark:/53355/cl010062328. Accessed 2026-09-12.,https://collections.louvre.fr/ark:/53355/cl010062328
src-24854d5b73595d76,external,"Wikipedia (en), Berlinghiero Gessi, revision 1362663429. https://en.wikipedia.org/wiki/Berlinghiero_Gessi. Accessed 2026-09-10.",,,"Wikipedia (en), Berlinghiero Gessi, revision 1362663429. https://en.wikipedia.org/wiki/Berlinghiero_Gessi. Accessed 2026-09-10.",https://en.wikipedia.org/wiki/Berlinghiero_Gessi
src-248f4adf0c78eb95,external,"Wikipedia (en), Crucifixion of Saint Peter (Caravaggio), revision 1361249053. https://en.wikipedia.org/wiki/Crucifixion_of_Saint_Peter_(Caravaggio). Accessed 2026-09-11.",,,"Wikipedia (en), Crucifixion of Saint Peter (Caravaggio), revision 1361249053. https://en.wikipedia.org/wiki/Crucifixion_of_Saint_Peter_(Caravaggio). Accessed 2026-09-11.",https://en.wikipedia.org/wiki/Crucifixion_of_Saint_Peter_(Caravaggio)
src-249840053f7de0f2,external,"Wikidata Q16586138, revision 2539212564. https://www.wikidata.org/wiki/Q16586138. Accessed 2026-09-11.",,,"Wikidata Q16586138, revision 2539212564. https://www.wikidata.org/wiki/Q16586138. Accessed 2026-09-11.",https://www.wikidata.org/wiki/Q16586138
src-24a94034808be66b,external,"Wikipedia (en), Hermitage Museum. https://en.wikipedia.org/wiki/Hermitage_Museum. Accessed 2026-09-13.",,,"Wikipedia (en), Hermitage Museum. https://en.wikipedia.org/wiki/Hermitage_Museum. Accessed 2026-09-13.",https://en.wikipedia.org/wiki/Hermitage_Museum
src-24cf9c20a32fb9e9,external,"Wikidata, Q6259378, page revision 2026-08-05. https://www.wikidata.org/wiki/Q6259378. Accessed 2026-09-25.",,,"Wikidata, Q6259378, page revision 2026-08-05. https://www.wikidata.org/wiki/Q6259378. Accessed 2026-09-25.",https://www.wikidata.org/wiki/Q6259378
src-24e95680a557dc76,external,"Rijksmuseum, RP-P-2004-543, linked-art object 200471954. https://id.rijksmuseum.nl/200471954. Accessed 2026-09-14.",,,"Rijksmuseum, RP-P-2004-543, linked-art object 200471954. https://id.rijksmuseum.nl/200471954. Accessed 2026-09-14.",https://id.rijksmuseum.nl/200471954
src-250bc609fd9289ba,external,"Wikipedia (en), Santa Maria in Vallicella, revision 1362822909. https://en.wikipedia.org/wiki/Santa_Maria_in_Vallicella. Accessed 2026-09-10.",,,"Wikipedia (en), Santa Maria in Vallicella, revision 1362822909. https://en.wikipedia.org/wiki/Santa_Maria_in_Vallicella. Accessed 2026-09-10.",https://en.wikipedia.org/wiki/Santa_Maria_in_Vallicella
src-25216175b7ece7de,external,"Wikidata, Q976354, https://www.wikidata.org/wiki/Q976354. Accessed 2026-09-12.",,,"Wikidata, Q976354, https://www.wikidata.org/wiki/Q976354. Accessed 2026-09-12.",https://www.wikidata.org/wiki/Q976354
src-25325a937b44f7b8,external,"Fabio Sottili, Giuseppe Zocchi e le sue Vedute di Firenze, Imagines 13 (2025), Gallerie degli Uffizi. https://www.datocms-assets.com/103094/1767175021-imagines-n-13-ottobre-2025_sottili.pdf. Accessed 2026-09-14.",,,"Fabio Sottili, Giuseppe Zocchi e le sue Vedute di Firenze, Imagines 13 (2025), Gallerie degli Uffizi. https://www.datocms-assets.com/103094/1767175021-imagines-n-13-ottobre-2025_sottili.pdf. Accessed 2026-09-14.",https://www.datocms-assets.com/103094/1767175021-imagines-n-13-ottobre-2025_sottili.pdf
src-255557a58d2a92c7,external,"Susanne Adina Meyer, GIAQUINTO, Corrado, Dizionario Biografico degli Italiani 54 (2000). https://www.treccani.it/enciclopedia/corrado-giaquinto_(Dizionario-Biografico)/. Accessed 2026-09-14.",,,"Susanne Adina Meyer, GIAQUINTO, Corrado, Dizionario Biografico degli Italiani 54 (2000). https://www.treccani.it/enciclopedia/corrado-giaquinto_(Dizionario-Biografico)/. Accessed 2026-09-14.",https://www.treccani.it/enciclopedia/corrado-giaquinto_(Dizionario-Biografico)/
src-2563b14fedb99d67,external,"Centro de Estudios Europa Hispánica, La corte en llamas. Proceso al marqués de Heliche (1662–1663), publication presentation (2023). https://www.ceeh.es/publicacion/la-corte-en-llamas-proceso-al-marques-de-heliche-1662-1663/. Accessed 2026-09-15.",,,"Centro de Estudios Europa Hispánica, La corte en llamas. Proceso al marqués de Heliche (1662–1663), publication presentation (2023). https://www.ceeh.es/publicacion/la-corte-en-llamas-proceso-al-marques-de-heliche-1662-1663/. Accessed 2026-09-15.",https://www.ceeh.es/publicacion/la-corte-en-llamas-proceso-al-marques-de-heliche-1662-1663/
src-256ac684c7581bfc,external,"Giorgio Marini, VOLPATO, Giovanni, Dizionario Biografico degli Italiani. https://www.treccani.it/enciclopedia/giovanni-volpato_(Dizionario-Biografico)/. Accessed 2026-09-14.",,,"Giorgio Marini, VOLPATO, Giovanni, Dizionario Biografico degli Italiani. https://www.treccani.it/enciclopedia/giovanni-volpato_(Dizionario-Biografico)/. Accessed 2026-09-14.",https://www.treccani.it/enciclopedia/giovanni-volpato_(Dizionario-Biografico)/
src-259bdf16bc421021,external,"Wikipedia (en), Pendant (art), revision 1357897077. https://en.wikipedia.org/wiki/Pendant_(art). Accessed 2026-09-10.",,,"Wikipedia (en), Pendant (art), revision 1357897077. https://en.wikipedia.org/wiki/Pendant_(art). Accessed 2026-09-10.",https://en.wikipedia.org/wiki/Pendant_(art)
src-25a3133fe83b3d10,external,"Wikipedia (en), Frederick III, Holy Roman Emperor, revision 1371534850. https://en.wikipedia.org/wiki/Frederick_III%2C_Holy_Roman_Emperor. Accessed 2026-09-10.",,,"Wikipedia (en), Frederick III, Holy Roman Emperor, revision 1371534850. https://en.wikipedia.org/wiki/Frederick_III%2C_Holy_Roman_Emperor. Accessed 2026-09-10.",https://en.wikipedia.org/wiki/Frederick_III%2C_Holy_Roman_Emperor
src-25bd8d942b11c5ab,external,"Ministère de la Culture, POP, Palissy record PM06000568, “retable, tableau : Saint Eloi entre saint Jean-Baptiste et saint André.” https://pop.culture.gouv.fr/notice/palissy/PM06000568. Accessed 2026-09-25.",,,"Ministère de la Culture, POP, Palissy record PM06000568, “retable, tableau : Saint Eloi entre saint Jean-Baptiste et saint André.” https://pop.culture.gouv.fr/notice/palissy/PM06000568. Accessed 2026-09-25.",https://pop.culture.gouv.fr/notice/palissy/PM06000568
src-261737fab2060abc,external,"Wikidata, Q2007260, https://www.wikidata.org/wiki/Q2007260. Accessed 2026-09-12.",,,"Wikidata, Q2007260, https://www.wikidata.org/wiki/Q2007260. Accessed 2026-09-12.",https://www.wikidata.org/wiki/Q2007260
src-2642ba9e6dd62200,external,"Richard Bösel and Lydia Salviucci Insolera, POZZO, Andrea, Dizionario Biografico degli Italiani 85 (2016). https://www.treccani.it/enciclopedia/andrea-pozzo_(Dizionario-Biografico)/. Accessed 2026-09-10.",,,"Richard Bösel and Lydia Salviucci Insolera, POZZO, Andrea, Dizionario Biografico degli Italiani 85 (2016). https://www.treccani.it/enciclopedia/andrea-pozzo_(Dizionario-Biografico)/. Accessed 2026-09-10.",https://www.treccani.it/enciclopedia/andrea-pozzo_(Dizionario-Biografico)/
src-269f501297323b79,external,"Erich Schleier, ""LANFRANCO, Giovanni,"" Dizionario Biografico degli Italiani 63 (2004). https://www.treccani.it/enciclopedia/giovanni-lanfranco_(Dizionario-Biografico)/ Accessed 2026-09-10.",,,"Erich Schleier, ""LANFRANCO, Giovanni,"" Dizionario Biografico degli Italiani 63 (2004). https://www.treccani.it/enciclopedia/giovanni-lanfranco_(Dizionario-Biografico)/ Accessed 2026-09-10.",https://www.treccani.it/enciclopedia/giovanni-lanfranco_(Dizionario-Biografico)/
src-26ca6764f50af80a,external,"National Galleries of Scotland, ""Guercino (Giovanni Francesco Barbieri)."" https://www.nationalgalleries.org/art-and-artists/artists/guercino-giovanni-francesco-barbieri. Accessed 2026-09-09.",,,"National Galleries of Scotland, ""Guercino (Giovanni Francesco Barbieri)."" https://www.nationalgalleries.org/art-and-artists/artists/guercino-giovanni-francesco-barbieri. Accessed 2026-09-09.",https://www.nationalgalleries.org/art-and-artists/artists/guercino-giovanni-francesco-barbieri
src-2782e5d39f080316,external,"Wikipedia (en), David (Bernini), revision 1361249528. https://en.wikipedia.org/wiki/David_(Bernini). Accessed 2026-09-10.",,,"Wikipedia (en), David (Bernini), revision 1361249528. https://en.wikipedia.org/wiki/David_(Bernini). Accessed 2026-09-10.",https://en.wikipedia.org/wiki/David_(Bernini)
src-27a9df0b81ade4ee,external,"Wikidata, Q1449, revision 2540418635. https://www.wikidata.org/wiki/Q1449. Accessed 2026-09-11.",,,"Wikidata, Q1449, revision 2540418635. https://www.wikidata.org/wiki/Q1449. Accessed 2026-09-11.",https://www.wikidata.org/wiki/Q1449
src-27c1cb756ddb755c,external,"Georg Lutz, URBANO VIII, Enciclopedia dei Papi (2000). https://www.treccani.it/enciclopedia/urbano-viii_(Enciclopedia-dei-Papi)/. Accessed 2026-09-10.",,,"Georg Lutz, URBANO VIII, Enciclopedia dei Papi (2000). https://www.treccani.it/enciclopedia/urbano-viii_(Enciclopedia-dei-Papi)/. Accessed 2026-09-10.",https://www.treccani.it/enciclopedia/urbano-viii_(Enciclopedia-dei-Papi)/
src-27c7ca7791732db1,external,"Francesco Petrucci, Il “Martirio di San Lorenzo”. Presso il Museo Francescano di Roma. Un capolavoro sconosciuto di Ludovico Gimignani. Palazzo Chigi, Ariccia, 11 June 2021 (signed 6 June 2021). https://www.palazzochigiariccia.it/__trashed/. Accessed 2026-09-11.",,,"Francesco Petrucci, Il “Martirio di San Lorenzo”. Presso il Museo Francescano di Roma. Un capolavoro sconosciuto di Ludovico Gimignani. Palazzo Chigi, Ariccia, 11 June 2021 (signed 6 June 2021). https://www.palazzochigiariccia.it/__trashed/. Accessed 2026-09-11.",https://www.palazzochigiariccia.it/__trashed/
src-280380017cd45b28,external,"Wikipedia (en), The Martyrdom of Saint Ursula (Caravaggio), revision 1373072947. https://en.wikipedia.org/wiki/The_Martyrdom_of_Saint_Ursula_(Caravaggio). Accessed 2026-09-12.",,,"Wikipedia (en), The Martyrdom of Saint Ursula (Caravaggio), revision 1373072947. https://en.wikipedia.org/wiki/The_Martyrdom_of_Saint_Ursula_(Caravaggio). Accessed 2026-09-12.",https://en.wikipedia.org/wiki/The_Martyrdom_of_Saint_Ursula_(Caravaggio)
src-28701e300e600537,external,"Wikipedia (en), Thomas Coke, disambiguation page, revision 1295780100. https://en.wikipedia.org/wiki/Thomas_Coke. Read 2026-09-11.",,,"Wikipedia (en), Thomas Coke, disambiguation page, revision 1295780100. https://en.wikipedia.org/wiki/Thomas_Coke. Read 2026-09-11.",https://en.wikipedia.org/wiki/Thomas_Coke
src-2888165811c4b155,external,"Wikipedia (en), Sant'Andrea della Valle, revision 1366883352. https://en.wikipedia.org/wiki/Sant%27Andrea_della_Valle. Accessed 2026-09-10.",,,"Wikipedia (en), Sant'Andrea della Valle, revision 1366883352. https://en.wikipedia.org/wiki/Sant%27Andrea_della_Valle. Accessed 2026-09-10.",https://en.wikipedia.org/wiki/Sant%27Andrea_della_Valle
src-28b081ff6d81d743,external,"Wikipedia (en), Denis Mahon, revision 1364120001. https://en.wikipedia.org/wiki/Denis_Mahon Accessed 2026-09-11.",,,"Wikipedia (en), Denis Mahon, revision 1364120001. https://en.wikipedia.org/wiki/Denis_Mahon Accessed 2026-09-11.",https://en.wikipedia.org/wiki/Denis_Mahon
src-28c1a582d30fd94d,external,"Musei Capitolini, Ratto delle Sabine, Inv. PC 137. https://www.museicapitolini.org/it/opera/ratto-delle-sabine. Accessed 2026-09-15.",,,"Musei Capitolini, Ratto delle Sabine, Inv. PC 137. https://www.museicapitolini.org/it/opera/ratto-delle-sabine. Accessed 2026-09-15.",https://www.museicapitolini.org/it/opera/ratto-delle-sabine
src-28cce2003a531c8c,external,"Wikidata, Q741375, revision 2541010497. https://www.wikidata.org/wiki/Q741375. Accessed 2026-09-10.",,,"Wikidata, Q741375, revision 2541010497. https://www.wikidata.org/wiki/Q741375. Accessed 2026-09-10.",https://www.wikidata.org/wiki/Q741375
src-28d1808839a65c3f,external,"Wikidata, Q451555. https://www.wikidata.org/wiki/Q451555. Accessed 2026-09-13.",,,"Wikidata, Q451555. https://www.wikidata.org/wiki/Q451555. Accessed 2026-09-13.",https://www.wikidata.org/wiki/Q451555
src-28f206fa8da53224,external,"Wikipedia (en), Via Margutta, revision 1327819867. https://en.wikipedia.org/wiki/Via_Margutta Accessed 2026-09-11.",,,"Wikipedia (en), Via Margutta, revision 1327819867. https://en.wikipedia.org/wiki/Via_Margutta Accessed 2026-09-11.",https://en.wikipedia.org/wiki/Via_Margutta
src-2943b2c4337a7eed,external,"National Galleries of Scotland, Saint Anthony of Padua reviving a Dead Man, NG 2854. https://www.nationalgalleries.org/art-and-artists/44597. Accessed 2026-09-11.",,,"National Galleries of Scotland, Saint Anthony of Padua reviving a Dead Man, NG 2854. https://www.nationalgalleries.org/art-and-artists/44597. Accessed 2026-09-11.",https://www.nationalgalleries.org/art-and-artists/44597
src-29613019020f9150,external,"Wikidata, “Aristotle” (Q868). https://www.wikidata.org/wiki/Q868. Accessed 2026-09-25.",,,"Wikidata, “Aristotle” (Q868). https://www.wikidata.org/wiki/Q868. Accessed 2026-09-25.",https://www.wikidata.org/wiki/Q868
src-296cee209e857c30,external,"Wikipedia (en), London, revision 1372851516. https://en.wikipedia.org/wiki/London Accessed 2026-09-11.",,,"Wikipedia (en), London, revision 1372851516. https://en.wikipedia.org/wiki/London Accessed 2026-09-11.",https://en.wikipedia.org/wiki/London
src-2973c23f0b4e83eb,external,"Wikidata, Q1749032, revision 2513744098. https://www.wikidata.org/wiki/Q1749032. Accessed 2026-09-10.",,,"Wikidata, Q1749032, revision 2513744098. https://www.wikidata.org/wiki/Q1749032. Accessed 2026-09-10.",https://www.wikidata.org/wiki/Q1749032
src-2982f71d224ac1ba,external,"Wikipedia (en), Bentvueghels, revision 1372100851. https://en.wikipedia.org/wiki/Bentvueghels. Accessed 2026-09-10.",,,"Wikipedia (en), Bentvueghels, revision 1372100851. https://en.wikipedia.org/wiki/Bentvueghels. Accessed 2026-09-10.",https://en.wikipedia.org/wiki/Bentvueghels
src-29b4bc9025dbfdec,external,"Wikidata, Q1433194, https://www.wikidata.org/wiki/Q1433194. Accessed 2026-09-12.",,,"Wikidata, Q1433194, https://www.wikidata.org/wiki/Q1433194. Accessed 2026-09-12.",https://www.wikidata.org/wiki/Q1433194
src-29c3190109c6bbaf,external,"National Gallery of Art, Italian Paintings of the Seventeenth and Eighteenth Centuries, Guercino entries, pp.163,167–169. https://www.nga.gov/content/dam/ngaweb/research/publications/pdfs/italian-paintings-17th-and-18th-centuries.pdf. Accessed 2026-09-11.",,,"National Gallery of Art, Italian Paintings of the Seventeenth and Eighteenth Centuries, Guercino entries, pp.163,167–169. https://www.nga.gov/content/dam/ngaweb/research/publications/pdfs/italian-paintings-17th-and-18th-centuries.pdf. Accessed 2026-09-11.",https://www.nga.gov/content/dam/ngaweb/research/publications/pdfs/italian-paintings-17th-and-18th-centuries.pdf
src-29c87e31d14503c8,external,"National Gallery, https://www.nationalgallery.org.uk/about-us/press-and-media/press-releases-archive/diana-and-actaeon-is-secured-for-the-nation. Accessed 2026-09-11.",,,"National Gallery, https://www.nationalgallery.org.uk/about-us/press-and-media/press-releases-archive/diana-and-actaeon-is-secured-for-the-nation. Accessed 2026-09-11.",https://www.nationalgallery.org.uk/about-us/press-and-media/press-releases-archive/diana-and-actaeon-is-secured-for-the-nation
src-29eb3d949108fb3d,external,"Wikipedia (en), Virgil, revision 1371712636. https://en.wikipedia.org/wiki/Virgil. Accessed 2026-09-10.",,,"Wikipedia (en), Virgil, revision 1371712636. https://en.wikipedia.org/wiki/Virgil. Accessed 2026-09-10.",https://en.wikipedia.org/wiki/Virgil
src-29ede8a28e099b88,external,"Wikipedia (en), Fresco, revision 1372789331. https://en.wikipedia.org/wiki/Fresco. Accessed 2026-09-11.",,,"Wikipedia (en), Fresco, revision 1372789331. https://en.wikipedia.org/wiki/Fresco. Accessed 2026-09-11.",https://en.wikipedia.org/wiki/Fresco
src-2a05c7475906c1b4,external,"Wikipedia (en), Giovanni Ludovico Bianconi, revision 1342641608. https://en.wikipedia.org/wiki/Giovanni_Ludovico_Bianconi. Accessed 2026-09-10.",,,"Wikipedia (en), Giovanni Ludovico Bianconi, revision 1342641608. https://en.wikipedia.org/wiki/Giovanni_Ludovico_Bianconi. Accessed 2026-09-10.",https://en.wikipedia.org/wiki/Giovanni_Ludovico_Bianconi
src-2a0be031a1b19cff,external,"Universitat de Barcelona, CRAI, Printers’ devices, Pasquali, Giovanni Battista. https://marques.crai.ub.edu/en/printer/pasquali-giovanni-battista. Accessed 2026-09-14.",,,"Universitat de Barcelona, CRAI, Printers’ devices, Pasquali, Giovanni Battista. https://marques.crai.ub.edu/en/printer/pasquali-giovanni-battista. Accessed 2026-09-14.",https://marques.crai.ub.edu/en/printer/pasquali-giovanni-battista
src-2a10a61991ad1694,external,"Wikipedia (en), Bust of Thomas Baker, revision 1369240471. https://en.wikipedia.org/wiki/Bust_of_Thomas_Baker. Accessed 2026-09-10.",,,"Wikipedia (en), Bust of Thomas Baker, revision 1369240471. https://en.wikipedia.org/wiki/Bust_of_Thomas_Baker. Accessed 2026-09-10.",https://en.wikipedia.org/wiki/Bust_of_Thomas_Baker
src-2a15dac438c3c374,external,"Wikipedia (en), Antonio Barberini, revision 1362029134. https://en.wikipedia.org/wiki/Antonio_Barberini. Accessed 2026-09-11.",,,"Wikipedia (en), Antonio Barberini, revision 1362029134. https://en.wikipedia.org/wiki/Antonio_Barberini. Accessed 2026-09-11.",https://en.wikipedia.org/wiki/Antonio_Barberini
src-2aae7aca6c73ed9c,external,"Wikidata, “Norah Smallwood” (Q7050230). https://www.wikidata.org/wiki/Q7050230. Accessed 2026-09-25.",,,"Wikidata, “Norah Smallwood” (Q7050230). https://www.wikidata.org/wiki/Q7050230. Accessed 2026-09-25.",https://www.wikidata.org/wiki/Q7050230
src-2ae03778723002ef,external,"Wikipedia (en), Santa Maria dei Servi, Bologna, revision 1286834023. https://en.wikipedia.org/wiki/Santa_Maria_dei_Servi%2C_Bologna. Accessed 2026-09-10.",,,"Wikipedia (en), Santa Maria dei Servi, Bologna, revision 1286834023. https://en.wikipedia.org/wiki/Santa_Maria_dei_Servi%2C_Bologna. Accessed 2026-09-10.",https://en.wikipedia.org/wiki/Santa_Maria_dei_Servi%2C_Bologna
src-2ae1e67d92836a6b,external,"Wikipedia (en), Augusta, Sicily, revision 1371652037. https://en.wikipedia.org/wiki/Augusta,_Sicily Accessed 2026-09-11.",,,"Wikipedia (en), Augusta, Sicily, revision 1371652037. https://en.wikipedia.org/wiki/Augusta,_Sicily Accessed 2026-09-11.","https://en.wikipedia.org/wiki/Augusta,_Sicily"
src-2af3de8d3830b51a,external,"Pietro Ottoboni (cardinal), English Wikipedia. https://en.wikipedia.org/wiki/Pietro_Ottoboni_(cardinal). Accessed 2026-09-10.",,,"Pietro Ottoboni (cardinal), English Wikipedia. https://en.wikipedia.org/wiki/Pietro_Ottoboni_(cardinal). Accessed 2026-09-10.",https://en.wikipedia.org/wiki/Pietro_Ottoboni_(cardinal)
src-2b0b09c0ecc49e00,external,"Wikidata, Q685916, revision 2519207942. https://www.wikidata.org/wiki/Q685916. Accessed 2026-09-10.",,,"Wikidata, Q685916, revision 2519207942. https://www.wikidata.org/wiki/Q685916. Accessed 2026-09-10.",https://www.wikidata.org/wiki/Q685916
src-2b37fd7563fbf148,external,"Wikidata, Q193589, revision 2542231345. https://www.wikidata.org/wiki/Q193589. Accessed 2026-09-11.",,,"Wikidata, Q193589, revision 2542231345. https://www.wikidata.org/wiki/Q193589. Accessed 2026-09-11.",https://www.wikidata.org/wiki/Q193589
src-2b4aec8fc2fd0a6f,external,"Wikidata Q489632, revision 2448005837. https://www.wikidata.org/wiki/Q489632. Accessed 2026-09-11.",,,"Wikidata Q489632, revision 2448005837. https://www.wikidata.org/wiki/Q489632. Accessed 2026-09-11.",https://www.wikidata.org/wiki/Q489632
src-2be6a34b83a189c5,external,"Direzione regionale Musei nazionali Veneto, Da Tiepolo a Paschetto. https://museiveneto.cultura.gov.it/eventi-e-mostre/museo-di-villa-pisani-25-aprile-ore-11-dialoghi-dellesedra-da-tiepolo-paschetto. Accessed 2026-09-14.",,,"Direzione regionale Musei nazionali Veneto, Da Tiepolo a Paschetto. https://museiveneto.cultura.gov.it/eventi-e-mostre/museo-di-villa-pisani-25-aprile-ore-11-dialoghi-dellesedra-da-tiepolo-paschetto. Accessed 2026-09-14.",https://museiveneto.cultura.gov.it/eventi-e-mostre/museo-di-villa-pisani-25-aprile-ore-11-dialoghi-dellesedra-da-tiepolo-paschetto
src-2c1bd5772b79d259,external,"Giuseppe Scavizzi, CERQUOZZI, Michelangelo, detto Michelangelo delle Battaglie, Dizionario Biografico degli Italiani 23 (1979). https://www.treccani.it/enciclopedia/cerquozzi-michelangelo-detto-michelangelo-delle-battaglie_(Dizionario-Biografico)/ Accessed 2026-09-11.",,,"Giuseppe Scavizzi, CERQUOZZI, Michelangelo, detto Michelangelo delle Battaglie, Dizionario Biografico degli Italiani 23 (1979). https://www.treccani.it/enciclopedia/cerquozzi-michelangelo-detto-michelangelo-delle-battaglie_(Dizionario-Biografico)/ Accessed 2026-09-11.",https://www.treccani.it/enciclopedia/cerquozzi-michelangelo-detto-michelangelo-delle-battaglie_(Dizionario-Biografico)/
src-2c2a02f32b2575ad,external,"University of London, Who we are. https://www.london.ac.uk/about/who-we-are. Accessed 2026-09-15.",,,"University of London, Who we are. https://www.london.ac.uk/about/who-we-are. Accessed 2026-09-15.",https://www.london.ac.uk/about/who-we-are
src-2c4be3bbeced36ca,external,"Wikidata, Q776990, revision 2521457463. https://www.wikidata.org/wiki/Q776990. Accessed 2026-09-11.",,,"Wikidata, Q776990, revision 2521457463. https://www.wikidata.org/wiki/Q776990. Accessed 2026-09-11.",https://www.wikidata.org/wiki/Q776990
src-2c6497d90aa41562,external,"Wikipedia (en), Giacinto Brandi, revision 1365391474. https://en.wikipedia.org/wiki/Giacinto_Brandi. Accessed 2026-09-10.",,,"Wikipedia (en), Giacinto Brandi, revision 1365391474. https://en.wikipedia.org/wiki/Giacinto_Brandi. Accessed 2026-09-10.",https://en.wikipedia.org/wiki/Giacinto_Brandi
src-2ca7ec588038f38c,external,"Hessen Kassel Heritage, Schloss Wilhelmshöhe. https://www.heritage-kassel.de/standorte/schloss-wilhelmshoehe. Accessed 2026-09-15.",,,"Hessen Kassel Heritage, Schloss Wilhelmshöhe. https://www.heritage-kassel.de/standorte/schloss-wilhelmshoehe. Accessed 2026-09-15.",https://www.heritage-kassel.de/standorte/schloss-wilhelmshoehe
src-2cbc1a00fce68d92,external,"National Gallery, Sir Michael Levey, Directors. https://www.nationalgallery.org.uk/about-us/history/directors/sir-michael-levey. Accessed 2026-09-14.",,,"National Gallery, Sir Michael Levey, Directors. https://www.nationalgallery.org.uk/about-us/history/directors/sir-michael-levey. Accessed 2026-09-14.",https://www.nationalgallery.org.uk/about-us/history/directors/sir-michael-levey
src-2ccae31926126ae1,external,"Ditta Osvaldo Böhm, Catalogo delle fotografie dell’Archivio Naya-Böhm delle chiese e delle scuole di Venezia (1983). https://wwwuser.gwdg.de/~fotokat/Fotokataloge/Naya_Boehm_1983_1_l.pdf. Accessed 2026-09-14.",,,"Ditta Osvaldo Böhm, Catalogo delle fotografie dell’Archivio Naya-Böhm delle chiese e delle scuole di Venezia (1983). https://wwwuser.gwdg.de/~fotokat/Fotokataloge/Naya_Boehm_1983_1_l.pdf. Accessed 2026-09-14.",https://wwwuser.gwdg.de/~fotokat/Fotokataloge/Naya_Boehm_1983_1_l.pdf
src-2d7bd7bda4f59e27,external,"Marco Leone, ""TESTI, Fulvio,"" Dizionario Biografico degli Italiani 95 (2019). https://www.treccani.it/enciclopedia/fulvio-testi_(Dizionario-Biografico)/. Accessed 2026-09-09.",,,"Marco Leone, ""TESTI, Fulvio,"" Dizionario Biografico degli Italiani 95 (2019). https://www.treccani.it/enciclopedia/fulvio-testi_(Dizionario-Biografico)/. Accessed 2026-09-09.",https://www.treccani.it/enciclopedia/fulvio-testi_(Dizionario-Biografico)/
src-2d805002516e7ffe,external,"Wikipedia (en), Giovanni Lanfranco, revision 1372179417. https://en.wikipedia.org/wiki/Giovanni_Lanfranco. Accessed 2026-09-10.",,,"Wikipedia (en), Giovanni Lanfranco, revision 1372179417. https://en.wikipedia.org/wiki/Giovanni_Lanfranco. Accessed 2026-09-10.",https://en.wikipedia.org/wiki/Giovanni_Lanfranco
src-2e0cecf2a255cc5f,external,"Wikidata, Q13329, revision 2527337367. https://www.wikidata.org/wiki/Q13329. Accessed 2026-09-11.",,,"Wikidata, Q13329, revision 2527337367. https://www.wikidata.org/wiki/Q13329. Accessed 2026-09-11.",https://www.wikidata.org/wiki/Q13329
src-2e8388db8c6e300f,external,"Samuel H. Kress Foundation, The Triumph of Venice, K2149. https://www.kressfoundation.org/kress-collection/artwork/84f51f076ea69e90ef971adebc587d9802d0a5f3d6888bb5d9f5554435356c3f. Accessed 2026-09-14.",,,"Samuel H. Kress Foundation, The Triumph of Venice, K2149. https://www.kressfoundation.org/kress-collection/artwork/84f51f076ea69e90ef971adebc587d9802d0a5f3d6888bb5d9f5554435356c3f. Accessed 2026-09-14.",https://www.kressfoundation.org/kress-collection/artwork/84f51f076ea69e90ef971adebc587d9802d0a5f3d6888bb5d9f5554435356c3f
src-2eb907e622f41782,external,"Maria Gabriella Matarazzo, ""ZAMPIERI, Domenico, detto Domenichino,"" Dizionario Biografico degli Italiani 100 (2020). https://www.treccani.it/enciclopedia/zampieri-domenico-detto-domenichino_(Dizionario-Biografico)/ Accessed 2026-09-10.",,,"Maria Gabriella Matarazzo, ""ZAMPIERI, Domenico, detto Domenichino,"" Dizionario Biografico degli Italiani 100 (2020). https://www.treccani.it/enciclopedia/zampieri-domenico-detto-domenichino_(Dizionario-Biografico)/ Accessed 2026-09-10.",https://www.treccani.it/enciclopedia/zampieri-domenico-detto-domenichino_(Dizionario-Biografico)/
src-2ec2f5ccacc3830c,external,"Wikipedia (en), Lione Pascoli, revision 1283030023. https://en.wikipedia.org/wiki/Lione_Pascoli. Read 2026-09-11.",,,"Wikipedia (en), Lione Pascoli, revision 1283030023. https://en.wikipedia.org/wiki/Lione_Pascoli. Read 2026-09-11.",https://en.wikipedia.org/wiki/Lione_Pascoli
src-2ef30f6243936f3a,external,"Wikidata, Q581481, revision 2540024082. https://www.wikidata.org/wiki/Q581481. Accessed 2026-09-11.",,,"Wikidata, Q581481, revision 2540024082. https://www.wikidata.org/wiki/Q581481. Accessed 2026-09-11.",https://www.wikidata.org/wiki/Q581481
src-2f2bea7cc47f0654,external,"Museo di Capodimonte, Carta Bianca, cartella stampa (2018). https://capodimonte.cultura.gov.it/mdc/uploads/2018/03/Cartella-stampa_Carta-Bianca.pdf. Accessed 2026-09-14.",,,"Museo di Capodimonte, Carta Bianca, cartella stampa (2018). https://capodimonte.cultura.gov.it/mdc/uploads/2018/03/Cartella-stampa_Carta-Bianca.pdf. Accessed 2026-09-14.",https://capodimonte.cultura.gov.it/mdc/uploads/2018/03/Cartella-stampa_Carta-Bianca.pdf
src-2f4789331474cf1b,external,"Giovanni Gaetano Bottari, ed. Stefano Ticozzi, Raccolta di lettere sulla pittura, scultura ed architettura, vol. VII (Milan: Giovanni Silvestri, 1822), letter X, pp. 357–362. Internet Archive. https://archive.org/details/diletteresulla07bott. Accessed 2026-09-11.",,,"Giovanni Gaetano Bottari, ed. Stefano Ticozzi, Raccolta di lettere sulla pittura, scultura ed architettura, vol. VII (Milan: Giovanni Silvestri, 1822), letter X, pp. 357–362. Internet Archive. https://archive.org/details/diletteresulla07bott. Accessed 2026-09-11.",https://archive.org/details/diletteresulla07bott
src-2f61c404c063d231,external,"Wikipedia (en), Luca Giordano, revision 1365931234. https://en.wikipedia.org/wiki/Luca_Giordano. Accessed 2026-09-10.",,,"Wikipedia (en), Luca Giordano, revision 1365931234. https://en.wikipedia.org/wiki/Luca_Giordano. Accessed 2026-09-10.",https://en.wikipedia.org/wiki/Luca_Giordano
src-2f912db2ad9d301a,external,"Wikipedia (en), Galleria Nazionale d'Arte Antica. https://en.wikipedia.org/wiki/Galleria_Nazionale_d'Arte_Antica. Accessed 2026-09-13.",,,"Wikipedia (en), Galleria Nazionale d'Arte Antica. https://en.wikipedia.org/wiki/Galleria_Nazionale_d'Arte_Antica. Accessed 2026-09-13.",https://en.wikipedia.org/wiki/Galleria_Nazionale_d'Arte_Antica
src-2fdf9614bbee903e,external,"Wikipedia (en), Salvator Rosa, revision 1370459061. https://en.wikipedia.org/wiki/Salvator_Rosa Accessed 2026-09-11.",,,"Wikipedia (en), Salvator Rosa, revision 1370459061. https://en.wikipedia.org/wiki/Salvator_Rosa Accessed 2026-09-11.",https://en.wikipedia.org/wiki/Salvator_Rosa
src-2ff19f1dd58877fd,external,"Provincia di Modena, A Modena Palazzo Ducale, Orto Botanico e S. Vincenzo. https://www.provincia.modena.it/comunicato-stampa/a-modena-palazzo-ducale-orto-botanico-e-s-vincenzo-la-riserva-naturale-di-sassoguidano-di-pavullo/. Accessed 2026-09-11.",,,"Provincia di Modena, A Modena Palazzo Ducale, Orto Botanico e S. Vincenzo. https://www.provincia.modena.it/comunicato-stampa/a-modena-palazzo-ducale-orto-botanico-e-s-vincenzo-la-riserva-naturale-di-sassoguidano-di-pavullo/. Accessed 2026-09-11.",https://www.provincia.modena.it/comunicato-stampa/a-modena-palazzo-ducale-orto-botanico-e-s-vincenzo-la-riserva-naturale-di-sassoguidano-di-pavullo/
src-2ff8767d02e249c5,external,"Wikipedia (en), Pope Clement XI, revision 1372220365. https://en.wikipedia.org/wiki/Pope_Clement_XI Accessed 2026-09-11.",,,"Wikipedia (en), Pope Clement XI, revision 1372220365. https://en.wikipedia.org/wiki/Pope_Clement_XI Accessed 2026-09-11.",https://en.wikipedia.org/wiki/Pope_Clement_XI
src-2ffe73c16cb7ffd1,external,"Wikipedia (en), Accademia di San Luca, revision 1364875798. https://en.wikipedia.org/wiki/Accademia_di_San_Luca. Accessed 2026-09-10.",,,"Wikipedia (en), Accademia di San Luca, revision 1364875798. https://en.wikipedia.org/wiki/Accademia_di_San_Luca. Accessed 2026-09-10.",https://en.wikipedia.org/wiki/Accademia_di_San_Luca
src-3003880b5ae39ee1,external,"Wikipedia (en), San Luigi dei Francesi. https://en.wikipedia.org/wiki/San_Luigi_dei_Francesi. Accessed 2026-09-13.",,,"Wikipedia (en), San Luigi dei Francesi. https://en.wikipedia.org/wiki/San_Luigi_dei_Francesi. Accessed 2026-09-13.",https://en.wikipedia.org/wiki/San_Luigi_dei_Francesi
src-3030ec557a047df7,external,"Wikipedia (it), “Paolo Giordano I Orsini.” https://it.wikipedia.org/wiki/Paolo_Giordano_I_Orsini. Accessed 2026-09-25.",,,"Wikipedia (it), “Paolo Giordano I Orsini.” https://it.wikipedia.org/wiki/Paolo_Giordano_I_Orsini. Accessed 2026-09-25.",https://it.wikipedia.org/wiki/Paolo_Giordano_I_Orsini
src-305d7e7e50c7c396,external,"Wikidata, Q82659, revision 2522280058. https://www.wikidata.org/wiki/Q82659. Accessed 2026-09-10.",,,"Wikidata, Q82659, revision 2522280058. https://www.wikidata.org/wiki/Q82659. Accessed 2026-09-10.",https://www.wikidata.org/wiki/Q82659
src-308cc156bb37640b,external,"Wikidata, Q807815, revision 2491112480. https://www.wikidata.org/wiki/Q807815. Accessed 2026-09-10.",,,"Wikidata, Q807815, revision 2491112480. https://www.wikidata.org/wiki/Q807815. Accessed 2026-09-10.",https://www.wikidata.org/wiki/Q807815
src-309ba4ac6cf53eb5,external,"University of Bologna, Nine centuries of history. https://www.unibo.it/en/university/who-we-are/our-history/nine-centuries-of-history. Accessed 2026-09-10.",,,"University of Bologna, Nine centuries of history. https://www.unibo.it/en/university/who-we-are/our-history/nine-centuries-of-history. Accessed 2026-09-10.",https://www.unibo.it/en/university/who-we-are/our-history/nine-centuries-of-history
src-311df0375d84af5a,external,"National Gallery of Art, Dr. Vitale Bloch, provenance 22490. https://www.nga.gov/artworks/provenance/22490-dr-vitale-bloch. Accessed 2026-09-15.",,,"National Gallery of Art, Dr. Vitale Bloch, provenance 22490. https://www.nga.gov/artworks/provenance/22490-dr-vitale-bloch. Accessed 2026-09-15.",https://www.nga.gov/artworks/provenance/22490-dr-vitale-bloch
src-3121f4b062f07a09,external,"Wikidata Q725737, revision 2521245976. https://www.wikidata.org/wiki/Q725737. Accessed 2026-09-10; reviewed 2026-09-11.",,,"Wikidata Q725737, revision 2521245976. https://www.wikidata.org/wiki/Q725737. Accessed 2026-09-10; reviewed 2026-09-11.",https://www.wikidata.org/wiki/Q725737
src-3133fdc73cc84361,external,"Wikipedia (it), “Flaminio Corner.” https://it.wikipedia.org/wiki/Flaminio_Corner. Accessed 2026-09-25.",,,"Wikipedia (it), “Flaminio Corner.” https://it.wikipedia.org/wiki/Flaminio_Corner. Accessed 2026-09-25.",https://it.wikipedia.org/wiki/Flaminio_Corner
src-31476941967ef49f,external,"Library of Congress, General Information. https://www.loc.gov/about/general-information. Accessed 2026-09-14.",,,"Library of Congress, General Information. https://www.loc.gov/about/general-information. Accessed 2026-09-14.",https://www.loc.gov/about/general-information
src-314a981f79ec98bf,external,"Wikipedia (en), Francesco Barberini (1597–1679), revision 1361831714. https://en.wikipedia.org/wiki/Francesco_Barberini_(1597%E2%80%931679) Accessed 2026-09-11.",,,"Wikipedia (en), Francesco Barberini (1597–1679), revision 1361831714. https://en.wikipedia.org/wiki/Francesco_Barberini_(1597%E2%80%931679) Accessed 2026-09-11.",https://en.wikipedia.org/wiki/Francesco_Barberini_(1597%E2%80%931679)
src-3196f2e8d32ab230,external,"Royal Collection Trust, George III, Joseph Farington and the Royal Academy. https://www.rct.uk/collection/stories/george-iii-joseph-farington-and-the-royal-academy. Accessed 2026-09-14.",,,"Royal Collection Trust, George III, Joseph Farington and the Royal Academy. https://www.rct.uk/collection/stories/george-iii-joseph-farington-and-the-royal-academy. Accessed 2026-09-14.",https://www.rct.uk/collection/stories/george-iii-joseph-farington-and-the-royal-academy
src-31e002b69f8cbd31,external,"Wikipedia (en), Valentin de Boulogne, revision 1365070292. https://en.wikipedia.org/wiki/Valentin_de_Boulogne. Accessed 2026-09-10.",,,"Wikipedia (en), Valentin de Boulogne, revision 1365070292. https://en.wikipedia.org/wiki/Valentin_de_Boulogne. Accessed 2026-09-10.",https://en.wikipedia.org/wiki/Valentin_de_Boulogne
src-31fc8b34fe4e599e,external,"Wikipedia (en), Giacomo Rospigliosi, https://en.wikipedia.org/wiki/Giacomo_Rospigliosi. Accessed 2026-09-25.",,,"Wikipedia (en), Giacomo Rospigliosi, https://en.wikipedia.org/wiki/Giacomo_Rospigliosi. Accessed 2026-09-25.",https://en.wikipedia.org/wiki/Giacomo_Rospigliosi
src-32102681d4a92c2b,external,"Wikidata, Q979574, revision 2522046216. https://www.wikidata.org/wiki/Q979574. Accessed 2026-09-10.",,,"Wikidata, Q979574, revision 2522046216. https://www.wikidata.org/wiki/Q979574. Accessed 2026-09-10.",https://www.wikidata.org/wiki/Q979574
src-3245ab17370a3933,external,"MUVE, Ca’ Rezzonico, First floor. https://carezzonico.visitmuve.it/en/layout-and-collections/first-floor/. Accessed 2026-09-14.",,,"MUVE, Ca’ Rezzonico, First floor. https://carezzonico.visitmuve.it/en/layout-and-collections/first-floor/. Accessed 2026-09-14.",https://carezzonico.visitmuve.it/en/layout-and-collections/first-floor/
src-32a1c9ad4c035762,external,"Wikipedia (en), Church of the Gesù, revision 1356398733. https://en.wikipedia.org/wiki/Church_of_the_Ges%C3%B9 Accessed 2026-09-11.",,,"Wikipedia (en), Church of the Gesù, revision 1356398733. https://en.wikipedia.org/wiki/Church_of_the_Ges%C3%B9 Accessed 2026-09-11.",https://en.wikipedia.org/wiki/Church_of_the_Ges%C3%B9
src-32cded7fd00c87b1,external,"Comune di Perugia, «Biblioteca Augusta». https://www.comune.perugia.it/biblioteca-augusta-perugia/. Accessed 2026-09-11.",,,"Comune di Perugia, «Biblioteca Augusta». https://www.comune.perugia.it/biblioteca-augusta-perugia/. Accessed 2026-09-11.",https://www.comune.perugia.it/biblioteca-augusta-perugia/
src-32d3170abcda360d,external,"Wikidata, Q47551, revision 2541040911. https://www.wikidata.org/wiki/Q47551. Accessed 2026-09-10.",,,"Wikidata, Q47551, revision 2541040911. https://www.wikidata.org/wiki/Q47551. Accessed 2026-09-10.",https://www.wikidata.org/wiki/Q47551
src-333fa43a00186d40,external,"Wikipedia (it), Paolo Negri, revision 145016932. https://it.wikipedia.org/wiki/Paolo_Negri. Accessed 2026-09-10.",,,"Wikipedia (it), Paolo Negri, revision 145016932. https://it.wikipedia.org/wiki/Paolo_Negri. Accessed 2026-09-10.",https://it.wikipedia.org/wiki/Paolo_Negri
src-338a99e7623706c4,external,"Wikidata, Q748743, https://www.wikidata.org/wiki/Q748743. Accessed 2026-09-25.",,,"Wikidata, Q748743, https://www.wikidata.org/wiki/Q748743. Accessed 2026-09-25.",https://www.wikidata.org/wiki/Q748743
src-339548df6f1b642a,external,"SBTI, Ruffo di Bagnara e Castelcicala, https://www.sbti.it/bibliotelematica/geneal-Ruffo%20di%20bagnara.htm. Accessed 2026-09-25.",,,"SBTI, Ruffo di Bagnara e Castelcicala, https://www.sbti.it/bibliotelematica/geneal-Ruffo%20di%20bagnara.htm. Accessed 2026-09-25.",https://www.sbti.it/bibliotelematica/geneal-Ruffo%20di%20bagnara.htm
src-34017bdda752564e,external,"Wikidata, Giovanni Angelo Altemps (Q55225064). https://www.wikidata.org/wiki/Q55225064. Accessed 2026-09-25.",,,"Wikidata, Giovanni Angelo Altemps (Q55225064). https://www.wikidata.org/wiki/Q55225064. Accessed 2026-09-25.",https://www.wikidata.org/wiki/Q55225064
src-340b22b44e4b5a2f,external,"Wikidata, Q3705445, revision 2536263887. https://www.wikidata.org/wiki/Q3705445. Accessed 2026-09-11.",,,"Wikidata, Q3705445, revision 2536263887. https://www.wikidata.org/wiki/Q3705445. Accessed 2026-09-11.",https://www.wikidata.org/wiki/Q3705445
src-3430d68050d0359e,external,"Paul Mellon Centre, Art, Life, Love. https://www.paul-mellon-centre.ac.uk/media/_file/collections/booklet-art-life-love.pdf. Accessed 2026-09-14.",,,"Paul Mellon Centre, Art, Life, Love. https://www.paul-mellon-centre.ac.uk/media/_file/collections/booklet-art-life-love.pdf. Accessed 2026-09-14.",https://www.paul-mellon-centre.ac.uk/media/_file/collections/booklet-art-life-love.pdf
src-34324188817010f4,external,"Wikipedia (en), Benvenuto Cellini, revision 1372874984. https://en.wikipedia.org/wiki/Benvenuto_Cellini Accessed 2026-09-11.",,,"Wikipedia (en), Benvenuto Cellini, revision 1372874984. https://en.wikipedia.org/wiki/Benvenuto_Cellini Accessed 2026-09-11.",https://en.wikipedia.org/wiki/Benvenuto_Cellini
src-3437314322b68adb,external,"Wikidata, Q5592, revision 2541754009. https://www.wikidata.org/wiki/Q5592. Accessed 2026-09-10.",,,"Wikidata, Q5592, revision 2541754009. https://www.wikidata.org/wiki/Q5592. Accessed 2026-09-10.",https://www.wikidata.org/wiki/Q5592
src-3438a362ccab9393,external,"Wikipedia (en), Colonna family. https://en.wikipedia.org/wiki/Colonna_family. Accessed 2026-09-13.",,,"Wikipedia (en), Colonna family. https://en.wikipedia.org/wiki/Colonna_family. Accessed 2026-09-13.",https://en.wikipedia.org/wiki/Colonna_family
src-346fb57c8f231050,external,"Caterina Volpi, Reni, Guido, Enciclopedia dei ragazzi (2006). https://www.treccani.it/enciclopedia/guido-reni_(Enciclopedia-dei-ragazzi)/. Accessed 2026-09-11.",,,"Caterina Volpi, Reni, Guido, Enciclopedia dei ragazzi (2006). https://www.treccani.it/enciclopedia/guido-reni_(Enciclopedia-dei-ragazzi)/. Accessed 2026-09-11.",https://www.treccani.it/enciclopedia/guido-reni_(Enciclopedia-dei-ragazzi)/
src-34a4f1783707c488,external,"Keith Christiansen, Annibale Carracci (1560–1609), The Metropolitan Museum of Art, October 2003. https://www.metmuseum.org/essays/annibale-carracci-1560-1609. Accessed 2026-09-10.",,,"Keith Christiansen, Annibale Carracci (1560–1609), The Metropolitan Museum of Art, October 2003. https://www.metmuseum.org/essays/annibale-carracci-1560-1609. Accessed 2026-09-10.",https://www.metmuseum.org/essays/annibale-carracci-1560-1609
src-34b25fe058e8142c,external,"Wikidata, Q359421, revision 2540080398. https://www.wikidata.org/wiki/Q359421. Accessed 2026-09-10.",,,"Wikidata, Q359421, revision 2540080398. https://www.wikidata.org/wiki/Q359421. Accessed 2026-09-10.",https://www.wikidata.org/wiki/Q359421
src-353b66865f8b3a23,external,"Kimbell Art Museum, “Pythagoras Emerging from the Underworld”, official collection entry on Google Arts & Culture. https://artsandculture.google.com/asset/pythagoras-emerging-from-the-underworld-salvator-rosa/KAE0KAf_Hw3gzA?hl=en. Accessed2026-09-11.",,,"Kimbell Art Museum, “Pythagoras Emerging from the Underworld”, official collection entry on Google Arts & Culture. https://artsandculture.google.com/asset/pythagoras-emerging-from-the-underworld-salvator-rosa/KAE0KAf_Hw3gzA?hl=en. Accessed2026-09-11.",https://artsandculture.google.com/asset/pythagoras-emerging-from-the-underworld-salvator-rosa/KAE0KAf_Hw3gzA?hl=en
src-356cb75e44045f31,external,"Wikidata Q338523, revision 2513389300. https://www.wikidata.org/wiki/Q338523. Accessed 2026-09-11.",,,"Wikidata Q338523, revision 2513389300. https://www.wikidata.org/wiki/Q338523. Accessed 2026-09-11.",https://www.wikidata.org/wiki/Q338523
src-35c4b315f4b54af6,external,"Wikipedia (en), Antonio Ruffo, revision 1358156305. https://en.wikipedia.org/wiki/Antonio_Ruffo. Accessed 2026-09-10.",,,"Wikipedia (en), Antonio Ruffo, revision 1358156305. https://en.wikipedia.org/wiki/Antonio_Ruffo. Accessed 2026-09-10.",https://en.wikipedia.org/wiki/Antonio_Ruffo
src-35d20937d4a1447f,external,"Wikipedia (en), Filippo Baldinucci, revision 1363682752. https://en.wikipedia.org/wiki/Filippo_Baldinucci Accessed 2026-09-11.",,,"Wikipedia (en), Filippo Baldinucci, revision 1363682752. https://en.wikipedia.org/wiki/Filippo_Baldinucci Accessed 2026-09-11.",https://en.wikipedia.org/wiki/Filippo_Baldinucci
src-35df852a083b3dcf,external,"Wikipedia (en), Royal Collection. https://en.wikipedia.org/wiki/Royal_Collection. Accessed 2026-09-13.",,,"Wikipedia (en), Royal Collection. https://en.wikipedia.org/wiki/Royal_Collection. Accessed 2026-09-13.",https://en.wikipedia.org/wiki/Royal_Collection
src-35ed32c6d2f8f2ed,external,"Howard Hibbard, ‘BERNINI, Pietro,’ Dizionario Biografico degli Italiani, vol. 9 (1967).",,,"Howard Hibbard, ‘BERNINI, Pietro,’ Dizionario Biografico degli Italiani, vol. 9 (1967).",https://www.treccani.it/enciclopedia/pietro-bernini_(Dizionario-Biografico)/
src-366756066876e29b,external,"Fabbrica di San Pietro, La Fabbrica di San Pietro. https://www.basilicasanpietro.va/it/san-pietro/la-fabbrica-di-san-pietro. Accessed 2026-09-11.",,,"Fabbrica di San Pietro, La Fabbrica di San Pietro. https://www.basilicasanpietro.va/it/san-pietro/la-fabbrica-di-san-pietro. Accessed 2026-09-11.",https://www.basilicasanpietro.va/it/san-pietro/la-fabbrica-di-san-pietro
src-3673013462fe08a8,external,"Wikipedia (en), Michelangelo, revision 1373115839. https://en.wikipedia.org/wiki/Michelangelo. Accessed 2026-09-10.",,,"Wikipedia (en), Michelangelo, revision 1373115839. https://en.wikipedia.org/wiki/Michelangelo. Accessed 2026-09-10.",https://en.wikipedia.org/wiki/Michelangelo
src-369007af8f72006e,external,"Wikidata, Q161165, revision 2534275107. https://www.wikidata.org/wiki/Q161165. Accessed 2026-09-10.",,,"Wikidata, Q161165, revision 2534275107. https://www.wikidata.org/wiki/Q161165. Accessed 2026-09-10.",https://www.wikidata.org/wiki/Q161165
src-36e508bc620bf581,external,"Opificio delle Pietre Dure, Antoon van Dyck, Il Ritratto del Cardinale Bentivoglio, 1623. https://opificiodellepietredure.cultura.gov.it/attivita/antoon-van-dyck-il-ritratto-del-cardinale-bentivoglio-1623-galleria-palatina-le-gallerie-degli-uffizi-firenze/. Accessed 2026-09-14.",,,"Opificio delle Pietre Dure, Antoon van Dyck, Il Ritratto del Cardinale Bentivoglio, 1623. https://opificiodellepietredure.cultura.gov.it/attivita/antoon-van-dyck-il-ritratto-del-cardinale-bentivoglio-1623-galleria-palatina-le-gallerie-degli-uffizi-firenze/. Accessed 2026-09-14.",https://opificiodellepietredure.cultura.gov.it/attivita/antoon-van-dyck-il-ritratto-del-cardinale-bentivoglio-1623-galleria-palatina-le-gallerie-degli-uffizi-firenze/
src-36e5f0357d493092,external,"Wikidata, Q2734111, https://www.wikidata.org/wiki/Q2734111. Accessed 2026-09-25.",,,"Wikidata, Q2734111, https://www.wikidata.org/wiki/Q2734111. Accessed 2026-09-25.",https://www.wikidata.org/wiki/Q2734111
src-37573cd3cb874e5f,external,"Luc Thevenon, “Décor et mobilier des cathédrales de Provence orientale aux XVIIe et XVIIIe siècles”, Provence historique, fasc. 259 (2016), pp. 31–32. https://cinumedpub.mmsh.fr/Provence-historique/Pdf/PH-2016-65-259_3.pdf. Accessed 2026-09-25.",,,"Luc Thevenon, “Décor et mobilier des cathédrales de Provence orientale aux XVIIe et XVIIIe siècles”, Provence historique, fasc. 259 (2016), pp. 31–32. https://cinumedpub.mmsh.fr/Provence-historique/Pdf/PH-2016-65-259_3.pdf. Accessed 2026-09-25.",https://cinumedpub.mmsh.fr/Provence-historique/Pdf/PH-2016-65-259_3.pdf
src-3787cee9b74a236a,external,"Wikipedia (en), Antonio da Correggio, revision 1370412376. https://en.wikipedia.org/wiki/Antonio_da_Correggio. Accessed 2026-09-10.",,,"Wikipedia (en), Antonio da Correggio, revision 1370412376. https://en.wikipedia.org/wiki/Antonio_da_Correggio. Accessed 2026-09-10.",https://en.wikipedia.org/wiki/Antonio_da_Correggio
src-3795aab446d8e2a2,external,"Wikipedia (en), Two Busts of Cardinal Scipione Borghese, revision 1361325465. https://en.wikipedia.org/wiki/Two_Busts_of_Cardinal_Scipione_Borghese. Accessed 2026-09-10.",,,"Wikipedia (en), Two Busts of Cardinal Scipione Borghese, revision 1361325465. https://en.wikipedia.org/wiki/Two_Busts_of_Cardinal_Scipione_Borghese. Accessed 2026-09-10.",https://en.wikipedia.org/wiki/Two_Busts_of_Cardinal_Scipione_Borghese
src-379732378be35d02,external,"Wikidata, Q1749764, revision 2500701149. https://www.wikidata.org/wiki/Q1749764. Accessed 2026-09-10.",,,"Wikidata, Q1749764, revision 2500701149. https://www.wikidata.org/wiki/Q1749764. Accessed 2026-09-10.",https://www.wikidata.org/wiki/Q1749764
src-37b61bdf21a0e256,external,"Giovanni Gaetano Bottari, ed. Stefano Ticozzi, Raccolta di lettere sulla pittura, scultura ed architettura, vol. V (Milan: Giovanni Silvestri, 1822), letter XLVI, pp. 185–187. Internet Archive. https://archive.org/details/diletteresulla05bott. Accessed 2026-09-11.",,,"Giovanni Gaetano Bottari, ed. Stefano Ticozzi, Raccolta di lettere sulla pittura, scultura ed architettura, vol. V (Milan: Giovanni Silvestri, 1822), letter XLVI, pp. 185–187. Internet Archive. https://archive.org/details/diletteresulla05bott. Accessed 2026-09-11.",https://archive.org/details/diletteresulla05bott
src-37d5ca9cbe2f31b6,external,Collection or site authority record. https://www.patrimonionacional.es/colecciones-reales/pintura/salome-con-la-cabeza-del-bautista. Accessed 2026-09-12.,,,Collection or site authority record. https://www.patrimonionacional.es/colecciones-reales/pintura/salome-con-la-cabeza-del-bautista. Accessed 2026-09-12.,https://www.patrimonionacional.es/colecciones-reales/pintura/salome-con-la-cabeza-del-bautista
src-37dce8fcff74f2eb,external,"Wikipedia (en), Modello, revision 1281189214. https://en.wikipedia.org/wiki/Modello. Accessed 2026-09-10.",,,"Wikipedia (en), Modello, revision 1281189214. https://en.wikipedia.org/wiki/Modello. Accessed 2026-09-10.",https://en.wikipedia.org/wiki/Modello
src-37fb4c579c88c8dd,external,"Antonio Iommelli, Danae, Galleria Borghese, June 2023. https://www.collezionegalleriaborghese.it/opere/danae. Accessed 2026-09-10.",,,"Antonio Iommelli, Danae, Galleria Borghese, June 2023. https://www.collezionegalleriaborghese.it/opere/danae. Accessed 2026-09-10.",https://www.collezionegalleriaborghese.it/opere/danae
src-3881b752bb40ca94,external,"Paolo Broggio and Sabina Brevaglieri, LUDOVISI, Ludovico, Dizionario Biografico degli Italiani 66 (2006). https://www.treccani.it/enciclopedia/ludovico-ludovisi_(Dizionario-Biografico)/. Accessed 2026-09-10.",,,"Paolo Broggio and Sabina Brevaglieri, LUDOVISI, Ludovico, Dizionario Biografico degli Italiani 66 (2006). https://www.treccani.it/enciclopedia/ludovico-ludovisi_(Dizionario-Biografico)/. Accessed 2026-09-10.",https://www.treccani.it/enciclopedia/ludovico-ludovisi_(Dizionario-Biografico)/
src-38a6d66e534ce260,external,"Wikipedia (en), Journalism of early modern Europe, revision 1360695845. https://en.wikipedia.org/wiki/Journalism_of_early_modern_Europe. Accessed 2026-09-11.",,,"Wikipedia (en), Journalism of early modern Europe, revision 1360695845. https://en.wikipedia.org/wiki/Journalism_of_early_modern_Europe. Accessed 2026-09-11.",https://en.wikipedia.org/wiki/Journalism_of_early_modern_Europe
src-3937556c97a34383,external,"Getty AAT, cabinet pictures (paintings), AAT300033639. https://www.getty.edu/vow/AATFullDisplay?find=&logic=AND&note=&subjectid=300033639. Accessed 2026-09-11.",,,"Getty AAT, cabinet pictures (paintings), AAT300033639. https://www.getty.edu/vow/AATFullDisplay?find=&logic=AND&note=&subjectid=300033639. Accessed 2026-09-11.",https://www.getty.edu/vow/AATFullDisplay?find=&logic=AND&note=&subjectid=300033639
src-3944083951c1832a,external,"Wikipedia (it), 'Basilica di Sant'Ubaldo,' revision 150331520. https://it.wikipedia.org/wiki/Basilica_di_Sant'Ubaldo Accessed 2026-09-25.",,,"Wikipedia (it), 'Basilica di Sant'Ubaldo,' revision 150331520. https://it.wikipedia.org/wiki/Basilica_di_Sant'Ubaldo Accessed 2026-09-25.",https://it.wikipedia.org/wiki/Basilica_di_Sant'Ubaldo
src-394a663fff142752,external,"Wikidata, Q5147759, revision 2534621132. https://www.wikidata.org/wiki/Q5147759. Accessed 2026-09-10.",,,"Wikidata, Q5147759, revision 2534621132. https://www.wikidata.org/wiki/Q5147759. Accessed 2026-09-10.",https://www.wikidata.org/wiki/Q5147759
src-396de1e48aed9d30,external,"Lyle Humphrey, Curator Introduction: Batoni, The Triumph of Venice, North Carolina Museum of Art. https://ncartmuseum.org/wp-content/uploads/2021/06/Curator_Intro_Batoni_Triumph_of_Venice.pdf. Accessed 2026-09-14.",,,"Lyle Humphrey, Curator Introduction: Batoni, The Triumph of Venice, North Carolina Museum of Art. https://ncartmuseum.org/wp-content/uploads/2021/06/Curator_Intro_Batoni_Triumph_of_Venice.pdf. Accessed 2026-09-14.",https://ncartmuseum.org/wp-content/uploads/2021/06/Curator_Intro_Batoni_Triumph_of_Venice.pdf
src-397783ebf987034e,external,"Wikipedia (en), Pietro Ottoboni (cardinal), revision 1371799937. https://en.wikipedia.org/wiki/Pietro_Ottoboni_(cardinal). Accessed 2026-09-11.",,,"Wikipedia (en), Pietro Ottoboni (cardinal), revision 1371799937. https://en.wikipedia.org/wiki/Pietro_Ottoboni_(cardinal). Accessed 2026-09-11.",https://en.wikipedia.org/wiki/Pietro_Ottoboni_(cardinal)
src-3992d45e2f583f19,external,"Wikidata, Q2553051. https://www.wikidata.org/wiki/Q2553051. Accessed 2026-09-13.",,,"Wikidata, Q2553051. https://www.wikidata.org/wiki/Q2553051. Accessed 2026-09-13.",https://www.wikidata.org/wiki/Q2553051
src-399e26afaaadf4a9,external,"National Gallery, Michelangelo Merisi da Caravaggio (1571–1610). https://www.nationalgallery.org.uk/artists/michelangelo-merisi-da-caravaggio. Accessed 2026-09-11.",,,"National Gallery, Michelangelo Merisi da Caravaggio (1571–1610). https://www.nationalgallery.org.uk/artists/michelangelo-merisi-da-caravaggio. Accessed 2026-09-11.",https://www.nationalgallery.org.uk/artists/michelangelo-merisi-da-caravaggio
src-39b5b17356aa9442,external,"National Gallery Archive, Sir Abraham Hume Correspondence, NGA8. https://www.nationalgallery.org.uk/research/research-centre/archive/record/NGA8. Accessed 2026-09-14.",,,"National Gallery Archive, Sir Abraham Hume Correspondence, NGA8. https://www.nationalgallery.org.uk/research/research-centre/archive/record/NGA8. Accessed 2026-09-14.",https://www.nationalgallery.org.uk/research/research-centre/archive/record/NGA8
src-39b7dfb39d834c1d,external,"Wikipedia (en), Boy with a Basket of Fruit, revision 1365220013. https://en.wikipedia.org/wiki/Boy_with_a_Basket_of_Fruit. Accessed 2026-09-12.",,,"Wikipedia (en), Boy with a Basket of Fruit, revision 1365220013. https://en.wikipedia.org/wiki/Boy_with_a_Basket_of_Fruit. Accessed 2026-09-12.",https://en.wikipedia.org/wiki/Boy_with_a_Basket_of_Fruit
src-39d07915f0b8175a,external,"Wikidata, Q5597, revision 2541039095. https://www.wikidata.org/wiki/Q5597. Accessed 2026-09-11.",,,"Wikidata, Q5597, revision 2541039095. https://www.wikidata.org/wiki/Q5597. Accessed 2026-09-11.",https://www.wikidata.org/wiki/Q5597
src-39d47980120f786d,external,"Wikidata, Q1397340, revision 2543441977. https://www.wikidata.org/wiki/Q1397340. Accessed 2026-09-11.",,,"Wikidata, Q1397340, revision 2543441977. https://www.wikidata.org/wiki/Q1397340. Accessed 2026-09-11.",https://www.wikidata.org/wiki/Q1397340
src-39ee3522779a82dc,external,"Wikipedia (en), Bust of Thomas Baker, revision 1369240471. https://en.wikipedia.org/wiki/Bust_of_Thomas_Baker Accessed 2026-09-11.",,,"Wikipedia (en), Bust of Thomas Baker, revision 1369240471. https://en.wikipedia.org/wiki/Bust_of_Thomas_Baker Accessed 2026-09-11.",https://en.wikipedia.org/wiki/Bust_of_Thomas_Baker
src-3a03df6e14ebb42a,external,"Wikidata, “Charles I of England” (Q81506). https://www.wikidata.org/wiki/Q81506. Accessed 2026-09-25.",,,"Wikidata, “Charles I of England” (Q81506). https://www.wikidata.org/wiki/Q81506. Accessed 2026-09-25.",https://www.wikidata.org/wiki/Q81506
src-3a078523262db4ef,external,"Bibliothèque nationale de France, Histoire d’une renaissance. https://www.bnf.fr/fr/histoire-dune-renaissance. Accessed 2026-09-14.",,,"Bibliothèque nationale de France, Histoire d’une renaissance. https://www.bnf.fr/fr/histoire-dune-renaissance. Accessed 2026-09-14.",https://www.bnf.fr/fr/histoire-dune-renaissance
src-3a1b2bad437d90e8,external,"Wikidata, Q320118, revision 2540996976. https://www.wikidata.org/wiki/Q320118. Accessed 2026-09-10.",,,"Wikidata, Q320118, revision 2540996976. https://www.wikidata.org/wiki/Q320118. Accessed 2026-09-10.",https://www.wikidata.org/wiki/Q320118
src-3a3296a802805800,external,"Wikidata, Q514377, revision 2503490291. https://www.wikidata.org/wiki/Q514377. Accessed 2026-09-10.",,,"Wikidata, Q514377, revision 2503490291. https://www.wikidata.org/wiki/Q514377. Accessed 2026-09-10.",https://www.wikidata.org/wiki/Q514377
src-3a3dd256b56f2c45,external,"Google Books, Settecento veneto e altri scritti storici. https://books.google.com/books?id=jC0ZAQAAMAAJ. Accessed 2026-09-25.",,,"Google Books, Settecento veneto e altri scritti storici. https://books.google.com/books?id=jC0ZAQAAMAAJ. Accessed 2026-09-25.",https://books.google.com/books?id=jC0ZAQAAMAAJ
src-3ab59c91ce55aed2,external,"Wikipedia (en), Ludovico Gimignani, revision 1365392570. https://en.wikipedia.org/wiki/Ludovico_Gimignani. Read 2026-09-11.",,,"Wikipedia (en), Ludovico Gimignani, revision 1365392570. https://en.wikipedia.org/wiki/Ludovico_Gimignani. Read 2026-09-11.",https://en.wikipedia.org/wiki/Ludovico_Gimignani
src-3adb3c7377046f18,external,"Curia Generalis Fratrum Minorum Capuccinorum, Religionis zelus 1528. https://www.ofmcap.org/religionis-zelus-1528/ . Accessed 2026-09-10.",,,"Curia Generalis Fratrum Minorum Capuccinorum, Religionis zelus 1528. https://www.ofmcap.org/religionis-zelus-1528/ . Accessed 2026-09-10.",https://www.ofmcap.org/religionis-zelus-1528/
src-3b0f660a98add344,external,"Wikipedia (it), Pinacoteca vaticana, revision 150405010. https://it.wikipedia.org/wiki/Pinacoteca_vaticana. Accessed 2026-09-10.",,,"Wikipedia (it), Pinacoteca vaticana, revision 150405010. https://it.wikipedia.org/wiki/Pinacoteca_vaticana. Accessed 2026-09-10.",https://it.wikipedia.org/wiki/Pinacoteca_vaticana
src-3b290b7202c7e9f0,external,"Musée Cognacq-Jay, The Cognacq-Jay spouses. https://www.museecognacqjay.paris.fr/en/museum/cognacq-jay-spouses. Accessed 2026-09-15.",,,"Musée Cognacq-Jay, The Cognacq-Jay spouses. https://www.museecognacqjay.paris.fr/en/museum/cognacq-jay-spouses. Accessed 2026-09-15.",https://www.museecognacqjay.paris.fr/en/museum/cognacq-jay-spouses
src-3b49f3898653c77f,external,"Nationalmuseum, About Nationalmuseum. https://www.nationalmuseum.se/en/about-nationalmuseum. Accessed 2026-09-14.",,,"Nationalmuseum, About Nationalmuseum. https://www.nationalmuseum.se/en/about-nationalmuseum. Accessed 2026-09-14.",https://www.nationalmuseum.se/en/about-nationalmuseum
src-3bcd959db10a2e3e,external,"Frederick Hammond, Girolamo Frescobaldi: An Extended Biography, chapter10, “Rome, 1634–1643”. https://girolamofrescobaldi.com/10-rome-1634-1643/. Accessed 2026-09-11.",,,"Frederick Hammond, Girolamo Frescobaldi: An Extended Biography, chapter10, “Rome, 1634–1643”. https://girolamofrescobaldi.com/10-rome-1634-1643/. Accessed 2026-09-11.",https://girolamofrescobaldi.com/10-rome-1634-1643/
src-3bd5483d30fd24b7,external,"Centre de recherche du château de Versailles, Mémoires du duc d’Antin. https://www.chateauversailles-recherche.fr/corpus/article533.html. Accessed 2026-09-15.",,,"Centre de recherche du château de Versailles, Mémoires du duc d’Antin. https://www.chateauversailles-recherche.fr/corpus/article533.html. Accessed 2026-09-15.",https://www.chateauversailles-recherche.fr/corpus/article533.html
src-3be230590137f658,external,"Wikidata, Q699604, revision 2441912359. https://www.wikidata.org/wiki/Q699604. Accessed 2026-09-10.",,,"Wikidata, Q699604, revision 2441912359. https://www.wikidata.org/wiki/Q699604. Accessed 2026-09-10.",https://www.wikidata.org/wiki/Q699604
src-3be6ce1cf86b5781,external,"Victoria and Albert Museum, 100 Facts about the V&A, updated 22 May 2024. https://www.vam.ac.uk/articles/100-facts-about-the-va. Accessed 2026-09-11.",,,"Victoria and Albert Museum, 100 Facts about the V&A, updated 22 May 2024. https://www.vam.ac.uk/articles/100-facts-about-the-va. Accessed 2026-09-11.",https://www.vam.ac.uk/articles/100-facts-about-the-va
src-3bfb7de2eb6f3364,external,"Wikidata, Q1085811. https://www.wikidata.org/wiki/Q1085811. Accessed 2026-09-13.",,,"Wikidata, Q1085811. https://www.wikidata.org/wiki/Q1085811. Accessed 2026-09-13.",https://www.wikidata.org/wiki/Q1085811
src-3c0f8ca55ed7b078,external,"Wikipedia (en), Ludovico Ludovisi, revision 1357701182. https://en.wikipedia.org/wiki/Ludovico_Ludovisi. Accessed 2026-09-10.",,,"Wikipedia (en), Ludovico Ludovisi, revision 1357701182. https://en.wikipedia.org/wiki/Ludovico_Ludovisi. Accessed 2026-09-10.",https://en.wikipedia.org/wiki/Ludovico_Ludovisi
src-3c28513496979c2b,external,"Wikidata, Q975452, revision 2540073634. https://www.wikidata.org/wiki/Q975452. Accessed 2026-09-10.",,,"Wikidata, Q975452, revision 2540073634. https://www.wikidata.org/wiki/Q975452. Accessed 2026-09-10.",https://www.wikidata.org/wiki/Q975452
src-3c30a7f6c3e118c8,external,"Curia General de los Clérigos Regulares Teatinos, Historia Basílica. https://teatinos.org/historia-basilica/ . Accessed 2026-09-10.",,,"Curia General de los Clérigos Regulares Teatinos, Historia Basílica. https://teatinos.org/historia-basilica/ . Accessed 2026-09-10.",https://teatinos.org/historia-basilica/
src-3c9ba974667148fa,external,"Wikidata, “Homer” (Q6691). https://www.wikidata.org/wiki/Q6691. Accessed 2026-09-25.",,,"Wikidata, “Homer” (Q6691). https://www.wikidata.org/wiki/Q6691. Accessed 2026-09-25.",https://www.wikidata.org/wiki/Q6691
src-3cbb67c02b945d22,external,"Edoardo Aldo Cerrato, Al lettore, Annales Oratorii, fascicolo 2 (2003), p. 3. https://www.oratoriosanfilippo.org/annales/fascicolo2-parteI.pdf . Accessed 2026-09-10.",,,"Edoardo Aldo Cerrato, Al lettore, Annales Oratorii, fascicolo 2 (2003), p. 3. https://www.oratoriosanfilippo.org/annales/fascicolo2-parteI.pdf . Accessed 2026-09-10.",https://www.oratoriosanfilippo.org/annales/fascicolo2-parteI.pdf
src-3cd34c656595166f,external,"Wikidata, Q1773095, revision 2514852928. https://www.wikidata.org/wiki/Q1773095. Accessed 2026-09-10.",,,"Wikidata, Q1773095, revision 2514852928. https://www.wikidata.org/wiki/Q1773095. Accessed 2026-09-10.",https://www.wikidata.org/wiki/Q1773095
src-3ce7a1ffc2043171,external,"Wikipedia (en), Wadsworth Atheneum. https://en.wikipedia.org/wiki/Wadsworth_Atheneum. Accessed 2026-09-13.",,,"Wikipedia (en), Wadsworth Atheneum. https://en.wikipedia.org/wiki/Wadsworth_Atheneum. Accessed 2026-09-13.",https://en.wikipedia.org/wiki/Wadsworth_Atheneum
src-3d0faf03bac07b27,external,"Wikidata, Q2713203, https://www.wikidata.org/wiki/Q2713203. Accessed 2026-09-12.",,,"Wikidata, Q2713203, https://www.wikidata.org/wiki/Q2713203. Accessed 2026-09-12.",https://www.wikidata.org/wiki/Q2713203
src-3d4dffe469e665e6,external,"Erich Schleier, LANFRANCO, Giovanni, Dizionario Biografico degli Italiani 63 (2004). https://www.treccani.it/enciclopedia/giovanni-lanfranco_(Dizionario-Biografico)/. Accessed 2026-09-11.",,,"Erich Schleier, LANFRANCO, Giovanni, Dizionario Biografico degli Italiani 63 (2004). https://www.treccani.it/enciclopedia/giovanni-lanfranco_(Dizionario-Biografico)/. Accessed 2026-09-11.",https://www.treccani.it/enciclopedia/giovanni-lanfranco_(Dizionario-Biografico)/
src-3e04e72755bf0eee,external,"Wikipedia (en), Laerzio Cherubini. https://en.wikipedia.org/wiki/Laerzio_Cherubini. Accessed 2026-09-13.",,,"Wikipedia (en), Laerzio Cherubini. https://en.wikipedia.org/wiki/Laerzio_Cherubini. Accessed 2026-09-13.",https://en.wikipedia.org/wiki/Laerzio_Cherubini
src-3e2fa9e50de73317,external,"National Gallery of Victoria, The Banquet of Cleopatra, 103-4. https://www.ngv.vic.gov.au/explore/collection/work/4409/. Accessed 2026-09-14.",,,"National Gallery of Victoria, The Banquet of Cleopatra, 103-4. https://www.ngv.vic.gov.au/explore/collection/work/4409/. Accessed 2026-09-14.",https://www.ngv.vic.gov.au/explore/collection/work/4409/
src-3e880683f72a27a2,external,"Pio Monte della Misericordia, L'arte e la storia. https://piomontedellamisericordia.it/larte-e-la-storia/. Accessed 2026-09-13.",,,"Pio Monte della Misericordia, L'arte e la storia. https://piomontedellamisericordia.it/larte-e-la-storia/. Accessed 2026-09-13.",https://piomontedellamisericordia.it/larte-e-la-storia/
src-3ec1c84c1d9c5c6e,external,"Wikipedia (en), Ciro Ferri, revision 1365392836. https://en.wikipedia.org/wiki/Ciro_Ferri. Accessed 2026-09-10.",,,"Wikipedia (en), Ciro Ferri, revision 1365392836. https://en.wikipedia.org/wiki/Ciro_Ferri. Accessed 2026-09-10.",https://en.wikipedia.org/wiki/Ciro_Ferri
src-3ee94500ab90cb2c,external,"Universitätsbibliothek LMU München, Aedes Barberinae ad Quirinalem a comite Hieronymo Tetio descriptae, item 12211. https://epub.ub.uni-muenchen.de/12211/. Accessed 2026-09-15.",,,"Universitätsbibliothek LMU München, Aedes Barberinae ad Quirinalem a comite Hieronymo Tetio descriptae, item 12211. https://epub.ub.uni-muenchen.de/12211/. Accessed 2026-09-15.",https://epub.ub.uni-muenchen.de/12211/
src-3efd0f2d742df1a3,external,"Wikipedia (en), Venice, revision 1374132011. https://en.wikipedia.org/wiki/Venice. Accessed 2026-09-10.",,,"Wikipedia (en), Venice, revision 1374132011. https://en.wikipedia.org/wiki/Venice. Accessed 2026-09-10.",https://en.wikipedia.org/wiki/Venice
src-3f22a8b534684376,external,"Musei Vaticani, La Villa Montalto e la collezione di scultura classica, 18 May 2018. https://www.museivaticani.va/content/dam/museivaticani/pdf/eventi_novita/iniziative/eventi/2018/97_winckelmann_appro.pdf. Accessed 2026-09-10.",,,"Musei Vaticani, La Villa Montalto e la collezione di scultura classica, 18 May 2018. https://www.museivaticani.va/content/dam/museivaticani/pdf/eventi_novita/iniziative/eventi/2018/97_winckelmann_appro.pdf. Accessed 2026-09-10.",https://www.museivaticani.va/content/dam/museivaticani/pdf/eventi_novita/iniziative/eventi/2018/97_winckelmann_appro.pdf
src-3f3d6d748764e2cb,external,"Wikipedia (en), Sacrifice of Isaac (Caravaggio), revision 1373335970. https://en.wikipedia.org/wiki/Sacrifice_of_Isaac_(Caravaggio). Accessed 2026-09-12.",,,"Wikipedia (en), Sacrifice of Isaac (Caravaggio), revision 1373335970. https://en.wikipedia.org/wiki/Sacrifice_of_Isaac_(Caravaggio). Accessed 2026-09-12.",https://en.wikipedia.org/wiki/Sacrifice_of_Isaac_(Caravaggio)
src-3f4962de325f3c3c,external,"Wikipedia (en), Mario Nuzzi, revision 1365392284. https://en.wikipedia.org/wiki/Mario_Nuzzi. Accessed 2026-09-11.",,,"Wikipedia (en), Mario Nuzzi, revision 1365392284. https://en.wikipedia.org/wiki/Mario_Nuzzi. Accessed 2026-09-11.",https://en.wikipedia.org/wiki/Mario_Nuzzi
src-3f6155790a661964,external,"Wikidata, Q5563896, revision 2515925055. https://www.wikidata.org/wiki/Q5563896. Accessed 2026-09-10.",,,"Wikidata, Q5563896, revision 2515925055. https://www.wikidata.org/wiki/Q5563896. Accessed 2026-09-10.",https://www.wikidata.org/wiki/Q5563896
src-3f615d224d3bd618,external,"Wikidata, Q968920, revision 2543647845. https://www.wikidata.org/wiki/Q968920. Accessed 2026-09-11.",,,"Wikidata, Q968920, revision 2543647845. https://www.wikidata.org/wiki/Q968920. Accessed 2026-09-11.",https://www.wikidata.org/wiki/Q968920
src-3f833a0d88ded90f,external,"Uffizi Galleries, On Being Present, Anton Domenico Gabbiani. https://www.uffizi.it/en/online-exhibitions/on-being-present. Accessed 2026-09-14.",,,"Uffizi Galleries, On Being Present, Anton Domenico Gabbiani. https://www.uffizi.it/en/online-exhibitions/on-being-present. Accessed 2026-09-14.",https://www.uffizi.it/en/online-exhibitions/on-being-present
src-3f9b2c5f8121ad0c,external,"Wikidata, Q20458, revision 2527328243. https://www.wikidata.org/wiki/Q20458. Accessed 2026-09-10.",,,"Wikidata, Q20458, revision 2527328243. https://www.wikidata.org/wiki/Q20458. Accessed 2026-09-10.",https://www.wikidata.org/wiki/Q20458
src-3faa30860439d81d,external,"Wikipedia (en), Pope Gregory XV, revision 1362442411. https://en.wikipedia.org/wiki/Pope_Gregory_XV. Accessed 2026-09-10.",,,"Wikipedia (en), Pope Gregory XV, revision 1362442411. https://en.wikipedia.org/wiki/Pope_Gregory_XV. Accessed 2026-09-10.",https://en.wikipedia.org/wiki/Pope_Gregory_XV
src-3fb758af25404747,external,"Wikipedia (en), Jacopo Salviati, revision 1358331579. https://en.wikipedia.org/wiki/Jacopo_Salviati. Accessed 2026-09-10.",,,"Wikipedia (en), Jacopo Salviati, revision 1358331579. https://en.wikipedia.org/wiki/Jacopo_Salviati. Accessed 2026-09-10.",https://en.wikipedia.org/wiki/Jacopo_Salviati
src-3fd25f3e90b1d36d,external,"Boston College, John J. Burns Library, Ratio Studiorum: Jesuit Education, 1540–1773, exhibition 1999; updated 2010-10-13. https://library.bc.edu/past/libraries/about/exhibits/burns/ratio.html. Accessed 2026-09-10.",,,"Boston College, John J. Burns Library, Ratio Studiorum: Jesuit Education, 1540–1773, exhibition 1999; updated 2010-10-13. https://library.bc.edu/past/libraries/about/exhibits/burns/ratio.html. Accessed 2026-09-10.",https://library.bc.edu/past/libraries/about/exhibits/burns/ratio.html
src-3fea0de11c8888d4,external,"Wikidata, Q546141, revision 2537551395. https://www.wikidata.org/wiki/Q546141. Accessed 2026-09-10.",,,"Wikidata, Q546141, revision 2537551395. https://www.wikidata.org/wiki/Q546141. Accessed 2026-09-10.",https://www.wikidata.org/wiki/Q546141
src-402344d138059740,external,"Getty Art & Architecture Thesaurus, easel paintings (paintings by form), AAT300177435. https://www.getty.edu/vow/AATFullDisplay?find=&logic=AND&note=&subjectid=300177435. Accessed 2026-09-11.",,,"Getty Art & Architecture Thesaurus, easel paintings (paintings by form), AAT300177435. https://www.getty.edu/vow/AATFullDisplay?find=&logic=AND&note=&subjectid=300177435. Accessed 2026-09-11.",https://www.getty.edu/vow/AATFullDisplay?find=&logic=AND&note=&subjectid=300177435
src-4064fb343cfb981c,external,"Wikidata, Q666337, revision 2516000136. https://www.wikidata.org/wiki/Q666337. Accessed 2026-09-10.",,,"Wikidata, Q666337, revision 2516000136. https://www.wikidata.org/wiki/Q666337. Accessed 2026-09-10.",https://www.wikidata.org/wiki/Q666337
src-40b6de3de848664e,external,"Umberto Coldagelli, ARMANNI, Vincenzo, Dizionario Biografico degli Italiani 4 (1962). https://www.treccani.it/enciclopedia/vincenzo-armanni_(Dizionario-Biografico)/. Accessed 2026-09-11.",,,"Umberto Coldagelli, ARMANNI, Vincenzo, Dizionario Biografico degli Italiani 4 (1962). https://www.treccani.it/enciclopedia/vincenzo-armanni_(Dizionario-Biografico)/. Accessed 2026-09-11.",https://www.treccani.it/enciclopedia/vincenzo-armanni_(Dizionario-Biografico)/
src-40ccd80e719134d7,external,"University of Reading Special Collections, Records of Chatto & Windus Ltd, CW, record 110292665. https://www.reading.ac.uk/adlib/Details/archiveSpecial/110292665. Accessed 2026-09-14.",,,"University of Reading Special Collections, Records of Chatto & Windus Ltd, CW, record 110292665. https://www.reading.ac.uk/adlib/Details/archiveSpecial/110292665. Accessed 2026-09-14.",https://www.reading.ac.uk/adlib/Details/archiveSpecial/110292665
src-40f3037f8bf68fae,external,"Wikidata Q6087600, revision 2528263437. https://www.wikidata.org/wiki/Q6087600. Accessed 2026-09-10; reviewed 2026-09-11.",,,"Wikidata Q6087600, revision 2528263437. https://www.wikidata.org/wiki/Q6087600. Accessed 2026-09-10; reviewed 2026-09-11.",https://www.wikidata.org/wiki/Q6087600
src-4142244c01c920b0,external,"National Gallery, History paintings. https://www.nationalgallery.org.uk/paintings/glossary/history-paintings. Accessed 2026-09-11.",,,"National Gallery, History paintings. https://www.nationalgallery.org.uk/paintings/glossary/history-paintings. Accessed 2026-09-11.",https://www.nationalgallery.org.uk/paintings/glossary/history-paintings
src-416a181a94f2672e,external,"Gianluca Stefani, Sebastiano Ricci impresario d’opera a Venezia nel primo Settecento (Florence: Firenze University Press, 2015), ch. 2, p. 27 and note 3. https://tile.loc.gov/storage-services/master/gdc/gdcebookspublic/20/20/71/94/83/2020719483/2020719483.pdf. Accessed 2026-09-11.",,,"Gianluca Stefani, Sebastiano Ricci impresario d’opera a Venezia nel primo Settecento (Florence: Firenze University Press, 2015), ch. 2, p. 27 and note 3. https://tile.loc.gov/storage-services/master/gdc/gdcebookspublic/20/20/71/94/83/2020719483/2020719483.pdf. Accessed 2026-09-11.",https://tile.loc.gov/storage-services/master/gdc/gdcebookspublic/20/20/71/94/83/2020719483/2020719483.pdf
src-41919ee7cdcc162f,external,"Wikidata, Q105105120, revision 2489767535. https://www.wikidata.org/wiki/Q105105120. Accessed 2026-09-11.",,,"Wikidata, Q105105120, revision 2489767535. https://www.wikidata.org/wiki/Q105105120. Accessed 2026-09-11.",https://www.wikidata.org/wiki/Q105105120
src-419a3b67e7668ce3,external,"Victoria and Albert Museum, “Bernini and the Baroque.” https://www.vam.ac.uk/articles/bernini-and-baroque. Accessed 2026-09-11.",,,"Victoria and Albert Museum, “Bernini and the Baroque.” https://www.vam.ac.uk/articles/bernini-and-baroque. Accessed 2026-09-11.",https://www.vam.ac.uk/articles/bernini-and-baroque
src-424257adbca923a4,external,"Basilica Santa Maria sopra Minerva, The architecture. https://www.santamariasopraminerva.it/en/2-the-architecture-of-the-basilica.html. Accessed 2026-09-10.",,,"Basilica Santa Maria sopra Minerva, The architecture. https://www.santamariasopraminerva.it/en/2-the-architecture-of-the-basilica.html. Accessed 2026-09-10.",https://www.santamariasopraminerva.it/en/2-the-architecture-of-the-basilica.html
src-424513905afa881e,external,"Wikidata, Q3106993, revision 2513805031. https://www.wikidata.org/wiki/Q3106993. Accessed 2026-09-10.",,,"Wikidata, Q3106993, revision 2513805031. https://www.wikidata.org/wiki/Q3106993. Accessed 2026-09-10.",https://www.wikidata.org/wiki/Q3106993
src-427b5d976c30e01d,external,"LIECHTENSTEIN. The Princely Collections, “Fröhliche Gesellschaft mit Wahrsagerin.” https://www.liechtensteincollections.at/sammlungen-online/froehliche-gesellschaft-mit-wahrsagerin. Accessed 2026-09-11.",,,"LIECHTENSTEIN. The Princely Collections, “Fröhliche Gesellschaft mit Wahrsagerin.” https://www.liechtensteincollections.at/sammlungen-online/froehliche-gesellschaft-mit-wahrsagerin. Accessed 2026-09-11.",https://www.liechtensteincollections.at/sammlungen-online/froehliche-gesellschaft-mit-wahrsagerin
src-42969c55b02f1d79,external,"Treccani, Vocabolario on line, caparra. https://www.treccani.it/vocabolario/caparra/. Accessed 2026-09-11.",,,"Treccani, Vocabolario on line, caparra. https://www.treccani.it/vocabolario/caparra/. Accessed 2026-09-11.",https://www.treccani.it/vocabolario/caparra/
src-429b70d422438f3e,external,"University of Cambridge Museums, Finch and Baines. https://www.museums.cam.ac.uk/magic/finch-and-baines. Accessed 2026-09-15.",,,"University of Cambridge Museums, Finch and Baines. https://www.museums.cam.ac.uk/magic/finch-and-baines. Accessed 2026-09-15.",https://www.museums.cam.ac.uk/magic/finch-and-baines
src-42ab59e93a6a385f,external,"Wikidata, Q3080993, revision 2545296769. https://www.wikidata.org/wiki/Q3080993. Accessed 2026-09-25.",,,"Wikidata, Q3080993, revision 2545296769. https://www.wikidata.org/wiki/Q3080993. Accessed 2026-09-25.",https://www.wikidata.org/wiki/Q3080993
src-42d7032fe2730c20,external,"Wikipedia (en), Apostolic Camera, revision 1364122235. https://en.wikipedia.org/wiki/Apostolic_Camera. Accessed 2026-09-10.",,,"Wikipedia (en), Apostolic Camera, revision 1364122235. https://en.wikipedia.org/wiki/Apostolic_Camera. Accessed 2026-09-10.",https://en.wikipedia.org/wiki/Apostolic_Camera
src-42fa6965169d0625,external,"Wikidata, Q247132, revision 2515186112. https://www.wikidata.org/wiki/Q247132. Accessed 2026-09-10.",,,"Wikidata, Q247132, revision 2515186112. https://www.wikidata.org/wiki/Q247132. Accessed 2026-09-10.",https://www.wikidata.org/wiki/Q247132
src-4308b1b74c0079ce,external,"Wikidata, ""Fulvio Testi,"" Q594614, revision 2520426248. https://www.wikidata.org/wiki/Q594614. Accessed 2026-09-09.",,,"Wikidata, ""Fulvio Testi,"" Q594614, revision 2520426248. https://www.wikidata.org/wiki/Q594614. Accessed 2026-09-09.",https://www.wikidata.org/wiki/Q594614
src-431847567e7947d0,external,"Luc Thevenon, “Décor et mobilier des cathédrales de Provence orientale aux XVIIe et XVIIIe siècles”, Provence historique, fasc. 259 (2016). https://cinumedpub.mmsh.fr/Provence-historique/Pdf/PH-2016-65-259_3.pdf. Accessed 2026-09-11.",,,"Luc Thevenon, “Décor et mobilier des cathédrales de Provence orientale aux XVIIe et XVIIIe siècles”, Provence historique, fasc. 259 (2016). https://cinumedpub.mmsh.fr/Provence-historique/Pdf/PH-2016-65-259_3.pdf. Accessed 2026-09-11.",https://cinumedpub.mmsh.fr/Provence-historique/Pdf/PH-2016-65-259_3.pdf
src-4353ef20816047f4,external,"Wikipedia (it), Chiesa di San Gregorio (Messina), revision 150392543, https://it.wikipedia.org/wiki/Chiesa_di_San_Gregorio_(Messina). Accessed 2026-09-25.",,,"Wikipedia (it), Chiesa di San Gregorio (Messina), revision 150392543, https://it.wikipedia.org/wiki/Chiesa_di_San_Gregorio_(Messina). Accessed 2026-09-25.",https://it.wikipedia.org/wiki/Chiesa_di_San_Gregorio_(Messina)
src-435a8757db6f12f6,external,"Wikidata, Q190116, revision 2539677897. https://www.wikidata.org/wiki/Q190116. Accessed 2026-09-11.",,,"Wikidata, Q190116, revision 2539677897. https://www.wikidata.org/wiki/Q190116. Accessed 2026-09-11.",https://www.wikidata.org/wiki/Q190116
src-438329609128d711,external,Collection or site authority record. https://support.hermitagemuseum.org/en/projects/caravaggio. Accessed 2026-09-12.,,,Collection or site authority record. https://support.hermitagemuseum.org/en/projects/caravaggio. Accessed 2026-09-12.,https://support.hermitagemuseum.org/en/projects/caravaggio
src-438b9a1ba0963353,external,"Wikidata, Q332494, revision 2531611425. https://www.wikidata.org/wiki/Q332494. Accessed 2026-09-10.",,,"Wikidata, Q332494, revision 2531611425. https://www.wikidata.org/wiki/Q332494. Accessed 2026-09-10.",https://www.wikidata.org/wiki/Q332494
src-43a0817bcda44b90,external,"Wikidata, Q3769699, revision 2527444957. https://www.wikidata.org/wiki/Q3769699. Accessed 2026-09-11.",,,"Wikidata, Q3769699, revision 2527444957. https://www.wikidata.org/wiki/Q3769699. Accessed 2026-09-11.",https://www.wikidata.org/wiki/Q3769699
src-43b6517963606fa1,external,"Wikidata, Q129967, revision 2533003723. https://www.wikidata.org/wiki/Q129967. Accessed 2026-09-10.",,,"Wikidata, Q129967, revision 2533003723. https://www.wikidata.org/wiki/Q129967. Accessed 2026-09-10.",https://www.wikidata.org/wiki/Q129967
src-43cb668dd3b7de2b,external,"Fondazione Giorgio Cini, Venezia settecento. Studi in memoria di Alessandro Bettagno. https://www.cini.it/en/cini_publications/venezia-settecento-studi-memoria-alessandro-bettagno/. Accessed 2026-09-25.",,,"Fondazione Giorgio Cini, Venezia settecento. Studi in memoria di Alessandro Bettagno. https://www.cini.it/en/cini_publications/venezia-settecento-studi-memoria-alessandro-bettagno/. Accessed 2026-09-25.",https://www.cini.it/en/cini_publications/venezia-settecento-studi-memoria-alessandro-bettagno/
src-43f05420d43d66ef,external,Collection or site authority record. https://www.piomontedellamisericordia.it/portfolio/michelangelo-merisi-detto-caravaggio-le-opere-della-misericordia-1607/. Accessed 2026-09-12.,,,Collection or site authority record. https://www.piomontedellamisericordia.it/portfolio/michelangelo-merisi-detto-caravaggio-le-opere-della-misericordia-1607/. Accessed 2026-09-12.,https://www.piomontedellamisericordia.it/portfolio/michelangelo-merisi-detto-caravaggio-le-opere-della-misericordia-1607/
src-440d418f49399ef5,external,"Erich Schleier, “LANFRANCO, Giovanni”, Dizionario Biografico degli Italiani 63 (2004). https://www.treccani.it/enciclopedia/giovanni-lanfranco_(Dizionario-Biografico)/ Accessed 2026-09-11.",,,"Erich Schleier, “LANFRANCO, Giovanni”, Dizionario Biografico degli Italiani 63 (2004). https://www.treccani.it/enciclopedia/giovanni-lanfranco_(Dizionario-Biografico)/ Accessed 2026-09-11.",https://www.treccani.it/enciclopedia/giovanni-lanfranco_(Dizionario-Biografico)/
src-4413db8da4b17c72,external,"Wikipedia (en), Metropolitan Museum of Art. https://en.wikipedia.org/wiki/Metropolitan_Museum_of_Art. Accessed 2026-09-13.",,,"Wikipedia (en), Metropolitan Museum of Art. https://en.wikipedia.org/wiki/Metropolitan_Museum_of_Art. Accessed 2026-09-13.",https://en.wikipedia.org/wiki/Metropolitan_Museum_of_Art
src-44211d4b3659ecf6,external,"Wikipedia (en), Italy, revision 1374016596. https://en.wikipedia.org/wiki/Italy. Accessed 2026-09-10.",,,"Wikipedia (en), Italy, revision 1374016596. https://en.wikipedia.org/wiki/Italy. Accessed 2026-09-10.",https://en.wikipedia.org/wiki/Italy
src-442bc1587e4ad447,external,"Wikidata, Q1748199, revision 2526934675. https://www.wikidata.org/wiki/Q1748199. Accessed 2026-09-11.",,,"Wikidata, Q1748199, revision 2526934675. https://www.wikidata.org/wiki/Q1748199. Accessed 2026-09-11.",https://www.wikidata.org/wiki/Q1748199
src-4439af26bd2d8cc4,external,"Francis W. Steer, Arundel Castle Archives, Interim Handlists 1–12, Vol. I (1968), Correspondence, pp.199,203–204. https://www.arundelcastle.org/wp-content/uploads/2019/11/Steer-complete.pdf. Read 2026-09-11.",,,"Francis W. Steer, Arundel Castle Archives, Interim Handlists 1–12, Vol. I (1968), Correspondence, pp.199,203–204. https://www.arundelcastle.org/wp-content/uploads/2019/11/Steer-complete.pdf. Read 2026-09-11.",https://www.arundelcastle.org/wp-content/uploads/2019/11/Steer-complete.pdf
src-444adeba9aa4c658,external,"Wikipedia (en), Pope Clement IX, revision 1371781522. https://en.wikipedia.org/wiki/Pope_Clement_IX. Accessed 2026-09-10.",,,"Wikipedia (en), Pope Clement IX, revision 1371781522. https://en.wikipedia.org/wiki/Pope_Clement_IX. Accessed 2026-09-10.",https://en.wikipedia.org/wiki/Pope_Clement_IX
src-445c3b392d3b87e7,external,"Getty Research Institute / Internet Archive, catalog metadata for gri_33125008336477. https://archive.org/details/gri_33125008336477. Accessed 2026-09-11.",,,"Getty Research Institute / Internet Archive, catalog metadata for gri_33125008336477. https://archive.org/details/gri_33125008336477. Accessed 2026-09-11.",https://archive.org/details/gri_33125008336477
src-4463fa87fcf1795d,external,"Wikidata, Q3224378, revision 2451939180. https://www.wikidata.org/wiki/Q3224378. Accessed 2026-09-10.",,,"Wikidata, Q3224378, revision 2451939180. https://www.wikidata.org/wiki/Q3224378. Accessed 2026-09-10.",https://www.wikidata.org/wiki/Q3224378
src-4484c997704b569d,external,"Banca Dati 'Giulio Rospigliosi', letter by Fulvio Testi to Count Francesco Fontana, 1634-01-18, transcribed from Testi, Lettere, ed. Maria Luisa Doglio, vol. II (1967), pp. 28–29. https://www.nuovorinascimento.org/rosp-2000/documenti/testi-34-01-18.htm. Accessed 2026-09-25.",,,"Banca Dati 'Giulio Rospigliosi', letter by Fulvio Testi to Count Francesco Fontana, 1634-01-18, transcribed from Testi, Lettere, ed. Maria Luisa Doglio, vol. II (1967), pp. 28–29. https://www.nuovorinascimento.org/rosp-2000/documenti/testi-34-01-18.htm. Accessed 2026-09-25.",https://www.nuovorinascimento.org/rosp-2000/documenti/testi-34-01-18.htm
src-448734a637e0e6f4,external,"Colnaghi, About. https://www.colnaghi.com/index.php/about. Accessed 2026-09-11.",,,"Colnaghi, About. https://www.colnaghi.com/index.php/about. Accessed 2026-09-11.",https://www.colnaghi.com/index.php/about
src-4493b8b6612b402b,external,"Kunsthistorisches Museum, Cleopatra’s Suicide, Gemäldegalerie 260. https://www.khm.at/en/artworks/cleopatra-s-suicide-383. Accessed 2026-09-14.",,,"Kunsthistorisches Museum, Cleopatra’s Suicide, Gemäldegalerie 260. https://www.khm.at/en/artworks/cleopatra-s-suicide-383. Accessed 2026-09-14.",https://www.khm.at/en/artworks/cleopatra-s-suicide-383
src-449ed1563b789d77,external,Collection or site authority record. https://www.nationalgallery.org.uk/paintings/michelangelo-merisi-da-caravaggio-the-supper-at-emmaus. Accessed 2026-09-12.,,,Collection or site authority record. https://www.nationalgallery.org.uk/paintings/michelangelo-merisi-da-caravaggio-the-supper-at-emmaus. Accessed 2026-09-12.,https://www.nationalgallery.org.uk/paintings/michelangelo-merisi-da-caravaggio-the-supper-at-emmaus
src-4508c89112f992d5,external,"Apollo, About Apollo. https://apollo-magazine.com/apollo/. Accessed 2026-09-14.",,,"Apollo, About Apollo. https://apollo-magazine.com/apollo/. Accessed 2026-09-14.",https://apollo-magazine.com/apollo/
src-4522f8ea4d79c1ac,external,"Chiara Ulivi, Documentazione dei danni dell’alluvione del 1966 al patrimonio artistico fiorentino, Gallerie degli Uffizi. https://www.uffizi.it/opere/fondo-fotografico-alluvione-a-firenze. Accessed 2026-09-14.",,,"Chiara Ulivi, Documentazione dei danni dell’alluvione del 1966 al patrimonio artistico fiorentino, Gallerie degli Uffizi. https://www.uffizi.it/opere/fondo-fotografico-alluvione-a-firenze. Accessed 2026-09-14.",https://www.uffizi.it/opere/fondo-fotografico-alluvione-a-firenze
src-4554717dad3505f2,external,"Getty Union List of Artist Names, Giovanni Francesco Venturini, ULAN 500005080. https://www.getty.edu/vow/ULANFullDisplay?find=&nation=&role=&subjectid=500005080. Accessed 2026-09-25.",,,"Getty Union List of Artist Names, Giovanni Francesco Venturini, ULAN 500005080. https://www.getty.edu/vow/ULANFullDisplay?find=&nation=&role=&subjectid=500005080. Accessed 2026-09-25.",https://www.getty.edu/vow/ULANFullDisplay?find=&nation=&role=&subjectid=500005080
src-45cced2cf75b272b,external,"Wikidata, Q165631. https://www.wikidata.org/wiki/Q165631. Accessed 2026-09-13.",,,"Wikidata, Q165631. https://www.wikidata.org/wiki/Q165631. Accessed 2026-09-13.",https://www.wikidata.org/wiki/Q165631
src-45f21b0fe695a542,external,"Wikipedia (en), Pendant (art), revision 1357897077. https://en.wikipedia.org/wiki/Pendant_(art). Accessed 2026-09-11.",,,"Wikipedia (en), Pendant (art), revision 1357897077. https://en.wikipedia.org/wiki/Pendant_(art). Accessed 2026-09-11.",https://en.wikipedia.org/wiki/Pendant_(art)
src-4633a910d7e66d30,external,"Columbia University, About Columbia University. https://www.columbia.edu/content/about-columbia-university. Accessed 2026-09-15.",,,"Columbia University, About Columbia University. https://www.columbia.edu/content/about-columbia-university. Accessed 2026-09-15.",https://www.columbia.edu/content/about-columbia-university
src-4668725f22ed1326,external,"Wikipedia (en), Camillo Gavasetti, revision 1365392043. https://en.wikipedia.org/wiki/Camillo_Gavasetti. Accessed 2026-09-11.",,,"Wikipedia (en), Camillo Gavasetti, revision 1365392043. https://en.wikipedia.org/wiki/Camillo_Gavasetti. Accessed 2026-09-11.",https://en.wikipedia.org/wiki/Camillo_Gavasetti
src-468143a1d079c7a9,external,"Wikipedia (en), “Musée Fesch,” revision 1363491290; Wikidata Q2483597, revision 2515916305. https://en.wikipedia.org/wiki/Mus%C3%A9e_Fesch ; https://www.wikidata.org/wiki/Q2483597. Accessed 2026-09-25.",,,"Wikipedia (en), “Musée Fesch,” revision 1363491290; Wikidata Q2483597, revision 2515916305. https://en.wikipedia.org/wiki/Mus%C3%A9e_Fesch ; https://www.wikidata.org/wiki/Q2483597. Accessed 2026-09-25.",https://en.wikipedia.org/wiki/Mus%C3%A9e_Fesch
src-46ab30f9240a02b3,external,"Deutsche Biographie, Johann Wilhelm, GND 118712411. https://www.deutsche-biographie.de/gnd118712411.html?language=en. Accessed 2026-09-14.",,,"Deutsche Biographie, Johann Wilhelm, GND 118712411. https://www.deutsche-biographie.de/gnd118712411.html?language=en. Accessed 2026-09-14.",https://www.deutsche-biographie.de/gnd118712411.html?language=en
src-46b7f35cbe742455,external,"Wikidata, Q714400, revision 2522319307. https://www.wikidata.org/wiki/Q714400. Accessed 2026-09-10.",,,"Wikidata, Q714400, revision 2522319307. https://www.wikidata.org/wiki/Q714400. Accessed 2026-09-10.",https://www.wikidata.org/wiki/Q714400
src-46c18db938dbacb9,external,"Getty Research Institute, Art & Architecture Thesaurus, art dealers, ID 300386253. https://www.getty.edu/vow/AATFullDisplay?find=art+dealers&logic=AND&note=&subjectid=300386253. Accessed 2026-09-10.",,,"Getty Research Institute, Art & Architecture Thesaurus, art dealers, ID 300386253. https://www.getty.edu/vow/AATFullDisplay?find=art+dealers&logic=AND&note=&subjectid=300386253. Accessed 2026-09-10.",https://www.getty.edu/vow/AATFullDisplay?find=art+dealers&logic=AND&note=&subjectid=300386253
src-477f99668288d424,external,"Royal Society, “Strange; John (1732–1799),” catalogue record NA4953. https://catalogues.royalsociety.org/CalmView/Record.aspx?AddBasket=NA4953&id=NA4953&src=CalmView.Persons. Accessed 2026-09-25.",,,"Royal Society, “Strange; John (1732–1799),” catalogue record NA4953. https://catalogues.royalsociety.org/CalmView/Record.aspx?AddBasket=NA4953&id=NA4953&src=CalmView.Persons. Accessed 2026-09-25.",https://catalogues.royalsociety.org/CalmView/Record.aspx?AddBasket=NA4953&id=NA4953&src=CalmView.Persons
src-4787393b2ce15834,external,"SKD Gemäldegalerie Alte Meister, Nicolas Poussins Das Reich der Flora im Puschkin-Museum in Moskau. https://gemaeldegalerie.skd.museum/ausstellungen/poussin-puschkin/. Accessed 2026-09-11.",,,"SKD Gemäldegalerie Alte Meister, Nicolas Poussins Das Reich der Flora im Puschkin-Museum in Moskau. https://gemaeldegalerie.skd.museum/ausstellungen/poussin-puschkin/. Accessed 2026-09-11.",https://gemaeldegalerie.skd.museum/ausstellungen/poussin-puschkin/
src-478daf5e514fe7b2,external,"Wikipedia (en), Francesco Trevisani, revision 1365386923. https://en.wikipedia.org/wiki/Francesco_Trevisani. Accessed 2026-09-10.",,,"Wikipedia (en), Francesco Trevisani, revision 1365386923. https://en.wikipedia.org/wiki/Francesco_Trevisani. Accessed 2026-09-10.",https://en.wikipedia.org/wiki/Francesco_Trevisani
src-47965a47c8c3ac07,external,"Galleria Borghese, La Villa. https://galleriaborghese.cultura.gov.it/il-museo/la-villa/. Accessed 2026-09-10.",,,"Galleria Borghese, La Villa. https://galleriaborghese.cultura.gov.it/il-museo/la-villa/. Accessed 2026-09-10.",https://galleriaborghese.cultura.gov.it/il-museo/la-villa/
src-47c34addf21f621f,external,"Wikidata, “Pamphili family” (Q962192). https://www.wikidata.org/wiki/Q962192. Accessed 2026-09-25.",,,"Wikidata, “Pamphili family” (Q962192). https://www.wikidata.org/wiki/Q962192. Accessed 2026-09-25.",https://www.wikidata.org/wiki/Q962192
src-47e30f79681c6cca,external,"Wikidata, Q741375, revision 2541010497. https://www.wikidata.org/wiki/Q741375. Accessed 2026-09-11.",,,"Wikidata, Q741375, revision 2541010497. https://www.wikidata.org/wiki/Q741375. Accessed 2026-09-11.",https://www.wikidata.org/wiki/Q741375
src-4834cb15bd230e4a,external,"Wikidata, Q1192577, revision 2519963951. https://www.wikidata.org/wiki/Q1192577. Accessed 2026-09-10.",,,"Wikidata, Q1192577, revision 2519963951. https://www.wikidata.org/wiki/Q1192577. Accessed 2026-09-10.",https://www.wikidata.org/wiki/Q1192577
src-4834de9b041ed848,external,"Wikidata, Q1670729, revision 2488491810. https://www.wikidata.org/wiki/Q1670729. Accessed 2026-09-10.",,,"Wikidata, Q1670729, revision 2488491810. https://www.wikidata.org/wiki/Q1670729. Accessed 2026-09-10.",https://www.wikidata.org/wiki/Q1670729
src-48560a762c936fb6,external,"Wikidata, Q109061, revision 2541021912. https://www.wikidata.org/wiki/Q109061. Accessed 2026-09-10.",,,"Wikidata, Q109061, revision 2541021912. https://www.wikidata.org/wiki/Q109061. Accessed 2026-09-10.",https://www.wikidata.org/wiki/Q109061
src-485dfc4613a9fcaa,external,"Colnaghi, “About.” https://www.colnaghi.com/index.php/about. Accessed 2026-09-11.",,,"Colnaghi, “About.” https://www.colnaghi.com/index.php/about. Accessed 2026-09-11.",https://www.colnaghi.com/index.php/about
src-48752e67ca854dc0,external,"Wikidata, Q207175, revision 2526911203. https://www.wikidata.org/wiki/Q207175. Accessed 2026-09-11.",,,"Wikidata, Q207175, revision 2526911203. https://www.wikidata.org/wiki/Q207175. Accessed 2026-09-11.",https://www.wikidata.org/wiki/Q207175
src-488c4222328bb739,external,"Galleria Borghese, Room 19 – Helen and Paris Room. https://galleriaborghese.cultura.gov.it/en/il-museo/la-villa/sala-19-sala-di-elena-e-paride/. Accessed 2026-09-25.",,,"Galleria Borghese, Room 19 – Helen and Paris Room. https://galleriaborghese.cultura.gov.it/en/il-museo/la-villa/sala-19-sala-di-elena-e-paride/. Accessed 2026-09-25.",https://galleriaborghese.cultura.gov.it/en/il-museo/la-villa/sala-19-sala-di-elena-e-paride/
src-48951fc361be5dc0,external,"Wikipedia (en), Giorgio Vasari, revision 1373385809. https://en.wikipedia.org/wiki/Giorgio_Vasari Accessed 2026-09-11.",,,"Wikipedia (en), Giorgio Vasari, revision 1373385809. https://en.wikipedia.org/wiki/Giorgio_Vasari Accessed 2026-09-11.",https://en.wikipedia.org/wiki/Giorgio_Vasari
src-4896a45b4918fb14,external,"Wikidata, Q150966, revision 2528994406. https://www.wikidata.org/wiki/Q150966. Accessed 2026-09-10.",,,"Wikidata, Q150966, revision 2528994406. https://www.wikidata.org/wiki/Q150966. Accessed 2026-09-10.",https://www.wikidata.org/wiki/Q150966
src-48aaba6a3f6491ec,external,"Wikidata, Q51252. https://www.wikidata.org/wiki/Q51252. Accessed 2026-09-13.",,,"Wikidata, Q51252. https://www.wikidata.org/wiki/Q51252. Accessed 2026-09-13.",https://www.wikidata.org/wiki/Q51252
src-4903cea2494233eb,external,"Wikipedia (en), Saint Francis of Assisi in Ecstasy (Caravaggio), revision 1361377163. https://en.wikipedia.org/wiki/Saint_Francis_of_Assisi_in_Ecstasy_(Caravaggio). Accessed 2026-09-12.",,,"Wikipedia (en), Saint Francis of Assisi in Ecstasy (Caravaggio), revision 1361377163. https://en.wikipedia.org/wiki/Saint_Francis_of_Assisi_in_Ecstasy_(Caravaggio). Accessed 2026-09-12.",https://en.wikipedia.org/wiki/Saint_Francis_of_Assisi_in_Ecstasy_(Caravaggio)
src-49ba9e56012be73e,external,"Wikipedia (en), Biblioteca Ambrosiana. https://en.wikipedia.org/wiki/Biblioteca_Ambrosiana. Accessed 2026-09-13.",,,"Wikipedia (en), Biblioteca Ambrosiana. https://en.wikipedia.org/wiki/Biblioteca_Ambrosiana. Accessed 2026-09-13.",https://en.wikipedia.org/wiki/Biblioteca_Ambrosiana
src-49dfd4880226fa56,external,"Wikipedia (en), Annibale Carracci, revision 1370409628. https://en.wikipedia.org/wiki/Annibale_Carracci. Accessed 2026-09-10.",,,"Wikipedia (en), Annibale Carracci, revision 1370409628. https://en.wikipedia.org/wiki/Annibale_Carracci. Accessed 2026-09-10.",https://en.wikipedia.org/wiki/Annibale_Carracci
src-49ec2013199c918f,external,"Wikidata, Q1337275, revision 2523178172. https://www.wikidata.org/wiki/Q1337275. Accessed 2026-09-10.",,,"Wikidata, Q1337275, revision 2523178172. https://www.wikidata.org/wiki/Q1337275. Accessed 2026-09-10.",https://www.wikidata.org/wiki/Q1337275
src-4a6569ceb4885249,external,"Wikimedia, Portrait of Maffeo Barberini, Q2734111 image record. https://www.wikidata.org/wiki/Q2734111. Accessed 2026-09-25.",,,"Wikimedia, Portrait of Maffeo Barberini, Q2734111 image record. https://www.wikidata.org/wiki/Q2734111. Accessed 2026-09-25.",https://www.wikidata.org/wiki/Q2734111
src-4a68b9825000e16a,external,"The Metropolitan Museum of Art, Juan de Pareja, 1971.86. https://www.metmuseum.org/art/collection/search/437869. Accessed 2026-09-14.",,,"The Metropolitan Museum of Art, Juan de Pareja, 1971.86. https://www.metmuseum.org/art/collection/search/437869. Accessed 2026-09-14.",https://www.metmuseum.org/art/collection/search/437869
src-4a81b7e6accc24d2,external,"Wikipedia (en), Andrea Carlone, revision 1365391586. https://en.wikipedia.org/wiki/Andrea_Carlone. Accessed 2026-09-10.",,,"Wikipedia (en), Andrea Carlone, revision 1365391586. https://en.wikipedia.org/wiki/Andrea_Carlone. Accessed 2026-09-10.",https://en.wikipedia.org/wiki/Andrea_Carlone
src-4ab08a5f8bbdc8f6,external,"Wikipedia (en), Francesco Albani, revision 1371610441. https://en.wikipedia.org/wiki/Francesco_Albani. Accessed 2026-09-10.",,,"Wikipedia (en), Francesco Albani, revision 1371610441. https://en.wikipedia.org/wiki/Francesco_Albani. Accessed 2026-09-10.",https://en.wikipedia.org/wiki/Francesco_Albani
src-4ab08aef8b3a0943,external,"Wikipedia (en), Genius, revision 1369817606. https://en.wikipedia.org/wiki/Genius. Accessed 2026-09-10.",,,"Wikipedia (en), Genius, revision 1369817606. https://en.wikipedia.org/wiki/Genius. Accessed 2026-09-10.",https://en.wikipedia.org/wiki/Genius
src-4ab88a3751aed659,external,"Rossella Vodret, “FERRI, Ciro,” Dizionario Biografico degli Italiani, Treccani. https://www.treccani.it/enciclopedia/ciro-ferri_(Dizionario-Biografico)/. Accessed 2026-09-25.",,,"Rossella Vodret, “FERRI, Ciro,” Dizionario Biografico degli Italiani, Treccani. https://www.treccani.it/enciclopedia/ciro-ferri_(Dizionario-Biografico)/. Accessed 2026-09-25.",https://www.treccani.it/enciclopedia/ciro-ferri_(Dizionario-Biografico)/
src-4abd46087eefb4e0,external,"Carmen C. Bambach (2014), Saint Sebastian Clubbed to Death, Andrea Camassei, The Metropolitan Museum of Art, 65.137. https://www.metmuseum.org/art/collection/search/338324. Accessed 2026-09-11.",,,"Carmen C. Bambach (2014), Saint Sebastian Clubbed to Death, Andrea Camassei, The Metropolitan Museum of Art, 65.137. https://www.metmuseum.org/art/collection/search/338324. Accessed 2026-09-11.",https://www.metmuseum.org/art/collection/search/338324
src-4adebbda07ebb212,external,"Wikidata Q134194, revision 2509243265. https://www.wikidata.org/wiki/Q134194. Reviewed 2026-09-11.",,,"Wikidata Q134194, revision 2509243265. https://www.wikidata.org/wiki/Q134194. Reviewed 2026-09-11.",https://www.wikidata.org/wiki/Q134194
src-4b01cf7e84d397b7,external,"Wikipedia (en), Pieter van Laer, revision 1366097669. https://en.wikipedia.org/wiki/Pieter_van_Laer. Accessed 2026-09-11.",,,"Wikipedia (en), Pieter van Laer, revision 1366097669. https://en.wikipedia.org/wiki/Pieter_van_Laer. Accessed 2026-09-11.",https://en.wikipedia.org/wiki/Pieter_van_Laer
src-4b7d6183fe2cbc7d,external,"Wikipedia (en), Sant'Agnese in Agone, revision 1362791584. https://en.wikipedia.org/wiki/Sant'Agnese_in_Agone. Accessed 2026-09-10.",,,"Wikipedia (en), Sant'Agnese in Agone, revision 1362791584. https://en.wikipedia.org/wiki/Sant'Agnese_in_Agone. Accessed 2026-09-10.",https://en.wikipedia.org/wiki/Sant'Agnese_in_Agone
src-4b871f595770fdbf,external,"Wikidata, Q2939240, revision 2521251388. https://www.wikidata.org/wiki/Q2939240. Read 2026-09-11.",,,"Wikidata, Q2939240, revision 2521251388. https://www.wikidata.org/wiki/Q2939240. Read 2026-09-11.",https://www.wikidata.org/wiki/Q2939240
src-4b98df4468351c5d,external,"Wikipedia (en), Prince Maurice of Savoy, revision 1358821762. https://en.wikipedia.org/wiki/Prince_Maurice_of_Savoy. Accessed 2026-09-11.",,,"Wikipedia (en), Prince Maurice of Savoy, revision 1358821762. https://en.wikipedia.org/wiki/Prince_Maurice_of_Savoy. Accessed 2026-09-11.",https://en.wikipedia.org/wiki/Prince_Maurice_of_Savoy
src-4bb300d64d57696c,external,"Wikipedia (en), Triumph of the Name of Jesus, revision 1361437201. https://en.wikipedia.org/wiki/Triumph_of_the_Name_of_Jesus Accessed 2026-09-11.",,,"Wikipedia (en), Triumph of the Name of Jesus, revision 1361437201. https://en.wikipedia.org/wiki/Triumph_of_the_Name_of_Jesus Accessed 2026-09-11.",https://en.wikipedia.org/wiki/Triumph_of_the_Name_of_Jesus
src-4c010dd8354035c3,external,"Istituto Veneto, Pignatti Terisio, member biography. https://www.istitutoveneto.it/flex/cm/pages/ServeBLOB.php/L/IT/IDPagina/1353. Accessed 2026-09-14.",,,"Istituto Veneto, Pignatti Terisio, member biography. https://www.istitutoveneto.it/flex/cm/pages/ServeBLOB.php/L/IT/IDPagina/1353. Accessed 2026-09-14.",https://www.istitutoveneto.it/flex/cm/pages/ServeBLOB.php/L/IT/IDPagina/1353
src-4c29acd836ec408b,external,"Franca Varallo, “L’abile costruzione di sé: arte e cerimonie durante la reggenza di Cristina di Francia, duchessa di Savoia e prima Madama Reale”, Librosdelacorte.es 28 (2024), DOI 10.15366/ldc2024.16.28.013. https://iris.unito.it/retrieve/b0d07de8-8e46-4064-8e96-b4e99802be0f/2024_Varallo_Abile%20costruzione%20di%20s%C3%A9_Cristina%20di%20Savoia.pdf. Accessed 2026-09-11.",,,"Franca Varallo, “L’abile costruzione di sé: arte e cerimonie durante la reggenza di Cristina di Francia, duchessa di Savoia e prima Madama Reale”, Librosdelacorte.es 28 (2024), DOI 10.15366/ldc2024.16.28.013. https://iris.unito.it/retrieve/b0d07de8-8e46-4064-8e96-b4e99802be0f/2024_Varallo_Abile%20costruzione%20di%20s%C3%A9_Cristina%20di%20Savoia.pdf. Accessed 2026-09-11.",https://iris.unito.it/retrieve/b0d07de8-8e46-4064-8e96-b4e99802be0f/2024_Varallo_Abile%20costruzione%20di%20s%C3%A9_Cristina%20di%20Savoia.pdf
src-4c353d08f08774c2,external,"Wikidata, Q1192577, revision 2519963951. https://www.wikidata.org/wiki/Q1192577. Accessed 2026-09-11.",,,"Wikidata, Q1192577, revision 2519963951. https://www.wikidata.org/wiki/Q1192577. Accessed 2026-09-11.",https://www.wikidata.org/wiki/Q1192577
src-4c35ab8bf812f410,external,"Wikidata, Q816847, revision 2536308991. https://www.wikidata.org/wiki/Q816847. Accessed 2026-09-11.",,,"Wikidata, Q816847, revision 2536308991. https://www.wikidata.org/wiki/Q816847. Accessed 2026-09-11.",https://www.wikidata.org/wiki/Q816847
src-4c3611ebf9394872,external,"Howard Hibbard, ‘BERNINI, Luigi,’ Dizionario Biografico degli Italiani, vol. 9 (1967).",,,"Howard Hibbard, ‘BERNINI, Luigi,’ Dizionario Biografico degli Italiani, vol. 9 (1967).",https://www.treccani.it/enciclopedia/luigi-bernini_(Dizionario-Biografico)/
src-4c39c61ddd85ee01,external,"Brill, Preliminary Material, in A Companion to Early Modern Naples. https://brill.com/display/book/9789004251830/B9789004251830_001.xml. Accessed 2026-09-10 via indexed publisher record.",,,"Brill, Preliminary Material, in A Companion to Early Modern Naples. https://brill.com/display/book/9789004251830/B9789004251830_001.xml. Accessed 2026-09-10 via indexed publisher record.",https://brill.com/display/book/9789004251830/B9789004251830_001.xml
src-4c4d4683efadc2b4,external,"Wikipedia (en), Fulvio Testi, revision 1372649729. https://en.wikipedia.org/wiki/Fulvio_Testi. Accessed 2026-09-10.",,,"Wikipedia (en), Fulvio Testi, revision 1372649729. https://en.wikipedia.org/wiki/Fulvio_Testi. Accessed 2026-09-10.",https://en.wikipedia.org/wiki/Fulvio_Testi
src-4c5f28cc9888353b,external,"Wikipedia (en), Portrait of a Courtesan (Caravaggio), revision 1361374174. https://en.wikipedia.org/wiki/Portrait_of_a_Courtesan_(Caravaggio). Accessed 2026-09-12.",,,"Wikipedia (en), Portrait of a Courtesan (Caravaggio), revision 1361374174. https://en.wikipedia.org/wiki/Portrait_of_a_Courtesan_(Caravaggio). Accessed 2026-09-12.",https://en.wikipedia.org/wiki/Portrait_of_a_Courtesan_(Caravaggio)
src-4c883896c230b97e,external,"The Holy See, Urbano VIII. https://www.vatican.va/content/vatican/it/holy-father/urbano-viii.html. Accessed 2026-09-10.",,,"The Holy See, Urbano VIII. https://www.vatican.va/content/vatican/it/holy-father/urbano-viii.html. Accessed 2026-09-10.",https://www.vatican.va/content/vatican/it/holy-father/urbano-viii.html
src-4cad74d877e67ff9,external,"King’s College Cambridge, Guide to Modern Archives, Rylands Papers GHWR. https://www.kings.cam.ac.uk/guide-modern-archives. Accessed 2026-09-14.",,,"King’s College Cambridge, Guide to Modern Archives, Rylands Papers GHWR. https://www.kings.cam.ac.uk/guide-modern-archives. Accessed 2026-09-14.",https://www.kings.cam.ac.uk/guide-modern-archives
src-4cadbd0c0f95ebdd,external,"Fondazione Federico Zeri, “Leoni Ottavio, Ritratto del cardinale Scipione Borghese,” entry 47715 / photo archive card 49711. https://catalogo.fondazionezeri.unibo.it/scheda/opera/49711/Leoni%20Ottavio%2C%20Ritratto%20del%20cardinale%20Scipione%20Borghese. Accessed 2026-09-25.",,,"Fondazione Federico Zeri, “Leoni Ottavio, Ritratto del cardinale Scipione Borghese,” entry 47715 / photo archive card 49711. https://catalogo.fondazionezeri.unibo.it/scheda/opera/49711/Leoni%20Ottavio%2C%20Ritratto%20del%20cardinale%20Scipione%20Borghese. Accessed 2026-09-25.",https://catalogo.fondazionezeri.unibo.it/scheda/opera/49711/Leoni%20Ottavio%2C%20Ritratto%20del%20cardinale%20Scipione%20Borghese
src-4cc2774cb1080f62,external,"Pio Monte della Misericordia, Caravaggio. https://piomontedellamisericordia.it/caravaggio/. Accessed 2026-09-13.",,,"Pio Monte della Misericordia, Caravaggio. https://piomontedellamisericordia.it/caravaggio/. Accessed 2026-09-13.",https://piomontedellamisericordia.it/caravaggio/
src-4cf43be06d86baee,external,"MUVE, Casa di Carlo Goldoni, Edizioni goldoniane. https://carlogoldoni.visitmuve.it/it/il-museo/servizi-agli-studiosi/biblioteca/servizi-scientifici-3-2/edizioni-goldoniane/. Accessed 2026-09-14.",,,"MUVE, Casa di Carlo Goldoni, Edizioni goldoniane. https://carlogoldoni.visitmuve.it/it/il-museo/servizi-agli-studiosi/biblioteca/servizi-scientifici-3-2/edizioni-goldoniane/. Accessed 2026-09-14.",https://carlogoldoni.visitmuve.it/it/il-museo/servizi-agli-studiosi/biblioteca/servizi-scientifici-3-2/edizioni-goldoniane/
src-4d2895f1756e41e0,external,"Treccani, Viani, Enciclopedia on line. https://www.treccani.it/enciclopedia/viani/. Accessed 2026-09-15.",,,"Treccani, Viani, Enciclopedia on line. https://www.treccani.it/enciclopedia/viani/. Accessed 2026-09-15.",https://www.treccani.it/enciclopedia/viani/
src-4d6d3b693f013ab5,external,"National Gallery, The Art Fund. https://www.nationalgallery.org.uk/paintings/glossary/the-art-fund. Accessed 2026-09-15.",,,"National Gallery, The Art Fund. https://www.nationalgallery.org.uk/paintings/glossary/the-art-fund. Accessed 2026-09-15.",https://www.nationalgallery.org.uk/paintings/glossary/the-art-fund
src-4d820284b9d449b5,external,"Barnabite Fathers USA, Pontifical Approval of the Barnabites – Feb. 18 1533. https://www.barnabites.com/pontifical-approval-of-the-barnabites-feb-18-1533/ . Accessed 2026-09-10.",,,"Barnabite Fathers USA, Pontifical Approval of the Barnabites – Feb. 18 1533. https://www.barnabites.com/pontifical-approval-of-the-barnabites-feb-18-1533/ . Accessed 2026-09-10.",https://www.barnabites.com/pontifical-approval-of-the-barnabites-feb-18-1533/
src-4d997985b5173c1d,external,"Wikipedia (en), Gaspard Dughet, revision 1321051055. https://en.wikipedia.org/wiki/Gaspard_Dughet. Accessed 2026-09-10.",,,"Wikipedia (en), Gaspard Dughet, revision 1321051055. https://en.wikipedia.org/wiki/Gaspard_Dughet. Accessed 2026-09-10.",https://en.wikipedia.org/wiki/Gaspard_Dughet
src-4dbde82cc22c366f,external,"Harvard University, I Tatti, “Library acquisitions, June 2018”, Fine Arts list, Baudi di Vesme entry. https://itatti.harvard.edu/news/library-acquisitions-june-2018. Accessed 2026-09-11.",,,"Harvard University, I Tatti, “Library acquisitions, June 2018”, Fine Arts list, Baudi di Vesme entry. https://itatti.harvard.edu/news/library-acquisitions-june-2018. Accessed 2026-09-11.",https://itatti.harvard.edu/news/library-acquisitions-june-2018
src-4ddda1f26b1a0100,external,"Fondazione Federico Zeri, fotografia 212702, inventario 522768. https://catalogo.fondazionezeri.unibo.it/scheda/fotografia/212702/. Accessed 2026-09-14.",,,"Fondazione Federico Zeri, fotografia 212702, inventario 522768. https://catalogo.fondazionezeri.unibo.it/scheda/fotografia/212702/. Accessed 2026-09-14.",https://catalogo.fondazionezeri.unibo.it/scheda/fotografia/212702/
src-4de4d35bca83b6ea,external,"Wikidata, Q463400, revision 2517846076. https://www.wikidata.org/wiki/Q463400. Accessed 2026-09-10.",,,"Wikidata, Q463400, revision 2517846076. https://www.wikidata.org/wiki/Q463400. Accessed 2026-09-10.",https://www.wikidata.org/wiki/Q463400
src-4dec6546cd0e7f62,external,"Wikidata, Q1526140. https://www.wikidata.org/wiki/Q1526140. Accessed 2026-09-13.",,,"Wikidata, Q1526140. https://www.wikidata.org/wiki/Q1526140. Accessed 2026-09-13.",https://www.wikidata.org/wiki/Q1526140
src-4e22e4aa836fc38d,external,"Wikipedia (en), Messina, https://en.wikipedia.org/wiki/Messina. Accessed 2026-09-25.",,,"Wikipedia (en), Messina, https://en.wikipedia.org/wiki/Messina. Accessed 2026-09-25.",https://en.wikipedia.org/wiki/Messina
src-4e7ff45d2197fbee,external,"National Institute of Informatics, CiNii Books, Andrea Sacchi, NCID BA09957781. https://ci.nii.ac.jp/ncid/BA09957781. Accessed 2026-09-15.",,,"National Institute of Informatics, CiNii Books, Andrea Sacchi, NCID BA09957781. https://ci.nii.ac.jp/ncid/BA09957781. Accessed 2026-09-15.",https://ci.nii.ac.jp/ncid/BA09957781
src-4eb4e21a5f13e543,external,"Virginia Museum of Fine Arts, photographic metadata for The Death of Regulus, reproduced on Wikimedia Commons, revision 1018278172. https://commons.wikimedia.org/w/index.php?title=File:Rosa_-_The_Death_of_Regulus,_ca._1650-1652.jpg&oldid=1018278172. Accessed 2026-09-14.",,,"Virginia Museum of Fine Arts, photographic metadata for The Death of Regulus, reproduced on Wikimedia Commons, revision 1018278172. https://commons.wikimedia.org/w/index.php?title=File:Rosa_-_The_Death_of_Regulus,_ca._1650-1652.jpg&oldid=1018278172. Accessed 2026-09-14.","https://commons.wikimedia.org/w/index.php?title=File:Rosa_-_The_Death_of_Regulus,_ca._1650-1652.jpg&oldid=1018278172"
src-4ebef6db018a2a70,external,"Wikipedia (en), Salome with the Head of John the Baptist (Caravaggio, Madrid), revision 1371888043. https://en.wikipedia.org/wiki/Salome_with_the_Head_of_John_the_Baptist_(Caravaggio,_Madrid). Accessed 2026-09-12.",,,"Wikipedia (en), Salome with the Head of John the Baptist (Caravaggio, Madrid), revision 1371888043. https://en.wikipedia.org/wiki/Salome_with_the_Head_of_John_the_Baptist_(Caravaggio,_Madrid). Accessed 2026-09-12.","https://en.wikipedia.org/wiki/Salome_with_the_Head_of_John_the_Baptist_(Caravaggio,_Madrid)"
src-4ede02d687367290,external,"Rossella Faraglia, “GHEZZI, Giuseppe”, Dizionario Biografico degli Italiani 53 (2000). https://www.treccani.it/enciclopedia/giuseppe-ghezzi_(Dizionario-Biografico)/. Accessed 2026-09-11.",,,"Rossella Faraglia, “GHEZZI, Giuseppe”, Dizionario Biografico degli Italiani 53 (2000). https://www.treccani.it/enciclopedia/giuseppe-ghezzi_(Dizionario-Biografico)/. Accessed 2026-09-11.",https://www.treccani.it/enciclopedia/giuseppe-ghezzi_(Dizionario-Biografico)/
src-4ee0feea91b96fe1,external,"University of Virginia, Architectural Historian and Museum Curator Bruce Ambler Boucher Appointed Director of the University of Virginia Art Museum, Newswise. https://www.newswise.com/articles/architectural-historian-and-museum-curator-bruce-ambler-boucher-appointed-director-of-the-university-of-virginia-art-museum. Accessed 2026-09-14.",,,"University of Virginia, Architectural Historian and Museum Curator Bruce Ambler Boucher Appointed Director of the University of Virginia Art Museum, Newswise. https://www.newswise.com/articles/architectural-historian-and-museum-curator-bruce-ambler-boucher-appointed-director-of-the-university-of-virginia-art-museum. Accessed 2026-09-14.",https://www.newswise.com/articles/architectural-historian-and-museum-curator-bruce-ambler-boucher-appointed-director-of-the-university-of-virginia-art-museum
src-4f239ae64ea97bbc,external,"Wikipedia (en), Adoration of the Shepherds (Caravaggio), revision 1361241631. https://en.wikipedia.org/wiki/Adoration_of_the_Shepherds_(Caravaggio). Accessed 2026-09-12.",,,"Wikipedia (en), Adoration of the Shepherds (Caravaggio), revision 1361241631. https://en.wikipedia.org/wiki/Adoration_of_the_Shepherds_(Caravaggio). Accessed 2026-09-12.",https://en.wikipedia.org/wiki/Adoration_of_the_Shepherds_(Caravaggio)
src-4f28e5365937c218,external,"Wikidata, Q464446, revision 2517852917. https://www.wikidata.org/wiki/Q464446. Accessed 2026-09-10.",,,"Wikidata, Q464446, revision 2517852917. https://www.wikidata.org/wiki/Q464446. Accessed 2026-09-10.",https://www.wikidata.org/wiki/Q464446
src-4f3b5e045cfad157,external,"Daniele Sanguineti, 'PIOLA,' Dizionario Biografico degli Italiani 84 (2015). https://www.treccani.it/enciclopedia/piola_(Dizionario-Biografico)/ Accessed 2026-09-11.",,,"Daniele Sanguineti, 'PIOLA,' Dizionario Biografico degli Italiani 84 (2015). https://www.treccani.it/enciclopedia/piola_(Dizionario-Biografico)/ Accessed 2026-09-11.",https://www.treccani.it/enciclopedia/piola_(Dizionario-Biografico)/
src-4f505485378d16a9,external,"Wikipedia (en), Pietro Aldobrandini, https://en.wikipedia.org/wiki/Pietro_Aldobrandini. Accessed 2026-09-25.",,,"Wikipedia (en), Pietro Aldobrandini, https://en.wikipedia.org/wiki/Pietro_Aldobrandini. Accessed 2026-09-25.",https://en.wikipedia.org/wiki/Pietro_Aldobrandini
src-4f6760892762eb27,external,"Wikipedia (en), Giovanni Battista Gaulli, revision 1374149221. https://en.wikipedia.org/wiki/Giovanni_Battista_Gaulli Accessed 2026-09-11.",,,"Wikipedia (en), Giovanni Battista Gaulli, revision 1374149221. https://en.wikipedia.org/wiki/Giovanni_Battista_Gaulli Accessed 2026-09-11.",https://en.wikipedia.org/wiki/Giovanni_Battista_Gaulli
src-4f84c0cad49ac94c,external,"Sir John Soane’s Museum, Annual Report and Accounts 2016–2017. https://www.soane.org/sites/default/files/2023-06/soane-museum-annual-report-accounts-2017.pdf. Accessed 2026-09-14.",,,"Sir John Soane’s Museum, Annual Report and Accounts 2016–2017. https://www.soane.org/sites/default/files/2023-06/soane-museum-annual-report-accounts-2017.pdf. Accessed 2026-09-14.",https://www.soane.org/sites/default/files/2023-06/soane-museum-annual-report-accounts-2017.pdf
src-4f86ed7cff1e49d9,external,"Samuel H. Kress Foundation, History of the Kress Collection. https://www.kressfoundation.org/Kress-Collection/History. Accessed 2026-09-14.",,,"Samuel H. Kress Foundation, History of the Kress Collection. https://www.kressfoundation.org/Kress-Collection/History. Accessed 2026-09-14.",https://www.kressfoundation.org/Kress-Collection/History
src-4ff47b4e331052b1,external,"Gianluca Stefani, Sebastiano Ricci impresario d’opera a Venezia nel primo Settecento (Firenze University Press, 2015), p. 27 n.3. https://tile.loc.gov/storage-services/master/gdc/gdcebookspublic/20/20/71/94/83/2020719483/2020719483.pdf. Accessed 2026-09-11.",,,"Gianluca Stefani, Sebastiano Ricci impresario d’opera a Venezia nel primo Settecento (Firenze University Press, 2015), p. 27 n.3. https://tile.loc.gov/storage-services/master/gdc/gdcebookspublic/20/20/71/94/83/2020719483/2020719483.pdf. Accessed 2026-09-11.",https://tile.loc.gov/storage-services/master/gdc/gdcebookspublic/20/20/71/94/83/2020719483/2020719483.pdf
src-500d75df3b302b74,external,"Wikipedia (en), J. Tomilson Hill. https://en.wikipedia.org/wiki/J._Tomilson_Hill. Accessed 2026-09-13.",,,"Wikipedia (en), J. Tomilson Hill. https://en.wikipedia.org/wiki/J._Tomilson_Hill. Accessed 2026-09-13.",https://en.wikipedia.org/wiki/J._Tomilson_Hill
src-501d7b6034e3db09,external,"Mary F. S. Hervey, The Life, Correspondence & Collections of Thomas Howard, Earl of Arundel (Cambridge University Press, 1921), pp. 181–184. https://archive.org/download/lifecorresponden00herviala/lifecorresponden00herviala_djvu.txt. Read 2026-09-11.",,,"Mary F. S. Hervey, The Life, Correspondence & Collections of Thomas Howard, Earl of Arundel (Cambridge University Press, 1921), pp. 181–184. https://archive.org/download/lifecorresponden00herviala/lifecorresponden00herviala_djvu.txt. Read 2026-09-11.",https://archive.org/download/lifecorresponden00herviala/lifecorresponden00herviala_djvu.txt
src-505405d8b35fcc3e,external,"Bibliothek Werner Oechslin, Una figura della Venezia settecentesca, record 011679565. https://www.bibliothek-oechslin.ch/einfachesuche.php?Oui=Oui&Showtime=011679565. Accessed 2026-09-14.",,,"Bibliothek Werner Oechslin, Una figura della Venezia settecentesca, record 011679565. https://www.bibliothek-oechslin.ch/einfachesuche.php?Oui=Oui&Showtime=011679565. Accessed 2026-09-14.",https://www.bibliothek-oechslin.ch/einfachesuche.php?Oui=Oui&Showtime=011679565
src-50ba7f75b003237e,external,"Wikidata, Q2634, revision 2540181848. https://www.wikidata.org/wiki/Q2634. Accessed 2026-09-10.",,,"Wikidata, Q2634, revision 2540181848. https://www.wikidata.org/wiki/Q2634. Accessed 2026-09-10.",https://www.wikidata.org/wiki/Q2634
src-50d9d02a6fd8726a,external,"The Metropolitan Museum of Art, Mercury and Cupid, 2021.76. https://www.metmuseum.org/art/collection/search/761114. Accessed 2026-09-15.",,,"The Metropolitan Museum of Art, Mercury and Cupid, 2021.76. https://www.metmuseum.org/art/collection/search/761114. Accessed 2026-09-15.",https://www.metmuseum.org/art/collection/search/761114
src-5160c6b61670e72a,external,"Wikidata, Q5563849, https://www.wikidata.org/wiki/Q5563849. Accessed 2026-09-25.",,,"Wikidata, Q5563849, https://www.wikidata.org/wiki/Q5563849. Accessed 2026-09-25.",https://www.wikidata.org/wiki/Q5563849
src-518e150d3f2b9c06,external,"Lamport Hall, The Hall. https://www.lamporthall.co.uk/see-and-do/the-hall/. Accessed 2026-09-14.",,,"Lamport Hall, The Hall. https://www.lamporthall.co.uk/see-and-do/the-hall/. Accessed 2026-09-14.",https://www.lamporthall.co.uk/see-and-do/the-hall/
src-51b068b3dc6a3af5,external,"Wikipedia (en), The Burial of Saint Lucy, revision 1361422559. https://en.wikipedia.org/wiki/The_Burial_of_Saint_Lucy. Accessed 2026-09-12.",,,"Wikipedia (en), The Burial of Saint Lucy, revision 1361422559. https://en.wikipedia.org/wiki/The_Burial_of_Saint_Lucy. Accessed 2026-09-12.",https://en.wikipedia.org/wiki/The_Burial_of_Saint_Lucy
src-51b24ff5b5c935ee,external,"Wikidata, Q2284829, https://www.wikidata.org/wiki/Q2284829. Accessed 2026-09-12.",,,"Wikidata, Q2284829, https://www.wikidata.org/wiki/Q2284829. Accessed 2026-09-12.",https://www.wikidata.org/wiki/Q2284829
src-51d2e770274dd08a,external,"Museum of Fine Arts, Houston, The Royal Hunt of Dido and Aeneas, 2000.92. https://emuseum.mfah.org/objects/48122/visit. Accessed 2026-09-14.",,,"Museum of Fine Arts, Houston, The Royal Hunt of Dido and Aeneas, 2000.92. https://emuseum.mfah.org/objects/48122/visit. Accessed 2026-09-14.",https://emuseum.mfah.org/objects/48122/visit
src-51fe294c0c8cd262,external,"Treccani, “SAGREDO, Giovan Francesco,” Dizionario Biografico degli Italiani, https://www.treccani.it/enciclopedia/giovan-francesco-sagredo_%28Dizionario-Biografico%29/. Accessed 2026-09-25.",,,"Treccani, “SAGREDO, Giovan Francesco,” Dizionario Biografico degli Italiani, https://www.treccani.it/enciclopedia/giovan-francesco-sagredo_%28Dizionario-Biografico%29/. Accessed 2026-09-25.",https://www.treccani.it/enciclopedia/giovan-francesco-sagredo_%28Dizionario-Biografico%29/
src-520505fafb0a31b6,external,"Wikidata, Q358147, revision 2522260813. https://www.wikidata.org/wiki/Q358147. Accessed 2026-09-10.",,,"Wikidata, Q358147, revision 2522260813. https://www.wikidata.org/wiki/Q358147. Accessed 2026-09-10.",https://www.wikidata.org/wiki/Q358147
src-520740f991f12562,external,"The Metropolitan Museum of Art, Aedes Barberinae, object 48.106.2. https://www.metmuseum.org/art/collection/search/344493. Accessed 2026-09-15.",,,"The Metropolitan Museum of Art, Aedes Barberinae, object 48.106.2. https://www.metmuseum.org/art/collection/search/344493. Accessed 2026-09-15.",https://www.metmuseum.org/art/collection/search/344493
src-5282d9d5d67e4038,external,"Wikipedia (en), “John Strange (diplomat),” page information dated 2026-01-11. https://en.wikipedia.org/wiki/John_Strange_(diplomat). Accessed 2026-09-25.",,,"Wikipedia (en), “John Strange (diplomat),” page information dated 2026-01-11. https://en.wikipedia.org/wiki/John_Strange_(diplomat). Accessed 2026-09-25.",https://en.wikipedia.org/wiki/John_Strange_(diplomat)
src-528d0db579596f30,external,"“Providence, Rhode Island,” English Wikipedia. https://en.wikipedia.org/wiki/Providence,_Rhode_Island. Accessed 2026-09-25.",,,"“Providence, Rhode Island,” English Wikipedia. https://en.wikipedia.org/wiki/Providence,_Rhode_Island. Accessed 2026-09-25.","https://en.wikipedia.org/wiki/Providence,_Rhode_Island"
src-52a1595d9b6e1b05,external,"Wikipedia (it), Marcello Sacchetti, revision 149839333. https://it.wikipedia.org/wiki/Marcello_Sacchetti. Accessed 2026-09-10.",,,"Wikipedia (it), Marcello Sacchetti, revision 149839333. https://it.wikipedia.org/wiki/Marcello_Sacchetti. Accessed 2026-09-10.",https://it.wikipedia.org/wiki/Marcello_Sacchetti
src-52ae337c02d408ad,external,"Wikipedia (it), Dilettante, revision 152221321. https://it.wikipedia.org/wiki/Dilettante. Read 2026-09-11.",,,"Wikipedia (it), Dilettante, revision 152221321. https://it.wikipedia.org/wiki/Dilettante. Read 2026-09-11.",https://it.wikipedia.org/wiki/Dilettante
src-52c500fcc02ee663,external,"Wikidata, Q2031901, revision 2507301391. https://www.wikidata.org/wiki/Q2031901. Accessed 2026-09-10.",,,"Wikidata, Q2031901, revision 2507301391. https://www.wikidata.org/wiki/Q2031901. Accessed 2026-09-10.",https://www.wikidata.org/wiki/Q2031901
src-52da7b7db3f1c442,external,"Wikidata, Q64869205, https://www.wikidata.org/wiki/Q64869205. Accessed 2026-09-12.",,,"Wikidata, Q64869205, https://www.wikidata.org/wiki/Q64869205. Accessed 2026-09-12.",https://www.wikidata.org/wiki/Q64869205
src-52fc2f3dd8cd582a,external,"Padri Barnabiti, Il Fondatore. https://www.barnabitieupilio.org/il-fondatore/ . Accessed 2026-09-10.",,,"Padri Barnabiti, Il Fondatore. https://www.barnabitieupilio.org/il-fondatore/ . Accessed 2026-09-10.",https://www.barnabitieupilio.org/il-fondatore/
src-5333aa842f359a7a,external,"Wikidata, Q666337, revision 2516000136. https://www.wikidata.org/wiki/Q666337. Reviewed 2026-09-11.",,,"Wikidata, Q666337, revision 2516000136. https://www.wikidata.org/wiki/Q666337. Reviewed 2026-09-11.",https://www.wikidata.org/wiki/Q666337
src-5359c65945d24b20,external,"UNESCO World Heritage Centre, Historic Centre of Florence, dossier 174quater. https://whc.unesco.org/en/list/174/. Accessed 2026-09-10.",,,"UNESCO World Heritage Centre, Historic Centre of Florence, dossier 174quater. https://whc.unesco.org/en/list/174/. Accessed 2026-09-10.",https://whc.unesco.org/en/list/174/
src-5363c9c3606ea129,external,"Antonino Bertolotti, Artisti bolognesi, ferraresi ed alcuni altri del già Stato Pontificio in Roma nei secoli XV, XVI e XVII (Bologna: Regia tipografia, 1885). Getty Research Institute scan. https://archive.org/details/artistibolognesi00bert. Accessed 2026-09-11.",,,"Antonino Bertolotti, Artisti bolognesi, ferraresi ed alcuni altri del già Stato Pontificio in Roma nei secoli XV, XVI e XVII (Bologna: Regia tipografia, 1885). Getty Research Institute scan. https://archive.org/details/artistibolognesi00bert. Accessed 2026-09-11.",https://archive.org/details/artistibolognesi00bert
src-538c35fa372a7eb2,external,"Wikidata, Q2727560, https://www.wikidata.org/wiki/Q2727560. Accessed 2026-09-12.",,,"Wikidata, Q2727560, https://www.wikidata.org/wiki/Q2727560. Accessed 2026-09-12.",https://www.wikidata.org/wiki/Q2727560
src-538d0c69b1afb922,external,"Metropolitan Museum of Art, Cardinal Jules Mazarin Seated Within the Gallery of his Palace, 2000.416.90. https://www.metmuseum.org/art/collection/search/349118. Accessed 2026-09-14.",,,"Metropolitan Museum of Art, Cardinal Jules Mazarin Seated Within the Gallery of his Palace, 2000.416.90. https://www.metmuseum.org/art/collection/search/349118. Accessed 2026-09-14.",https://www.metmuseum.org/art/collection/search/349118
src-53dc86f5fc716be6,external,"Wikipedia (en), Martha and Mary Magdalene (Caravaggio), revision 1361282022. https://en.wikipedia.org/wiki/Martha_and_Mary_Magdalene_(Caravaggio). Accessed 2026-09-12.",,,"Wikipedia (en), Martha and Mary Magdalene (Caravaggio), revision 1361282022. https://en.wikipedia.org/wiki/Martha_and_Mary_Magdalene_(Caravaggio). Accessed 2026-09-12.",https://en.wikipedia.org/wiki/Martha_and_Mary_Magdalene_(Caravaggio)
src-53e8bae90ddbece0,external,"Wikipedia (en), National Gallery of Ireland. https://en.wikipedia.org/wiki/National_Gallery_of_Ireland. Accessed 2026-09-13.",,,"Wikipedia (en), National Gallery of Ireland. https://en.wikipedia.org/wiki/National_Gallery_of_Ireland. Accessed 2026-09-13.",https://en.wikipedia.org/wiki/National_Gallery_of_Ireland
src-53f3daffbcaab857,external,"The Metropolitan Museum of Art, “The Villa Loredan, Paese,” object 2019.141.14. https://www.metmuseum.org/art/collection/search/438116. Accessed 2026-09-25.",,,"The Metropolitan Museum of Art, “The Villa Loredan, Paese,” object 2019.141.14. https://www.metmuseum.org/art/collection/search/438116. Accessed 2026-09-25.",https://www.metmuseum.org/art/collection/search/438116
src-5409e78f9a1884e4,external,"Wikidata, Q2846401, revision 2516216415. https://www.wikidata.org/wiki/Q2846401. Accessed 2026-09-11.",,,"Wikidata, Q2846401, revision 2516216415. https://www.wikidata.org/wiki/Q2846401. Accessed 2026-09-11.",https://www.wikidata.org/wiki/Q2846401
src-54492aba0937da1d,external,"Donatella Spagnolo, 'MINNITI, Mario,' Dizionario Biografico degli Italiani 74 (2010). https://www.treccani.it/enciclopedia/mario-minniti_(Dizionario-Biografico)/ Accessed 2026-09-11.",,,"Donatella Spagnolo, 'MINNITI, Mario,' Dizionario Biografico degli Italiani 74 (2010). https://www.treccani.it/enciclopedia/mario-minniti_(Dizionario-Biografico)/ Accessed 2026-09-11.",https://www.treccani.it/enciclopedia/mario-minniti_(Dizionario-Biografico)/
src-546512a54b4e34d3,external,"Wikidata, “Paolo Giordano I Orsini” (Q519364). https://www.wikidata.org/wiki/Q519364. Accessed 2026-09-25.",,,"Wikidata, “Paolo Giordano I Orsini” (Q519364). https://www.wikidata.org/wiki/Q519364. Accessed 2026-09-25.",https://www.wikidata.org/wiki/Q519364
src-547f1391186d2a96,external,"Wikidata, Q5563946, revision 2516437984. https://www.wikidata.org/wiki/Q5563946. Accessed 2026-09-10.",,,"Wikidata, Q5563946, revision 2516437984. https://www.wikidata.org/wiki/Q5563946. Accessed 2026-09-10.",https://www.wikidata.org/wiki/Q5563946
src-5488d2d1a67dd21f,external,"The Warburg Institute, History of the Warburg Institute. https://warburg.sas.ac.uk/about-us/history-warburg-institute. Accessed 2026-09-14.",,,"The Warburg Institute, History of the Warburg Institute. https://warburg.sas.ac.uk/about-us/history-warburg-institute. Accessed 2026-09-14.",https://warburg.sas.ac.uk/about-us/history-warburg-institute
src-54f6d0159c4013fc,external,"Antonella Pampalone, BRANDI, Giacinto, Dizionario Biografico degli Italiani 14 (1972). https://www.treccani.it/enciclopedia/giacinto-brandi_(Dizionario-Biografico)/ Accessed 2026-09-11.",,,"Antonella Pampalone, BRANDI, Giacinto, Dizionario Biografico degli Italiani 14 (1972). https://www.treccani.it/enciclopedia/giacinto-brandi_(Dizionario-Biografico)/ Accessed 2026-09-11.",https://www.treccani.it/enciclopedia/giacinto-brandi_(Dizionario-Biografico)/
src-54fd6ab8a46984ab,external,"Wikidata, Q655705, https://www.wikidata.org/wiki/Q655705. Accessed 2026-09-12.",,,"Wikidata, Q655705, https://www.wikidata.org/wiki/Q655705. Accessed 2026-09-12.",https://www.wikidata.org/wiki/Q655705
src-550b360ddbca666e,external,"Wikipedia (en), Santa Maria sopra Minerva, revision 1354901338. https://en.wikipedia.org/wiki/Santa_Maria_sopra_Minerva. Accessed 2026-09-10.",,,"Wikipedia (en), Santa Maria sopra Minerva, revision 1354901338. https://en.wikipedia.org/wiki/Santa_Maria_sopra_Minerva. Accessed 2026-09-10.",https://en.wikipedia.org/wiki/Santa_Maria_sopra_Minerva
src-5519539f15179324,external,"Wikipedia (de), Johann Adam I. Andreas (Liechtenstein), revision 270219102. https://de.wikipedia.org/wiki/Johann_Adam_I._Andreas_(Liechtenstein) Accessed 2026-09-11.",,,"Wikipedia (de), Johann Adam I. Andreas (Liechtenstein), revision 270219102. https://de.wikipedia.org/wiki/Johann_Adam_I._Andreas_(Liechtenstein) Accessed 2026-09-11.",https://de.wikipedia.org/wiki/Johann_Adam_I._Andreas_(Liechtenstein)
src-555baccdcdabca32,external,"The London Gazette, no. 43965, 1966-06-02, p.5177, “IONIDES, Daphne,” https://www.thegazette.co.uk/London/issue/43965/page/5177/data.pdf. Accessed 2026-09-25.",,,"The London Gazette, no. 43965, 1966-06-02, p.5177, “IONIDES, Daphne,” https://www.thegazette.co.uk/London/issue/43965/page/5177/data.pdf. Accessed 2026-09-25.",https://www.thegazette.co.uk/London/issue/43965/page/5177/data.pdf
src-5589ad52f3c1a13a,external,"Wikipedia (en), Carlo Maratta, revision 1365406547. https://en.wikipedia.org/wiki/Carlo_Maratta. Accessed 2026-09-11.",,,"Wikipedia (en), Carlo Maratta, revision 1365406547. https://en.wikipedia.org/wiki/Carlo_Maratta. Accessed 2026-09-11.",https://en.wikipedia.org/wiki/Carlo_Maratta
src-55b938626d33b8cc,external,"Wikidata, Q3678126. https://www.wikidata.org/wiki/Q3678126. Accessed 2026-09-13.",,,"Wikidata, Q3678126. https://www.wikidata.org/wiki/Q3678126. Accessed 2026-09-13.",https://www.wikidata.org/wiki/Q3678126
src-55cc3115ca8fc449,external,"Getty AAT 300100045, modelli. https://www.getty.edu/vow/AATFullDisplay?find=&logic=AND&note=&subjectid=300100045. Accessed 2026-09-11.",,,"Getty AAT 300100045, modelli. https://www.getty.edu/vow/AATFullDisplay?find=&logic=AND&note=&subjectid=300100045. Accessed 2026-09-11.",https://www.getty.edu/vow/AATFullDisplay?find=&logic=AND&note=&subjectid=300100045
src-55e4830b37d00b34,external,"Wikipedia (en), Leopoldo de' Medici, revision 1358922464. https://en.wikipedia.org/wiki/Leopoldo_de'_Medici. Accessed 2026-09-10.",,,"Wikipedia (en), Leopoldo de' Medici, revision 1358922464. https://en.wikipedia.org/wiki/Leopoldo_de'_Medici. Accessed 2026-09-10.",https://en.wikipedia.org/wiki/Leopoldo_de'_Medici
src-55f96347e0bb5e3c,external,"Treccani, Vocabolario on line, servitu. https://www.treccani.it/vocabolario/servitu/. Read 2026-09-11.",,,"Treccani, Vocabolario on line, servitu. https://www.treccani.it/vocabolario/servitu/. Read 2026-09-11.",https://www.treccani.it/vocabolario/servitu/
src-5604ea579aea1a6a,external,"Wikidata, Q290407, revision 2529930923. https://www.wikidata.org/wiki/Q290407. Accessed 2026-09-11.",,,"Wikidata, Q290407, revision 2529930923. https://www.wikidata.org/wiki/Q290407. Accessed 2026-09-11.",https://www.wikidata.org/wiki/Q290407
src-5622f6ede3dad8af,external,"Wikidata, Q2715177, https://www.wikidata.org/wiki/Q2715177. Accessed 2026-09-12.",,,"Wikidata, Q2715177, https://www.wikidata.org/wiki/Q2715177. Accessed 2026-09-12.",https://www.wikidata.org/wiki/Q2715177
src-568c0120a22da863,external,"NLI, Settecento veneto e altri scritti storici. https://www.nli.org.il/he/books/NNL_ALEPH990031947380205171/NLI. Accessed 2026-09-25.",,,"NLI, Settecento veneto e altri scritti storici. https://www.nli.org.il/he/books/NNL_ALEPH990031947380205171/NLI. Accessed 2026-09-25.",https://www.nli.org.il/he/books/NNL_ALEPH990031947380205171/NLI
src-56bce89cb622dfa1,external,"Silvia Blasio, SALVI, Giovanni Battista, detto il Sassoferrato, Dizionario Biografico degli Italiani 90 (2017). https://www.treccani.it/enciclopedia/salvi-giovanni-battista-detto-il-sassoferrato_(Dizionario-Biografico)/. Accessed 2026-09-14.",,,"Silvia Blasio, SALVI, Giovanni Battista, detto il Sassoferrato, Dizionario Biografico degli Italiani 90 (2017). https://www.treccani.it/enciclopedia/salvi-giovanni-battista-detto-il-sassoferrato_(Dizionario-Biografico)/. Accessed 2026-09-14.",https://www.treccani.it/enciclopedia/salvi-giovanni-battista-detto-il-sassoferrato_(Dizionario-Biografico)/
src-57010d9fc00bdf52,external,"Wikidata, “Flaminio Corner” (Q3746370). https://www.wikidata.org/wiki/Q3746370. Accessed 2026-09-25.",,,"Wikidata, “Flaminio Corner” (Q3746370). https://www.wikidata.org/wiki/Q3746370. Accessed 2026-09-25.",https://www.wikidata.org/wiki/Q3746370
src-5745b08ba5d5be43,external,"Vincenzo Armanni, Delle lettere..., vol. I (Roma: Iacomo Dragondelli, 1663). Biblioteca Nazionale Centrale di Roma / Google scan via Internet Archive. https://archive.org/details/bub_gb_7QeLKwkXauIC. Accessed 2026-09-11.",,,"Vincenzo Armanni, Delle lettere..., vol. I (Roma: Iacomo Dragondelli, 1663). Biblioteca Nazionale Centrale di Roma / Google scan via Internet Archive. https://archive.org/details/bub_gb_7QeLKwkXauIC. Accessed 2026-09-11.",https://archive.org/details/bub_gb_7QeLKwkXauIC
src-574c245a5df7710c,external,"Princeton University Art Museum, Study for the Death of Atilius Regulus, x1948-610. https://artmuseum.princeton.edu/art/collections/objects/8060. Accessed 2026-09-14.",,,"Princeton University Art Museum, Study for the Death of Atilius Regulus, x1948-610. https://artmuseum.princeton.edu/art/collections/objects/8060. Accessed 2026-09-14.",https://artmuseum.princeton.edu/art/collections/objects/8060
src-5767ac71dcaac2c5,external,"Wikipedia (en), Andrea Procaccini, revision 1366087864. https://en.wikipedia.org/wiki/Andrea_Procaccini. Accessed 2026-09-10.",,,"Wikipedia (en), Andrea Procaccini, revision 1366087864. https://en.wikipedia.org/wiki/Andrea_Procaccini. Accessed 2026-09-10.",https://en.wikipedia.org/wiki/Andrea_Procaccini
src-578fdb95c4d86bd3,external,"J. Paul Getty Museum, The J. Paul Getty Museum Journal 19 (1991). https://www.getty.edu/publications/virtuallibrary/0892362081.html. Accessed 2026-09-11.",,,"J. Paul Getty Museum, The J. Paul Getty Museum Journal 19 (1991). https://www.getty.edu/publications/virtuallibrary/0892362081.html. Accessed 2026-09-11.",https://www.getty.edu/publications/virtuallibrary/0892362081.html
src-57beacc98f3d81fe,external,"Wikidata, Q975452, revision 2540073634. https://www.wikidata.org/wiki/Q975452. Accessed 2026-09-11.",,,"Wikidata, Q975452, revision 2540073634. https://www.wikidata.org/wiki/Q975452. Accessed 2026-09-11.",https://www.wikidata.org/wiki/Q975452
src-57bfba0d91516d6a,external,"Giampiero Brunelli, ‘LUDOVISI, Niccolò,’ Dizionario Biografico degli Italiani 66 (2006). https://www.treccani.it/enciclopedia/niccolo-ludovisi_(Dizionario-Biografico)/. Accessed 2026-09-25.",,,"Giampiero Brunelli, ‘LUDOVISI, Niccolò,’ Dizionario Biografico degli Italiani 66 (2006). https://www.treccani.it/enciclopedia/niccolo-ludovisi_(Dizionario-Biografico)/. Accessed 2026-09-25.",https://www.treccani.it/enciclopedia/niccolo-ludovisi_(Dizionario-Biografico)/
src-57c3d9eb71257c49,external,"National Trust Collections, Jerome Bankes (1635/36–1686), NT 1257045. https://www.nationaltrustcollections.org.uk/object/1257045. Accessed 2026-09-14.",,,"National Trust Collections, Jerome Bankes (1635/36–1686), NT 1257045. https://www.nationaltrustcollections.org.uk/object/1257045. Accessed 2026-09-14.",https://www.nationaltrustcollections.org.uk/object/1257045
src-57c42d2fcd725c16,external,"Wikipedia (en), The Fortune Teller (Caravaggio), revision 1368221322. https://en.wikipedia.org/wiki/The_Fortune_Teller_(Caravaggio). Accessed 2026-09-12.",,,"Wikipedia (en), The Fortune Teller (Caravaggio), revision 1368221322. https://en.wikipedia.org/wiki/The_Fortune_Teller_(Caravaggio). Accessed 2026-09-12.",https://en.wikipedia.org/wiki/The_Fortune_Teller_(Caravaggio)
src-57d6a5661eb24333,external,"Giuseppe Scavizzi, CODAZZI, Viviano, Dizionario Biografico degli Italiani 26 (1982). https://www.treccani.it/enciclopedia/viviano-codazzi_(Dizionario-Biografico)/. Accessed 2026-09-13.",,,"Giuseppe Scavizzi, CODAZZI, Viviano, Dizionario Biografico degli Italiani 26 (1982). https://www.treccani.it/enciclopedia/viviano-codazzi_(Dizionario-Biografico)/. Accessed 2026-09-13.",https://www.treccani.it/enciclopedia/viviano-codazzi_(Dizionario-Biografico)/
src-57fe69399ec116f3,external,"Crossref DOI registration metadata, 10.2307/4104347. https://api.crossref.org/works/10.2307/4104347. Accessed 2026-09-15.",,,"Crossref DOI registration metadata, 10.2307/4104347. https://api.crossref.org/works/10.2307/4104347. Accessed 2026-09-15.",https://api.crossref.org/works/10.2307/4104347
src-588fd7a17ffa87d7,external,"Wikipedia (en), Accademia di San Luca, revision 1364875798. https://en.wikipedia.org/wiki/Accademia_di_San_Luca. Accessed 2026-09-11.",,,"Wikipedia (en), Accademia di San Luca, revision 1364875798. https://en.wikipedia.org/wiki/Accademia_di_San_Luca. Accessed 2026-09-11.",https://en.wikipedia.org/wiki/Accademia_di_San_Luca
src-58a4c68a480f28eb,external,"Wikidata, Q13666, https://www.wikidata.org/wiki/Q13666. Accessed 2026-09-25.",,,"Wikidata, Q13666, https://www.wikidata.org/wiki/Q13666. Accessed 2026-09-25.",https://www.wikidata.org/wiki/Q13666
src-58c0f0beb3dc5344,external,"Wikipedia (en), Crucifixion of Saint Peter (Caravaggio), revision 1361249053. https://en.wikipedia.org/wiki/Crucifixion_of_Saint_Peter_(Caravaggio). Accessed 2026-09-12.",,,"Wikipedia (en), Crucifixion of Saint Peter (Caravaggio), revision 1361249053. https://en.wikipedia.org/wiki/Crucifixion_of_Saint_Peter_(Caravaggio). Accessed 2026-09-12.",https://en.wikipedia.org/wiki/Crucifixion_of_Saint_Peter_(Caravaggio)
src-58eb9325061bf508,external,"Wikipedia (it), Primo pittore di corte, revision 129615439. https://it.wikipedia.org/wiki/Primo_pittore_di_corte. Accessed 2026-09-10.",,,"Wikipedia (it), Primo pittore di corte, revision 129615439. https://it.wikipedia.org/wiki/Primo_pittore_di_corte. Accessed 2026-09-10.",https://it.wikipedia.org/wiki/Primo_pittore_di_corte
src-5922645e14d5940e,external,"National Gallery Archive, Letters from Ellis Waterhouse to Basil Gray, NGA16. https://www.nationalgallery.org.uk/research/research-centre/archive/record/NGA16. Accessed 2026-09-14.",,,"National Gallery Archive, Letters from Ellis Waterhouse to Basil Gray, NGA16. https://www.nationalgallery.org.uk/research/research-centre/archive/record/NGA16. Accessed 2026-09-14.",https://www.nationalgallery.org.uk/research/research-centre/archive/record/NGA16
src-592e3f63ce8dfc7c,external,"Wikipedia (en), Dirk Ameyden, revision 1215463112. https://en.wikipedia.org/wiki/Dirk_Ameyden. Accessed 2026-09-10.",,,"Wikipedia (en), Dirk Ameyden, revision 1215463112. https://en.wikipedia.org/wiki/Dirk_Ameyden. Accessed 2026-09-10.",https://en.wikipedia.org/wiki/Dirk_Ameyden
src-59456388f24bdf88,external,"Routledge, “Information Strategy in Practice,” author biography for Elizabeth Orna. https://www.routledge.com/Information-Strategy-in-Practice/Orna/p/book/9781315252261. Accessed 2026-09-25.",,,"Routledge, “Information Strategy in Practice,” author biography for Elizabeth Orna. https://www.routledge.com/Information-Strategy-in-Practice/Orna/p/book/9781315252261. Accessed 2026-09-25.",https://www.routledge.com/Information-Strategy-in-Practice/Orna/p/book/9781315252261
src-594b064df3b10cca,external,"Fondazione Federico Zeri, “Leoni Ottavio, Susanna e i vecchi,” entry 119062 / photo entry 117077. https://catalogo.fondazionezeri.unibo.it/entry/work/119062/Leoni%20Ottavio%2C%20Susanna%20e%20i%20vecchi. Accessed 2026-09-25.",,,"Fondazione Federico Zeri, “Leoni Ottavio, Susanna e i vecchi,” entry 119062 / photo entry 117077. https://catalogo.fondazionezeri.unibo.it/entry/work/119062/Leoni%20Ottavio%2C%20Susanna%20e%20i%20vecchi. Accessed 2026-09-25.",https://catalogo.fondazionezeri.unibo.it/entry/work/119062/Leoni%20Ottavio%2C%20Susanna%20e%20i%20vecchi
src-594bc94e5e622223,external,"Michael Dooley SJ, 6 important questions (and answers) before joining Jesuits, Global Jesuit Vocations. https://vocations.jesuits.global/blog/6-important-questions-and-answers-before-joining-jesuits/. Accessed 2026-09-10.",,,"Michael Dooley SJ, 6 important questions (and answers) before joining Jesuits, Global Jesuit Vocations. https://vocations.jesuits.global/blog/6-important-questions-and-answers-before-joining-jesuits/. Accessed 2026-09-10.",https://vocations.jesuits.global/blog/6-important-questions-and-answers-before-joining-jesuits/
src-59712534e689ffc8,external,"Wikipedia (en), Gubbio, revision 1372832933. https://en.wikipedia.org/wiki/Gubbio Accessed 2026-09-11.",,,"Wikipedia (en), Gubbio, revision 1372832933. https://en.wikipedia.org/wiki/Gubbio Accessed 2026-09-11.",https://en.wikipedia.org/wiki/Gubbio
src-597dee92036285df,external,"Wikipedia (en), Pietro da Cortona, revision 1368378432. https://en.wikipedia.org/wiki/Pietro_da_Cortona. Accessed 2026-09-11.",,,"Wikipedia (en), Pietro da Cortona, revision 1368378432. https://en.wikipedia.org/wiki/Pietro_da_Cortona. Accessed 2026-09-11.",https://en.wikipedia.org/wiki/Pietro_da_Cortona
src-5995186a2b2c3843,external,"Wikidata, Q1398, revision 2540879309. https://www.wikidata.org/wiki/Q1398. Accessed 2026-09-10.",,,"Wikidata, Q1398, revision 2540879309. https://www.wikidata.org/wiki/Q1398. Accessed 2026-09-10.",https://www.wikidata.org/wiki/Q1398
src-59aa9f6e90b3e4da,external,"Wikipedia (en), Giovanni Ludovico Bianconi, revision 1342641608. https://en.wikipedia.org/wiki/Giovanni_Ludovico_Bianconi Accessed 2026-09-11.",,,"Wikipedia (en), Giovanni Ludovico Bianconi, revision 1342641608. https://en.wikipedia.org/wiki/Giovanni_Ludovico_Bianconi Accessed 2026-09-11.",https://en.wikipedia.org/wiki/Giovanni_Ludovico_Bianconi
src-59c8cecd48089f1b,external,"Wikidata, Vincenzo Gonzaga (Q452580). https://www.wikidata.org/wiki/Q452580. Accessed 2026-09-25.",,,"Wikidata, Vincenzo Gonzaga (Q452580). https://www.wikidata.org/wiki/Q452580. Accessed 2026-09-25.",https://www.wikidata.org/wiki/Q452580
src-59fc83b29dc3a63d,external,"Wikipedia, Vincenzo I Gonzaga. https://en.wikipedia.org/wiki/Vincenzo_I_Gonzaga. Accessed 2026-09-25.",,,"Wikipedia, Vincenzo I Gonzaga. https://en.wikipedia.org/wiki/Vincenzo_I_Gonzaga. Accessed 2026-09-25.",https://en.wikipedia.org/wiki/Vincenzo_I_Gonzaga
src-5a2a8195393b3ab8,external,"Wikidata, Q190963, https://www.wikidata.org/wiki/Q190963. Accessed 2026-09-25.",,,"Wikidata, Q190963, https://www.wikidata.org/wiki/Q190963. Accessed 2026-09-25.",https://www.wikidata.org/wiki/Q190963
src-5a5f9367dd38b76b,external,"Basilica di Sant'Ubaldo, pieghevole-guida, June 2022. https://www.eugubininelmondo.com/public/Bollettino_S.Ubaldo_giu_2022.pdf Accessed 2026-09-25.",,,"Basilica di Sant'Ubaldo, pieghevole-guida, June 2022. https://www.eugubininelmondo.com/public/Bollettino_S.Ubaldo_giu_2022.pdf Accessed 2026-09-25.",https://www.eugubininelmondo.com/public/Bollettino_S.Ubaldo_giu_2022.pdf
src-5adc9e99ead98fff,external,"Wikipedia (it), Paolo Negri, revision 145016932. https://it.wikipedia.org/wiki/Paolo_Negri Accessed 2026-09-11.",,,"Wikipedia (it), Paolo Negri, revision 145016932. https://it.wikipedia.org/wiki/Paolo_Negri Accessed 2026-09-11.",https://it.wikipedia.org/wiki/Paolo_Negri
src-5aea6c1ef194ea60,external,"Wikipedia, “Maffeo Pinelli.” https://fr.wikipedia.org/wiki/Maffeo_Pinelli. Accessed 2026-09-25.",,,"Wikipedia, “Maffeo Pinelli.” https://fr.wikipedia.org/wiki/Maffeo_Pinelli. Accessed 2026-09-25.",https://fr.wikipedia.org/wiki/Maffeo_Pinelli
src-5b18213a4dfa9153,external,"National Gallery, https://www.nationalgallery.org.uk/artists/titian. Accessed 2026-09-11.",,,"National Gallery, https://www.nationalgallery.org.uk/artists/titian. Accessed 2026-09-11.",https://www.nationalgallery.org.uk/artists/titian
src-5b2813aa2ff1ba76,external,"Wikipedia (en), Perugia, revision 1373033931. https://en.wikipedia.org/wiki/Perugia. Accessed 2026-09-10.",,,"Wikipedia (en), Perugia, revision 1373033931. https://en.wikipedia.org/wiki/Perugia. Accessed 2026-09-10.",https://en.wikipedia.org/wiki/Perugia
src-5b4be09b0da49e3e,external,"Wikidata, Q2273517, https://www.wikidata.org/wiki/Q2273517. Accessed 2026-09-12.",,,"Wikidata, Q2273517, https://www.wikidata.org/wiki/Q2273517. Accessed 2026-09-12.",https://www.wikidata.org/wiki/Q2273517
src-5b59169f2f85413d,external,"Wikidata, Q54647365, revision 2266688384. https://www.wikidata.org/wiki/Q54647365. Accessed 2026-09-10.",,,"Wikidata, Q54647365, revision 2266688384. https://www.wikidata.org/wiki/Q54647365. Accessed 2026-09-10.",https://www.wikidata.org/wiki/Q54647365
src-5b65fa4e919f2047,external,"University of Pittsburgh, Department of English, 1787–1819 Overview. https://www.english.pitt.edu/history-department/1787/1787-1819-overview. Accessed 2026-09-15.",,,"University of Pittsburgh, Department of English, 1787–1819 Overview. https://www.english.pitt.edu/history-department/1787/1787-1819-overview. Accessed 2026-09-15.",https://www.english.pitt.edu/history-department/1787/1787-1819-overview
src-5b71176a9692c994,external,"Wikipedia (en), Charles V, Holy Roman Emperor, revision 1373523657. https://en.wikipedia.org/wiki/Charles_V,_Holy_Roman_Emperor Accessed 2026-09-11.",,,"Wikipedia (en), Charles V, Holy Roman Emperor, revision 1373523657. https://en.wikipedia.org/wiki/Charles_V,_Holy_Roman_Emperor Accessed 2026-09-11.","https://en.wikipedia.org/wiki/Charles_V,_Holy_Roman_Emperor"
src-5b7ce0648b9dd66a,external,"Fulvio Lenzo, ‘Il campanile di San Gregorio e Paolo Filocamo,’ Lexicon: Storie e architetture in Sicilia 1 (2005): 31–40. https://dialnet.unirioja.es/descarga/articulo/3669368.pdf. Accessed 2026-09-25.",,,"Fulvio Lenzo, ‘Il campanile di San Gregorio e Paolo Filocamo,’ Lexicon: Storie e architetture in Sicilia 1 (2005): 31–40. https://dialnet.unirioja.es/descarga/articulo/3669368.pdf. Accessed 2026-09-25.",https://dialnet.unirioja.es/descarga/articulo/3669368.pdf
src-5b9964f3d819e133,external,"Wikipedia (en), Palazzo Barberini, revision 1372601957. https://en.wikipedia.org/wiki/Palazzo_Barberini. Accessed 2026-09-10.",,,"Wikipedia (en), Palazzo Barberini, revision 1372601957. https://en.wikipedia.org/wiki/Palazzo_Barberini. Accessed 2026-09-10.",https://en.wikipedia.org/wiki/Palazzo_Barberini
src-5bff7fee7e94d941,external,"Wikidata, Q7824, revision 2541487806. https://www.wikidata.org/wiki/Q7824. Accessed 2026-09-10.",,,"Wikidata, Q7824, revision 2541487806. https://www.wikidata.org/wiki/Q7824. Accessed 2026-09-10.",https://www.wikidata.org/wiki/Q7824
src-5c1277026a1ac523,external,"Paolo Broggio and Sabina Brevaglieri, ‘LUDOVISI, Ludovico,’ Dizionario Biografico degli Italiani 66 (2006). https://www.treccani.it/enciclopedia/ludovico-ludovisi_(Dizionario-Biografico)/. Accessed 2026-09-25.",,,"Paolo Broggio and Sabina Brevaglieri, ‘LUDOVISI, Ludovico,’ Dizionario Biografico degli Italiani 66 (2006). https://www.treccani.it/enciclopedia/ludovico-ludovisi_(Dizionario-Biografico)/. Accessed 2026-09-25.",https://www.treccani.it/enciclopedia/ludovico-ludovisi_(Dizionario-Biografico)/
src-5c3ed9bb3c020370,external,"The National Gallery, Orazio Gentileschi (1563–1639). https://www.nationalgallery.org.uk/artists/orazio-gentileschi. Accessed 2026-09-15.",,,"The National Gallery, Orazio Gentileschi (1563–1639). https://www.nationalgallery.org.uk/artists/orazio-gentileschi. Accessed 2026-09-15.",https://www.nationalgallery.org.uk/artists/orazio-gentileschi
src-5cfbda3b061687ce,external,Collection or site authority record. https://www.museothyssen.org/en/collection/artists/caravaggio/saint-catherine-alexandria. Accessed 2026-09-12.,,,Collection or site authority record. https://www.museothyssen.org/en/collection/artists/caravaggio/saint-catherine-alexandria. Accessed 2026-09-12.,https://www.museothyssen.org/en/collection/artists/caravaggio/saint-catherine-alexandria
src-5d09b3c8c446bddc,external,"Wikipedia (en), Galleria Borghese. https://en.wikipedia.org/wiki/Galleria_Borghese. Accessed 2026-09-13.",,,"Wikipedia (en), Galleria Borghese. https://en.wikipedia.org/wiki/Galleria_Borghese. Accessed 2026-09-13.",https://en.wikipedia.org/wiki/Galleria_Borghese
src-5d8c8c92662ec499,external,"Musée Cognacq-Jay, History of the museum. https://www.museecognacqjay.paris.fr/en/museum/history-museum. Accessed 2026-09-15.",,,"Musée Cognacq-Jay, History of the museum. https://www.museecognacqjay.paris.fr/en/museum/history-museum. Accessed 2026-09-15.",https://www.museecognacqjay.paris.fr/en/museum/history-museum
src-5d97f62005d23738,external,"The de Laszlo Archive Trust, catalogue 2671, Peter John Ambrose Calvocoressi, KF 2016. https://docs.google.com/document/d/1XD-r_i6baE533sA46h4Q4w6vhpGSCMgX0-E6-iL_-Do/pub?embedded=true. Accessed 2026-09-15.",,,"The de Laszlo Archive Trust, catalogue 2671, Peter John Ambrose Calvocoressi, KF 2016. https://docs.google.com/document/d/1XD-r_i6baE533sA46h4Q4w6vhpGSCMgX0-E6-iL_-Do/pub?embedded=true. Accessed 2026-09-15.",https://docs.google.com/document/d/1XD-r_i6baE533sA46h4Q4w6vhpGSCMgX0-E6-iL_-Do/pub?embedded=true
src-5db28f9d68d41c3d,external,"Wikidata Q213322, revision 2540082685. https://www.wikidata.org/wiki/Q213322. Accessed 2026-09-11.",,,"Wikidata Q213322, revision 2540082685. https://www.wikidata.org/wiki/Q213322. Accessed 2026-09-11.",https://www.wikidata.org/wiki/Q213322
src-5dba6891630f17ac,external,"Oskar Pollak, Die Kunsttätigkeit unter Urban VIII, vol. II, Die Peterskirche in Rom (Vienna, 1931), p. 26.",,,"Oskar Pollak, Die Kunsttätigkeit unter Urban VIII, vol. II, Die Peterskirche in Rom (Vienna, 1931), p. 26.",
src-5dc25e63b6ecb132,external,"Wikipedia (en), Order of Friars Minor Capuchin, revision 1371309706. https://en.wikipedia.org/wiki/Order_of_Friars_Minor_Capuchin. Accessed 2026-09-10.",,,"Wikipedia (en), Order of Friars Minor Capuchin, revision 1371309706. https://en.wikipedia.org/wiki/Order_of_Friars_Minor_Capuchin. Accessed 2026-09-10.",https://en.wikipedia.org/wiki/Order_of_Friars_Minor_Capuchin
src-5e064b9ff589d8f8,external,"Wikidata, Q495008, revision 2531183364. https://www.wikidata.org/wiki/Q495008. Accessed 2026-09-10.",,,"Wikidata, Q495008, revision 2531183364. https://www.wikidata.org/wiki/Q495008. Accessed 2026-09-10.",https://www.wikidata.org/wiki/Q495008
src-5e6c7b4382534c17,external,"Wikidata, Q88949215, revision 2490982581. https://www.wikidata.org/wiki/Q88949215. Accessed 2026-09-11.",,,"Wikidata, Q88949215, revision 2490982581. https://www.wikidata.org/wiki/Q88949215. Accessed 2026-09-11.",https://www.wikidata.org/wiki/Q88949215
src-5e6ed878e26f1c4a,external,"Serenella Rolfi Ožvald, PASCOLI, Lione, Dizionario Biografico degli Italiani 81 (2014). https://www.treccani.it/enciclopedia/lione-pascoli_(Dizionario-Biografico)/. Accessed 2026-09-11.",,,"Serenella Rolfi Ožvald, PASCOLI, Lione, Dizionario Biografico degli Italiani 81 (2014). https://www.treccani.it/enciclopedia/lione-pascoli_(Dizionario-Biografico)/. Accessed 2026-09-11.",https://www.treccani.it/enciclopedia/lione-pascoli_(Dizionario-Biografico)/
src-5f5ac616e61c8d87,external,"Getty ULAN 500115312, Caravaggio, Michelangelo Merisi da. https://www.getty.edu/vow/ULANFullDisplay?find=&nation=&page=1&role=&subjectid=500115312. Accessed 2026-09-11.",,,"Getty ULAN 500115312, Caravaggio, Michelangelo Merisi da. https://www.getty.edu/vow/ULANFullDisplay?find=&nation=&page=1&role=&subjectid=500115312. Accessed 2026-09-11.",https://www.getty.edu/vow/ULANFullDisplay?find=&nation=&page=1&role=&subjectid=500115312
src-5fc74ddb6e3d24f1,external,"Ministère de la Culture, Joconde 00000077253, LE MASSACRE DES INNOCENTS, PE305. https://pop.culture.gouv.fr/notice/joconde/00000077253. Updated 2023-12-01; accessed 2026-09-11.",,,"Ministère de la Culture, Joconde 00000077253, LE MASSACRE DES INNOCENTS, PE305. https://pop.culture.gouv.fr/notice/joconde/00000077253. Updated 2023-12-01; accessed 2026-09-11.",https://pop.culture.gouv.fr/notice/joconde/00000077253
src-5fee696ba0dda91b,external,"Cathédrale Sainte-Réparate de Nice, French Wikipedia. https://fr.wikipedia.org/wiki/Cath%C3%A9drale_Sainte-R%C3%A9parate_de_Nice. Accessed 2026-09-25.",,,"Cathédrale Sainte-Réparate de Nice, French Wikipedia. https://fr.wikipedia.org/wiki/Cath%C3%A9drale_Sainte-R%C3%A9parate_de_Nice. Accessed 2026-09-25.",https://fr.wikipedia.org/wiki/Cath%C3%A9drale_Sainte-R%C3%A9parate_de_Nice
src-5ff00f68ceafbad4,external,"Wikipedia (en), Barberini family, revision 1373803652. https://en.wikipedia.org/wiki/Barberini_family. Accessed 2026-09-11.",,,"Wikipedia (en), Barberini family, revision 1373803652. https://en.wikipedia.org/wiki/Barberini_family. Accessed 2026-09-11.",https://en.wikipedia.org/wiki/Barberini_family
src-605126979bb8c487,external,"Wikidata, Q913241, revision 2505227447. https://www.wikidata.org/wiki/Q913241. Accessed 2026-09-10.",,,"Wikidata, Q913241, revision 2505227447. https://www.wikidata.org/wiki/Q913241. Accessed 2026-09-10.",https://www.wikidata.org/wiki/Q913241
src-60f2155a5e0340ea,external,"Luigi Grassi, “Pietro da Cortona e i ‘bozzetti’ per la Galleria di Palazzo Doria Pamphili,” Bollettino d’Arte 42, no. 1 (1957): 28–43. https://bollettinodarte.cultura.gov.it/wp-content/uploads/Importer/1482234949180_07_-_Grassi_28.pdf. Accessed 2026-09-11.",,,"Luigi Grassi, “Pietro da Cortona e i ‘bozzetti’ per la Galleria di Palazzo Doria Pamphili,” Bollettino d’Arte 42, no. 1 (1957): 28–43. https://bollettinodarte.cultura.gov.it/wp-content/uploads/Importer/1482234949180_07_-_Grassi_28.pdf. Accessed 2026-09-11.",https://bollettinodarte.cultura.gov.it/wp-content/uploads/Importer/1482234949180_07_-_Grassi_28.pdf
src-6124c6c34a4ab8a6,external,"Wikidata Q219660, revision 2538804210. https://www.wikidata.org/wiki/Q219660. Accessed 2026-09-11.",,,"Wikidata Q219660, revision 2538804210. https://www.wikidata.org/wiki/Q219660. Accessed 2026-09-11.",https://www.wikidata.org/wiki/Q219660
src-616879e189949a68,external,"Simonetta Prosperi Valentini Rodinò, «COURTOIS, Guillaume», Dizionario Biografico degli Italiani 30 (1984). https://www.treccani.it/enciclopedia/guillaume-courtois_(Dizionario-Biografico)/. Accessed 2026-09-11.",,,"Simonetta Prosperi Valentini Rodinò, «COURTOIS, Guillaume», Dizionario Biografico degli Italiani 30 (1984). https://www.treccani.it/enciclopedia/guillaume-courtois_(Dizionario-Biografico)/. Accessed 2026-09-11.",https://www.treccani.it/enciclopedia/guillaume-courtois_(Dizionario-Biografico)/
src-61803fc76c261118,external,"Wikidata, “Giovanni Pesaro” (Q645781). https://www.wikidata.org/wiki/Q645781. Accessed 2026-09-25.",,,"Wikidata, “Giovanni Pesaro” (Q645781). https://www.wikidata.org/wiki/Q645781. Accessed 2026-09-25.",https://www.wikidata.org/wiki/Q645781
src-618b62f6ac22d6a8,external,"Wikipedia (it), Giovanni Angelo d’Altemps, II duca di Gallese. https://it.wikipedia.org/wiki/Giovanni_Angelo_d%27Altemps,_II_duca_di_Gallese. Accessed 2026-09-25.",,,"Wikipedia (it), Giovanni Angelo d’Altemps, II duca di Gallese. https://it.wikipedia.org/wiki/Giovanni_Angelo_d%27Altemps,_II_duca_di_Gallese. Accessed 2026-09-25.","https://it.wikipedia.org/wiki/Giovanni_Angelo_d%27Altemps,_II_duca_di_Gallese"
src-61a86704124c24bd,external,"Wikipedia (en), Simone Peterzano. https://en.wikipedia.org/wiki/Simone_Peterzano. Accessed 2026-09-13.",,,"Wikipedia (en), Simone Peterzano. https://en.wikipedia.org/wiki/Simone_Peterzano. Accessed 2026-09-13.",https://en.wikipedia.org/wiki/Simone_Peterzano
src-6221f138a03845f5,external,"Pamela Tavernari, La famiglia Fontana-della Fontana: da Ferrara a Modena, mille anni di storia emiliana (Elis Colombini editore, 2017), section 2.3, pp. 66–67.",,,"Pamela Tavernari, La famiglia Fontana-della Fontana: da Ferrara a Modena, mille anni di storia emiliana (Elis Colombini editore, 2017), section 2.3, pp. 66–67.",https://iris.unimore.it/retrieve/e31e124d-08e1-987f-e053-3705fe0a095a/FONTANA%20famiglia%20.pdf
src-6263b0dc21a04728,external,"Wikipedia (en), Ciriaco Mattei. https://en.wikipedia.org/wiki/Ciriaco_Mattei. Accessed 2026-09-13.",,,"Wikipedia (en), Ciriaco Mattei. https://en.wikipedia.org/wiki/Ciriaco_Mattei. Accessed 2026-09-13.",https://en.wikipedia.org/wiki/Ciriaco_Mattei
src-62788c8494d29e3c,external,"Vincenzo Ruffo, ‘Galleria Ruffo nel secolo XVII in Messina,’ Bollettino d’Arte 10, fasc. 5–6 (1916), pp. 165–192, printed p. 169. Internet Archive scan and OCR: https://archive.org/stream/bollettinodarte10italuoft/bollettinodarte10italuoft_djvu.txt. Accessed 2026-09-25.",,,"Vincenzo Ruffo, ‘Galleria Ruffo nel secolo XVII in Messina,’ Bollettino d’Arte 10, fasc. 5–6 (1916), pp. 165–192, printed p. 169. Internet Archive scan and OCR: https://archive.org/stream/bollettinodarte10italuoft/bollettinodarte10italuoft_djvu.txt. Accessed 2026-09-25.",https://archive.org/stream/bollettinodarte10italuoft/bollettinodarte10italuoft_djvu.txt
src-62842eea5571066b,external,"Wikidata, Q160112. https://www.wikidata.org/wiki/Q160112. Accessed 2026-09-13.",,,"Wikidata, Q160112. https://www.wikidata.org/wiki/Q160112. Accessed 2026-09-13.",https://www.wikidata.org/wiki/Q160112
src-62b8f42b89265c6e,external,Collection or site authority record. https://id.smb.museum/object/862322. Accessed 2026-09-12.,,,Collection or site authority record. https://id.smb.museum/object/862322. Accessed 2026-09-12.,https://id.smb.museum/object/862322
src-633cc871027e32ea,external,Collection or site authority record. https://www.rct.uk/collection/402612/boy-peeling-fruit. Accessed 2026-09-12.,,,Collection or site authority record. https://www.rct.uk/collection/402612/boy-peeling-fruit. Accessed 2026-09-12.,https://www.rct.uk/collection/402612/boy-peeling-fruit
src-634c16f565e32123,external,"Art Institute of Chicago, Pastoral Scene, artwork 23333, reference 1937.68. https://api.artic.edu/api/v1/artworks/23333. Accessed 2026-09-14.",,,"Art Institute of Chicago, Pastoral Scene, artwork 23333, reference 1937.68. https://api.artic.edu/api/v1/artworks/23333. Accessed 2026-09-14.",https://api.artic.edu/api/v1/artworks/23333
src-635f0ae2fd6f53e0,external,"Wikidata, Q16534183, https://www.wikidata.org/wiki/Q16534183. Accessed 2026-09-12.",,,"Wikidata, Q16534183, https://www.wikidata.org/wiki/Q16534183. Accessed 2026-09-12.",https://www.wikidata.org/wiki/Q16534183
src-63847fef4c000fd2,external,"Wikidata Q742333, revision 2504720274. https://www.wikidata.org/wiki/Q742333. Accessed 2026-09-11.",,,"Wikidata Q742333, revision 2504720274. https://www.wikidata.org/wiki/Q742333. Accessed 2026-09-11.",https://www.wikidata.org/wiki/Q742333
src-63a2303a7fc27efb,external,"Wikidata, Q749212, revision 2531064076. https://www.wikidata.org/wiki/Q749212. Accessed 2026-09-10.",,,"Wikidata, Q749212, revision 2531064076. https://www.wikidata.org/wiki/Q749212. Accessed 2026-09-10.",https://www.wikidata.org/wiki/Q749212
src-63d14629ad61ecd6,external,"Musée du Louvre, Les Pâtres : femme trayant une chèvre et joueur de flûte, INV 1418 / MR 800. https://collections.louvre.fr/en/ark:/53355/cl010059275 Accessed 2026-09-11.",,,"Musée du Louvre, Les Pâtres : femme trayant une chèvre et joueur de flûte, INV 1418 / MR 800. https://collections.louvre.fr/en/ark:/53355/cl010059275 Accessed 2026-09-11.",https://collections.louvre.fr/en/ark:/53355/cl010059275
src-63d4f690ddf9fa16,external,"Catalogo generale dei Beni Culturali, ritratto di gentiluomo in pelliccia, 0900378126. https://catalogo.beniculturali.it/detail/HistoricOrArtisticProperty/0900378126. Accessed 2026-09-15.",,,"Catalogo generale dei Beni Culturali, ritratto di gentiluomo in pelliccia, 0900378126. https://catalogo.beniculturali.it/detail/HistoricOrArtisticProperty/0900378126. Accessed 2026-09-15.",https://catalogo.beniculturali.it/detail/HistoricOrArtisticProperty/0900378126
src-6417e2f25fdd2e82,external,"Wikipedia (en), Pope Innocent X, revision 1369530621. https://en.wikipedia.org/wiki/Pope_Innocent_X Accessed 2026-09-11.",,,"Wikipedia (en), Pope Innocent X, revision 1369530621. https://en.wikipedia.org/wiki/Pope_Innocent_X Accessed 2026-09-11.",https://en.wikipedia.org/wiki/Pope_Innocent_X
src-64214fba6336a068,external,"Wikidata, Q385387, revision 2539223932. https://www.wikidata.org/wiki/Q385387. Accessed 2026-09-11.",,,"Wikidata, Q385387, revision 2539223932. https://www.wikidata.org/wiki/Q385387. Accessed 2026-09-11.",https://www.wikidata.org/wiki/Q385387
src-642425208a45284f,external,"Wikipedia (en), St. Peter's Basilica, revision 1371508958. https://en.wikipedia.org/wiki/St._Peter's_Basilica. Accessed 2026-09-10.",,,"Wikipedia (en), St. Peter's Basilica, revision 1371508958. https://en.wikipedia.org/wiki/St._Peter's_Basilica. Accessed 2026-09-10.",https://en.wikipedia.org/wiki/St._Peter's_Basilica
src-6437feadf8760f19,external,"Benedetta Borello, PAMPHILI, Camillo, Dizionario Biografico degli Italiani, 80 (2014), Treccani. https://www.treccani.it/enciclopedia/camillo-pamphili_(Dizionario-Biografico)/. Accessed 2026-09-10.",,,"Benedetta Borello, PAMPHILI, Camillo, Dizionario Biografico degli Italiani, 80 (2014), Treccani. https://www.treccani.it/enciclopedia/camillo-pamphili_(Dizionario-Biografico)/. Accessed 2026-09-10.",https://www.treccani.it/enciclopedia/camillo-pamphili_(Dizionario-Biografico)/
src-64813413d8fd4d71,external,"Nora Clerici Bagozzi, ""GENNARI,"" Dizionario Biografico degli Italiani 53 (2000). https://www.treccani.it/enciclopedia/gennari_(Dizionario-Biografico)/ Accessed 2026-09-10.",,,"Nora Clerici Bagozzi, ""GENNARI,"" Dizionario Biografico degli Italiani 53 (2000). https://www.treccani.it/enciclopedia/gennari_(Dizionario-Biografico)/ Accessed 2026-09-10.",https://www.treccani.it/enciclopedia/gennari_(Dizionario-Biografico)/
src-6487d9c7b845ed06,external,"Wikidata, Q214074, revision 2539087728. https://www.wikidata.org/wiki/Q214074. Accessed 2026-09-11.",,,"Wikidata, Q214074, revision 2539087728. https://www.wikidata.org/wiki/Q214074. Accessed 2026-09-11.",https://www.wikidata.org/wiki/Q214074
src-648e07735be0109d,external,"Wikidata, Q3894144, revision 2522193952. https://www.wikidata.org/wiki/Q3894144. Accessed 2026-09-10.",,,"Wikidata, Q3894144, revision 2522193952. https://www.wikidata.org/wiki/Q3894144. Accessed 2026-09-10.",https://www.wikidata.org/wiki/Q3894144
src-648e748d0a130b69,external,"Laura Falaschi, 'FERRI, Ciro,' Dizionario Biografico degli Italiani 47 (1997). https://www.treccani.it/enciclopedia/ciro-ferri_(Dizionario-Biografico)/ Accessed 2026-09-11.",,,"Laura Falaschi, 'FERRI, Ciro,' Dizionario Biografico degli Italiani 47 (1997). https://www.treccani.it/enciclopedia/ciro-ferri_(Dizionario-Biografico)/ Accessed 2026-09-11.",https://www.treccani.it/enciclopedia/ciro-ferri_(Dizionario-Biografico)/
src-6496d24feffef83f,external,"Stanislao Fraschetti, Il Bernini: la sua vita, la sua opera, il suo tempo (Milano: Ulrico Hoepli, 1900), ch. 12, p. 108, n. 1. https://resources.warburg.sas.ac.uk/pdf/cnd2275b2242323.pdf. Accessed 2026-09-09.",,,"Stanislao Fraschetti, Il Bernini: la sua vita, la sua opera, il suo tempo (Milano: Ulrico Hoepli, 1900), ch. 12, p. 108, n. 1. https://resources.warburg.sas.ac.uk/pdf/cnd2275b2242323.pdf. Accessed 2026-09-09.",https://resources.warburg.sas.ac.uk/pdf/cnd2275b2242323.pdf
src-64beaf0dfd82415e,external,"Wikipedia (en), P. & D. Colnaghi & Co., revision 1362648719. https://en.wikipedia.org/wiki/P._%26_D._Colnaghi_%26_Co.. Accessed 2026-09-11.",,,"Wikipedia (en), P. & D. Colnaghi & Co., revision 1362648719. https://en.wikipedia.org/wiki/P._%26_D._Colnaghi_%26_Co.. Accessed 2026-09-11.",https://en.wikipedia.org/wiki/P._%26_D._Colnaghi_%26_Co
src-64cace9faab83461,external,"Wikipedia (en), Giovanni Battista Gaulli, revision 1365387071. https://en.wikipedia.org/wiki/Giovanni_Battista_Gaulli. Accessed 2026-09-10.",,,"Wikipedia (en), Giovanni Battista Gaulli, revision 1365387071. https://en.wikipedia.org/wiki/Giovanni_Battista_Gaulli. Accessed 2026-09-10.",https://en.wikipedia.org/wiki/Giovanni_Battista_Gaulli
src-6532453f32e6927d,external,"Wikidata, Q1021897, revision 2536162206. https://www.wikidata.org/wiki/Q1021897. Accessed 2026-09-11.",,,"Wikidata, Q1021897, revision 2536162206. https://www.wikidata.org/wiki/Q1021897. Accessed 2026-09-11.",https://www.wikidata.org/wiki/Q1021897
src-65d6fa1f0d7a2095,external,"Biblioteca Casanatense, Storia. https://casanatense.cultura.gov.it/storia/. Accessed 2026-09-10.",,,"Biblioteca Casanatense, Storia. https://casanatense.cultura.gov.it/storia/. Accessed 2026-09-10.",https://casanatense.cultura.gov.it/storia/
src-6629a59f168227a1,external,"Alessia Giachery, “Pinelli,” Dizionario Biografico degli Italiani 83 (2015). https://www.treccani.it/enciclopedia/pinelli_(Dizionario-Biografico)/. Accessed 2026-09-25.",,,"Alessia Giachery, “Pinelli,” Dizionario Biografico degli Italiani 83 (2015). https://www.treccani.it/enciclopedia/pinelli_(Dizionario-Biografico)/. Accessed 2026-09-25.",https://www.treccani.it/enciclopedia/pinelli_(Dizionario-Biografico)/
src-6657133b2348d129,external,"Wikidata, Q212657, revision 2541030402. https://www.wikidata.org/wiki/Q212657. Accessed 2026-09-11.",,,"Wikidata, Q212657, revision 2541030402. https://www.wikidata.org/wiki/Q212657. Accessed 2026-09-11.",https://www.wikidata.org/wiki/Q212657
src-665a72f9f34d706d,external,"Wikidata Q787605, revision 2387862877. https://www.wikidata.org/wiki/Q787605. Accessed 2026-09-11.",,,"Wikidata Q787605, revision 2387862877. https://www.wikidata.org/wiki/Q787605. Accessed 2026-09-11.",https://www.wikidata.org/wiki/Q787605
src-66832422578152de,external,"Académie française, Pierre Rosenberg, no.688. https://www.academie-francaise.fr/les-immortels/pierre-rosenberg. Accessed 2026-09-15.",,,"Académie française, Pierre Rosenberg, no.688. https://www.academie-francaise.fr/les-immortels/pierre-rosenberg. Accessed 2026-09-15.",https://www.academie-francaise.fr/les-immortels/pierre-rosenberg
src-66bc5384533f7e41,external,"Wikipedia (en), Aldobrandini family, revision 1351777745. https://en.wikipedia.org/wiki/Aldobrandini_family. Accessed 2026-09-10.",,,"Wikipedia (en), Aldobrandini family, revision 1351777745. https://en.wikipedia.org/wiki/Aldobrandini_family. Accessed 2026-09-10.",https://en.wikipedia.org/wiki/Aldobrandini_family
src-66c47dcd9eefc8da,external,"Denis Ton, PIAZZETTA, Giovanni Battista, Dizionario Biografico degli Italiani, vol. 83 (2015). https://www.treccani.it/enciclopedia/giovanni-battista-piazzetta_(Dizionario-Biografico)/. Accessed 2026-09-14.",,,"Denis Ton, PIAZZETTA, Giovanni Battista, Dizionario Biografico degli Italiani, vol. 83 (2015). https://www.treccani.it/enciclopedia/giovanni-battista-piazzetta_(Dizionario-Biografico)/. Accessed 2026-09-14.",https://www.treccani.it/enciclopedia/giovanni-battista-piazzetta_(Dizionario-Biografico)/
src-66c6f2651968e23a,external,"Wikipedia (en), The Raising of Lazarus (Caravaggio), revision 1374407664. https://en.wikipedia.org/wiki/The_Raising_of_Lazarus_(Caravaggio). Accessed 2026-09-12.",,,"Wikipedia (en), The Raising of Lazarus (Caravaggio), revision 1374407664. https://en.wikipedia.org/wiki/The_Raising_of_Lazarus_(Caravaggio). Accessed 2026-09-12.",https://en.wikipedia.org/wiki/The_Raising_of_Lazarus_(Caravaggio)
src-66d08838ccb21d1b,external,"Treccani, Ameyden, Dirk van, Enciclopedia on line. https://www.treccani.it/enciclopedia/dirk-van-ameyden/. Accessed 2026-09-10.",,,"Treccani, Ameyden, Dirk van, Enciclopedia on line. https://www.treccani.it/enciclopedia/dirk-van-ameyden/. Accessed 2026-09-10.",https://www.treccani.it/enciclopedia/dirk-van-ameyden/
src-670ebfef7ef40deb,external,"Wikidata, Q1398, revision 2540879309. https://www.wikidata.org/wiki/Q1398. Accessed 2026-09-11.",,,"Wikidata, Q1398, revision 2540879309. https://www.wikidata.org/wiki/Q1398. Accessed 2026-09-11.",https://www.wikidata.org/wiki/Q1398
src-6772520d1875175a,external,"Wikipedia (it), Famiglia, revision 152185769. https://it.wikipedia.org/wiki/Famiglia. Accessed 2026-09-10.",,,"Wikipedia (it), Famiglia, revision 152185769. https://it.wikipedia.org/wiki/Famiglia. Accessed 2026-09-10.",https://it.wikipedia.org/wiki/Famiglia
src-6783b9c6914c6968,external,"Wikipedia (en), Madonna di Loreto (Caravaggio), revision 1367122647. https://en.wikipedia.org/wiki/Madonna_di_Loreto_(Caravaggio). Accessed 2026-09-12.",,,"Wikipedia (en), Madonna di Loreto (Caravaggio), revision 1367122647. https://en.wikipedia.org/wiki/Madonna_di_Loreto_(Caravaggio). Accessed 2026-09-12.",https://en.wikipedia.org/wiki/Madonna_di_Loreto_(Caravaggio)
src-67848e9c616a6ce8,external,"Wikidata, Q290407, revision 2529930923. https://www.wikidata.org/wiki/Q290407. Accessed 2026-09-10.",,,"Wikidata, Q290407, revision 2529930923. https://www.wikidata.org/wiki/Q290407. Accessed 2026-09-10.",https://www.wikidata.org/wiki/Q290407
src-681e4fef3f72ed56,external,"Wikidata, Q132692, revision 2522319902. https://www.wikidata.org/wiki/Q132692. Accessed 2026-09-10.",,,"Wikidata, Q132692, revision 2522319902. https://www.wikidata.org/wiki/Q132692. Accessed 2026-09-10.",https://www.wikidata.org/wiki/Q132692
src-6856c618480b834d,external,"Wikidata, Cathédrale Sainte-Réparate de Nice (Q1084011). https://www.wikidata.org/wiki/Q1084011. Accessed 2026-09-25.",,,"Wikidata, Cathédrale Sainte-Réparate de Nice (Q1084011). https://www.wikidata.org/wiki/Q1084011. Accessed 2026-09-25.",https://www.wikidata.org/wiki/Q1084011
src-686b416aa7663314,external,Collection or site authority record. https://www.ambrosiana.it/en/opere/basket-of-fruit/. Accessed 2026-09-12.,,,Collection or site authority record. https://www.ambrosiana.it/en/opere/basket-of-fruit/. Accessed 2026-09-12.,https://www.ambrosiana.it/en/opere/basket-of-fruit/
src-68a4a41f8a06588b,external,"UNESCO World Heritage Centre, Historic Centre of Naples, dossier 726bis. https://whc.unesco.org/en/list/726/. Accessed 2026-09-10.",,,"UNESCO World Heritage Centre, Historic Centre of Naples, dossier 726bis. https://whc.unesco.org/en/list/726/. Accessed 2026-09-10.",https://whc.unesco.org/en/list/726/
src-68e35306c7cdcdf6,external,"Deutsches Zentrum Kulturgutverluste, Proveana, Staatliche Kunstsammlungen Kassel, act00003145. https://www.proveana.de/de/corporate-body/staatliche-kunstsammlungen-kassel. Accessed 2026-09-15.",,,"Deutsches Zentrum Kulturgutverluste, Proveana, Staatliche Kunstsammlungen Kassel, act00003145. https://www.proveana.de/de/corporate-body/staatliche-kunstsammlungen-kassel. Accessed 2026-09-15.",https://www.proveana.de/de/corporate-body/staatliche-kunstsammlungen-kassel
src-6910f2b82cc49f6c,external,"Getty ULAN, Enggass, Robert, 500121330. https://www.getty.edu/vow/ULANFullDisplay?find=laurens&role=&nation=&subjectid=500121330. Accessed 2026-09-14.",,,"Getty ULAN, Enggass, Robert, 500121330. https://www.getty.edu/vow/ULANFullDisplay?find=laurens&role=&nation=&subjectid=500121330. Accessed 2026-09-14.",https://www.getty.edu/vow/ULANFullDisplay?find=laurens&role=&nation=&subjectid=500121330
src-691ac25c0ba01f44,external,"Wikidata, Q838794, revision 2504788674. https://www.wikidata.org/wiki/Q838794. Accessed 2026-09-10.",,,"Wikidata, Q838794, revision 2504788674. https://www.wikidata.org/wiki/Q838794. Accessed 2026-09-10.",https://www.wikidata.org/wiki/Q838794
src-695afb83510df5c5,external,"Wikipedia (en), Sant'Andrea della Valle, revision 1366883352. https://en.wikipedia.org/wiki/Sant'Andrea_della_Valle. Accessed 2026-09-10.",,,"Wikipedia (en), Sant'Andrea della Valle, revision 1366883352. https://en.wikipedia.org/wiki/Sant'Andrea_della_Valle. Accessed 2026-09-10.",https://en.wikipedia.org/wiki/Sant'Andrea_della_Valle
src-6963787483fadaa6,external,"Wikidata, Q128027, revision 2533462885. https://www.wikidata.org/wiki/Q128027. Accessed 2026-09-10.",,,"Wikidata, Q128027, revision 2533462885. https://www.wikidata.org/wiki/Q128027. Accessed 2026-09-10.",https://www.wikidata.org/wiki/Q128027
src-6a01d13885bbd9ae,external,"Wikipedia (it), Caparra, revision 137490065. https://it.wikipedia.org/wiki/Caparra. Accessed 2026-09-10.",,,"Wikipedia (it), Caparra, revision 137490065. https://it.wikipedia.org/wiki/Caparra. Accessed 2026-09-10.",https://it.wikipedia.org/wiki/Caparra
src-6a307e5df23299dd,external,"Wikidata, Q1749764, revision 2500701149. https://www.wikidata.org/wiki/Q1749764. Accessed 2026-09-11.",,,"Wikidata, Q1749764, revision 2500701149. https://www.wikidata.org/wiki/Q1749764. Accessed 2026-09-11.",https://www.wikidata.org/wiki/Q1749764
src-6a38cc3c34a16a86,external,"Accademia Nazionale di San Luca, Archivio storico. https://accademiasanluca.it/archivio/archivio-storico. Accessed 2026-09-11.",,,"Accademia Nazionale di San Luca, Archivio storico. https://accademiasanluca.it/archivio/archivio-storico. Accessed 2026-09-11.",https://accademiasanluca.it/archivio/archivio-storico
src-6a8e6cc187244272,external,"Getty AAT 300047838, bozzetti. https://www.getty.edu/vow/AATFullDisplay?find=&logic=AND&note=&subjectid=300047838. Accessed 2026-09-11.",,,"Getty AAT 300047838, bozzetti. https://www.getty.edu/vow/AATFullDisplay?find=&logic=AND&note=&subjectid=300047838. Accessed 2026-09-11.",https://www.getty.edu/vow/AATFullDisplay?find=&logic=AND&note=&subjectid=300047838
src-6a99fd3b5d12f01c,external,"Gaudenzio Claretta, “Relazioni d’insigni artisti e virtuosi in Roma col Duca Carlo Emanuele II di Savoia,” Archivio della Società Romana di Storia Patria 8 (1885): 511–554. Catalog record: https://opac.bibliotecabraidense.org/. Accessed 2026-09-11.",,,"Gaudenzio Claretta, “Relazioni d’insigni artisti e virtuosi in Roma col Duca Carlo Emanuele II di Savoia,” Archivio della Società Romana di Storia Patria 8 (1885): 511–554. Catalog record: https://opac.bibliotecabraidense.org/. Accessed 2026-09-11.",https://opac.bibliotecabraidense.org/
src-6ab3ad2e229ce124,external,"Howard Hibbard, ‘BERNINI, Gian Lorenzo,’ Dizionario Biografico degli Italiani, vol. 9 (1967).",,,"Howard Hibbard, ‘BERNINI, Gian Lorenzo,’ Dizionario Biografico degli Italiani, vol. 9 (1967).",https://www.treccani.it/enciclopedia/gian-lorenzo-bernini_(Dizionario-Biografico)/
src-6ac565079db63a80,external,"Wikidata, Q597114, https://www.wikidata.org/wiki/Q597114. Accessed 2026-09-12.",,,"Wikidata, Q597114, https://www.wikidata.org/wiki/Q597114. Accessed 2026-09-12.",https://www.wikidata.org/wiki/Q597114
src-6b2592ae3f57d4ed,external,"Wikidata, Q2293905, https://www.wikidata.org/wiki/Q2293905. Accessed 2026-09-12.",,,"Wikidata, Q2293905, https://www.wikidata.org/wiki/Q2293905. Accessed 2026-09-12.",https://www.wikidata.org/wiki/Q2293905
src-6b3e24a8fa567001,external,"National Portrait Gallery, Owen MacSwinny (or Swinny), NPG D5204. https://www.npg.org.uk/collections/search/portrait/mw39557/Owen-MacSwinny-or-Swinny. Accessed 2026-09-14.",,,"National Portrait Gallery, Owen MacSwinny (or Swinny), NPG D5204. https://www.npg.org.uk/collections/search/portrait/mw39557/Owen-MacSwinny-or-Swinny. Accessed 2026-09-14.",https://www.npg.org.uk/collections/search/portrait/mw39557/Owen-MacSwinny-or-Swinny
src-6b6c09109a6b3fae,external,"Giovanni Battista Passeri, English Wikipedia. https://en.wikipedia.org/wiki/Giovanni_Battista_Passeri. Accessed 2026-09-10.",,,"Giovanni Battista Passeri, English Wikipedia. https://en.wikipedia.org/wiki/Giovanni_Battista_Passeri. Accessed 2026-09-10.",https://en.wikipedia.org/wiki/Giovanni_Battista_Passeri
src-6bbd307817b856a3,external,"Wikipedia (en), Altarpiece, revision 1356016219. https://en.wikipedia.org/wiki/Altarpiece. Accessed 2026-09-10.",,,"Wikipedia (en), Altarpiece, revision 1356016219. https://en.wikipedia.org/wiki/Altarpiece. Accessed 2026-09-10.",https://en.wikipedia.org/wiki/Altarpiece
src-6bfdec1fb411b8a9,external,"Wikidata, Q95569. https://www.wikidata.org/wiki/Q95569. Accessed 2026-09-13.",,,"Wikidata, Q95569. https://www.wikidata.org/wiki/Q95569. Accessed 2026-09-13.",https://www.wikidata.org/wiki/Q95569
src-6c0a141bda889364,external,"Vincenzo Ruffo, ‘Galleria Ruffo nel secolo XVII in Messina,’ Bollettino d’Arte 10 (1916), p. 169, as identified by De Vito–Battaglia, Bibliografia dell’arte italiana, entry 594, p. 166. https://www.inasaroma.org/patrimonio/wp-content/uploads/2022/04/De-Vito-Battaglia-Correggio-00.pdf. Accessed 2026-09-25.",,,"Vincenzo Ruffo, ‘Galleria Ruffo nel secolo XVII in Messina,’ Bollettino d’Arte 10 (1916), p. 169, as identified by De Vito–Battaglia, Bibliografia dell’arte italiana, entry 594, p. 166. https://www.inasaroma.org/patrimonio/wp-content/uploads/2022/04/De-Vito-Battaglia-Correggio-00.pdf. Accessed 2026-09-25.",https://www.inasaroma.org/patrimonio/wp-content/uploads/2022/04/De-Vito-Battaglia-Correggio-00.pdf
src-6c4071f49893c45a,external,"Wikidata Q42207, revision 2541730229. https://www.wikidata.org/wiki/Q42207. Accessed 2026-09-11.",,,"Wikidata Q42207, revision 2541730229. https://www.wikidata.org/wiki/Q42207. Accessed 2026-09-11.",https://www.wikidata.org/wiki/Q42207
src-6c6765955b5054c0,external,"Wikipedia (en), Modena, revision 1373245007. https://en.wikipedia.org/wiki/Modena. Accessed 2026-09-10.",,,"Wikipedia (en), Modena, revision 1373245007. https://en.wikipedia.org/wiki/Modena. Accessed 2026-09-10.",https://en.wikipedia.org/wiki/Modena
src-6cc5747267e1660d,external,"Wiley Online Books, Art and Architecture in Naples, 1266–1713: New Approaches. https://onlinelibrary.wiley.com/doi/book/10.1002/9781444324389. Accessed 2026-09-10.",,,"Wiley Online Books, Art and Architecture in Naples, 1266–1713: New Approaches. https://onlinelibrary.wiley.com/doi/book/10.1002/9781444324389. Accessed 2026-09-10.",https://onlinelibrary.wiley.com/doi/book/10.1002/9781444324389
src-6d1e85e5606e5b58,external,"Wikidata, Q125869859, https://www.wikidata.org/wiki/Q125869859. Accessed 2026-09-12.",,,"Wikidata, Q125869859, https://www.wikidata.org/wiki/Q125869859. Accessed 2026-09-12.",https://www.wikidata.org/wiki/Q125869859
src-6d2f5de2508dcb5a,external,"Wikipedia (en), Nativity with Saint Francis and Saint Lawrence, revision 1361315089. https://en.wikipedia.org/wiki/Nativity_with_Saint_Francis_and_Saint_Lawrence. Accessed 2026-09-12.",,,"Wikipedia (en), Nativity with Saint Francis and Saint Lawrence, revision 1361315089. https://en.wikipedia.org/wiki/Nativity_with_Saint_Francis_and_Saint_Lawrence. Accessed 2026-09-12.",https://en.wikipedia.org/wiki/Nativity_with_Saint_Francis_and_Saint_Lawrence
src-6d7e22c0a1cdbff6,external,"Wikidata, Q5597, revision 2541039095. https://www.wikidata.org/wiki/Q5597. Accessed 2026-09-10.",,,"Wikidata, Q5597, revision 2541039095. https://www.wikidata.org/wiki/Q5597. Accessed 2026-09-10.",https://www.wikidata.org/wiki/Q5597
src-6d97dffe97db5c98,external,"National Trust Collections, Cardinal Camillo Massimi (1620–1677), NT 1257142. https://www.nationaltrustcollections.org.uk/object/1257142. Accessed 2026-09-15.",,,"National Trust Collections, Cardinal Camillo Massimi (1620–1677), NT 1257142. https://www.nationaltrustcollections.org.uk/object/1257142. Accessed 2026-09-15.",https://www.nationaltrustcollections.org.uk/object/1257142
src-6db6fc892c7f5b50,external,"Wikidata, Q3639560, revision 2476730461. https://www.wikidata.org/wiki/Q3639560. Reviewed 2026-09-11.",,,"Wikidata, Q3639560, revision 2476730461. https://www.wikidata.org/wiki/Q3639560. Reviewed 2026-09-11.",https://www.wikidata.org/wiki/Q3639560
src-6dc46a7dfca9a76f,external,"Wikipedia (en), Giovanni Odazzi, revision 1365386596. https://en.wikipedia.org/wiki/Giovanni_Odazzi. Accessed 2026-09-10.",,,"Wikipedia (en), Giovanni Odazzi, revision 1365386596. https://en.wikipedia.org/wiki/Giovanni_Odazzi. Accessed 2026-09-10.",https://en.wikipedia.org/wiki/Giovanni_Odazzi
src-6dd2fe675a41c217,external,"Wikidata, Q455595, revision 2528372342. https://www.wikidata.org/wiki/Q455595. Read 2026-09-11.",,,"Wikidata, Q455595, revision 2528372342. https://www.wikidata.org/wiki/Q455595. Read 2026-09-11.",https://www.wikidata.org/wiki/Q455595
src-6dd5731a98033a92,external,"The Museum of Fine Arts, Houston, History. https://www.mfah.org/about/history. Accessed 2026-09-15.",,,"The Museum of Fine Arts, Houston, History. https://www.mfah.org/about/history. Accessed 2026-09-15.",https://www.mfah.org/about/history
src-6dfac2a4c3c8a557,external,"UNESCO World Heritage Centre, Historic Centre of Rome, the Properties of the Holy See in that City Enjoying Extraterritorial Rights and San Paolo Fuori le Mura. https://whc.unesco.org/en/list/91/. Accessed 2026-09-10.",,,"UNESCO World Heritage Centre, Historic Centre of Rome, the Properties of the Holy See in that City Enjoying Extraterritorial Rights and San Paolo Fuori le Mura. https://whc.unesco.org/en/list/91/. Accessed 2026-09-10.",https://whc.unesco.org/en/list/91/
src-6e501276a1ccc1a8,external,"Convento dei Frati Cappuccini di Via Veneto, La Chiesa. https://www.cappucciniviaveneto.it/la_chiesa_2.html . Accessed 2026-09-10.",,,"Convento dei Frati Cappuccini di Via Veneto, La Chiesa. https://www.cappucciniviaveneto.it/la_chiesa_2.html . Accessed 2026-09-10.",https://www.cappucciniviaveneto.it/la_chiesa_2.html
src-6e5fc7fb85fb695a,external,"Amministrazione Doria Pamphilj, The Archives. https://www.doriapamphilj.it/en/rome/the-place/the-archives/. Accessed 2026-09-10.",,,"Amministrazione Doria Pamphilj, The Archives. https://www.doriapamphilj.it/en/rome/the-place/the-archives/. Accessed 2026-09-10.",https://www.doriapamphilj.it/en/rome/the-place/the-archives/
src-6e954c7d7b3c457b,external,"Bibliothèque nationale de France, Cognacq, Ernest (1839–1928), FRBNF16168805. https://catalogue.bnf.fr/ark:/12148/cb161688058. Accessed 2026-09-15.",,,"Bibliothèque nationale de France, Cognacq, Ernest (1839–1928), FRBNF16168805. https://catalogue.bnf.fr/ark:/12148/cb161688058. Accessed 2026-09-15.",https://catalogue.bnf.fr/ark:/12148/cb161688058
src-6ed91817eea21e00,external,"Wikipedia (en), Amor Vincit Omnia (Caravaggio), revision 1361242553. https://en.wikipedia.org/wiki/Amor_Vincit_Omnia_(Caravaggio). Accessed 2026-09-12.",,,"Wikipedia (en), Amor Vincit Omnia (Caravaggio), revision 1361242553. https://en.wikipedia.org/wiki/Amor_Vincit_Omnia_(Caravaggio). Accessed 2026-09-12.",https://en.wikipedia.org/wiki/Amor_Vincit_Omnia_(Caravaggio)
src-6edfc75e5aa18928,external,"Wikidata, Q534683, revision 2543537538. https://www.wikidata.org/wiki/Q534683. Accessed 2026-09-11.",,,"Wikidata, Q534683, revision 2543537538. https://www.wikidata.org/wiki/Q534683. Accessed 2026-09-11.",https://www.wikidata.org/wiki/Q534683
src-6ee565da5b97df31,external,"Wikidata Q345605, revision 2540083708. https://www.wikidata.org/wiki/Q345605. Accessed 2026-09-11.",,,"Wikidata Q345605, revision 2540083708. https://www.wikidata.org/wiki/Q345605. Accessed 2026-09-11.",https://www.wikidata.org/wiki/Q345605
src-6ef7c58c181b0743,external,"Wikipedia (en), Rembrandt, revision 1373883388. https://en.wikipedia.org/wiki/Rembrandt. Accessed 2026-09-10.",,,"Wikipedia (en), Rembrandt, revision 1373883388. https://en.wikipedia.org/wiki/Rembrandt. Accessed 2026-09-10.",https://en.wikipedia.org/wiki/Rembrandt
src-6f1bf19a6de2ad7f,external,"Wikidata, Q776990, revision 2521457463. https://www.wikidata.org/wiki/Q776990. Accessed 2026-09-10.",,,"Wikidata, Q776990, revision 2521457463. https://www.wikidata.org/wiki/Q776990. Accessed 2026-09-10.",https://www.wikidata.org/wiki/Q776990
src-6f1c325a3a06f0d4,external,"Wikidata, Q712397, revision 2548644670. https://www.wikidata.org/wiki/Q712397. Accessed 2026-09-25.",,,"Wikidata, Q712397, revision 2548644670. https://www.wikidata.org/wiki/Q712397. Accessed 2026-09-25.",https://www.wikidata.org/wiki/Q712397
src-6f2922f390b7e7af,external,"Wikipedia (en), Gaspard Dughet, revision 1321051055. https://en.wikipedia.org/wiki/Gaspard_Dughet Accessed 2026-09-11.",,,"Wikipedia (en), Gaspard Dughet, revision 1321051055. https://en.wikipedia.org/wiki/Gaspard_Dughet Accessed 2026-09-11.",https://en.wikipedia.org/wiki/Gaspard_Dughet
src-6f6a1b916c9fafed,external,"Historic England Archive, Negatives, PSA01/04. https://historicengland.org.uk/images-books/photos/series/PSA01/04. Accessed 2026-09-14.",,,"Historic England Archive, Negatives, PSA01/04. https://historicengland.org.uk/images-books/photos/series/PSA01/04. Accessed 2026-09-14.",https://historicengland.org.uk/images-books/photos/series/PSA01/04
src-6f870acc2cd76930,external,"Wikidata Q969739, revision 2526512882. https://www.wikidata.org/wiki/Q969739. Accessed 2026-09-11.",,,"Wikidata Q969739, revision 2526512882. https://www.wikidata.org/wiki/Q969739. Accessed 2026-09-11.",https://www.wikidata.org/wiki/Q969739
src-6fba0a7aa471b8d1,external,"Wikidata, Q2683, revision 2539605928. https://www.wikidata.org/wiki/Q2683. Accessed 2026-09-11.",,,"Wikidata, Q2683, revision 2539605928. https://www.wikidata.org/wiki/Q2683. Accessed 2026-09-11.",https://www.wikidata.org/wiki/Q2683
src-6fbb56ac2ad7ca4d,external,"Marlborough Archive, History. https://marlborougharchive.com/history-marlborough-gallery. Accessed 2026-09-14.",,,"Marlborough Archive, History. https://marlborougharchive.com/history-marlborough-gallery. Accessed 2026-09-14.",https://marlborougharchive.com/history-marlborough-gallery
src-6fc34971a807c4ea,external,"Wikidata, Q214074, revision 2539087728. https://www.wikidata.org/wiki/Q214074. Accessed 2026-09-10.",,,"Wikidata, Q214074, revision 2539087728. https://www.wikidata.org/wiki/Q214074. Accessed 2026-09-10.",https://www.wikidata.org/wiki/Q214074
src-6fe0dde065b7886c,external,"Wikidata, Q256486, revision 2539061103. https://www.wikidata.org/wiki/Q256486. Accessed 2026-09-10.",,,"Wikidata, Q256486, revision 2539061103. https://www.wikidata.org/wiki/Q256486. Accessed 2026-09-10.",https://www.wikidata.org/wiki/Q256486
src-7012d816cfb1a01d,external,"Mariusz Karpowicz, “Castelli, Matteo,” Historisches Lexikon der Schweiz. https://hls-dhs-dss.ch/de/articles/024521/2018-01-11/. Accessed 2026-09-25.",,,"Mariusz Karpowicz, “Castelli, Matteo,” Historisches Lexikon der Schweiz. https://hls-dhs-dss.ch/de/articles/024521/2018-01-11/. Accessed 2026-09-25.",https://hls-dhs-dss.ch/de/articles/024521/2018-01-11/
src-70182d92bb18d5d2,external,"Wikipedia (it), Gentiluomo, revision 149034786. https://it.wikipedia.org/wiki/Gentiluomo. Accessed 2026-09-10.",,,"Wikipedia (it), Gentiluomo, revision 149034786. https://it.wikipedia.org/wiki/Gentiluomo. Accessed 2026-09-10.",https://it.wikipedia.org/wiki/Gentiluomo
src-7024eec2d92f7442,external,"INHA Agorha, Montaiglon, Anatole de (1824–1895). https://agorha.inha.fr/ark:/54721/b7e772e8-be9a-4fb1-a0ba-a21b2283912a. Accessed 2026-09-14.",,,"INHA Agorha, Montaiglon, Anatole de (1824–1895). https://agorha.inha.fr/ark:/54721/b7e772e8-be9a-4fb1-a0ba-a21b2283912a. Accessed 2026-09-14.",https://agorha.inha.fr/ark:/54721/b7e772e8-be9a-4fb1-a0ba-a21b2283912a
src-70451fda03400ccc,external,"Bonhams, Old Master Paintings, 6 December 2017, lot 26, p. 32. https://electronicsandbooks.com/edt/manual/Art/Auction/Bonhams/2017/20171206%20S-24057-0-1%20Old%20Master%20Paintings.pdf. Accessed 2026-09-25. Third-party mirror of the auction catalogue.",,,"Bonhams, Old Master Paintings, 6 December 2017, lot 26, p. 32. https://electronicsandbooks.com/edt/manual/Art/Auction/Bonhams/2017/20171206%20S-24057-0-1%20Old%20Master%20Paintings.pdf. Accessed 2026-09-25. Third-party mirror of the auction catalogue.",https://electronicsandbooks.com/edt/manual/Art/Auction/Bonhams/2017/20171206%20S-24057-0-1%20Old%20Master%20Paintings.pdf
src-70680e4521ef4abf,external,"Wikipedia (en), Museo del Prado. https://en.wikipedia.org/wiki/Museo_del_Prado. Accessed 2026-09-13.",,,"Wikipedia (en), Museo del Prado. https://en.wikipedia.org/wiki/Museo_del_Prado. Accessed 2026-09-13.",https://en.wikipedia.org/wiki/Museo_del_Prado
src-7084eff1ba7b3d09,external,"Roma Capitale, Turismo Roma, Istituto finlandese di Roma. https://www.turismoroma.it/it/luoghi/istituto-finlandese-di-roma. Accessed 2026-09-14.",,,"Roma Capitale, Turismo Roma, Istituto finlandese di Roma. https://www.turismoroma.it/it/luoghi/istituto-finlandese-di-roma. Accessed 2026-09-14.",https://www.turismoroma.it/it/luoghi/istituto-finlandese-di-roma
src-708610f012c3469e,external,"Senato della Repubblica, Caravaggio – Ritratto di monsignor Maffeo Barberini, 2026 exhibition page. https://www.senato.it/CESUS/2026/caravaggio/. Accessed 2026-09-25.",,,"Senato della Repubblica, Caravaggio – Ritratto di monsignor Maffeo Barberini, 2026 exhibition page. https://www.senato.it/CESUS/2026/caravaggio/. Accessed 2026-09-25.",https://www.senato.it/CESUS/2026/caravaggio/
src-70bb8712c0563b1f,external,"Wikipedia (en), Victoria and Albert Museum, revision 1374070198. https://en.wikipedia.org/wiki/Victoria_and_Albert_Museum. Accessed 2026-09-10.",,,"Wikipedia (en), Victoria and Albert Museum, revision 1374070198. https://en.wikipedia.org/wiki/Victoria_and_Albert_Museum. Accessed 2026-09-10.",https://en.wikipedia.org/wiki/Victoria_and_Albert_Museum
src-70f42d6cb425edd8,external,“Paolo de Matteis.” English Wikipedia. https://en.wikipedia.org/wiki/Paolo_de_Matteis. Accessed 2026-09-25.,,,“Paolo de Matteis.” English Wikipedia. https://en.wikipedia.org/wiki/Paolo_de_Matteis. Accessed 2026-09-25.,https://en.wikipedia.org/wiki/Paolo_de_Matteis
src-71409511cfec2e1b,external,"Wikipedia (en), Via Margutta, revision 1327819867. https://en.wikipedia.org/wiki/Via_Margutta. Accessed 2026-09-10.",,,"Wikipedia (en), Via Margutta, revision 1327819867. https://en.wikipedia.org/wiki/Via_Margutta. Accessed 2026-09-10.",https://en.wikipedia.org/wiki/Via_Margutta
src-71841962459285fe,external,"Wikidata, Q212657, revision 2541030402. https://www.wikidata.org/wiki/Q212657. Accessed 2026-09-10.",,,"Wikidata, Q212657, revision 2541030402. https://www.wikidata.org/wiki/Q212657. Accessed 2026-09-10.",https://www.wikidata.org/wiki/Q212657
src-72564647d5a8835a,external,"Wikipedia, “Homer.” https://en.wikipedia.org/wiki/Homer. Accessed 2026-09-25.",,,"Wikipedia, “Homer.” https://en.wikipedia.org/wiki/Homer. Accessed 2026-09-25.",https://en.wikipedia.org/wiki/Homer
src-726296fa87ac5061,external,"Pietro Zander, The Cathedra of Saint Peter, Fabbrica di San Pietro. https://www.basilicasanpietro.va/en/san-pietro/the-cathedra-of-saint-peter. Accessed 2026-09-10.",,,"Pietro Zander, The Cathedra of Saint Peter, Fabbrica di San Pietro. https://www.basilicasanpietro.va/en/san-pietro/the-cathedra-of-saint-peter. Accessed 2026-09-10.",https://www.basilicasanpietro.va/en/san-pietro/the-cathedra-of-saint-peter
src-7280a20c25fb3d6c,external,"Wikidata, Q129967, revision 2543439115. https://www.wikidata.org/wiki/Q129967. Accessed 2026-09-11.",,,"Wikidata, Q129967, revision 2543439115. https://www.wikidata.org/wiki/Q129967. Accessed 2026-09-11.",https://www.wikidata.org/wiki/Q129967
src-72c72aa1a977f74b,external,"Wikipedia (en), “Giovanni Pesaro.” https://en.wikipedia.org/wiki/Giovanni_Pesaro. Accessed 2026-09-25.",,,"Wikipedia (en), “Giovanni Pesaro.” https://en.wikipedia.org/wiki/Giovanni_Pesaro. Accessed 2026-09-25.",https://en.wikipedia.org/wiki/Giovanni_Pesaro
src-72e773b487824717,external,"Catalogo generale dei Beni Culturali, “Apoteosi di Nicolò Maria Pallavicino,” catalog no. 0700377385. https://catalogo.beniculturali.it/detail/HistoricOrArtisticProperty/0700377385. Accessed 2026-09-11.",,,"Catalogo generale dei Beni Culturali, “Apoteosi di Nicolò Maria Pallavicino,” catalog no. 0700377385. https://catalogo.beniculturali.it/detail/HistoricOrArtisticProperty/0700377385. Accessed 2026-09-11.",https://catalogo.beniculturali.it/detail/HistoricOrArtisticProperty/0700377385
src-72febb587a721b40,external,"Wikipedia (en), Alof de Wignacourt. https://en.wikipedia.org/wiki/Alof_de_Wignacourt. Accessed 2026-09-13.",,,"Wikipedia (en), Alof de Wignacourt. https://en.wikipedia.org/wiki/Alof_de_Wignacourt. Accessed 2026-09-13.",https://en.wikipedia.org/wiki/Alof_de_Wignacourt
src-7314d53d856bec55,external,"Fondazione Federico Zeri, Tomba allegorica dell’arcivescovo Tillotson, URL69391, entry67084. https://catalogo.fondazionezeri.unibo.it/entry/work/69391/. Accessed 2026-09-14.",,,"Fondazione Federico Zeri, Tomba allegorica dell’arcivescovo Tillotson, URL69391, entry67084. https://catalogo.fondazionezeri.unibo.it/entry/work/69391/. Accessed 2026-09-14.",https://catalogo.fondazionezeri.unibo.it/entry/work/69391/
src-73556b77691473cf,external,"Bayerische Staatsgemäldesammlungen, Giovanni Antonio Pellegrini, M0xy0EO4pl. https://www.sammlung.pinakothek.de/de/artist/M0xy0EO4pl. Accessed 2026-09-14.",,,"Bayerische Staatsgemäldesammlungen, Giovanni Antonio Pellegrini, M0xy0EO4pl. https://www.sammlung.pinakothek.de/de/artist/M0xy0EO4pl. Accessed 2026-09-14.",https://www.sammlung.pinakothek.de/de/artist/M0xy0EO4pl
src-7379700ec228d8e1,external,"Wikipedia (en), Pier Francesco Mola, revision 1370493551. https://en.wikipedia.org/wiki/Pier_Francesco_Mola. Read 2026-09-11.",,,"Wikipedia (en), Pier Francesco Mola, revision 1370493551. https://en.wikipedia.org/wiki/Pier_Francesco_Mola. Read 2026-09-11.",https://en.wikipedia.org/wiki/Pier_Francesco_Mola
src-737d2f18ed6009ed,external,"Wikipedia (en), “Pontifical Academy of Fine Arts and Letters of the Virtuosi al Pantheon,” revision 1374355725. https://en.wikipedia.org/wiki/Pontifical_Academy_of_Fine_Arts_and_Letters_of_the_Virtuosi_al_Pantheon. Accessed 2026-09-25; Wikidata, Q610627, revision 2485460962. https://www.wikidata.org/wiki/Q610627. Accessed 2026-09-25.",,,"Wikipedia (en), “Pontifical Academy of Fine Arts and Letters of the Virtuosi al Pantheon,” revision 1374355725. https://en.wikipedia.org/wiki/Pontifical_Academy_of_Fine_Arts_and_Letters_of_the_Virtuosi_al_Pantheon. Accessed 2026-09-25; Wikidata, Q610627, revision 2485460962. https://www.wikidata.org/wiki/Q610627. Accessed 2026-09-25.",https://en.wikipedia.org/wiki/Pontifical_Academy_of_Fine_Arts_and_Letters_of_the_Virtuosi_al_Pantheon
src-737e34f9a187dc33,external,"Wikipedia (en), Platonism, revision 1373980270. https://en.wikipedia.org/wiki/Platonism Accessed 2026-09-11.",,,"Wikipedia (en), Platonism, revision 1373980270. https://en.wikipedia.org/wiki/Platonism Accessed 2026-09-11.",https://en.wikipedia.org/wiki/Platonism
src-73c2f9314e8b274b,external,"Wikidata, Q160538, revision 2543155212. https://www.wikidata.org/wiki/Q160538. Accessed 2026-09-11.",,,"Wikidata, Q160538, revision 2543155212. https://www.wikidata.org/wiki/Q160538. Accessed 2026-09-11.",https://www.wikidata.org/wiki/Q160538
src-741620917dd667ee,external,"Princeton University Art Museum, Director’s Welcome. https://artmuseum.princeton.edu/about/directors-welcome?page=0. Accessed 2026-09-15.",,,"Princeton University Art Museum, Director’s Welcome. https://artmuseum.princeton.edu/about/directors-welcome?page=0. Accessed 2026-09-15.",https://artmuseum.princeton.edu/about/directors-welcome?page=0
src-742657d8e711f928,external,"Wikidata, Q15124814, revision 2513543955. https://www.wikidata.org/wiki/Q15124814. Accessed 2026-09-11.",,,"Wikidata, Q15124814, revision 2513543955. https://www.wikidata.org/wiki/Q15124814. Accessed 2026-09-11.",https://www.wikidata.org/wiki/Q15124814
src-7445ff16ab0cf8d0,external,"Wikidata, Q3894144, revision 2522193952. https://www.wikidata.org/wiki/Q3894144. Accessed 2026-09-11.",,,"Wikidata, Q3894144, revision 2522193952. https://www.wikidata.org/wiki/Q3894144. Accessed 2026-09-11.",https://www.wikidata.org/wiki/Q3894144
src-7476394817706850,external,"Wikipedia (en), Valmontone, revision 1346917382. https://en.wikipedia.org/wiki/Valmontone. Accessed 2026-09-11.",,,"Wikipedia (en), Valmontone, revision 1346917382. https://en.wikipedia.org/wiki/Valmontone. Accessed 2026-09-11.",https://en.wikipedia.org/wiki/Valmontone
src-7485eb1e32f02ae0,external,"National Gallery, Peter Paul Rubens, Portrait of Thomas Howard, 2nd Earl of Arundel, NG2968. https://www.nationalgallery.org.uk/paintings/peter-paul-rubens-portrait-of-thomas-howard-2nd-earl-of-arundel. Read 2026-09-11.",,,"National Gallery, Peter Paul Rubens, Portrait of Thomas Howard, 2nd Earl of Arundel, NG2968. https://www.nationalgallery.org.uk/paintings/peter-paul-rubens-portrait-of-thomas-howard-2nd-earl-of-arundel. Read 2026-09-11.",https://www.nationalgallery.org.uk/paintings/peter-paul-rubens-portrait-of-thomas-howard-2nd-earl-of-arundel
src-74a0c67412e199ea,external,"Wikidata, Q742333, revision 2504720274. https://www.wikidata.org/wiki/Q742333. Accessed 2026-09-10.",,,"Wikidata, Q742333, revision 2504720274. https://www.wikidata.org/wiki/Q742333. Accessed 2026-09-10.",https://www.wikidata.org/wiki/Q742333
src-74bf86d2002489d3,external,"Wikipedia (en), Piazza di Spagna, revision 1368540984. https://en.wikipedia.org/wiki/Piazza_di_Spagna Accessed 2026-09-11.",,,"Wikipedia (en), Piazza di Spagna, revision 1368540984. https://en.wikipedia.org/wiki/Piazza_di_Spagna Accessed 2026-09-11.",https://en.wikipedia.org/wiki/Piazza_di_Spagna
src-74bfa96fcb88eef6,external,"Wikipedia (en), Rembrandt, revision 1373883388. https://en.wikipedia.org/wiki/Rembrandt Accessed 2026-09-11.",,,"Wikipedia (en), Rembrandt, revision 1373883388. https://en.wikipedia.org/wiki/Rembrandt Accessed 2026-09-11.",https://en.wikipedia.org/wiki/Rembrandt
src-74e5267d3e0d6255,external,"Ettore Merkel, “Fedeli, Francesco, detto il Maggiotto,” Dizionario Biografico degli Italiani 45 (1995). https://www.treccani.it/enciclopedia/fedeli-francesco-detto-il-maggiotto_(Dizionario-Biografico)/. Accessed 2026-09-25.",,,"Ettore Merkel, “Fedeli, Francesco, detto il Maggiotto,” Dizionario Biografico degli Italiani 45 (1995). https://www.treccani.it/enciclopedia/fedeli-francesco-detto-il-maggiotto_(Dizionario-Biografico)/. Accessed 2026-09-25.",https://www.treccani.it/enciclopedia/fedeli-francesco-detto-il-maggiotto_(Dizionario-Biografico)/
src-74e7917fb5254d47,external,"Wikidata Q4829575, revision 2276662307. https://www.wikidata.org/wiki/Q4829575. Accessed 2026-09-11.",,,"Wikidata Q4829575, revision 2276662307. https://www.wikidata.org/wiki/Q4829575. Accessed 2026-09-11.",https://www.wikidata.org/wiki/Q4829575
src-74f81a2927eecba5,external,"Bibliothèque nationale de France, La galerie Mazarine. https://www.bnf.fr/en/mazarin-gallery. Accessed 2026-09-14.",,,"Bibliothèque nationale de France, La galerie Mazarine. https://www.bnf.fr/en/mazarin-gallery. Accessed 2026-09-14.",https://www.bnf.fr/en/mazarin-gallery
src-75148a2cc8f45730,external,"Umberto Coldagelli, «ARMANNI, Vincenzo», Dizionario Biografico degli Italiani 4 (1962). https://www.treccani.it/enciclopedia/vincenzo-armanni_(Dizionario-Biografico)/. Accessed 2026-09-11.",,,"Umberto Coldagelli, «ARMANNI, Vincenzo», Dizionario Biografico degli Italiani 4 (1962). https://www.treccani.it/enciclopedia/vincenzo-armanni_(Dizionario-Biografico)/. Accessed 2026-09-11.",https://www.treccani.it/enciclopedia/vincenzo-armanni_(Dizionario-Biografico)/
src-75574a1c0ab47fa4,external,"Luca Bortolotti, 'LOMI, Artemisia,' Dizionario Biografico degli Italiani 65 (2005). https://www.treccani.it/enciclopedia/artemisia-lomi_(Dizionario-Biografico)/ Accessed 2026-09-11.",,,"Luca Bortolotti, 'LOMI, Artemisia,' Dizionario Biografico degli Italiani 65 (2005). https://www.treccani.it/enciclopedia/artemisia-lomi_(Dizionario-Biografico)/ Accessed 2026-09-11.",https://www.treccani.it/enciclopedia/artemisia-lomi_(Dizionario-Biografico)/
src-75643638f170dce5,external,"Wikidata, Q190116, revision 2539677897. https://www.wikidata.org/wiki/Q190116. Accessed 2026-09-10.",,,"Wikidata, Q190116, revision 2539677897. https://www.wikidata.org/wiki/Q190116. Accessed 2026-09-10.",https://www.wikidata.org/wiki/Q190116
src-756f69ae8c37f647,external,"Annemarie Stefes, Pieter Mulier II biography (2019), Rijksmuseum, Dutch Drawings of the Seventeenth Century. https://www.rijksmuseum.nl/nl/collectie/object/Italiaans%2Blandschap%2Bwaarin%2Bherders%2Been%2Brivier%2Boversteken--4aef6dcb3b9777165ead9f633d091de8. Accessed 2026-09-11.",,,"Annemarie Stefes, Pieter Mulier II biography (2019), Rijksmuseum, Dutch Drawings of the Seventeenth Century. https://www.rijksmuseum.nl/nl/collectie/object/Italiaans%2Blandschap%2Bwaarin%2Bherders%2Been%2Brivier%2Boversteken--4aef6dcb3b9777165ead9f633d091de8. Accessed 2026-09-11.",https://www.rijksmuseum.nl/nl/collectie/object/Italiaans%2Blandschap%2Bwaarin%2Bherders%2Been%2Brivier%2Boversteken--4aef6dcb3b9777165ead9f633d091de8
src-7572321cb6f7111f,external,"The Frick Collection, Van Dyck: The Anatomy of Portraiture, Cardinal Guido Bentivoglio. https://www.frick.org/exhibitions/van_dyck/15. Accessed 2026-09-14.",,,"The Frick Collection, Van Dyck: The Anatomy of Portraiture, Cardinal Guido Bentivoglio. https://www.frick.org/exhibitions/van_dyck/15. Accessed 2026-09-14.",https://www.frick.org/exhibitions/van_dyck/15
src-759d9b8aa1db5122,external,"Wikipedia (it), Paolo Gerolamo Piola. https://it.wikipedia.org/wiki/Paolo_Gerolamo_Piola. Accessed 2026-09-11.",,,"Wikipedia (it), Paolo Gerolamo Piola. https://it.wikipedia.org/wiki/Paolo_Gerolamo_Piola. Accessed 2026-09-11.",https://it.wikipedia.org/wiki/Paolo_Gerolamo_Piola
src-75a63329c8f6c187,external,"Wikidata, Q506483, revision 2540214586. https://www.wikidata.org/wiki/Q506483. Accessed 2026-09-11.",,,"Wikidata, Q506483, revision 2540214586. https://www.wikidata.org/wiki/Q506483. Accessed 2026-09-11.",https://www.wikidata.org/wiki/Q506483
src-75cb1d39b3f26bf6,external,"Wikidata, Q3894305, revision 2518191823. https://www.wikidata.org/wiki/Q3894305. Accessed 2026-09-11.",,,"Wikidata, Q3894305, revision 2518191823. https://www.wikidata.org/wiki/Q3894305. Accessed 2026-09-11.",https://www.wikidata.org/wiki/Q3894305
src-75dc23da920d4ff1,external,"Wikipedia (en), Genoa, revision 1373479817. https://en.wikipedia.org/wiki/Genoa. Accessed 2026-09-10.",,,"Wikipedia (en), Genoa, revision 1373479817. https://en.wikipedia.org/wiki/Genoa. Accessed 2026-09-10.",https://en.wikipedia.org/wiki/Genoa
src-75eed7157fd5e4a4,external,"Wikipedia (en), St John's Co-Cathedral. https://en.wikipedia.org/wiki/St_John's_Co-Cathedral. Accessed 2026-09-13.",,,"Wikipedia (en), St John's Co-Cathedral. https://en.wikipedia.org/wiki/St_John's_Co-Cathedral. Accessed 2026-09-13.",https://en.wikipedia.org/wiki/St_John's_Co-Cathedral
src-761f6e712bbb2025,external,"Wikipedia (en), Uffizi. https://en.wikipedia.org/wiki/Uffizi. Accessed 2026-09-13.",,,"Wikipedia (en), Uffizi. https://en.wikipedia.org/wiki/Uffizi. Accessed 2026-09-13.",https://en.wikipedia.org/wiki/Uffizi
src-7633e8b3d8ed4bc6,external,"Wikidata, Q2031901, revision 2507301391. https://www.wikidata.org/wiki/Q2031901. Accessed 2026-09-11.",,,"Wikidata, Q2031901, revision 2507301391. https://www.wikidata.org/wiki/Q2031901. Accessed 2026-09-11.",https://www.wikidata.org/wiki/Q2031901
src-76434192a94d7e10,external,"Wikidata, Q19675. https://www.wikidata.org/wiki/Q19675. Accessed 2026-09-13.",,,"Wikidata, Q19675. https://www.wikidata.org/wiki/Q19675. Accessed 2026-09-13.",https://www.wikidata.org/wiki/Q19675
src-7647774ba9f2a965,external,"Wikipedia (en), Raphael, revision 1370412674. https://en.wikipedia.org/wiki/Raphael Accessed 2026-09-11.",,,"Wikipedia (en), Raphael, revision 1370412674. https://en.wikipedia.org/wiki/Raphael Accessed 2026-09-11.",https://en.wikipedia.org/wiki/Raphael
src-769701dd9b10eb63,external,"Wikipedia (en), Prospero Orsi. https://en.wikipedia.org/wiki/Prospero_Orsi. Accessed 2026-09-13.",,,"Wikipedia (en), Prospero Orsi. https://en.wikipedia.org/wiki/Prospero_Orsi. Accessed 2026-09-13.",https://en.wikipedia.org/wiki/Prospero_Orsi
src-769e483b44cf3b8c,external,"Wikidata Q490, revision 2529555790. https://www.wikidata.org/wiki/Q490. Accessed 2026-09-11.",,,"Wikidata Q490, revision 2529555790. https://www.wikidata.org/wiki/Q490. Accessed 2026-09-11.",https://www.wikidata.org/wiki/Q490
src-76a713744aa6b801,external,"Wikidata, Q1060690, revision 2086192038. https://www.wikidata.org/wiki/Q1060690. Accessed 2026-09-10.",,,"Wikidata, Q1060690, revision 2086192038. https://www.wikidata.org/wiki/Q1060690. Accessed 2026-09-10.",https://www.wikidata.org/wiki/Q1060690
src-76c9d9ccdd51af80,external,"Wikidata, Q3615565, revision 2512803733. https://www.wikidata.org/wiki/Q3615565. Accessed 2026-09-10.",,,"Wikidata, Q3615565, revision 2512803733. https://www.wikidata.org/wiki/Q3615565. Accessed 2026-09-10.",https://www.wikidata.org/wiki/Q3615565
src-7719e81540252ce3,external,"Bavarian Palace Administration, Würzburg Residence, Staircase. https://www.residenz-wuerzburg.de/englisch/residenz/treppe.htm. Accessed 2026-09-14.",,,"Bavarian Palace Administration, Würzburg Residence, Staircase. https://www.residenz-wuerzburg.de/englisch/residenz/treppe.htm. Accessed 2026-09-14.",https://www.residenz-wuerzburg.de/englisch/residenz/treppe.htm
src-775349e1af10e662,external,Collection or site authority record. https://www.museodelprado.es/actualidad/exposicion/ecce-homo-el-caravaggio-perdido/c5334d61-a3b0-d839-75aa-c33cae1e835b. Accessed 2026-09-12.,,,Collection or site authority record. https://www.museodelprado.es/actualidad/exposicion/ecce-homo-el-caravaggio-perdido/c5334d61-a3b0-d839-75aa-c33cae1e835b. Accessed 2026-09-12.,https://www.museodelprado.es/actualidad/exposicion/ecce-homo-el-caravaggio-perdido/c5334d61-a3b0-d839-75aa-c33cae1e835b
src-7753ede92c8c6ffe,external,"Wikidata, ""Giovanni Lanfranco,"" Q447730. https://www.wikidata.org/wiki/Q447730. Accessed 2026-09-09.",,,"Wikidata, ""Giovanni Lanfranco,"" Q447730. https://www.wikidata.org/wiki/Q447730. Accessed 2026-09-09.",https://www.wikidata.org/wiki/Q447730
src-77aee1135a4ef666,external,"Wikidata, Q869513. https://www.wikidata.org/wiki/Q869513. Accessed 2026-09-13.",,,"Wikidata, Q869513. https://www.wikidata.org/wiki/Q869513. Accessed 2026-09-13.",https://www.wikidata.org/wiki/Q869513
src-780682a8b9f2588a,external,"ICCD, Gabinetto Fotografico Nazionale. https://iccd.beniculturali.it/it/fotografia/gabinettofotograficonazionale. Accessed 2026-09-14.",,,"ICCD, Gabinetto Fotografico Nazionale. https://iccd.beniculturali.it/it/fotografia/gabinettofotograficonazionale. Accessed 2026-09-14.",https://iccd.beniculturali.it/it/fotografia/gabinettofotograficonazionale
src-780d60c465de10c9,external,"Catalogo generale dei Beni Culturali / Regione Emilia-Romagna, Città romana di Bononia / Bologna. https://catalogo.beniculturali.it/detail/ibc/ArchaeologicalProperty/259222. Accessed 2026-09-10.",,,"Catalogo generale dei Beni Culturali / Regione Emilia-Romagna, Città romana di Bononia / Bologna. https://catalogo.beniculturali.it/detail/ibc/ArchaeologicalProperty/259222. Accessed 2026-09-10.",https://catalogo.beniculturali.it/detail/ibc/ArchaeologicalProperty/259222
src-781f88edd9d43187,external,"Wikidata, Q969377, https://www.wikidata.org/wiki/Q969377. Accessed 2026-09-12.",,,"Wikidata, Q969377, https://www.wikidata.org/wiki/Q969377. Accessed 2026-09-12.",https://www.wikidata.org/wiki/Q969377
src-783c4fad3e841df7,external,"Wikipedia (en), Pope Innocent X, revision 1369530621. https://en.wikipedia.org/wiki/Pope_Innocent_X. Accessed 2026-09-10.",,,"Wikipedia (en), Pope Innocent X, revision 1369530621. https://en.wikipedia.org/wiki/Pope_Innocent_X. Accessed 2026-09-10.",https://en.wikipedia.org/wiki/Pope_Innocent_X
src-7879e10b02c57da5,external,"Wikidata, Q5063707. https://www.wikidata.org/wiki/Q5063707. Accessed 2026-09-13.",,,"Wikidata, Q5063707. https://www.wikidata.org/wiki/Q5063707. Accessed 2026-09-13.",https://www.wikidata.org/wiki/Q5063707
src-789ac5d6e2d3e188,external,"Francis Oakley, Director’s Foreword, Clark Art Institute Annual Report 2016. https://www.clarkart.edu/getmedia/8419623c-ddf2-4876-8815-2b45d376ca90/2016.pdf. Accessed 2026-09-14.",,,"Francis Oakley, Director’s Foreword, Clark Art Institute Annual Report 2016. https://www.clarkart.edu/getmedia/8419623c-ddf2-4876-8815-2b45d376ca90/2016.pdf. Accessed 2026-09-14.",https://www.clarkart.edu/getmedia/8419623c-ddf2-4876-8815-2b45d376ca90/2016.pdf
src-78c8426caf6abf67,external,"Wikipedia (it), Francesco Fontana, revision 124167246. https://it.wikipedia.org/wiki/Francesco_Fontana. Accessed 2026-09-10.",,,"Wikipedia (it), Francesco Fontana, revision 124167246. https://it.wikipedia.org/wiki/Francesco_Fontana. Accessed 2026-09-10.",https://it.wikipedia.org/wiki/Francesco_Fontana
src-78f4cd23e59dc305,external,"Robert Pranzatelli, A Brief History of Yale University Press, adapted from Nicholas A. Basbanes, A World of Letters. https://yalebooks.yale.edu/a-brief-history-of-yale-university-press/. Accessed 2026-09-14.",,,"Robert Pranzatelli, A Brief History of Yale University Press, adapted from Nicholas A. Basbanes, A World of Letters. https://yalebooks.yale.edu/a-brief-history-of-yale-university-press/. Accessed 2026-09-14.",https://yalebooks.yale.edu/a-brief-history-of-yale-university-press/
src-78f9183edc749aff,external,"Wikipedia (en), Piazza Navona, revision 1368540824. https://en.wikipedia.org/wiki/Piazza_Navona. Accessed 2026-09-10.",,,"Wikipedia (en), Piazza Navona, revision 1368540824. https://en.wikipedia.org/wiki/Piazza_Navona. Accessed 2026-09-10.",https://en.wikipedia.org/wiki/Piazza_Navona
src-7910cf15b83e7dc8,external,"Wikidata, Q1192715, revision 2540078460. https://www.wikidata.org/wiki/Q1192715. Accessed 2026-09-10.",,,"Wikidata, Q1192715, revision 2540078460. https://www.wikidata.org/wiki/Q1192715. Accessed 2026-09-10.",https://www.wikidata.org/wiki/Q1192715
src-79314a94389e3534,external,"Arianna Petraccia, NUZZI, Mario, Dizionario Biografico degli Italiani 79 (2013). https://www.treccani.it/enciclopedia/mario-nuzzi_(Dizionario-Biografico)/ Accessed 2026-09-11.",,,"Arianna Petraccia, NUZZI, Mario, Dizionario Biografico degli Italiani 79 (2013). https://www.treccani.it/enciclopedia/mario-nuzzi_(Dizionario-Biografico)/ Accessed 2026-09-11.",https://www.treccani.it/enciclopedia/mario-nuzzi_(Dizionario-Biografico)/
src-797c2c1387ebb8e4,external,"Ministero della Cultura, Catalogo generale dei Beni Culturali, ritratto di Maffeo Barberini, record 0900745773. https://catalogo.beniculturali.it/detail/HistoricOrArtisticProperty/0900745773. Accessed 2026-09-25.",,,"Ministero della Cultura, Catalogo generale dei Beni Culturali, ritratto di Maffeo Barberini, record 0900745773. https://catalogo.beniculturali.it/detail/HistoricOrArtisticProperty/0900745773. Accessed 2026-09-25.",https://catalogo.beniculturali.it/detail/HistoricOrArtisticProperty/0900745773
src-79a1f58895fc3e90,external,"Barbara Ghelfi, La nascita di una collezione. Gli Hercolani di Bologna (1718–1773) (Bologna: Bononia University Press, 2021), repository record, Alma Mater Studiorum Università di Bologna. https://cris.unibo.it/handle/11585/858533. Accessed 2026-09-25.",,,"Barbara Ghelfi, La nascita di una collezione. Gli Hercolani di Bologna (1718–1773) (Bologna: Bononia University Press, 2021), repository record, Alma Mater Studiorum Università di Bologna. https://cris.unibo.it/handle/11585/858533. Accessed 2026-09-25.",https://cris.unibo.it/handle/11585/858533
src-79a9ee301b982bb9,external,"Wikidata, Q5592, revision 2541754009. https://www.wikidata.org/wiki/Q5592. Accessed 2026-09-11.",,,"Wikidata, Q5592, revision 2541754009. https://www.wikidata.org/wiki/Q5592. Accessed 2026-09-11.",https://www.wikidata.org/wiki/Q5592
src-79d298a0fbfb3835,external,"Stefano Pierguidi, LAURI, Filippo, Dizionario Biografico degli Italiani 64 (2005). https://www.treccani.it/enciclopedia/filippo-lauri_(Dizionario-Biografico)/ Accessed 2026-09-11.",,,"Stefano Pierguidi, LAURI, Filippo, Dizionario Biografico degli Italiani 64 (2005). https://www.treccani.it/enciclopedia/filippo-lauri_(Dizionario-Biografico)/ Accessed 2026-09-11.",https://www.treccani.it/enciclopedia/filippo-lauri_(Dizionario-Biografico)/
src-7a0168a410060f60,external,"Wikipedia (en), Fresco, revision 1372789331. https://en.wikipedia.org/wiki/Fresco. Accessed 2026-09-10.",,,"Wikipedia (en), Fresco, revision 1372789331. https://en.wikipedia.org/wiki/Fresco. Accessed 2026-09-10.",https://en.wikipedia.org/wiki/Fresco
src-7a0b3ad7b15f105c,external,"Wikipedia (en), Giacinto Brandi, revision 1365391474. https://en.wikipedia.org/wiki/Giacinto_Brandi. Accessed 2026-09-11.",,,"Wikipedia (en), Giacinto Brandi, revision 1365391474. https://en.wikipedia.org/wiki/Giacinto_Brandi. Accessed 2026-09-11.",https://en.wikipedia.org/wiki/Giacinto_Brandi
src-7a231de085b045c7,external,"Wikipedia (en), The Martyrdom of Saint Matthew (Caravaggio), revision 1362379135. https://en.wikipedia.org/wiki/The_Martyrdom_of_Saint_Matthew_(Caravaggio). Accessed 2026-09-12.",,,"Wikipedia (en), The Martyrdom of Saint Matthew (Caravaggio), revision 1362379135. https://en.wikipedia.org/wiki/The_Martyrdom_of_Saint_Matthew_(Caravaggio). Accessed 2026-09-12.",https://en.wikipedia.org/wiki/The_Martyrdom_of_Saint_Matthew_(Caravaggio)
src-7a24ad299443023f,external,"Ministero della Cultura, Catalogo generale, 1200757776A-1. https://catalogo.beniculturali.it/detail/HistoricOrArtisticProperty/1200757776A-1. Accessed 2026-09-14.",,,"Ministero della Cultura, Catalogo generale, 1200757776A-1. https://catalogo.beniculturali.it/detail/HistoricOrArtisticProperty/1200757776A-1. Accessed 2026-09-14.",https://catalogo.beniculturali.it/detail/HistoricOrArtisticProperty/1200757776A-1
src-7a35b904b2d45232,external,"Ca’ Foscari University of Venice, Who we are. https://www.unive.it/pag/17956/. Accessed 2026-09-15.",,,"Ca’ Foscari University of Venice, Who we are. https://www.unive.it/pag/17956/. Accessed 2026-09-15.",https://www.unive.it/pag/17956/
src-7a3fa990f00ec26a,external,"Wikidata, Q1449, revision 2540418635. https://www.wikidata.org/wiki/Q1449. Accessed 2026-09-10.",,,"Wikidata, Q1449, revision 2540418635. https://www.wikidata.org/wiki/Q1449. Accessed 2026-09-10.",https://www.wikidata.org/wiki/Q1449
src-7a4785dfb96dd6b8,external,"Cambridge University Library, A Journey Around the World Mind (2005), ISBN 0-902205-60-9. https://api.repository.cam.ac.uk/server/api/core/bitstreams/678848c7-a7b2-4a76-a937-ea1bbd5ba59c/content. Accessed 2026-09-14.",,,"Cambridge University Library, A Journey Around the World Mind (2005), ISBN 0-902205-60-9. https://api.repository.cam.ac.uk/server/api/core/bitstreams/678848c7-a7b2-4a76-a937-ea1bbd5ba59c/content. Accessed 2026-09-14.",https://api.repository.cam.ac.uk/server/api/core/bitstreams/678848c7-a7b2-4a76-a937-ea1bbd5ba59c/content
src-7a90364a7bfeb33a,external,"Papal Basilica of Saint Mary Major, The Sistine Chapel. https://www.basilicasantamariamaggiore.va/en/basilica/storia-e-arte/cappelle/sistina.html. Accessed 2026-09-10.",,,"Papal Basilica of Saint Mary Major, The Sistine Chapel. https://www.basilicasantamariamaggiore.va/en/basilica/storia-e-arte/cappelle/sistina.html. Accessed 2026-09-10.",https://www.basilicasantamariamaggiore.va/en/basilica/storia-e-arte/cappelle/sistina.html
src-7aa3b2037a71e984,external,"Wikipedia (en), Cortona, revision 1370060359. https://en.wikipedia.org/wiki/Cortona. Accessed 2026-09-11.",,,"Wikipedia (en), Cortona, revision 1370060359. https://en.wikipedia.org/wiki/Cortona. Accessed 2026-09-11.",https://en.wikipedia.org/wiki/Cortona
src-7ab69eaa400f7880,external,"Wikidata, Q594614, revision 2520426248. https://www.wikidata.org/wiki/Q594614. Accessed 2026-09-10.",,,"Wikidata, Q594614, revision 2520426248. https://www.wikidata.org/wiki/Q594614. Accessed 2026-09-10.",https://www.wikidata.org/wiki/Q594614
src-7acfd7834d5b344c,external,"Wikipedia (en), Jesuits, revision 1373187889. https://en.wikipedia.org/wiki/Jesuits. Accessed 2026-09-10.",,,"Wikipedia (en), Jesuits, revision 1373187889. https://en.wikipedia.org/wiki/Jesuits. Accessed 2026-09-10.",https://en.wikipedia.org/wiki/Jesuits
src-7af843db90735ccd,external,"Wikipedia (en), Sant'Antonino, Piacenza, revision 1341776021. https://en.wikipedia.org/wiki/Sant'Antonino%2C_Piacenza. Accessed 2026-09-10.",,,"Wikipedia (en), Sant'Antonino, Piacenza, revision 1341776021. https://en.wikipedia.org/wiki/Sant'Antonino%2C_Piacenza. Accessed 2026-09-10.",https://en.wikipedia.org/wiki/Sant'Antonino%2C_Piacenza
src-7b17e8cd9f40ec0c,external,"Historic Royal Palaces, William III's apartments. https://www.hrp.org.uk/hampton-court-palace/whats-on/william-iiis-apartments/. Accessed 2026-09-15.",,,"Historic Royal Palaces, William III's apartments. https://www.hrp.org.uk/hampton-court-palace/whats-on/william-iiis-apartments/. Accessed 2026-09-15.",https://www.hrp.org.uk/hampton-court-palace/whats-on/william-iiis-apartments/
src-7b1e53c800dd9650,external,"Wikidata, Q961820, revision 2537485560. https://www.wikidata.org/wiki/Q961820. Accessed 2026-09-10.",,,"Wikidata, Q961820, revision 2537485560. https://www.wikidata.org/wiki/Q961820. Accessed 2026-09-10.",https://www.wikidata.org/wiki/Q961820
src-7b3c8676258142ff,external,"Università di Padova, History. https://www.unipd.it/en/storia. Accessed 2026-09-15.",,,"Università di Padova, History. https://www.unipd.it/en/storia. Accessed 2026-09-15.",https://www.unipd.it/en/storia
src-7b46a6e1484924b4,external,"Wikidata, Q691894, https://www.wikidata.org/wiki/Q691894. Accessed 2026-09-25.",,,"Wikidata, Q691894, https://www.wikidata.org/wiki/Q691894. Accessed 2026-09-25.",https://www.wikidata.org/wiki/Q691894
src-7b4d54f2436674f5,external,"Wikipedia (en), Royal Collections Gallery. https://en.wikipedia.org/wiki/Royal_Collections_Gallery. Accessed 2026-09-13.",,,"Wikipedia (en), Royal Collections Gallery. https://en.wikipedia.org/wiki/Royal_Collections_Gallery. Accessed 2026-09-13.",https://en.wikipedia.org/wiki/Royal_Collections_Gallery
src-7bc2aa31ec080f2e,external,"Wikipedia (en), Kimbell Art Museum. https://en.wikipedia.org/wiki/Kimbell_Art_Museum. Accessed 2026-09-13.",,,"Wikipedia (en), Kimbell Art Museum. https://en.wikipedia.org/wiki/Kimbell_Art_Museum. Accessed 2026-09-13.",https://en.wikipedia.org/wiki/Kimbell_Art_Museum
src-7bf1a25f20c5324d,external,"Wikidata, Q576907, revision 2520938250. https://www.wikidata.org/wiki/Q576907. Accessed 2026-09-10.",,,"Wikidata, Q576907, revision 2520938250. https://www.wikidata.org/wiki/Q576907. Accessed 2026-09-10.",https://www.wikidata.org/wiki/Q576907
src-7bfc6cf5f8ef4c1d,external,"Wikidata Q577248, revision 2388333497. https://www.wikidata.org/wiki/Q577248. Accessed 2026-09-11.",,,"Wikidata Q577248, revision 2388333497. https://www.wikidata.org/wiki/Q577248. Accessed 2026-09-11.",https://www.wikidata.org/wiki/Q577248
src-7bfdf0f3b35167e5,external,"Wikidata, Q1213151, https://www.wikidata.org/wiki/Q1213151. Accessed 2026-09-12.",,,"Wikidata, Q1213151, https://www.wikidata.org/wiki/Q1213151. Accessed 2026-09-12.",https://www.wikidata.org/wiki/Q1213151
src-7c3467186141d7f8,external,"Wikipedia (en), Portrait of Maffeo Barberini, https://en.wikipedia.org/wiki/Portrait_of_Maffeo_Barberini. Accessed 2026-09-25.",,,"Wikipedia (en), Portrait of Maffeo Barberini, https://en.wikipedia.org/wiki/Portrait_of_Maffeo_Barberini. Accessed 2026-09-25.",https://en.wikipedia.org/wiki/Portrait_of_Maffeo_Barberini
src-7c58ffbb58b2afd1,external,"National Gallery, Salvator Rosa, Philosophy, NG4680. https://www.nationalgallery.org.uk/paintings/salvator-rosa-philosophy. Accessed 2026-09-11.",,,"National Gallery, Salvator Rosa, Philosophy, NG4680. https://www.nationalgallery.org.uk/paintings/salvator-rosa-philosophy. Accessed 2026-09-11.",https://www.nationalgallery.org.uk/paintings/salvator-rosa-philosophy
src-7c64146b3812dc6f,external,"Wikidata, Q131579, revision 2539416092. https://www.wikidata.org/wiki/Q131579. Accessed 2026-09-10.",,,"Wikidata, Q131579, revision 2539416092. https://www.wikidata.org/wiki/Q131579. Accessed 2026-09-10.",https://www.wikidata.org/wiki/Q131579
src-7c69873f904b46e3,external,"Wikipedia (en), Guido Reni, revision 1370409975. https://en.wikipedia.org/wiki/Guido_Reni. Accessed 2026-09-11.",,,"Wikipedia (en), Guido Reni, revision 1370409975. https://en.wikipedia.org/wiki/Guido_Reni. Accessed 2026-09-11.",https://en.wikipedia.org/wiki/Guido_Reni
src-7c7d21ad7407c0cd,external,"Wikipedia (en), Piacenza, revision 1371627606. https://en.wikipedia.org/wiki/Piacenza Accessed 2026-09-11.",,,"Wikipedia (en), Piacenza, revision 1371627606. https://en.wikipedia.org/wiki/Piacenza Accessed 2026-09-11.",https://en.wikipedia.org/wiki/Piacenza
src-7c840f8d02d6d174,external,"Wikipedia (en), Claude Lorrain, revision 1373831548. https://en.wikipedia.org/wiki/Claude_Lorrain Accessed 2026-09-11.",,,"Wikipedia (en), Claude Lorrain, revision 1373831548. https://en.wikipedia.org/wiki/Claude_Lorrain Accessed 2026-09-11.",https://en.wikipedia.org/wiki/Claude_Lorrain
src-7c900cfa9d911ca0,external,"Wikidata, Q2419166, https://www.wikidata.org/wiki/Q2419166. Accessed 2026-09-12.",,,"Wikidata, Q2419166, https://www.wikidata.org/wiki/Q2419166. Accessed 2026-09-12.",https://www.wikidata.org/wiki/Q2419166
src-7cb1771532a94e84,external,"Wikipedia (en), Kingdom of Italy, https://en.wikipedia.org/wiki/Kingdom_of_Italy. Accessed 2026-09-25.",,,"Wikipedia (en), Kingdom of Italy, https://en.wikipedia.org/wiki/Kingdom_of_Italy. Accessed 2026-09-25.",https://en.wikipedia.org/wiki/Kingdom_of_Italy
src-7d016e9e073f7309,external,"Wikipedia (en), Frederick III, Holy Roman Emperor, revision 1371534850. https://en.wikipedia.org/wiki/Frederick_III,_Holy_Roman_Emperor Accessed 2026-09-11.",,,"Wikipedia (en), Frederick III, Holy Roman Emperor, revision 1371534850. https://en.wikipedia.org/wiki/Frederick_III,_Holy_Roman_Emperor Accessed 2026-09-11.","https://en.wikipedia.org/wiki/Frederick_III,_Holy_Roman_Emperor"
src-7d3830bc7d35b442,external,"Treccani, Vocabolario on line, dilettante. https://www.treccani.it/vocabolario/dilettante/. Read 2026-09-11.",,,"Treccani, Vocabolario on line, dilettante. https://www.treccani.it/vocabolario/dilettante/. Read 2026-09-11.",https://www.treccani.it/vocabolario/dilettante/
src-7da5e332d8aac6d6,external,"Nationalmuseum, Portrait af Pietro Francesco Mola målande påfvens bild, NMH 554/1863. https://collection.nationalmuseum.se/en/collection/item/82794/. Accessed 2026-09-14.",,,"Nationalmuseum, Portrait af Pietro Francesco Mola målande påfvens bild, NMH 554/1863. https://collection.nationalmuseum.se/en/collection/item/82794/. Accessed 2026-09-14.",https://collection.nationalmuseum.se/en/collection/item/82794/
src-7e39a79e0abddd01,external,"U.S. Copyright Office, Title 17, Chapter 1, sections 107 and 108. https://www.copyright.gov/title17/92chap1.html. Accessed 2026-09-15.",,,"U.S. Copyright Office, Title 17, Chapter 1, sections 107 and 108. https://www.copyright.gov/title17/92chap1.html. Accessed 2026-09-15.",https://www.copyright.gov/title17/92chap1.html
src-7e70e8709bb309bf,external,"Cathédrale Sainte-Réparate de Nice, “La cathédrale Sainte-Réparate.” https://cathedrale-nice.fr/la-cathedrale-sainte-reparate/. Accessed 2026-09-25.",,,"Cathédrale Sainte-Réparate de Nice, “La cathédrale Sainte-Réparate.” https://cathedrale-nice.fr/la-cathedrale-sainte-reparate/. Accessed 2026-09-25.",https://cathedrale-nice.fr/la-cathedrale-sainte-reparate/
src-7e76328aeebc0129,external,"Fabbrica di San Pietro, Gli Archivi della Basilica. https://www.basilicasanpietro.va/it/san-pietro/gli-archivi-della-basilica. Accessed 2026-09-11.",,,"Fabbrica di San Pietro, Gli Archivi della Basilica. https://www.basilicasanpietro.va/it/san-pietro/gli-archivi-della-basilica. Accessed 2026-09-11.",https://www.basilicasanpietro.va/it/san-pietro/gli-archivi-della-basilica
src-7e7c1a4fd93a6be6,external,"Wikipedia (en), Pontifical Academy of Arcadia, revision 1353721591. https://en.wikipedia.org/wiki/Pontifical_Academy_of_Arcadia. Accessed 2026-09-10.",,,"Wikipedia (en), Pontifical Academy of Arcadia, revision 1353721591. https://en.wikipedia.org/wiki/Pontifical_Academy_of_Arcadia. Accessed 2026-09-10.",https://en.wikipedia.org/wiki/Pontifical_Academy_of_Arcadia
src-7e7ceaa0a2a3d394,external,"Wikidata, Q3437, revision 2529587808. https://www.wikidata.org/wiki/Q3437. Accessed 2026-09-10.",,,"Wikidata, Q3437, revision 2529587808. https://www.wikidata.org/wiki/Q3437. Accessed 2026-09-10.",https://www.wikidata.org/wiki/Q3437
src-7edc49039f24d918,external,"A. Bastiaanse, AMEYDEN, Teodoro, Dizionario Biografico degli Italiani, vol. 2 (1960). https://www.treccani.it/enciclopedia/teodoro-ameyden_(Dizionario-Biografico)/. Accessed 2026-09-10.",,,"A. Bastiaanse, AMEYDEN, Teodoro, Dizionario Biografico degli Italiani, vol. 2 (1960). https://www.treccani.it/enciclopedia/teodoro-ameyden_(Dizionario-Biografico)/. Accessed 2026-09-10.",https://www.treccani.it/enciclopedia/teodoro-ameyden_(Dizionario-Biografico)/
src-7eed751e981f45dd,external,"Wikidata Q620030, revision 2542632360. https://www.wikidata.org/wiki/Q620030. Accessed 2026-09-11.",,,"Wikidata Q620030, revision 2542632360. https://www.wikidata.org/wiki/Q620030. Accessed 2026-09-11.",https://www.wikidata.org/wiki/Q620030
src-7f35ace3c9aef61a,external,"Wikipedia (en), Barnabites, revision 1296793176. https://en.wikipedia.org/wiki/Barnabites. Accessed 2026-09-10.",,,"Wikipedia (en), Barnabites, revision 1296793176. https://en.wikipedia.org/wiki/Barnabites. Accessed 2026-09-10.",https://en.wikipedia.org/wiki/Barnabites
src-7f61cbc932f1bb3a,external,"Wikipedia (en), Santa Maria in Vallicella, revision 1362822909. https://en.wikipedia.org/wiki/Santa_Maria_in_Vallicella Accessed 2026-09-11.",,,"Wikipedia (en), Santa Maria in Vallicella, revision 1362822909. https://en.wikipedia.org/wiki/Santa_Maria_in_Vallicella Accessed 2026-09-11.",https://en.wikipedia.org/wiki/Santa_Maria_in_Vallicella
src-7fb1534c2c1805f8,external,"Benedetta Borello, PAMPHILI, Camillo, Dizionario Biografico degli Italiani 80 (2014). https://www.treccani.it/enciclopedia/camillo-pamphili_(Dizionario-Biografico)/. Accessed 2026-09-11.",,,"Benedetta Borello, PAMPHILI, Camillo, Dizionario Biografico degli Italiani 80 (2014). https://www.treccani.it/enciclopedia/camillo-pamphili_(Dizionario-Biografico)/. Accessed 2026-09-11.",https://www.treccani.it/enciclopedia/camillo-pamphili_(Dizionario-Biografico)/
src-7fb98ed161025487,external,"Wikidata, Q749212, revision 2531064076. https://www.wikidata.org/wiki/Q749212. Accessed 2026-09-11.",,,"Wikidata, Q749212, revision 2531064076. https://www.wikidata.org/wiki/Q749212. Accessed 2026-09-11.",https://www.wikidata.org/wiki/Q749212
src-7fde8535eb119b6f,external,"UNESCO World Heritage Centre, The Porticoes of Bologna, property 1650. https://whc.unesco.org/en/list/1650/. Accessed 2026-09-10.",,,"UNESCO World Heritage Centre, The Porticoes of Bologna, property 1650. https://whc.unesco.org/en/list/1650/. Accessed 2026-09-10.",https://whc.unesco.org/en/list/1650/
src-7ff316db7dbb8584,external,"Wikipedia (en), Piacenza, revision 1371627606. https://en.wikipedia.org/wiki/Piacenza. Accessed 2026-09-10.",,,"Wikipedia (en), Piacenza, revision 1371627606. https://en.wikipedia.org/wiki/Piacenza. Accessed 2026-09-10.",https://en.wikipedia.org/wiki/Piacenza
src-7ffc85881958385e,external,"Fondazione Federico Zeri, entry 57026, Barbieri Giovan Francesco, work 58737, https://catalogo.fondazionezeri.unibo.it/entry/work/58737/. Accessed 2026-09-25.",,,"Fondazione Federico Zeri, entry 57026, Barbieri Giovan Francesco, work 58737, https://catalogo.fondazionezeri.unibo.it/entry/work/58737/. Accessed 2026-09-25.",https://catalogo.fondazionezeri.unibo.it/entry/work/58737/
src-80040df91ddc4dd4,external,"Fading Images, Ramsey and Muspratt, Photographers, Cambridge: An analysis of Studio Records from the early years of the firm (1932–1935). https://www.fadingimages.uk/RMCompleteV2.pdf. Accessed 2026-09-14.",,,"Fading Images, Ramsey and Muspratt, Photographers, Cambridge: An analysis of Studio Records from the early years of the firm (1932–1935). https://www.fadingimages.uk/RMCompleteV2.pdf. Accessed 2026-09-14.",https://www.fadingimages.uk/RMCompleteV2.pdf
src-803a7fe8b12405c6,external,"Wikipedia (en), Andrea Carlone, revision 1333272172. https://en.wikipedia.org/w/index.php?title=Andrea_Carlone&oldid=1333272172. Accessed 2026-09-11.",,,"Wikipedia (en), Andrea Carlone, revision 1333272172. https://en.wikipedia.org/w/index.php?title=Andrea_Carlone&oldid=1333272172. Accessed 2026-09-11.",https://en.wikipedia.org/w/index.php?title=Andrea_Carlone&oldid=1333272172
src-8045aeb3d6fabd3c,external,"Wikipedia (en), Rest on the Flight into Egypt (Caravaggio), revision 1361376243. https://en.wikipedia.org/wiki/Rest_on_the_Flight_into_Egypt_(Caravaggio). Accessed 2026-09-12.",,,"Wikipedia (en), Rest on the Flight into Egypt (Caravaggio), revision 1361376243. https://en.wikipedia.org/wiki/Rest_on_the_Flight_into_Egypt_(Caravaggio). Accessed 2026-09-12.",https://en.wikipedia.org/wiki/Rest_on_the_Flight_into_Egypt_(Caravaggio)
src-806c2b03b6ff459b,external,"Wikipedia (en), House of Borghese, revision 1364121370. https://en.wikipedia.org/w/index.php?oldid=1364121370. Accessed 2026-09-10.",,,"Wikipedia (en), House of Borghese, revision 1364121370. https://en.wikipedia.org/w/index.php?oldid=1364121370. Accessed 2026-09-10.",https://en.wikipedia.org/w/index.php?oldid=1364121370
src-80dc853158ce7dd9,external,"Wikidata, Q1460, revision 2535583020. https://www.wikidata.org/wiki/Q1460. Accessed 2026-09-11.",,,"Wikidata, Q1460, revision 2535583020. https://www.wikidata.org/wiki/Q1460. Accessed 2026-09-11.",https://www.wikidata.org/wiki/Q1460
src-80eb25a8329ae229,external,"Columbia University Libraries, Rudolf Wittkower papers, NYCR89-A956. https://www.columbia.edu/cu/libraries/inside/projects/findingaids/scans/pdfs/48_WIEN-WIT_21.pdf. Accessed 2026-09-15.",,,"Columbia University Libraries, Rudolf Wittkower papers, NYCR89-A956. https://www.columbia.edu/cu/libraries/inside/projects/findingaids/scans/pdfs/48_WIEN-WIT_21.pdf. Accessed 2026-09-15.",https://www.columbia.edu/cu/libraries/inside/projects/findingaids/scans/pdfs/48_WIEN-WIT_21.pdf
src-80f2221c550c7cae,external,"Curia Generalis Fratrum Minorum Capuccinorum, L’histoire des Capucins. https://www.ofmcap.org/fr/lhistoire-des-capucins/ . Accessed 2026-09-10.",,,"Curia Generalis Fratrum Minorum Capuccinorum, L’histoire des Capucins. https://www.ofmcap.org/fr/lhistoire-des-capucins/ . Accessed 2026-09-10.",https://www.ofmcap.org/fr/lhistoire-des-capucins/
src-816c814462697cb8,external,"Sandra Vasco, CAMASSEI, Andrea, Dizionario Biografico degli Italiani 17 (1974). https://www.treccani.it/enciclopedia/andrea-camassei_(Dizionario-Biografico)/. Accessed 2026-09-11.",,,"Sandra Vasco, CAMASSEI, Andrea, Dizionario Biografico degli Italiani 17 (1974). https://www.treccani.it/enciclopedia/andrea-camassei_(Dizionario-Biografico)/. Accessed 2026-09-11.",https://www.treccani.it/enciclopedia/andrea-camassei_(Dizionario-Biografico)/
src-81f1eb25f30d808e,external,"Treccani, Dizionario Biografico degli Italiani, Giacomo Rospigliosi. https://www.treccani.it/enciclopedia/giacomo-rospigliosi_(Dizionario-Biografico)/. Accessed 2026-09-25.",,,"Treccani, Dizionario Biografico degli Italiani, Giacomo Rospigliosi. https://www.treccani.it/enciclopedia/giacomo-rospigliosi_(Dizionario-Biografico)/. Accessed 2026-09-25.",https://www.treccani.it/enciclopedia/giacomo-rospigliosi_(Dizionario-Biografico)/
src-81f8e74aa9c87749,external,"Paolo Salciarini, with Anna Radicchi, Guida alla Basilica: Santuario di Sant'Ubaldo, 4th reprint (February 2015). https://www.eugubininelmondo.com/public/GuidaBasilica2015.pdf Accessed 2026-09-25.",,,"Paolo Salciarini, with Anna Radicchi, Guida alla Basilica: Santuario di Sant'Ubaldo, 4th reprint (February 2015). https://www.eugubininelmondo.com/public/GuidaBasilica2015.pdf Accessed 2026-09-25.",https://www.eugubininelmondo.com/public/GuidaBasilica2015.pdf
src-81fa6a22c94aaef4,external,"Wikipedia (en), Naples Cathedral, revision 1367241929. https://en.wikipedia.org/wiki/Naples_Cathedral Accessed 2026-09-11.",,,"Wikipedia (en), Naples Cathedral, revision 1367241929. https://en.wikipedia.org/wiki/Naples_Cathedral Accessed 2026-09-11.",https://en.wikipedia.org/wiki/Naples_Cathedral
src-82054e2a137ab8e7,external,"Salvador Miranda, PIO, iuniore, Carlo (1622–1689), The Cardinals of the Holy Roman Church. https://cardinals.fiu.edu/bios1654.htm. Accessed 2026-09-11.",,,"Salvador Miranda, PIO, iuniore, Carlo (1622–1689), The Cardinals of the Holy Roman Church. https://cardinals.fiu.edu/bios1654.htm. Accessed 2026-09-11.",https://cardinals.fiu.edu/bios1654.htm
src-826789b0ee68ff38,external,"Wikipedia (en), Titian, revision 1374153957. https://en.wikipedia.org/wiki/Titian. Accessed 2026-09-11.",,,"Wikipedia (en), Titian, revision 1374153957. https://en.wikipedia.org/wiki/Titian. Accessed 2026-09-11.",https://en.wikipedia.org/wiki/Titian
src-8268c468c968d201,external,"Wikidata, Q2296068, revision 2526953509. https://www.wikidata.org/wiki/Q2296068. Accessed 2026-09-25.",,,"Wikidata, Q2296068, revision 2526953509. https://www.wikidata.org/wiki/Q2296068. Accessed 2026-09-25.",https://www.wikidata.org/wiki/Q2296068
src-8296a4232e5ee36e,external,"Treccani, “GHEZZI, Pier Leone”, Dizionario Biografico degli Italiani 53 (2000). https://www.treccani.it/enciclopedia/pier-leone-ghezzi_(Dizionario-Biografico)/. Accessed 2026-09-11.",,,"Treccani, “GHEZZI, Pier Leone”, Dizionario Biografico degli Italiani 53 (2000). https://www.treccani.it/enciclopedia/pier-leone-ghezzi_(Dizionario-Biografico)/. Accessed 2026-09-11.",https://www.treccani.it/enciclopedia/pier-leone-ghezzi_(Dizionario-Biografico)/
src-829871f21bcce565,external,"Carmen C. Bambach, Design for a Freestanding Tomb Seen in Elevation and Plan, Metropolitan Museum of Art, 2009, revised 2014. https://www.metmuseum.org/art/collection/search/336013 . Accessed 2026-09-10.",,,"Carmen C. Bambach, Design for a Freestanding Tomb Seen in Elevation and Plan, Metropolitan Museum of Art, 2009, revised 2014. https://www.metmuseum.org/art/collection/search/336013 . Accessed 2026-09-10.",https://www.metmuseum.org/art/collection/search/336013
src-82a4da9b85f88014,external,"Valerio Castronovo, BORGHESE CAFFARELLI, Scipione, Dizionario Biografico degli Italiani 12 (1971). https://www.treccani.it/enciclopedia/scipione-borghese-caffarelli_(Dizionario-Biografico)/. Accessed 2026-09-10.",,,"Valerio Castronovo, BORGHESE CAFFARELLI, Scipione, Dizionario Biografico degli Italiani 12 (1971). https://www.treccani.it/enciclopedia/scipione-borghese-caffarelli_(Dizionario-Biografico)/. Accessed 2026-09-10.",https://www.treccani.it/enciclopedia/scipione-borghese-caffarelli_(Dizionario-Biografico)/
src-82bb27c46381f789,external,"Wikidata, Q160236. https://www.wikidata.org/wiki/Q160236. Accessed 2026-09-13.",,,"Wikidata, Q160236. https://www.wikidata.org/wiki/Q160236. Accessed 2026-09-13.",https://www.wikidata.org/wiki/Q160236
src-82f0f8eb6172c676,external,"Wikidata, Q591644, revision 2506322950. https://www.wikidata.org/wiki/Q591644. Accessed 2026-09-10.",,,"Wikidata, Q591644, revision 2506322950. https://www.wikidata.org/wiki/Q591644. Accessed 2026-09-10.",https://www.wikidata.org/wiki/Q591644
src-82f8db69921725aa,external,"Utpictura18, Le massacre des Innocents - Poussin, notice 007109. https://utpictura18.univ-amu.fr/notice/7109-massacre-innocents-poussin. Accessed 2026-09-11.",,,"Utpictura18, Le massacre des Innocents - Poussin, notice 007109. https://utpictura18.univ-amu.fr/notice/7109-massacre-innocents-poussin. Accessed 2026-09-11.",https://utpictura18.univ-amu.fr/notice/7109-massacre-innocents-poussin
src-8310851b2714e3cd,external,"Wikipedia (en), Aldobrandini family, revision 1351777745. https://en.wikipedia.org/w/index.php?oldid=1351777745. Accessed 2026-09-10.",,,"Wikipedia (en), Aldobrandini family, revision 1351777745. https://en.wikipedia.org/w/index.php?oldid=1351777745. Accessed 2026-09-10.",https://en.wikipedia.org/w/index.php?oldid=1351777745
src-832cb8fa96d01e16,external,"Wikipedia (en), Michelangelo, revision 1373115839. https://en.wikipedia.org/wiki/Michelangelo Accessed 2026-09-11.",,,"Wikipedia (en), Michelangelo, revision 1373115839. https://en.wikipedia.org/wiki/Michelangelo Accessed 2026-09-11.",https://en.wikipedia.org/wiki/Michelangelo
src-832e86f8c8e79895,external,"The Metropolitan Museum of Art, ""Guercino,"" publication record for William M. Griswold, The Metropolitan Museum of Art Bulletin 48, no. 4 (Spring 1991). https://www.metmuseum.org/it/met-publications/guercino-the-metropolitan-museum-of-art-bulletin-v-48-no-4-spring-1991. Accessed 2026-09-09.",,,"The Metropolitan Museum of Art, ""Guercino,"" publication record for William M. Griswold, The Metropolitan Museum of Art Bulletin 48, no. 4 (Spring 1991). https://www.metmuseum.org/it/met-publications/guercino-the-metropolitan-museum-of-art-bulletin-v-48-no-4-spring-1991. Accessed 2026-09-09.",https://www.metmuseum.org/it/met-publications/guercino-the-metropolitan-museum-of-art-bulletin-v-48-no-4-spring-1991
src-834fe8c56b70eb30,external,"Getty AAT 300178241, devotional images (religious works). https://www.getty.edu/vow/AATFullDisplay?subjectid=300178241. Accessed 2026-09-11.",,,"Getty AAT 300178241, devotional images (religious works). https://www.getty.edu/vow/AATFullDisplay?subjectid=300178241. Accessed 2026-09-11.",https://www.getty.edu/vow/AATFullDisplay?subjectid=300178241
src-836ba60ba24aab94,external,"Wikipedia (en), Parma, revision 1373651151. https://en.wikipedia.org/wiki/Parma. Accessed 2026-09-10.",,,"Wikipedia (en), Parma, revision 1373651151. https://en.wikipedia.org/wiki/Parma. Accessed 2026-09-10.",https://en.wikipedia.org/wiki/Parma
src-838f64b669c1be5d,external,"Louvre, “Portrait du cardinal Scipion Borghèse,” INV 3311 recto. https://collections.louvre.fr/ark:/53355/cl020100515. Accessed 2026-09-25.",,,"Louvre, “Portrait du cardinal Scipion Borghèse,” INV 3311 recto. https://collections.louvre.fr/ark:/53355/cl020100515. Accessed 2026-09-25.",https://collections.louvre.fr/ark:/53355/cl020100515
src-83e534e666e3d008,external,"Wikipedia (en), Regional Museum of Messina. https://en.wikipedia.org/wiki/Regional_Museum_of_Messina. Accessed 2026-09-13.",,,"Wikipedia (en), Regional Museum of Messina. https://en.wikipedia.org/wiki/Regional_Museum_of_Messina. Accessed 2026-09-13.",https://en.wikipedia.org/wiki/Regional_Museum_of_Messina
src-8403aa757a38787a,external,"Treccani, Volterrano, Baldassarre Franceschini detto il, Enciclopedia on line. https://www.treccani.it/enciclopedia/baldassarre-franceschini-detto-il-volterrano/. Accessed 2026-09-15.",,,"Treccani, Volterrano, Baldassarre Franceschini detto il, Enciclopedia on line. https://www.treccani.it/enciclopedia/baldassarre-franceschini-detto-il-volterrano/. Accessed 2026-09-15.",https://www.treccani.it/enciclopedia/baldassarre-franceschini-detto-il-volterrano/
src-840842cccccd90a7,external,"Wikidata, Q1132479, https://www.wikidata.org/wiki/Q1132479. Accessed 2026-09-12.",,,"Wikidata, Q1132479, https://www.wikidata.org/wiki/Q1132479. Accessed 2026-09-12.",https://www.wikidata.org/wiki/Q1132479
src-84283f11795b69f9,external,"Wikidata, Q2337873, https://www.wikidata.org/wiki/Q2337873. Accessed 2026-09-12.",,,"Wikidata, Q2337873, https://www.wikidata.org/wiki/Q2337873. Accessed 2026-09-12.",https://www.wikidata.org/wiki/Q2337873
src-8434c4f664c92d37,external,"Galleria Borghese, La raccolta di Scipione Borghese. https://www.collezionegalleriaborghese.it/. Accessed 2026-09-10.",,,"Galleria Borghese, La raccolta di Scipione Borghese. https://www.collezionegalleriaborghese.it/. Accessed 2026-09-10.",https://www.collezionegalleriaborghese.it/
src-845155a315ec0e3e,external,"Wikidata, Q2448678, revision 2505207429. https://www.wikidata.org/wiki/Q2448678. Accessed 2026-09-10.",,,"Wikidata, Q2448678, revision 2505207429. https://www.wikidata.org/wiki/Q2448678. Accessed 2026-09-10.",https://www.wikidata.org/wiki/Q2448678
src-8466e8d4ee2dbce5,external,"Wikipedia (en), Thyssen-Bornemisza Museum. https://en.wikipedia.org/wiki/Thyssen-Bornemisza_Museum. Accessed 2026-09-13.",,,"Wikipedia (en), Thyssen-Bornemisza Museum. https://en.wikipedia.org/wiki/Thyssen-Bornemisza_Museum. Accessed 2026-09-13.",https://en.wikipedia.org/wiki/Thyssen-Bornemisza_Museum
src-84b71ee8f3a28abe,external,"Wikidata, Q1441035, revision 2297348905. https://www.wikidata.org/wiki/Q1441035. Accessed 2026-09-10.",,,"Wikidata, Q1441035, revision 2297348905. https://www.wikidata.org/wiki/Q1441035. Accessed 2026-09-10.",https://www.wikidata.org/wiki/Q1441035
src-84be3f7476e2734a,external,"Wikidata, Q1384461, revision 2541731400. https://www.wikidata.org/wiki/Q1384461. Accessed 2026-09-14.",,,"Wikidata, Q1384461, revision 2541731400. https://www.wikidata.org/wiki/Q1384461. Accessed 2026-09-14.",https://www.wikidata.org/wiki/Q1384461
src-84df0b4c3d277180,external,"Gabriele Finaldi and Michael Kitson, Discovering the Italian Baroque: The Denis Mahon Collection (London, 1997), cat.70, p.148. https://www.sirdenismahonfoundation.com/wp-content/uploads/2021/10/DISCOVERING_THE_ITALIAN_BAROQUE_LOW.pdf. Accessed 2026-09-11.",,,"Gabriele Finaldi and Michael Kitson, Discovering the Italian Baroque: The Denis Mahon Collection (London, 1997), cat.70, p.148. https://www.sirdenismahonfoundation.com/wp-content/uploads/2021/10/DISCOVERING_THE_ITALIAN_BAROQUE_LOW.pdf. Accessed 2026-09-11.",https://www.sirdenismahonfoundation.com/wp-content/uploads/2021/10/DISCOVERING_THE_ITALIAN_BAROQUE_LOW.pdf
src-85065cd13eebe535,external,"Alma Mater Studiorum Università di Bologna, “La nascita di una collezione. Gli Hercolani di Bologna (1718–1773),” repository record. https://cris.unibo.it/handle/11585/858533. Accessed 2026-09-25.",,,"Alma Mater Studiorum Università di Bologna, “La nascita di una collezione. Gli Hercolani di Bologna (1718–1773),” repository record. https://cris.unibo.it/handle/11585/858533. Accessed 2026-09-25.",https://cris.unibo.it/handle/11585/858533
src-851aa02e728daa62,external,"Catalogo generale dei Beni Culturali, “Il trionfo di Cristo sulla morte,” catalog code 0800158480. https://catalogo.beniculturali.it/detail/HistoricOrArtisticProperty/0800158480. Accessed 2026-09-11.",,,"Catalogo generale dei Beni Culturali, “Il trionfo di Cristo sulla morte,” catalog code 0800158480. https://catalogo.beniculturali.it/detail/HistoricOrArtisticProperty/0800158480. Accessed 2026-09-11.",https://catalogo.beniculturali.it/detail/HistoricOrArtisticProperty/0800158480
src-851d7b800824ddb1,external,"Franca Franchini Guelfi, “FANELLI, Francesco,” Dizionario Biografico degli Italiani, vol. 44 (1994), Treccani. https://www.treccani.it/enciclopedia/francesco-fanelli_%28Dizionario-Biografico%29/ . Accessed 2026-09-25.",,,"Franca Franchini Guelfi, “FANELLI, Francesco,” Dizionario Biografico degli Italiani, vol. 44 (1994), Treccani. https://www.treccani.it/enciclopedia/francesco-fanelli_%28Dizionario-Biografico%29/ . Accessed 2026-09-25.",https://www.treccani.it/enciclopedia/francesco-fanelli_%28Dizionario-Biografico%29/
src-851e57eb67f4e43e,external,"Wikipedia (en), Italy, https://en.wikipedia.org/wiki/Italy. Accessed 2026-09-25.",,,"Wikipedia (en), Italy, https://en.wikipedia.org/wiki/Italy. Accessed 2026-09-25.",https://en.wikipedia.org/wiki/Italy
src-853e1fd2369d9b7f,external,"Wikidata Q279, revision 2537373212. https://www.wikidata.org/wiki/Q279. Accessed 2026-09-11.",,,"Wikidata Q279, revision 2537373212. https://www.wikidata.org/wiki/Q279. Accessed 2026-09-11.",https://www.wikidata.org/wiki/Q279
src-85a3c9a8e71324c4,external,"Luigi Salerno, I dipinti del Guercino (Rome: Ugo Bozzi, 1988), p. 403, no. 344.",,,"Luigi Salerno, I dipinti del Guercino (Rome: Ugo Bozzi, 1988), p. 403, no. 344.",
src-85ed34e6bf26e695,external,Collection or site authority record. https://www.nationalgallery.ie/art-and-artists/exhibitions/past-exhibitions/caravaggio-25-years-display/caravaggios-taking-0. Accessed 2026-09-12.,,,Collection or site authority record. https://www.nationalgallery.ie/art-and-artists/exhibitions/past-exhibitions/caravaggio-25-years-display/caravaggios-taking-0. Accessed 2026-09-12.,https://www.nationalgallery.ie/art-and-artists/exhibitions/past-exhibitions/caravaggio-25-years-display/caravaggios-taking-0
src-85ff7ada68d2f43b,external,"Fraternità Monastiche di Gerusalemme, San Sebastiano al Palatino. https://sansebastiano.fraternita-gerusalemme.it/home. Accessed 2026-09-11.",,,"Fraternità Monastiche di Gerusalemme, San Sebastiano al Palatino. https://sansebastiano.fraternita-gerusalemme.it/home. Accessed 2026-09-11.",https://sansebastiano.fraternita-gerusalemme.it/home
src-8636239deaed0e65,external,"Wikidata, Q2270291, https://www.wikidata.org/wiki/Q2270291. Accessed 2026-09-12.",,,"Wikidata, Q2270291, https://www.wikidata.org/wiki/Q2270291. Accessed 2026-09-12.",https://www.wikidata.org/wiki/Q2270291
src-86942b1b0595ae40,external,"Pier Ludovico Puddu, “Ritratto di Giulio Sacchetti”, Galleria Borghese online catalogue, July2022, inv.608. https://www.collezionegalleriaborghese.it/opere/ritratto-di-giulio-sacchetti. Accessed2026-09-11.",,,"Pier Ludovico Puddu, “Ritratto di Giulio Sacchetti”, Galleria Borghese online catalogue, July2022, inv.608. https://www.collezionegalleriaborghese.it/opere/ritratto-di-giulio-sacchetti. Accessed2026-09-11.",https://www.collezionegalleriaborghese.it/opere/ritratto-di-giulio-sacchetti
src-86a42c6a89bdbc3c,external,"Paolo Alei and Max Grossman, Building Family Identity: The Orsini Castle of Bracciano from Fiefdom to Duchy (1470–1698), publisher preview. https://api.pageplace.de/preview/DT0400.9781788740111_A47311010/preview-9781788740111_A47311010.pdf. Accessed 2026-09-25.",,,"Paolo Alei and Max Grossman, Building Family Identity: The Orsini Castle of Bracciano from Fiefdom to Duchy (1470–1698), publisher preview. https://api.pageplace.de/preview/DT0400.9781788740111_A47311010/preview-9781788740111_A47311010.pdf. Accessed 2026-09-25.",https://api.pageplace.de/preview/DT0400.9781788740111_A47311010/preview-9781788740111_A47311010.pdf
src-86b426b598909779,external,"Wikidata, Q468632, revision 2542643381. https://www.wikidata.org/wiki/Q468632. Accessed 2026-09-10.",,,"Wikidata, Q468632, revision 2542643381. https://www.wikidata.org/wiki/Q468632. Accessed 2026-09-10.",https://www.wikidata.org/wiki/Q468632
src-86c5823bfdafd4e7,external,"Paola Costa Calcagno, 'CARLONE, Giovanni Andrea,' Dizionario Biografico degli Italiani 20 (1977). https://www.treccani.it/enciclopedia/giovanni-andrea-carlone_(Dizionario-Biografico)/ Accessed 2026-09-11.",,,"Paola Costa Calcagno, 'CARLONE, Giovanni Andrea,' Dizionario Biografico degli Italiani 20 (1977). https://www.treccani.it/enciclopedia/giovanni-andrea-carlone_(Dizionario-Biografico)/ Accessed 2026-09-11.",https://www.treccani.it/enciclopedia/giovanni-andrea-carlone_(Dizionario-Biografico)/
src-86ecb76f1e1db909,external,"National Gallery of Art, ""Giovanni Lanfranco."" https://www.nga.gov/artists/2608-giovanni-lanfranco. Accessed 2026-09-09.",,,"National Gallery of Art, ""Giovanni Lanfranco."" https://www.nga.gov/artists/2608-giovanni-lanfranco. Accessed 2026-09-09.",https://www.nga.gov/artists/2608-giovanni-lanfranco
src-86f9923ecf10d343,external,"Wikidata, Q719794, revision 2529570842. https://www.wikidata.org/wiki/Q719794. Accessed 2026-09-10.",,,"Wikidata, Q719794, revision 2529570842. https://www.wikidata.org/wiki/Q719794. Accessed 2026-09-10.",https://www.wikidata.org/wiki/Q719794
src-872036720109ecdc,external,"Wikipedia (en), Theatines, revision 1363081357. https://en.wikipedia.org/wiki/Theatines. Accessed 2026-09-10.",,,"Wikipedia (en), Theatines, revision 1363081357. https://en.wikipedia.org/wiki/Theatines. Accessed 2026-09-10.",https://en.wikipedia.org/wiki/Theatines
src-876e328c28cb7c05,external,"Wikidata, Q52937, revision 2522239786. https://www.wikidata.org/wiki/Q52937. Accessed 2026-09-10.",,,"Wikidata, Q52937, revision 2522239786. https://www.wikidata.org/wiki/Q52937. Accessed 2026-09-10.",https://www.wikidata.org/wiki/Q52937
src-87a18300510f9e7d,external,"Royal Collection Trust, RCIN 421279, Charles-François Poerson (1653–1725). https://www.rct.uk/collection/421279/charles-francois-poerson-1653-1725-0. Accessed 2026-09-14.",,,"Royal Collection Trust, RCIN 421279, Charles-François Poerson (1653–1725). https://www.rct.uk/collection/421279/charles-francois-poerson-1653-1725-0. Accessed 2026-09-14.",https://www.rct.uk/collection/421279/charles-francois-poerson-1653-1725-0
src-87a4e256ad59fbb3,external,"Wikidata, Q2270778, https://www.wikidata.org/wiki/Q2270778. Accessed 2026-09-12.",,,"Wikidata, Q2270778, https://www.wikidata.org/wiki/Q2270778. Accessed 2026-09-12.",https://www.wikidata.org/wiki/Q2270778
src-87a82f18217bcff9,external,"Fondazione Musei Civici di Venezia, Le Sale Neoclassiche e la Collezione canoviana del Museo Correr. https://correr.visitmuve.it/wp-content/uploads/sites/3/2026/01/DOWNLOADS-Collezione-Canoviana-del-Museo-Correr-ITA-2020.pdf. Accessed 2026-09-14.",,,"Fondazione Musei Civici di Venezia, Le Sale Neoclassiche e la Collezione canoviana del Museo Correr. https://correr.visitmuve.it/wp-content/uploads/sites/3/2026/01/DOWNLOADS-Collezione-Canoviana-del-Museo-Correr-ITA-2020.pdf. Accessed 2026-09-14.",https://correr.visitmuve.it/wp-content/uploads/sites/3/2026/01/DOWNLOADS-Collezione-Canoviana-del-Museo-Correr-ITA-2020.pdf
src-87a87cd4242a2a7d,external,"Wikidata, Q3670706, https://www.wikidata.org/wiki/Q3670706. Accessed 2026-09-25.",,,"Wikidata, Q3670706, https://www.wikidata.org/wiki/Q3670706. Accessed 2026-09-25.",https://www.wikidata.org/wiki/Q3670706
src-87aee525cbc6142c,external,Collection or site authority record. https://collections.louvre.fr/ark:/53355/cl010062329. Accessed 2026-09-12.,,,Collection or site authority record. https://collections.louvre.fr/ark:/53355/cl010062329. Accessed 2026-09-12.,https://collections.louvre.fr/ark:/53355/cl010062329
src-87b8f9107a83d362,external,"Wikidata, Q766487, revision 2445400234. https://www.wikidata.org/wiki/Q766487. Accessed 2026-09-10.",,,"Wikidata, Q766487, revision 2445400234. https://www.wikidata.org/wiki/Q766487. Accessed 2026-09-10.",https://www.wikidata.org/wiki/Q766487
src-87bb5a1ddae4f846,external,"Annalisa Scarpa, RICCI, Marco, DBI 87 (2016). https://www.treccani.it/enciclopedia/marco-ricci_(Dizionario-Biografico)/. Accessed 2026-09-15.",,,"Annalisa Scarpa, RICCI, Marco, DBI 87 (2016). https://www.treccani.it/enciclopedia/marco-ricci_(Dizionario-Biografico)/. Accessed 2026-09-15.",https://www.treccani.it/enciclopedia/marco-ricci_(Dizionario-Biografico)/
src-87e1990aff2d21c5,external,"Wikipedia (en), Knights Hospitaller. https://en.wikipedia.org/wiki/Knights_Hospitaller. Accessed 2026-09-13.",,,"Wikipedia (en), Knights Hospitaller. https://en.wikipedia.org/wiki/Knights_Hospitaller. Accessed 2026-09-13.",https://en.wikipedia.org/wiki/Knights_Hospitaller
src-87f0b200f6301092,external,"Wikidata, Q599744, revision 2521125466. https://www.wikidata.org/wiki/Q599744. Accessed 2026-09-10.",,,"Wikidata, Q599744, revision 2521125466. https://www.wikidata.org/wiki/Q599744. Accessed 2026-09-10.",https://www.wikidata.org/wiki/Q599744
src-87fa7434acc19fdd,external,"Wikidata, Q1459037. https://www.wikidata.org/wiki/Q1459037. Accessed 2026-09-13.",,,"Wikidata, Q1459037. https://www.wikidata.org/wiki/Q1459037. Accessed 2026-09-13.",https://www.wikidata.org/wiki/Q1459037
src-87fceb8dfd7972ce,external,"Wikipedia (en), Salvator Rosa, revision 1370459061. https://en.wikipedia.org/wiki/Salvator_Rosa. Accessed 2026-09-10.",,,"Wikipedia (en), Salvator Rosa, revision 1370459061. https://en.wikipedia.org/wiki/Salvator_Rosa. Accessed 2026-09-10.",https://en.wikipedia.org/wiki/Salvator_Rosa
src-8820c848dc9c6f16,external,"Wikidata, Q3894101, revision 2513852338. https://www.wikidata.org/wiki/Q3894101. Accessed 2026-09-11.",,,"Wikidata, Q3894101, revision 2513852338. https://www.wikidata.org/wiki/Q3894101. Accessed 2026-09-11.",https://www.wikidata.org/wiki/Q3894101
src-884a5451c5a7ba4e,external,"Wikipedia (en), Guillaume Courtois, revision 1365392920. https://en.wikipedia.org/wiki/Guillaume_Courtois. Accessed 2026-09-11.",,,"Wikipedia (en), Guillaume Courtois, revision 1365392920. https://en.wikipedia.org/wiki/Guillaume_Courtois. Accessed 2026-09-11.",https://en.wikipedia.org/wiki/Guillaume_Courtois
src-885b7a01c47ae079,external,"Wikipedia (en), 'Basilica of Sant'Ubaldo, Gubbio,' revision 1324716422. https://en.wikipedia.org/wiki/Basilica_of_Sant'Ubaldo,_Gubbio Accessed 2026-09-25.",,,"Wikipedia (en), 'Basilica of Sant'Ubaldo, Gubbio,' revision 1324716422. https://en.wikipedia.org/wiki/Basilica_of_Sant'Ubaldo,_Gubbio Accessed 2026-09-25.","https://en.wikipedia.org/wiki/Basilica_of_Sant'Ubaldo,_Gubbio"
src-887142b9018f546e,external,"Wikipedia (en), Gaspar Méndez de Haro, 7th Marquess of Carpio, revision 1366799291. https://en.wikipedia.org/wiki/Gaspar_Méndez_de_Haro,_7th_Marquess_of_Carpio Accessed 2026-09-11.",,,"Wikipedia (en), Gaspar Méndez de Haro, 7th Marquess of Carpio, revision 1366799291. https://en.wikipedia.org/wiki/Gaspar_Méndez_de_Haro,_7th_Marquess_of_Carpio Accessed 2026-09-11.","https://en.wikipedia.org/wiki/Gaspar_Méndez_de_Haro,_7th_Marquess_of_Carpio"
src-88da5069261a4f27,external,"Wikidata, Q787605, revision 2387862877. https://www.wikidata.org/wiki/Q787605. Accessed 2026-09-10.",,,"Wikidata, Q787605, revision 2387862877. https://www.wikidata.org/wiki/Q787605. Accessed 2026-09-10.",https://www.wikidata.org/wiki/Q787605
src-88defb079473d30b,external,"Galleria Spada, Cerquozzi – La rivolta di Masaniello. https://galleriaspada.cultura.gov.it/capolavori/esplora-le-sale/sala-iv/cerquozzi-la-rivolta-di-masaniello/. Accessed 2026-09-14.",,,"Galleria Spada, Cerquozzi – La rivolta di Masaniello. https://galleriaspada.cultura.gov.it/capolavori/esplora-le-sale/sala-iv/cerquozzi-la-rivolta-di-masaniello/. Accessed 2026-09-14.",https://galleriaspada.cultura.gov.it/capolavori/esplora-le-sale/sala-iv/cerquozzi-la-rivolta-di-masaniello/
src-88ebdcb50290504a,external,"Wikidata, Q185030, revision 2539088863. https://www.wikidata.org/wiki/Q185030. Accessed 2026-09-10.",,,"Wikidata, Q185030, revision 2539088863. https://www.wikidata.org/wiki/Q185030. Accessed 2026-09-10.",https://www.wikidata.org/wiki/Q185030
src-898fe613e2ac88fb,external,"Wikipedia (it), Pinacoteca vaticana, revision 150405010. https://it.wikipedia.org/wiki/Pinacoteca_vaticana. Accessed 2026-09-11.",,,"Wikipedia (it), Pinacoteca vaticana, revision 150405010. https://it.wikipedia.org/wiki/Pinacoteca_vaticana. Accessed 2026-09-11.",https://it.wikipedia.org/wiki/Pinacoteca_vaticana
src-89e61b42c76bc917,external,"Wikipedia (en), Odesa Museum of Western and Eastern Art. https://en.wikipedia.org/wiki/Odesa_Museum_of_Western_and_Eastern_Art. Accessed 2026-09-13.",,,"Wikipedia (en), Odesa Museum of Western and Eastern Art. https://en.wikipedia.org/wiki/Odesa_Museum_of_Western_and_Eastern_Art. Accessed 2026-09-13.",https://en.wikipedia.org/wiki/Odesa_Museum_of_Western_and_Eastern_Art
src-8a12750565cdc6f8,external,"Wikipedia (it), Pietro Bernini, revision 151895804. https://it.wikipedia.org/wiki/Pietro_Bernini. Accessed 2026-09-25.",,,"Wikipedia (it), Pietro Bernini, revision 151895804. https://it.wikipedia.org/wiki/Pietro_Bernini. Accessed 2026-09-25.",https://it.wikipedia.org/wiki/Pietro_Bernini
src-8a1bb85e3ad9ab86,external,Collection or site authority record. https://www.stjohnscocathedral.com/the-co-cathedral/caravaggio/. Accessed 2026-09-12.,,,Collection or site authority record. https://www.stjohnscocathedral.com/the-co-cathedral/caravaggio/. Accessed 2026-09-12.,https://www.stjohnscocathedral.com/the-co-cathedral/caravaggio/
src-8a2aba0dcfccb875,external,"Antonella Sacconi, FALDONI (Faldon), Giovanni Antonio, DBI 44 (1994). https://www.treccani.it/enciclopedia/giovanni-antonio-faldoni_(Dizionario-Biografico)/. Accessed 2026-09-15.",,,"Antonella Sacconi, FALDONI (Faldon), Giovanni Antonio, DBI 44 (1994). https://www.treccani.it/enciclopedia/giovanni-antonio-faldoni_(Dizionario-Biografico)/. Accessed 2026-09-15.",https://www.treccani.it/enciclopedia/giovanni-antonio-faldoni_(Dizionario-Biografico)/
src-8a572213b0fa20b4,external,"Wikipedia (en), Giuseppe Bonati, revision 1365391430. https://en.wikipedia.org/wiki/Giuseppe_Bonati. Read 2026-09-11.",,,"Wikipedia (en), Giuseppe Bonati, revision 1365391430. https://en.wikipedia.org/wiki/Giuseppe_Bonati. Read 2026-09-11.",https://en.wikipedia.org/wiki/Giuseppe_Bonati
src-8a9dea3e22d2ce64,external,"Wikidata, Q2935138, revision 2526528022. https://www.wikidata.org/wiki/Q2935138. Accessed 2026-09-10.",,,"Wikidata, Q2935138, revision 2526528022. https://www.wikidata.org/wiki/Q2935138. Accessed 2026-09-10.",https://www.wikidata.org/wiki/Q2935138
src-8ac3f18b520856cd,external,Wikidata Q87700122. https://www.wikidata.org/wiki/Q87700122. Accessed 2026-09-11.,,,Wikidata Q87700122. https://www.wikidata.org/wiki/Q87700122. Accessed 2026-09-11.,https://www.wikidata.org/wiki/Q87700122
src-8afb85eea163ae2d,external,"Wikidata, Q2018379. https://www.wikidata.org/wiki/Q2018379. Accessed 2026-09-13.",,,"Wikidata, Q2018379. https://www.wikidata.org/wiki/Q2018379. Accessed 2026-09-13.",https://www.wikidata.org/wiki/Q2018379
src-8bb590e874912dcd,external,"National Gallery, Francesco Guardi (1712–1793). https://www.nationalgallery.org.uk/artists/francesco-guardi. Accessed 2026-09-15.",,,"National Gallery, Francesco Guardi (1712–1793). https://www.nationalgallery.org.uk/artists/francesco-guardi. Accessed 2026-09-15.",https://www.nationalgallery.org.uk/artists/francesco-guardi
src-8bd4509cdd8c2e06,external,"UNESCO Creative Cities Network, Parma. https://www.unesco.org/en/creative-cities/parma. Accessed 2026-09-11.",,,"UNESCO Creative Cities Network, Parma. https://www.unesco.org/en/creative-cities/parma. Accessed 2026-09-11.",https://www.unesco.org/en/creative-cities/parma
src-8bea6fb520fe0202,external,"Victoria and Albert Museum, About us. https://www.vam.ac.uk/info/about-us/. Accessed 2026-09-11.",,,"Victoria and Albert Museum, About us. https://www.vam.ac.uk/info/about-us/. Accessed 2026-09-11.",https://www.vam.ac.uk/info/about-us/
src-8bf2329dbab80e4e,external,"The Phoebus Foundation, “The Bentvueghels”. https://phoebusfoundation.org/en/agenda/the-bentvueghels/ Accessed 2026-09-11.",,,"The Phoebus Foundation, “The Bentvueghels”. https://phoebusfoundation.org/en/agenda/the-bentvueghels/ Accessed 2026-09-11.",https://phoebusfoundation.org/en/agenda/the-bentvueghels/
src-8bf5956f4031b799,external,"Wikidata, Q2897287, revision 2521258963. https://www.wikidata.org/wiki/Q2897287. Accessed 2026-09-10.",,,"Wikidata, Q2897287, revision 2521258963. https://www.wikidata.org/wiki/Q2897287. Accessed 2026-09-10.",https://www.wikidata.org/wiki/Q2897287
src-8c4db707422d61f5,external,"Armanni, Delle lettere, vols. II–III, scans bub_gb_949r2maZ_jMC and bub_gb_tq28JVV2qXoC. https://archive.org/details/bub_gb_949r2maZ_jMC ; https://archive.org/details/bub_gb_tq28JVV2qXoC. Accessed 2026-09-11.",,,"Armanni, Delle lettere, vols. II–III, scans bub_gb_949r2maZ_jMC and bub_gb_tq28JVV2qXoC. https://archive.org/details/bub_gb_949r2maZ_jMC ; https://archive.org/details/bub_gb_tq28JVV2qXoC. Accessed 2026-09-11.",https://archive.org/details/bub_gb_949r2maZ_jMC
src-8c7dcfa7bd70cf6d,external,"Paris Musées, Le Banquet de Cléopâtre, J 104. https://www.parismuseescollections.paris.fr/fr/musee-cognacq-jay/oeuvres/le-banquet-de-cleopatre. Accessed 2026-09-14.",,,"Paris Musées, Le Banquet de Cléopâtre, J 104. https://www.parismuseescollections.paris.fr/fr/musee-cognacq-jay/oeuvres/le-banquet-de-cleopatre. Accessed 2026-09-14.",https://www.parismuseescollections.paris.fr/fr/musee-cognacq-jay/oeuvres/le-banquet-de-cleopatre
src-8c8a3b64f183057f,external,"Wikipedia (it), Niccolò Maria Pallavicini, revision 150554023. https://it.wikipedia.org/wiki/Niccolò_Maria_Pallavicini Accessed 2026-09-11.",,,"Wikipedia (it), Niccolò Maria Pallavicini, revision 150554023. https://it.wikipedia.org/wiki/Niccolò_Maria_Pallavicini Accessed 2026-09-11.",https://it.wikipedia.org/wiki/Niccolò_Maria_Pallavicini
src-8c99c108d8dfa0e8,external,"Alexander Koller, GREGORIO XV, papa, Dizionario Biografico degli Italiani 59 (2002). https://www.treccani.it/enciclopedia/papa-gregorio-xv_(Dizionario-Biografico)/ Accessed 2026-09-10.",,,"Alexander Koller, GREGORIO XV, papa, Dizionario Biografico degli Italiani 59 (2002). https://www.treccani.it/enciclopedia/papa-gregorio-xv_(Dizionario-Biografico)/ Accessed 2026-09-10.",https://www.treccani.it/enciclopedia/papa-gregorio-xv_(Dizionario-Biografico)/
src-8ca96783b82761c9,external,"Wikidata, Q1132486, https://www.wikidata.org/wiki/Q1132486. Accessed 2026-09-12.",,,"Wikidata, Q1132486, https://www.wikidata.org/wiki/Q1132486. Accessed 2026-09-12.",https://www.wikidata.org/wiki/Q1132486
src-8cfd8ce42bd391ee,external,"Wikipedia (en), P. & D. Colnaghi & Co., revision 1362648719. https://en.wikipedia.org/wiki/P._%26_D._Colnaghi_%26_Co.. Accessed 2026-09-10.",,,"Wikipedia (en), P. & D. Colnaghi & Co., revision 1362648719. https://en.wikipedia.org/wiki/P._%26_D._Colnaghi_%26_Co.. Accessed 2026-09-10.",https://en.wikipedia.org/wiki/P._%26_D._Colnaghi_%26_Co
src-8cfdd2f9f4698d6b,external,"Wikidata, Q841506. https://www.wikidata.org/wiki/Q841506. Accessed 2026-09-13.",,,"Wikidata, Q841506. https://www.wikidata.org/wiki/Q841506. Accessed 2026-09-13.",https://www.wikidata.org/wiki/Q841506
src-8d4bb4ff118f896a,external,"Ettore Merkel, “Fedeli, Domenico, detto il Maggiotto,” Dizionario Biografico degli Italiani 45 (1995). https://www.treccani.it/enciclopedia/fedeli-domenico-detto-il-maggiotto_(Dizionario-Biografico)/. Accessed 2026-09-25.",,,"Ettore Merkel, “Fedeli, Domenico, detto il Maggiotto,” Dizionario Biografico degli Italiani 45 (1995). https://www.treccani.it/enciclopedia/fedeli-domenico-detto-il-maggiotto_(Dizionario-Biografico)/. Accessed 2026-09-25.",https://www.treccani.it/enciclopedia/fedeli-domenico-detto-il-maggiotto_(Dizionario-Biografico)/
src-8d60494b5ecb6f06,external,"Wikipedia, “Matteo Castelli.” https://en.wikipedia.org/wiki/Matteo_Castelli. Accessed 2026-09-25.",,,"Wikipedia, “Matteo Castelli.” https://en.wikipedia.org/wiki/Matteo_Castelli. Accessed 2026-09-25.",https://en.wikipedia.org/wiki/Matteo_Castelli
src-8dbf2ca6fa9b40be,external,"National Gallery of Art, ""Saint Cecilia and an Angel,"" accession 1961.9.73. https://www.nga.gov/artworks/46172-saint-cecilia-and-angel Accessed 2026-09-10.",,,"National Gallery of Art, ""Saint Cecilia and an Angel,"" accession 1961.9.73. https://www.nga.gov/artworks/46172-saint-cecilia-and-angel Accessed 2026-09-10.",https://www.nga.gov/artworks/46172-saint-cecilia-and-angel
src-8de20edb6592f6ca,external,"Musei Vaticani, Pinacoteca. https://www.museivaticani.va/content/museivaticani/it/collezioni/musei/la-pinacoteca/la-pinacoteca.html. Accessed 2026-09-11.",,,"Musei Vaticani, Pinacoteca. https://www.museivaticani.va/content/museivaticani/it/collezioni/musei/la-pinacoteca/la-pinacoteca.html. Accessed 2026-09-11.",https://www.museivaticani.va/content/museivaticani/it/collezioni/musei/la-pinacoteca/la-pinacoteca.html
src-8e0befa4b85ea44a,external,"Wikipedia (en), Santa Maria dei Servi, Bologna, revision 1286834023. https://en.wikipedia.org/wiki/Santa_Maria_dei_Servi,_Bologna Accessed 2026-09-11.",,,"Wikipedia (en), Santa Maria dei Servi, Bologna, revision 1286834023. https://en.wikipedia.org/wiki/Santa_Maria_dei_Servi,_Bologna Accessed 2026-09-11.","https://en.wikipedia.org/wiki/Santa_Maria_dei_Servi,_Bologna"
src-8e1e32d572beaab8,external,"Wikidata, “Giovanni Battista Pamphili, 2nd Prince of San Martino al Cimino and Valmontone” (Q43987857). https://www.wikidata.org/wiki/Q43987857. Accessed 2026-09-25.",,,"Wikidata, “Giovanni Battista Pamphili, 2nd Prince of San Martino al Cimino and Valmontone” (Q43987857). https://www.wikidata.org/wiki/Q43987857. Accessed 2026-09-25.",https://www.wikidata.org/wiki/Q43987857
src-8e26dfb1c3e802f4,external,"Wikipedia (en), Benedetto Luti, revision 1365387077. https://en.wikipedia.org/wiki/Benedetto_Luti. Accessed 2026-09-11.",,,"Wikipedia (en), Benedetto Luti, revision 1365387077. https://en.wikipedia.org/wiki/Benedetto_Luti. Accessed 2026-09-11.",https://en.wikipedia.org/wiki/Benedetto_Luti
src-8e956b4c902effe9,external,"Wikipedia (en), Milan, revision 1373568393. https://en.wikipedia.org/wiki/Milan. Accessed 2026-09-10.",,,"Wikipedia (en), Milan, revision 1373568393. https://en.wikipedia.org/wiki/Milan. Accessed 2026-09-10.",https://en.wikipedia.org/wiki/Milan
src-8ea0e33d3865fda2,external,"National Galleries of Scotland, National. https://www.nationalgalleries.org/visit/scottish-national-gallery. Accessed 2026-09-14.",,,"National Galleries of Scotland, National. https://www.nationalgalleries.org/visit/scottish-national-gallery. Accessed 2026-09-14.",https://www.nationalgalleries.org/visit/scottish-national-gallery
src-8ebc5e1cc39b73bc,external,"Simone Testa, PERETTI DAMASCENI, Alessandro, Dizionario Biografico degli Italiani, 82 (2015), Treccani. https://www.treccani.it/enciclopedia/alessandro-peretti-damasceni_(Dizionario-Biografico)/. Accessed 2026-09-10.",,,"Simone Testa, PERETTI DAMASCENI, Alessandro, Dizionario Biografico degli Italiani, 82 (2015), Treccani. https://www.treccani.it/enciclopedia/alessandro-peretti-damasceni_(Dizionario-Biografico)/. Accessed 2026-09-10.",https://www.treccani.it/enciclopedia/alessandro-peretti-damasceni_(Dizionario-Biografico)/
src-8ebdc159e5759f2a,external,"Wikipedia (en), Self-portrait, revision 1373389998. https://en.wikipedia.org/wiki/Self-portrait. Accessed 2026-09-10.",,,"Wikipedia (en), Self-portrait, revision 1373389998. https://en.wikipedia.org/wiki/Self-portrait. Accessed 2026-09-10.",https://en.wikipedia.org/wiki/Self-portrait
src-8f0d43c22dac062f,external,"Wikidata, Q124862, revision 2534564865. https://www.wikidata.org/wiki/Q124862. Accessed 2026-09-10.",,,"Wikidata, Q124862, revision 2534564865. https://www.wikidata.org/wiki/Q124862. Accessed 2026-09-10.",https://www.wikidata.org/wiki/Q124862
src-8f89c5d1d8334d9a,external,Collection or site authority record. https://www.museivaticani.va/content/museivaticani/en/collezioni/musei/la-pinacoteca/sala-xii---secolo-xvii/caravaggio--deposizione-dalla-croce.html. Accessed 2026-09-12.,,,Collection or site authority record. https://www.museivaticani.va/content/museivaticani/en/collezioni/musei/la-pinacoteca/sala-xii---secolo-xvii/caravaggio--deposizione-dalla-croce.html. Accessed 2026-09-12.,https://www.museivaticani.va/content/museivaticani/en/collezioni/musei/la-pinacoteca/sala-xii---secolo-xvii/caravaggio--deposizione-dalla-croce.html
src-8fc5d74c5d0d9327,external,"Treccani, Vocabolario on line, famiglia. https://www.treccani.it/vocabolario/famiglia/. Read 2026-09-11.",,,"Treccani, Vocabolario on line, famiglia. https://www.treccani.it/vocabolario/famiglia/. Read 2026-09-11.",https://www.treccani.it/vocabolario/famiglia/
src-8fe071eaf1cc8e65,external,"Wikidata, Q32500, revision 2539745372. https://www.wikidata.org/wiki/Q32500. Accessed 2026-09-10.",,,"Wikidata, Q32500, revision 2539745372. https://www.wikidata.org/wiki/Q32500. Accessed 2026-09-10.",https://www.wikidata.org/wiki/Q32500
src-8ffd4c24efa0aa85,external,"Christie’s, sale 2178, lot 518, La monarchia latina trionfante (Vienna, 1678). https://www.christies.com/en/lot/lot-5214348. Accessed 2026-09-14.",,,"Christie’s, sale 2178, lot 518, La monarchia latina trionfante (Vienna, 1678). https://www.christies.com/en/lot/lot-5214348. Accessed 2026-09-14.",https://www.christies.com/en/lot/lot-5214348
src-9010f2fdf21690c9,external,"Wikidata, “Innocent XI” (Q101286). https://www.wikidata.org/wiki/Q101286. Accessed 2026-09-25.",,,"Wikidata, “Innocent XI” (Q101286). https://www.wikidata.org/wiki/Q101286. Accessed 2026-09-25.",https://www.wikidata.org/wiki/Q101286
src-9041ae5f663194a4,external,"Accademia dell’Arcadia, Archivio. https://www.accademiadellarcadia.it/patrimonio/archivio/. Accessed 2026-09-10.",,,"Accademia dell’Arcadia, Archivio. https://www.accademiadellarcadia.it/patrimonio/archivio/. Accessed 2026-09-10.",https://www.accademiadellarcadia.it/patrimonio/archivio/
src-90497ebc9367f319,external,"Wikipedia (en), Penitent Magdalene (Caravaggio), revision 1361316416. https://en.wikipedia.org/wiki/Penitent_Magdalene_(Caravaggio). Accessed 2026-09-12.",,,"Wikipedia (en), Penitent Magdalene (Caravaggio), revision 1361316416. https://en.wikipedia.org/wiki/Penitent_Magdalene_(Caravaggio). Accessed 2026-09-12.",https://en.wikipedia.org/wiki/Penitent_Magdalene_(Caravaggio)
src-906436c378e703a4,external,"RISD Museum, Design and Description: Renaissance and Baroque Drawings (2006), p. 7. https://risdmuseum.org/sites/default/files/museumplus/313067.pdf. Accessed 2026-09-25.",,,"RISD Museum, Design and Description: Renaissance and Baroque Drawings (2006), p. 7. https://risdmuseum.org/sites/default/files/museumplus/313067.pdf. Accessed 2026-09-25.",https://risdmuseum.org/sites/default/files/museumplus/313067.pdf
src-906a8a31acbcf42c,external,"Wikipedia (en), Carlo Pio di Savoia, revision 1362030305. https://en.wikipedia.org/wiki/Carlo_Pio_di_Savoia. Read 2026-09-11.",,,"Wikipedia (en), Carlo Pio di Savoia, revision 1362030305. https://en.wikipedia.org/wiki/Carlo_Pio_di_Savoia. Read 2026-09-11.",https://en.wikipedia.org/wiki/Carlo_Pio_di_Savoia
src-9091bc7f3b5b373b,external,"Wikidata, Q56006855, revision 2525909643. https://www.wikidata.org/wiki/Q56006855. Accessed 2026-09-25.",,,"Wikidata, Q56006855, revision 2525909643. https://www.wikidata.org/wiki/Q56006855. Accessed 2026-09-25.",https://www.wikidata.org/wiki/Q56006855
src-90a4c36c19cd8534,external,"Giulio Lorenzetti, PITTERI, Marco Alvise, Enciclopedia Italiana (1935). https://www.treccani.it/enciclopedia/marco-alvise-pitteri_(Enciclopedia-Italiana)/. Accessed 2026-09-15.",,,"Giulio Lorenzetti, PITTERI, Marco Alvise, Enciclopedia Italiana (1935). https://www.treccani.it/enciclopedia/marco-alvise-pitteri_(Enciclopedia-Italiana)/. Accessed 2026-09-15.",https://www.treccani.it/enciclopedia/marco-alvise-pitteri_(Enciclopedia-Italiana)/
src-90e728d5e5c1b993,external,"Galleria Borghese, The hunting of Diana. https://www.collezionegalleriaborghese.it/en/opere/the-hunting-of-diana. Accessed 2026-09-25.",,,"Galleria Borghese, The hunting of Diana. https://www.collezionegalleriaborghese.it/en/opere/the-hunting-of-diana. Accessed 2026-09-25.",https://www.collezionegalleriaborghese.it/en/opere/the-hunting-of-diana
src-90e81c0f6cef7e1c,external,"Wikidata, Q838794, revision 2504788674. https://www.wikidata.org/wiki/Q838794. Accessed 2026-09-11.",,,"Wikidata, Q838794, revision 2504788674. https://www.wikidata.org/wiki/Q838794. Accessed 2026-09-11.",https://www.wikidata.org/wiki/Q838794
src-91264d91efc25c3d,external,"Andrea Bayer, A Note on Ribera’s Drawing of Niccolo Simonelli, Metropolitan Museum Journal 30 (1995), pp. 73–80, RKD digitized volume. https://rkddb.rkd.nl/rkddb/digital_book/201601845.pdf. Accessed 2026-09-14.",,,"Andrea Bayer, A Note on Ribera’s Drawing of Niccolo Simonelli, Metropolitan Museum Journal 30 (1995), pp. 73–80, RKD digitized volume. https://rkddb.rkd.nl/rkddb/digital_book/201601845.pdf. Accessed 2026-09-14.",https://rkddb.rkd.nl/rkddb/digital_book/201601845.pdf
src-9161033761e9b5dd,external,"Wikidata, Q1397340, revision 2531758125. https://www.wikidata.org/wiki/Q1397340. Accessed 2026-09-10.",,,"Wikidata, Q1397340, revision 2531758125. https://www.wikidata.org/wiki/Q1397340. Accessed 2026-09-10.",https://www.wikidata.org/wiki/Q1397340
src-916ca549fa47f28e,external,"Web Gallery of Art, “Monument to Doge Giovanni Pesaro by LONGHENA, Baldassare.” https://www.wga.hu/html_m/l/longhena/pesaro.html. Accessed 2026-09-25.",,,"Web Gallery of Art, “Monument to Doge Giovanni Pesaro by LONGHENA, Baldassare.” https://www.wga.hu/html_m/l/longhena/pesaro.html. Accessed 2026-09-25.",https://www.wga.hu/html_m/l/longhena/pesaro.html
src-91800c01a19df3e9,external,"Wikidata, Q2028366. https://www.wikidata.org/wiki/Q2028366. Accessed 2026-09-13.",,,"Wikidata, Q2028366. https://www.wikidata.org/wiki/Q2028366. Accessed 2026-09-13.",https://www.wikidata.org/wiki/Q2028366
src-918b15a3c999069c,external,"Wikipedia (en), Genius, revision 1369817606. https://en.wikipedia.org/wiki/Genius Accessed 2026-09-11.",,,"Wikipedia (en), Genius, revision 1369817606. https://en.wikipedia.org/wiki/Genius Accessed 2026-09-11.",https://en.wikipedia.org/wiki/Genius
src-919547ed876bebe8,external,"Giovanni Gaetano Bottari, ed. Stefano Ticozzi, Raccolta di lettere sulla pittura, scultura ed architettura, vol. VII (Milan: Giovanni Silvestri, 1822), letter X, pp. 357–362. Internet Archive. https://archive.org/details/diletteresulla07bott. Accessed 2026-09-25.",,,"Giovanni Gaetano Bottari, ed. Stefano Ticozzi, Raccolta di lettere sulla pittura, scultura ed architettura, vol. VII (Milan: Giovanni Silvestri, 1822), letter X, pp. 357–362. Internet Archive. https://archive.org/details/diletteresulla07bott. Accessed 2026-09-25.",https://archive.org/details/diletteresulla07bott
src-91992dfe44bce65f,external,"Wikipedia (en), San Sebastiano al Palatino, revision 1368485604. https://en.wikipedia.org/wiki/San_Sebastiano_al_Palatino. Accessed 2026-09-11.",,,"Wikipedia (en), San Sebastiano al Palatino, revision 1368485604. https://en.wikipedia.org/wiki/San_Sebastiano_al_Palatino. Accessed 2026-09-11.",https://en.wikipedia.org/wiki/San_Sebastiano_al_Palatino
src-919b65f8bf657771,external,"Rossella Faraglia, “Gavasetti, Camillo,” Dizionario Biografico degli Italiani, vol. 52 (1999), Treccani. https://www.treccani.it/enciclopedia/camillo-gavassetti_(Dizionario-Biografico)/. Accessed 2026-09-11.",,,"Rossella Faraglia, “Gavasetti, Camillo,” Dizionario Biografico degli Italiani, vol. 52 (1999), Treccani. https://www.treccani.it/enciclopedia/camillo-gavassetti_(Dizionario-Biografico)/. Accessed 2026-09-11.",https://www.treccani.it/enciclopedia/camillo-gavassetti_(Dizionario-Biografico)/
src-91c2669840a825fa,external,"Macerata Musei, Enea racconta a Didone la caduta di Troia, inventory 131a. https://musei.macerata.it/opera/enea-racconta-a-didone-la-caduta-di-troia/. Accessed 2026-09-15.",,,"Macerata Musei, Enea racconta a Didone la caduta di Troia, inventory 131a. https://musei.macerata.it/opera/enea-racconta-a-didone-la-caduta-di-troia/. Accessed 2026-09-15.",https://musei.macerata.it/opera/enea-racconta-a-didone-la-caduta-di-troia/
src-91e0915632077311,external,"Wikidata, Q26255277. https://www.wikidata.org/wiki/Q26255277. Accessed 2026-09-13.",,,"Wikidata, Q26255277. https://www.wikidata.org/wiki/Q26255277. Accessed 2026-09-13.",https://www.wikidata.org/wiki/Q26255277
src-9247d5c8977b11b4,external,"Virginia Museum of Fine Arts, Art Acquisitions Committee minutes, 2009. https://vmfa.museum/wp-content/uploads/sites/13/2013/12/2009_Art-Acquisitions-Committee.pdf. Accessed 2026-09-14.",,,"Virginia Museum of Fine Arts, Art Acquisitions Committee minutes, 2009. https://vmfa.museum/wp-content/uploads/sites/13/2013/12/2009_Art-Acquisitions-Committee.pdf. Accessed 2026-09-14.",https://vmfa.museum/wp-content/uploads/sites/13/2013/12/2009_Art-Acquisitions-Committee.pdf
src-92572a8f756d8de3,external,"Museo Nacional del Prado, “Colección de Gaspar de Haro y Guzmán, VII marqués de Carpio y marqués de Eliche.” https://www.museodelprado.es/aprende/enciclopedia/voz/coleccion-de-gaspar-de-haro-y-guzman-vii-marques/5cfb6687-1eac-4698-86f8-ca78a83f9655. Accessed 2026-09-11.",,,"Museo Nacional del Prado, “Colección de Gaspar de Haro y Guzmán, VII marqués de Carpio y marqués de Eliche.” https://www.museodelprado.es/aprende/enciclopedia/voz/coleccion-de-gaspar-de-haro-y-guzman-vii-marques/5cfb6687-1eac-4698-86f8-ca78a83f9655. Accessed 2026-09-11.",https://www.museodelprado.es/aprende/enciclopedia/voz/coleccion-de-gaspar-de-haro-y-guzman-vii-marques/5cfb6687-1eac-4698-86f8-ca78a83f9655
src-92917519320c0cc2,external,"Staatliche Museen zu Berlin, Der Kaufmann Sigismund Streit im Alter von 52 Jahren, Streit.1, obj:863940. https://search.smb.museum/en/object/obj-863940?objectType=Gem%C3%A4lde&sammlungen=Gem%C3%A4ldegalerie. Accessed 2026-09-14.",,,"Staatliche Museen zu Berlin, Der Kaufmann Sigismund Streit im Alter von 52 Jahren, Streit.1, obj:863940. https://search.smb.museum/en/object/obj-863940?objectType=Gem%C3%A4lde&sammlungen=Gem%C3%A4ldegalerie. Accessed 2026-09-14.",https://search.smb.museum/en/object/obj-863940?objectType=Gem%C3%A4lde&sammlungen=Gem%C3%A4ldegalerie
src-92d18f7adf5d45b7,external,"Wikidata, Q2627056, https://www.wikidata.org/wiki/Q2627056. Accessed 2026-09-12.",,,"Wikidata, Q2627056, https://www.wikidata.org/wiki/Q2627056. Accessed 2026-09-12.",https://www.wikidata.org/wiki/Q2627056
src-92f6da32c919588b,external,"Wikipedia (en), Modena, revision 1373245007. https://en.wikipedia.org/wiki/Modena. Accessed 2026-09-11.",,,"Wikipedia (en), Modena, revision 1373245007. https://en.wikipedia.org/wiki/Modena. Accessed 2026-09-11.",https://en.wikipedia.org/wiki/Modena
src-93040d757721a40f,external,"Wikipedia (it), “Francesco Albani.” https://it.wikipedia.org/wiki/Francesco_Albani. Accessed 2026-09-11.",,,"Wikipedia (it), “Francesco Albani.” https://it.wikipedia.org/wiki/Francesco_Albani. Accessed 2026-09-11.",https://it.wikipedia.org/wiki/Francesco_Albani
src-9318289e69012476,external,"Wikipedia (en), ‘Niccolò Ludovisi,’ revision 1301893625. https://en.wikipedia.org/wiki/Niccol%C3%B2_Ludovisi. Accessed 2026-09-25.",,,"Wikipedia (en), ‘Niccolò Ludovisi,’ revision 1301893625. https://en.wikipedia.org/wiki/Niccol%C3%B2_Ludovisi. Accessed 2026-09-25.",https://en.wikipedia.org/wiki/Niccol%C3%B2_Ludovisi
src-933df2869d49c75f,external,"Luigi Grassi, “Pietro da Cortona e i ‘bozzetti’ per la Galleria di Palazzo Doria Pamphili,” Bollettino d’Arte, ser. IV, 42, no. 1 (January–March 1957): 28–43. Ministero della Cultura. https://bollettinodarte.cultura.gov.it/wp-content/uploads/Importer/1482234949180_07_-_Grassi_28.pdf. Accessed 2026-09-11.",,,"Luigi Grassi, “Pietro da Cortona e i ‘bozzetti’ per la Galleria di Palazzo Doria Pamphili,” Bollettino d’Arte, ser. IV, 42, no. 1 (January–March 1957): 28–43. Ministero della Cultura. https://bollettinodarte.cultura.gov.it/wp-content/uploads/Importer/1482234949180_07_-_Grassi_28.pdf. Accessed 2026-09-11.",https://bollettinodarte.cultura.gov.it/wp-content/uploads/Importer/1482234949180_07_-_Grassi_28.pdf
src-937b67216e0c1148,external,"Wikidata, Q385387, revision 2539223932. https://www.wikidata.org/wiki/Q385387. Accessed 2026-09-10.",,,"Wikidata, Q385387, revision 2539223932. https://www.wikidata.org/wiki/Q385387. Accessed 2026-09-10.",https://www.wikidata.org/wiki/Q385387
src-938a5e3d582d0cb8,external,"Wikipedia (en), Olimpia Aldobrandini, revision 1363070872. https://en.wikipedia.org/wiki/Olimpia_Aldobrandini. Accessed 2026-09-12.",,,"Wikipedia (en), Olimpia Aldobrandini, revision 1363070872. https://en.wikipedia.org/wiki/Olimpia_Aldobrandini. Accessed 2026-09-12.",https://en.wikipedia.org/wiki/Olimpia_Aldobrandini
src-939cab6191a3378c,external,"Wikipedia (en), History painting, revision 1368550732. https://en.wikipedia.org/wiki/History_painting. Accessed 2026-09-11.",,,"Wikipedia (en), History painting, revision 1368550732. https://en.wikipedia.org/wiki/History_painting. Accessed 2026-09-11.",https://en.wikipedia.org/wiki/History_painting
src-93a10a965a19dbe0,external,Sapienza Università di Roma doctoral chronology indexed as CORE record 195777274.,,,Sapienza Università di Roma doctoral chronology indexed as CORE record 195777274.,
src-93a4cb4d5987e673,external,"Staatliche Graphische Sammlung München, Venedig. La Serenissima, digitaler Bestandskatalog, 2022. https://www.sgsm.eu/fileadmin/Dokumente/Venedig_SGSM_Bestandskatalog_220119.pdf. Accessed 2026-09-14.",,,"Staatliche Graphische Sammlung München, Venedig. La Serenissima, digitaler Bestandskatalog, 2022. https://www.sgsm.eu/fileadmin/Dokumente/Venedig_SGSM_Bestandskatalog_220119.pdf. Accessed 2026-09-14.",https://www.sgsm.eu/fileadmin/Dokumente/Venedig_SGSM_Bestandskatalog_220119.pdf
src-941e2c7084a46e46,external,"National Gallery, London, «Pendant», Glossary. https://www.nationalgallery.org.uk/paintings/glossary/pendant. Accessed 2026-09-11.",,,"National Gallery, London, «Pendant», Glossary. https://www.nationalgallery.org.uk/paintings/glossary/pendant. Accessed 2026-09-11.",https://www.nationalgallery.org.uk/paintings/glossary/pendant
src-94598f048beee164,external,"Wikipedia (en), Andrea Camassei, revision 1365391539. https://en.wikipedia.org/wiki/Andrea_Camassei. Accessed 2026-09-10.",,,"Wikipedia (en), Andrea Camassei, revision 1365391539. https://en.wikipedia.org/wiki/Andrea_Camassei. Accessed 2026-09-10.",https://en.wikipedia.org/wiki/Andrea_Camassei
src-9463e2f22692853b,external,"Amministrazione Doria Pamphilj, L’Archivio. https://www.doriapamphilj.it/roma/il-luogo/archivio/. Accessed 2026-09-10.",,,"Amministrazione Doria Pamphilj, L’Archivio. https://www.doriapamphilj.it/roma/il-luogo/archivio/. Accessed 2026-09-10.",https://www.doriapamphilj.it/roma/il-luogo/archivio/
src-9464700477788c7e,external,"UNESCO World Heritage Centre, Venice and its Lagoon, dossier 394. https://whc.unesco.org/en/list/394/. Accessed 2026-09-10.",,,"UNESCO World Heritage Centre, Venice and its Lagoon, dossier 394. https://whc.unesco.org/en/list/394/. Accessed 2026-09-10.",https://whc.unesco.org/en/list/394/
src-948454c9020cb1b7,external,"Wikipedia (en), Charles V, Holy Roman Emperor, revision 1373523657. https://en.wikipedia.org/wiki/Charles_V%2C_Holy_Roman_Emperor. Accessed 2026-09-10.",,,"Wikipedia (en), Charles V, Holy Roman Emperor, revision 1373523657. https://en.wikipedia.org/wiki/Charles_V%2C_Holy_Roman_Emperor. Accessed 2026-09-10.",https://en.wikipedia.org/wiki/Charles_V%2C_Holy_Roman_Emperor
src-9508cb8390bc5d9d,external,"Barnabiti, Chierici Regolari di San Paolo, detti Barnabiti. https://www.barnabiti.net/home/ . Accessed 2026-09-10.",,,"Barnabiti, Chierici Regolari di San Paolo, detti Barnabiti. https://www.barnabiti.net/home/ . Accessed 2026-09-10.",https://www.barnabiti.net/home/
src-953cf70927fe327b,external,"Wikidata, Q194005, revision 2528794296. https://www.wikidata.org/wiki/Q194005. Accessed 2026-09-10.",,,"Wikidata, Q194005, revision 2528794296. https://www.wikidata.org/wiki/Q194005. Accessed 2026-09-10.",https://www.wikidata.org/wiki/Q194005
src-955079c693419646,external,"Gallerie Nazionali Barberini Corsini, Caravaggio 2025 press kit, https://barberinicorsini.org/en/press/caravaggio-2025/. Accessed 2026-09-25.",,,"Gallerie Nazionali Barberini Corsini, Caravaggio 2025 press kit, https://barberinicorsini.org/en/press/caravaggio-2025/. Accessed 2026-09-25.",https://barberinicorsini.org/en/press/caravaggio-2025/
src-9552318ba334405f,external,"Wikidata, Q495, revision 2538542297. https://www.wikidata.org/wiki/Q495. Accessed 2026-09-11.",,,"Wikidata, Q495, revision 2538542297. https://www.wikidata.org/wiki/Q495. Accessed 2026-09-11.",https://www.wikidata.org/wiki/Q495
src-9565705b2147bf86,external,"Fitzwilliam Museum, Sir John Finch, PD.12-1972, object 922. https://data.fitzmuseum.cam.ac.uk/id/object/922. Accessed 2026-09-15.",,,"Fitzwilliam Museum, Sir John Finch, PD.12-1972, object 922. https://data.fitzmuseum.cam.ac.uk/id/object/922. Accessed 2026-09-15.",https://data.fitzmuseum.cam.ac.uk/id/object/922
src-956980deb01bfeda,external,"Wikipedia (en), Antonio Ruffo, revision 1358156305. https://en.wikipedia.org/wiki/Antonio_Ruffo. Accessed 2026-09-11.",,,"Wikipedia (en), Antonio Ruffo, revision 1358156305. https://en.wikipedia.org/wiki/Antonio_Ruffo. Accessed 2026-09-11.",https://en.wikipedia.org/wiki/Antonio_Ruffo
src-958473980edb3af3,external,"Wikipedia (en), “Norah Smallwood.” https://en.wikipedia.org/wiki/Norah_Smallwood. Accessed 2026-09-25.",,,"Wikipedia (en), “Norah Smallwood.” https://en.wikipedia.org/wiki/Norah_Smallwood. Accessed 2026-09-25.",https://en.wikipedia.org/wiki/Norah_Smallwood
src-95b2667f8f254d88,external,"Académie de France à Rome — Villa Medici, Charles-François Poerson. https://villamedici.it/directeur/charles-francois-poerson/. Accessed 2026-09-14.",,,"Académie de France à Rome — Villa Medici, Charles-François Poerson. https://villamedici.it/directeur/charles-francois-poerson/. Accessed 2026-09-14.",https://villamedici.it/directeur/charles-francois-poerson/
src-95ba3d03d8376de9,external,"Wikidata, Q2610675, https://www.wikidata.org/wiki/Q2610675. Accessed 2026-09-12.",,,"Wikidata, Q2610675, https://www.wikidata.org/wiki/Q2610675. Accessed 2026-09-12.",https://www.wikidata.org/wiki/Q2610675
src-9656281414931357,external,"Wikipedia (en), Death of the Virgin (Caravaggio), revision 1365927667. https://en.wikipedia.org/wiki/Death_of_the_Virgin_(Caravaggio). Accessed 2026-09-12.",,,"Wikipedia (en), Death of the Virgin (Caravaggio), revision 1365927667. https://en.wikipedia.org/wiki/Death_of_the_Virgin_(Caravaggio). Accessed 2026-09-12.",https://en.wikipedia.org/wiki/Death_of_the_Virgin_(Caravaggio)
src-968a7c7ba93f20f1,external,"Laura Possanzini, MOLA, Pier Francesco, Dizionario Biografico degli Italiani 75 (2011). https://www.treccani.it/enciclopedia/pier-francesco-mola_(Dizionario-Biografico)/. Accessed 2026-09-11.",,,"Laura Possanzini, MOLA, Pier Francesco, Dizionario Biografico degli Italiani 75 (2011). https://www.treccani.it/enciclopedia/pier-francesco-mola_(Dizionario-Biografico)/. Accessed 2026-09-11.",https://www.treccani.it/enciclopedia/pier-francesco-mola_(Dizionario-Biografico)/
src-9695744ec45c2403,external,"Sant'Andrea della Valle, La navata. https://santandrea.teatinos.org/accenni-storia-arte/la-navata/. Accessed 2026-09-10.",,,"Sant'Andrea della Valle, La navata. https://santandrea.teatinos.org/accenni-storia-arte/la-navata/. Accessed 2026-09-10.",https://santandrea.teatinos.org/accenni-storia-arte/la-navata/
src-9714bcb2aeee1b57,external,"Wikipedia (en), Portrait of Alof de Wignacourt and his Page, revision 1361317125. https://en.wikipedia.org/wiki/Portrait_of_Alof_de_Wignacourt_and_his_Page. Accessed 2026-09-12.",,,"Wikipedia (en), Portrait of Alof de Wignacourt and his Page, revision 1361317125. https://en.wikipedia.org/wiki/Portrait_of_Alof_de_Wignacourt_and_his_Page. Accessed 2026-09-12.",https://en.wikipedia.org/wiki/Portrait_of_Alof_de_Wignacourt_and_his_Page
src-9778c7abc0429ee7,external,Collection or site authority record. https://www.dia.org/art/collection/object/martha-and-mary-magdalene-36204. Accessed 2026-09-12.,,,Collection or site authority record. https://www.dia.org/art/collection/object/martha-and-mary-magdalene-36204. Accessed 2026-09-12.,https://www.dia.org/art/collection/object/martha-and-mary-magdalene-36204
src-977f0c22768e91a6,external,"Wikidata, Q2846401, revision 2516216415. https://www.wikidata.org/wiki/Q2846401. Accessed 2026-09-10.",,,"Wikidata, Q2846401, revision 2516216415. https://www.wikidata.org/wiki/Q2846401. Accessed 2026-09-10.",https://www.wikidata.org/wiki/Q2846401
src-980d95ca65d7f0f9,external,"Wikidata, Q185030, revision 2539088863. https://www.wikidata.org/wiki/Q185030. Accessed 2026-09-11.",,,"Wikidata, Q185030, revision 2539088863. https://www.wikidata.org/wiki/Q185030. Accessed 2026-09-11.",https://www.wikidata.org/wiki/Q185030
src-9878e54f6d521789,external,"Wikidata, Q3105088, https://www.wikidata.org/wiki/Q3105088. Accessed 2026-09-25.",,,"Wikidata, Q3105088, https://www.wikidata.org/wiki/Q3105088. Accessed 2026-09-25.",https://www.wikidata.org/wiki/Q3105088
src-98d3d0aa08cf60e8,external,"Wikipedia (en), Ecce Homo (Caravaggio, Madrid), revision 1361251115. https://en.wikipedia.org/wiki/Ecce_Homo_(Caravaggio,_Madrid). Accessed 2026-09-12.",,,"Wikipedia (en), Ecce Homo (Caravaggio, Madrid), revision 1361251115. https://en.wikipedia.org/wiki/Ecce_Homo_(Caravaggio,_Madrid). Accessed 2026-09-12.","https://en.wikipedia.org/wiki/Ecce_Homo_(Caravaggio,_Madrid)"
src-98df2549ee9b9d77,external,"Wikidata, Q345605, revision 2540083708. https://www.wikidata.org/wiki/Q345605. Accessed 2026-09-10.",,,"Wikidata, Q345605, revision 2540083708. https://www.wikidata.org/wiki/Q345605. Accessed 2026-09-10.",https://www.wikidata.org/wiki/Q345605
src-9925513c2c960189,external,"Wikidata, Q3071902, revision 2531183935. https://www.wikidata.org/wiki/Q3071902. Accessed 2026-09-11.",,,"Wikidata, Q3071902, revision 2531183935. https://www.wikidata.org/wiki/Q3071902. Accessed 2026-09-11.",https://www.wikidata.org/wiki/Q3071902
src-99324c6361a3502e,external,"Wikidata, Q3223625, https://www.wikidata.org/wiki/Q3223625. Accessed 2026-09-12.",,,"Wikidata, Q3223625, https://www.wikidata.org/wiki/Q3223625. Accessed 2026-09-12.",https://www.wikidata.org/wiki/Q3223625
src-99455462954324dd,external,"Wikidata, Q746716, https://www.wikidata.org/wiki/Q746716. Accessed 2026-09-12.",,,"Wikidata, Q746716, https://www.wikidata.org/wiki/Q746716. Accessed 2026-09-12.",https://www.wikidata.org/wiki/Q746716
src-99bd2c2118d81bd5,external,"Wikidata, Q3226847, https://www.wikidata.org/wiki/Q3226847. Accessed 2026-09-12.",,,"Wikidata, Q3226847, https://www.wikidata.org/wiki/Q3226847. Accessed 2026-09-12.",https://www.wikidata.org/wiki/Q3226847
src-99f9f57ed1d347e8,external,"Wikipedia (en), Fabric of Saint Peter, revision 1364129357. https://en.wikipedia.org/wiki/Fabric_of_Saint_Peter. Accessed 2026-09-10.",,,"Wikipedia (en), Fabric of Saint Peter, revision 1364129357. https://en.wikipedia.org/wiki/Fabric_of_Saint_Peter. Accessed 2026-09-10.",https://en.wikipedia.org/wiki/Fabric_of_Saint_Peter
src-9a684f7d5900f9d7,external,"Wikidata, Q529826, revision 2509952877. https://www.wikidata.org/wiki/Q529826. Accessed 2026-09-10.",,,"Wikidata, Q529826, revision 2509952877. https://www.wikidata.org/wiki/Q529826. Accessed 2026-09-10.",https://www.wikidata.org/wiki/Q529826
src-9a740e69390ad0a9,external,"Wikipedia (en), Mario Minniti, revision 1370410521. https://en.wikipedia.org/wiki/Mario_Minniti. Accessed 2026-09-11.",,,"Wikipedia (en), Mario Minniti, revision 1370410521. https://en.wikipedia.org/wiki/Mario_Minniti. Accessed 2026-09-11.",https://en.wikipedia.org/wiki/Mario_Minniti
src-9a7d708184799d49,external,"Wikipedia (en), Pieter Mulier II, revision 1374122115. https://en.wikipedia.org/wiki/Pieter_Mulier_II. Accessed 2026-09-11.",,,"Wikipedia (en), Pieter Mulier II, revision 1374122115. https://en.wikipedia.org/wiki/Pieter_Mulier_II. Accessed 2026-09-11.",https://en.wikipedia.org/wiki/Pieter_Mulier_II
src-9ac44276a683bba9,external,"Wikidata, Q745098, https://www.wikidata.org/wiki/Q745098. Accessed 2026-09-12.",,,"Wikidata, Q745098, https://www.wikidata.org/wiki/Q745098. Accessed 2026-09-12.",https://www.wikidata.org/wiki/Q745098
src-9b00607523356214,external,"Wikidata, Q52080, revision 2532452411. https://www.wikidata.org/wiki/Q52080. Accessed 2026-09-10.",,,"Wikidata, Q52080, revision 2532452411. https://www.wikidata.org/wiki/Q52080. Accessed 2026-09-10.",https://www.wikidata.org/wiki/Q52080
src-9b319694b5eb469c,external,"Wikidata, Q30729167. https://www.wikidata.org/wiki/Q30729167. Accessed 2026-09-13.",,,"Wikidata, Q30729167. https://www.wikidata.org/wiki/Q30729167. Accessed 2026-09-13.",https://www.wikidata.org/wiki/Q30729167
src-9b34b7ad8d6330e9,external,"National Gallery of Art, Marco Ricci, artist 2707. https://www.nga.gov/artists/2707-marco-ricci. Accessed 2026-09-15.",,,"National Gallery of Art, Marco Ricci, artist 2707. https://www.nga.gov/artists/2707-marco-ricci. Accessed 2026-09-15.",https://www.nga.gov/artists/2707-marco-ricci
src-9b37c931d2c21ce6,external,"RISD Museum, “Hours & Admission.” https://risdmuseum.org/hours-admission. Accessed 2026-09-25.",,,"RISD Museum, “Hours & Admission.” https://risdmuseum.org/hours-admission. Accessed 2026-09-25.",https://risdmuseum.org/hours-admission
src-9b3c9482e32a8f18,external,Collection or site authority record. https://www.kimbellart.org/collection/ap-198706. Accessed 2026-09-12.,,,Collection or site authority record. https://www.kimbellart.org/collection/ap-198706. Accessed 2026-09-12.,https://www.kimbellart.org/collection/ap-198706
src-9b5a16cb831a3797,external,"Wikidata, Q133350, revision 2521129418. https://www.wikidata.org/wiki/Q133350. Accessed 2026-09-10.",,,"Wikidata, Q133350, revision 2521129418. https://www.wikidata.org/wiki/Q133350. Accessed 2026-09-10.",https://www.wikidata.org/wiki/Q133350
src-9b600060c64d679f,external,"Wikidata, Q1670729, revision 2488491810. https://www.wikidata.org/wiki/Q1670729. Accessed 2026-09-11.",,,"Wikidata, Q1670729, revision 2488491810. https://www.wikidata.org/wiki/Q1670729. Accessed 2026-09-11.",https://www.wikidata.org/wiki/Q1670729
src-9b8c49d4e8f3a74e,external,"Wikidata, Olimpia Aldobrandini, Q7086876. https://www.wikidata.org/wiki/Q7086876. Accessed 2026-09-12.",,,"Wikidata, Olimpia Aldobrandini, Q7086876. https://www.wikidata.org/wiki/Q7086876. Accessed 2026-09-12.",https://www.wikidata.org/wiki/Q7086876
src-9bb0d4ab6b8e1f2b,external,"Wikidata, Q520573, revision 2528478039. https://www.wikidata.org/wiki/Q520573. Accessed 2026-09-11.",,,"Wikidata, Q520573, revision 2528478039. https://www.wikidata.org/wiki/Q520573. Accessed 2026-09-11.",https://www.wikidata.org/wiki/Q520573
src-9bd68c7edc30258d,external,"Wikidata, Q243514, revision 2527348834. https://www.wikidata.org/wiki/Q243514. Accessed 2026-09-10.",,,"Wikidata, Q243514, revision 2527348834. https://www.wikidata.org/wiki/Q243514. Accessed 2026-09-10.",https://www.wikidata.org/wiki/Q243514
src-9be2ae76b9c4090c,external,"Wikidata Q28229297, revision 2312375842. https://www.wikidata.org/wiki/Q28229297. Accessed 2026-09-11.",,,"Wikidata Q28229297, revision 2312375842. https://www.wikidata.org/wiki/Q28229297. Accessed 2026-09-11.",https://www.wikidata.org/wiki/Q28229297
src-9bf177b14b7c0934,external,"National Portrait Gallery, Anthony Frederick Blunt, mp12247. https://www.npg.org.uk/collections/search/person/mp12247/anthony-frederick-blunt. Accessed 2026-09-15.",,,"National Portrait Gallery, Anthony Frederick Blunt, mp12247. https://www.npg.org.uk/collections/search/person/mp12247/anthony-frederick-blunt. Accessed 2026-09-15.",https://www.npg.org.uk/collections/search/person/mp12247/anthony-frederick-blunt
src-9c471c22d665379e,external,"Wikipedia (en), Giovanni Battista Passeri, revision 1365392380. https://en.wikipedia.org/wiki/Giovanni_Battista_Passeri. Accessed 2026-09-10.",,,"Wikipedia (en), Giovanni Battista Passeri, revision 1365392380. https://en.wikipedia.org/wiki/Giovanni_Battista_Passeri. Accessed 2026-09-10.",https://en.wikipedia.org/wiki/Giovanni_Battista_Passeri
src-9c595e9bc84cd740,external,"National Trust Collections, Henry John Ralph Bankes (1902–1981), NT 1251462. https://www.nationaltrustcollections.org.uk/object/1251462. Accessed 2026-09-14.",,,"National Trust Collections, Henry John Ralph Bankes (1902–1981), NT 1251462. https://www.nationaltrustcollections.org.uk/object/1251462. Accessed 2026-09-14.",https://www.nationaltrustcollections.org.uk/object/1251462
src-9c8289d47fc2fe0c,external,"Musei Capitolini / Sovrintendenza Capitolina, Meeting between Esau and Jacob, Google Arts & Culture. https://artsandculture.google.com/asset/meeting-between-esau-and-jacob/PgEnU9pjokCdww?hl=it. Accessed 2026-09-14.",,,"Musei Capitolini / Sovrintendenza Capitolina, Meeting between Esau and Jacob, Google Arts & Culture. https://artsandculture.google.com/asset/meeting-between-esau-and-jacob/PgEnU9pjokCdww?hl=it. Accessed 2026-09-14.",https://artsandculture.google.com/asset/meeting-between-esau-and-jacob/PgEnU9pjokCdww?hl=it
src-9cc3d2fe9277ee45,external,"""Giovanni Lanfranco,"" English Wikipedia, revision 1372179417. https://en.wikipedia.org/wiki/Giovanni_Lanfranco. Accessed 2026-09-09.",,,"""Giovanni Lanfranco,"" English Wikipedia, revision 1372179417. https://en.wikipedia.org/wiki/Giovanni_Lanfranco. Accessed 2026-09-09.",https://en.wikipedia.org/wiki/Giovanni_Lanfranco
src-9d0a3066d1a95c3a,external,"Rijksmuseum, RP-P-OB-38.357, Boogschietwedstrijd van Diana en haar nimfen. https://id.rijksmuseum.nl/200266316. Accessed 2026-09-25.",,,"Rijksmuseum, RP-P-OB-38.357, Boogschietwedstrijd van Diana en haar nimfen. https://id.rijksmuseum.nl/200266316. Accessed 2026-09-25.",https://id.rijksmuseum.nl/200266316
src-9d5853d07668cd0d,external,"National Gallery, https://www.nationalgallery.org.uk/artists/gentile-bellini. Accessed 2026-09-11.",,,"National Gallery, https://www.nationalgallery.org.uk/artists/gentile-bellini. Accessed 2026-09-11.",https://www.nationalgallery.org.uk/artists/gentile-bellini
src-9da6090760f3489c,external,"Paris Musées, Chardin / Marianne Roland Michel, record 660244. https://parismuseescollections.paris.fr/en/node/660244. Accessed 2026-09-15.",,,"Paris Musées, Chardin / Marianne Roland Michel, record 660244. https://parismuseescollections.paris.fr/en/node/660244. Accessed 2026-09-15.",https://parismuseescollections.paris.fr/en/node/660244
src-9df3a0c9c7f2e516,external,"RISD Museum, “Who We Are.” https://risdmuseum.org/who-we-are. Accessed 2026-09-25.",,,"RISD Museum, “Who We Are.” https://risdmuseum.org/who-we-are. Accessed 2026-09-25.",https://risdmuseum.org/who-we-are
src-9e06e10f706eb8df,external,"Wikipedia (en), Triumph of the Name of Jesus, revision 1361437201. https://en.wikipedia.org/wiki/Triumph_of_the_Name_of_Jesus. Accessed 2026-09-10.",,,"Wikipedia (en), Triumph of the Name of Jesus, revision 1361437201. https://en.wikipedia.org/wiki/Triumph_of_the_Name_of_Jesus. Accessed 2026-09-10.",https://en.wikipedia.org/wiki/Triumph_of_the_Name_of_Jesus
src-9e09d78da5f207f8,external,"Rossella Faraglia, 'GAVASSETTI, Camillo,' Dizionario Biografico degli Italiani 52 (1999). https://www.treccani.it/enciclopedia/camillo-gavassetti_(Dizionario-Biografico)/ Accessed 2026-09-11.",,,"Rossella Faraglia, 'GAVASSETTI, Camillo,' Dizionario Biografico degli Italiani 52 (1999). https://www.treccani.it/enciclopedia/camillo-gavassetti_(Dizionario-Biografico)/ Accessed 2026-09-11.",https://www.treccani.it/enciclopedia/camillo-gavassetti_(Dizionario-Biografico)/
src-9e4bf866edf13e14,external,"Wikidata Q5416402, revision 2494830224. https://www.wikidata.org/wiki/Q5416402. Accessed 2026-09-11.",,,"Wikidata Q5416402, revision 2494830224. https://www.wikidata.org/wiki/Q5416402. Accessed 2026-09-11.",https://www.wikidata.org/wiki/Q5416402
src-9f0dca4bf14a8912,external,"Wikidata, Q380103, revision 2542649000. https://www.wikidata.org/wiki/Q380103. Accessed 2026-09-10.",,,"Wikidata, Q380103, revision 2542649000. https://www.wikidata.org/wiki/Q380103. Accessed 2026-09-10.",https://www.wikidata.org/wiki/Q380103
src-9f31886c03a7ef75,external,"Wikipedia (en), Gentile Bellini, revision 1370412016. https://en.wikipedia.org/wiki/Gentile_Bellini. Accessed 2026-09-10.",,,"Wikipedia (en), Gentile Bellini, revision 1370412016. https://en.wikipedia.org/wiki/Gentile_Bellini. Accessed 2026-09-10.",https://en.wikipedia.org/wiki/Gentile_Bellini
src-9f385e0c388f9746,external,"Wikidata, Q41554, revision 2533435644. https://www.wikidata.org/wiki/Q41554. Accessed 2026-09-11.",,,"Wikidata, Q41554, revision 2533435644. https://www.wikidata.org/wiki/Q41554. Accessed 2026-09-11.",https://www.wikidata.org/wiki/Q41554
src-9f5d5b55393c3efa,external,"Wikidata, “Matteo Castelli” (Q1909346). https://www.wikidata.org/wiki/Q1909346. Accessed 2026-09-25.",,,"Wikidata, “Matteo Castelli” (Q1909346). https://www.wikidata.org/wiki/Q1909346. Accessed 2026-09-25.",https://www.wikidata.org/wiki/Q1909346
src-9f8b666f1c9c8af1,external,"Wikipedia (en), Michelangelo Cerquozzi, revision 1365391795. https://en.wikipedia.org/wiki/Michelangelo_Cerquozzi. Accessed 2026-09-10.",,,"Wikipedia (en), Michelangelo Cerquozzi, revision 1365391795. https://en.wikipedia.org/wiki/Michelangelo_Cerquozzi. Accessed 2026-09-10.",https://en.wikipedia.org/wiki/Michelangelo_Cerquozzi
src-9f8c0edd0e31ff48,external,"Wikipedia (en), Thomas Baker, revision 1359449234. https://en.wikipedia.org/wiki/Thomas_Baker. Accessed 2026-09-10.",,,"Wikipedia (en), Thomas Baker, revision 1359449234. https://en.wikipedia.org/wiki/Thomas_Baker. Accessed 2026-09-10.",https://en.wikipedia.org/wiki/Thomas_Baker
src-9fa76dae2d099cee,external,"Wikipedia (en), Sant'Agostino, Rome. https://en.wikipedia.org/wiki/Sant'Agostino,_Rome. Accessed 2026-09-13.",,,"Wikipedia (en), Sant'Agostino, Rome. https://en.wikipedia.org/wiki/Sant'Agostino,_Rome. Accessed 2026-09-13.","https://en.wikipedia.org/wiki/Sant'Agostino,_Rome"
src-9fc2356cd526328f,external,"Wikidata, Q8457, revision 2541039693. https://www.wikidata.org/wiki/Q8457. Accessed 2026-09-10.",,,"Wikidata, Q8457, revision 2541039693. https://www.wikidata.org/wiki/Q8457. Accessed 2026-09-10.",https://www.wikidata.org/wiki/Q8457
src-9fccfda1b9987ed3,external,"Doria Pamphilj, “Giovanni Battista Pamphilj Aldobrandini.” https://www.doriapamphilj.it/storia-della-famiglia/biografie-roma/. Accessed 2026-09-25.",,,"Doria Pamphilj, “Giovanni Battista Pamphilj Aldobrandini.” https://www.doriapamphilj.it/storia-della-famiglia/biografie-roma/. Accessed 2026-09-25.",https://www.doriapamphilj.it/storia-della-famiglia/biografie-roma/
src-9fcdf3eba3a3b9f5,external,"Wikidata, Q714400, revision 2522319307. https://www.wikidata.org/wiki/Q714400. Accessed 2026-09-11.",,,"Wikidata, Q714400, revision 2522319307. https://www.wikidata.org/wiki/Q714400. Accessed 2026-09-11.",https://www.wikidata.org/wiki/Q714400
src-9fdb9b518cd8dc73,external,"British Academy, Mr Hugh Honour FBA. https://www.thebritishacademy.ac.uk/fellows/profiles/hugh-honour-FBA/. Accessed 2026-09-15.",,,"British Academy, Mr Hugh Honour FBA. https://www.thebritishacademy.ac.uk/fellows/profiles/hugh-honour-FBA/. Accessed 2026-09-15.",https://www.thebritishacademy.ac.uk/fellows/profiles/hugh-honour-FBA/
src-9ff6bbb905d216c4,external,"Wikipedia (en), Bentvueghels, revision 1372100851. https://en.wikipedia.org/wiki/Bentvueghels. Accessed 2026-09-11.",,,"Wikipedia (en), Bentvueghels, revision 1372100851. https://en.wikipedia.org/wiki/Bentvueghels. Accessed 2026-09-11.",https://en.wikipedia.org/wiki/Bentvueghels
src-a01732f87cb4a6be,external,"Wikipedia (en), Naples, revision 1374047338. https://en.wikipedia.org/wiki/Naples. Accessed 2026-09-10.",,,"Wikipedia (en), Naples, revision 1374047338. https://en.wikipedia.org/wiki/Naples. Accessed 2026-09-10.",https://en.wikipedia.org/wiki/Naples
src-a03de84918f6c579,external,"Wikidata, Q2024585. https://www.wikidata.org/wiki/Q2024585. Accessed 2026-09-13.",,,"Wikidata, Q2024585. https://www.wikidata.org/wiki/Q2024585. Accessed 2026-09-13.",https://www.wikidata.org/wiki/Q2024585
src-a06ab511c67aedf6,external,"Metropolitan Museum of Art, The tomb of Francesco Algarotti in the Campo Santo, Pisa, 51.501.2843. https://www.metmuseum.org/art/collection/search/335623. Accessed 2026-09-14.",,,"Metropolitan Museum of Art, The tomb of Francesco Algarotti in the Campo Santo, Pisa, 51.501.2843. https://www.metmuseum.org/art/collection/search/335623. Accessed 2026-09-14.",https://www.metmuseum.org/art/collection/search/335623
src-a07034a977b3923a,external,"Wikipedia (en), The Denial of Saint Peter (Caravaggio), revision 1361321961. https://en.wikipedia.org/wiki/The_Denial_of_Saint_Peter_(Caravaggio). Accessed 2026-09-12.",,,"Wikipedia (en), The Denial of Saint Peter (Caravaggio), revision 1361321961. https://en.wikipedia.org/wiki/The_Denial_of_Saint_Peter_(Caravaggio). Accessed 2026-09-12.",https://en.wikipedia.org/wiki/The_Denial_of_Saint_Peter_(Caravaggio)
src-a07e58d6c4be5d86,external,"Wikidata, Q124862, revision 2534564865. https://www.wikidata.org/wiki/Q124862 . Accessed 2026-09-10.",,,"Wikidata, Q124862, revision 2534564865. https://www.wikidata.org/wiki/Q124862 . Accessed 2026-09-10.",https://www.wikidata.org/wiki/Q124862
src-a0816be996f0695f,external,"Benedetta Borello, ‘PAMPHILI, Camillo,’ Dizionario Biografico degli Italiani 80 (2014), Treccani. https://www.treccani.it/enciclopedia/camillo-pamphili_(Dizionario-Biografico)/. Accessed 2026-09-10.",,,"Benedetta Borello, ‘PAMPHILI, Camillo,’ Dizionario Biografico degli Italiani 80 (2014), Treccani. https://www.treccani.it/enciclopedia/camillo-pamphili_(Dizionario-Biografico)/. Accessed 2026-09-10.",https://www.treccani.it/enciclopedia/camillo-pamphili_(Dizionario-Biografico)/
src-a0895e67e9adb216,external,"Landeshauptstadt Stuttgart, Staatsgalerie. https://www.stuttgart.de/tourismus/sehenswuerdigkeiten/staatsgalerie. Accessed 2026-09-15.",,,"Landeshauptstadt Stuttgart, Staatsgalerie. https://www.stuttgart.de/tourismus/sehenswuerdigkeiten/staatsgalerie. Accessed 2026-09-15.",https://www.stuttgart.de/tourismus/sehenswuerdigkeiten/staatsgalerie
src-a090d384561dea34,external,"National Gallery, Dirk Bouts, Christ Crowned with Thorns, NG1083. https://www.nationalgallery.org.uk/paintings/dirk-bouts-christ-crowned-with-thorns. Accessed 2026-09-11.",,,"National Gallery, Dirk Bouts, Christ Crowned with Thorns, NG1083. https://www.nationalgallery.org.uk/paintings/dirk-bouts-christ-crowned-with-thorns. Accessed 2026-09-11.",https://www.nationalgallery.org.uk/paintings/dirk-bouts-christ-crowned-with-thorns
src-a0c3955754a07226,external,"National Gallery, “Villa del Timpano Arcuato at Paese,” inventory L1005. https://www.nationalgallery.org.uk/paintings/francesco-guardi-villa-del-timpano-arcuato-at-paese. Accessed 2026-09-25.",,,"National Gallery, “Villa del Timpano Arcuato at Paese,” inventory L1005. https://www.nationalgallery.org.uk/paintings/francesco-guardi-villa-del-timpano-arcuato-at-paese. Accessed 2026-09-25.",https://www.nationalgallery.org.uk/paintings/francesco-guardi-villa-del-timpano-arcuato-at-paese
src-a0c9def3cbc06ae3,external,"Archivio di Stato di Venezia, Guida generale degli Archivi di Stato, Venezia. https://www.archiviodistatovenezia.it/images/file-pdf/Venezia_Guida_Generale.pdf. Accessed 2026-09-15.",,,"Archivio di Stato di Venezia, Guida generale degli Archivi di Stato, Venezia. https://www.archiviodistatovenezia.it/images/file-pdf/Venezia_Guida_Generale.pdf. Accessed 2026-09-15.",https://www.archiviodistatovenezia.it/images/file-pdf/Venezia_Guida_Generale.pdf
src-a1801a0540e76324,external,"RISD Museum, “Portrait of Maddalena Telli by Candlelight,” object 52.195. https://risdmuseum.org/art-design/collection/portrait-maddalena-telli-candlelight-52195. Accessed 2026-09-25.",,,"RISD Museum, “Portrait of Maddalena Telli by Candlelight,” object 52.195. https://risdmuseum.org/art-design/collection/portrait-maddalena-telli-candlelight-52195. Accessed 2026-09-25.",https://risdmuseum.org/art-design/collection/portrait-maddalena-telli-candlelight-52195
src-a18d6a53b32eb829,external,"Wikipedia (en), Pope Leo X, revision 1368372595. https://en.wikipedia.org/wiki/Pope_Leo_X Accessed 2026-09-11.",,,"Wikipedia (en), Pope Leo X, revision 1368372595. https://en.wikipedia.org/wiki/Pope_Leo_X Accessed 2026-09-11.",https://en.wikipedia.org/wiki/Pope_Leo_X
src-a1d937c90b2856a3,external,"Wikipedia (en), Boy Bitten by a Lizard, revision 1365219026. https://en.wikipedia.org/wiki/Boy_Bitten_by_a_Lizard. Accessed 2026-09-12.",,,"Wikipedia (en), Boy Bitten by a Lizard, revision 1365219026. https://en.wikipedia.org/wiki/Boy_Bitten_by_a_Lizard. Accessed 2026-09-12.",https://en.wikipedia.org/wiki/Boy_Bitten_by_a_Lizard
src-a1eb55cff8d57e8a,external,"Sant'Andrea della Valle, Cappella Barberini. https://santandrea.teatinos.org/accenni-storia-arte/cappella-barberini/. Accessed 2026-09-10.",,,"Sant'Andrea della Valle, Cappella Barberini. https://santandrea.teatinos.org/accenni-storia-arte/cappella-barberini/. Accessed 2026-09-10.",https://santandrea.teatinos.org/accenni-storia-arte/cappella-barberini/
src-a1ebb13a45e38fe8,external,"Wikipedia (en), Modello, revision 1281189214. https://en.wikipedia.org/wiki/Modello. Accessed 2026-09-11.",,,"Wikipedia (en), Modello, revision 1281189214. https://en.wikipedia.org/wiki/Modello. Accessed 2026-09-11.",https://en.wikipedia.org/wiki/Modello
src-a2051e69f3f6f195,external,"Paris Musées, Photographies de l’exposition Toutankhamon et son temps, PPEX1967(1)-PH. https://www.parismuseescollections.paris.fr/fr/petit-palais/archives/photographies-de-l-exposition-toutankhamon-et-son-temps-au-petit-palais-en. Accessed 2026-09-14.",,,"Paris Musées, Photographies de l’exposition Toutankhamon et son temps, PPEX1967(1)-PH. https://www.parismuseescollections.paris.fr/fr/petit-palais/archives/photographies-de-l-exposition-toutankhamon-et-son-temps-au-petit-palais-en. Accessed 2026-09-14.",https://www.parismuseescollections.paris.fr/fr/petit-palais/archives/photographies-de-l-exposition-toutankhamon-et-son-temps-au-petit-palais-en
src-a234b31b46af6853,external,"Wikipedia (en), Odescalchi family. https://en.wikipedia.org/wiki/Odescalchi_family. Accessed 2026-09-13.",,,"Wikipedia (en), Odescalchi family. https://en.wikipedia.org/wiki/Odescalchi_family. Accessed 2026-09-13.",https://en.wikipedia.org/wiki/Odescalchi_family
src-a287c2d0eea492a5,external,"Wikipedia (en), Madonna and Child with Saint Anne (Dei Palafrenieri), revision 1361280524. https://en.wikipedia.org/wiki/Madonna_and_Child_with_Saint_Anne_(Dei_Palafrenieri). Accessed 2026-09-12.",,,"Wikipedia (en), Madonna and Child with Saint Anne (Dei Palafrenieri), revision 1361280524. https://en.wikipedia.org/wiki/Madonna_and_Child_with_Saint_Anne_(Dei_Palafrenieri). Accessed 2026-09-12.",https://en.wikipedia.org/wiki/Madonna_and_Child_with_Saint_Anne_(Dei_Palafrenieri)
src-a2918b752c9b1704,external,"Wikidata, Q1192715, revision 2540078460. https://www.wikidata.org/wiki/Q1192715. Read 2026-09-11.",,,"Wikidata, Q1192715, revision 2540078460. https://www.wikidata.org/wiki/Q1192715. Read 2026-09-11.",https://www.wikidata.org/wiki/Q1192715
src-a2a2d1da281ec7cd,external,"Wikidata, Q1092939, revision 2463300116. https://www.wikidata.org/wiki/Q1092939. Accessed 2026-09-10.",,,"Wikidata, Q1092939, revision 2463300116. https://www.wikidata.org/wiki/Q1092939. Accessed 2026-09-10.",https://www.wikidata.org/wiki/Q1092939
src-a2ca3a103c0da1e0,external,"Wikipedia (en), Supreme Order of Christ, revision 1368726900. https://en.wikipedia.org/wiki/Supreme_Order_of_Christ. Accessed 2026-09-11.",,,"Wikipedia (en), Supreme Order of Christ, revision 1368726900. https://en.wikipedia.org/wiki/Supreme_Order_of_Christ. Accessed 2026-09-11.",https://en.wikipedia.org/wiki/Supreme_Order_of_Christ
src-a2d9ab85c10fbd29,external,"Wikidata, Q774940, revision 2503569328. https://www.wikidata.org/wiki/Q774940. Accessed 2026-09-10.",,,"Wikidata, Q774940, revision 2503569328. https://www.wikidata.org/wiki/Q774940. Accessed 2026-09-10.",https://www.wikidata.org/wiki/Q774940
src-a33d008fd9f0a527,external,"Wikipedia, “Pope Innocent XI.” https://en.wikipedia.org/wiki/Pope_Innocent_XI. Accessed 2026-09-25.",,,"Wikipedia, “Pope Innocent XI.” https://en.wikipedia.org/wiki/Pope_Innocent_XI. Accessed 2026-09-25.",https://en.wikipedia.org/wiki/Pope_Innocent_XI
src-a3a97935c6ac96e0,external,"Wikipedia (en), Pope Innocent XIII, revision 1372256611. https://en.wikipedia.org/wiki/Pope_Innocent_XIII Accessed 2026-09-11.",,,"Wikipedia (en), Pope Innocent XIII, revision 1372256611. https://en.wikipedia.org/wiki/Pope_Innocent_XIII Accessed 2026-09-11.",https://en.wikipedia.org/wiki/Pope_Innocent_XIII
src-a3ef7e5098f39043,external,"Wikipedia (en), Santa Maria del Popolo. https://en.wikipedia.org/wiki/Santa_Maria_del_Popolo. Accessed 2026-09-13.",,,"Wikipedia (en), Santa Maria del Popolo. https://en.wikipedia.org/wiki/Santa_Maria_del_Popolo. Accessed 2026-09-13.",https://en.wikipedia.org/wiki/Santa_Maria_del_Popolo
src-a421319411dde3fd,external,"Wikidata, Q1101774, revision 2527349948. https://www.wikidata.org/wiki/Q1101774. Read 2026-09-11.",,,"Wikidata, Q1101774, revision 2527349948. https://www.wikidata.org/wiki/Q1101774. Read 2026-09-11.",https://www.wikidata.org/wiki/Q1101774
src-a438c9f905637e70,external,"Wikidata, “Rhode Island School of Design Museum” (Q2148186). https://www.wikidata.org/wiki/Q2148186. Accessed 2026-09-25.",,,"Wikidata, “Rhode Island School of Design Museum” (Q2148186). https://www.wikidata.org/wiki/Q2148186. Accessed 2026-09-25.",https://www.wikidata.org/wiki/Q2148186
src-a43bd7da0319fe21,external,"National Gallery, London, Correggio. https://www.nationalgallery.org.uk/artists/correggio. Accessed 2026-09-10.",,,"National Gallery, London, Correggio. https://www.nationalgallery.org.uk/artists/correggio. Accessed 2026-09-10.",https://www.nationalgallery.org.uk/artists/correggio
src-a4d667da7723448a,external,"Wikidata, Q101266, revision 2538467085. https://www.wikidata.org/wiki/Q101266. Accessed 2026-09-10.",,,"Wikidata, Q101266, revision 2538467085. https://www.wikidata.org/wiki/Q101266. Accessed 2026-09-10.",https://www.wikidata.org/wiki/Q101266
src-a4e8c0332181733c,external,"Wikipedia (it), Marcello Sacchetti, revision 149839333. https://it.wikipedia.org/wiki/Marcello_Sacchetti. Accessed 2026-09-11.",,,"Wikipedia (it), Marcello Sacchetti, revision 149839333. https://it.wikipedia.org/wiki/Marcello_Sacchetti. Accessed 2026-09-11.",https://it.wikipedia.org/wiki/Marcello_Sacchetti
src-a5014a64442b8c01,external,"Wikidata, Q698228, https://www.wikidata.org/wiki/Q698228. Accessed 2026-09-12.",,,"Wikidata, Q698228, https://www.wikidata.org/wiki/Q698228. Accessed 2026-09-12.",https://www.wikidata.org/wiki/Q698228
src-a5046bf57b41a285,external,"Wikipedia (en), Francesco Maria del Monte. https://en.wikipedia.org/wiki/Francesco_Maria_del_Monte. Accessed 2026-09-13.",,,"Wikipedia (en), Francesco Maria del Monte. https://en.wikipedia.org/wiki/Francesco_Maria_del_Monte. Accessed 2026-09-13.",https://en.wikipedia.org/wiki/Francesco_Maria_del_Monte
src-a50d071fc0c494b2,external,"Wikipedia (it), Cattedrale di Nizza. https://it.wikipedia.org/wiki/Cattedrale_di_Nizza. Accessed 2026-09-25.",,,"Wikipedia (it), Cattedrale di Nizza. https://it.wikipedia.org/wiki/Cattedrale_di_Nizza. Accessed 2026-09-25.",https://it.wikipedia.org/wiki/Cattedrale_di_Nizza
src-a52197cecc6315b2,external,"Luc Thevenon, “Décor et mobilier des cathédrales de Provence orientale aux XVIIe et XVIIIe siècles”, Provence historique, fasc. 259 (2016), pp. 31–32, note 31. https://cinumedpub.mmsh.fr/Provence-historique/Pdf/PH-2016-65-259_3.pdf. Accessed 2026-09-25.",,,"Luc Thevenon, “Décor et mobilier des cathédrales de Provence orientale aux XVIIe et XVIIIe siècles”, Provence historique, fasc. 259 (2016), pp. 31–32, note 31. https://cinumedpub.mmsh.fr/Provence-historique/Pdf/PH-2016-65-259_3.pdf. Accessed 2026-09-25.",https://cinumedpub.mmsh.fr/Provence-historique/Pdf/PH-2016-65-259_3.pdf
src-a53e7188730ca53a,external,"Regione Siciliana, La città scomparsa: Chiesa e Monastero di San Gregorio, https://www.regione.sicilia.it/la-regione-informa/bbcc-messina-450deg-caravaggio-21-al-26-dicembre-si-entra-al-mume-2-euro. Accessed 2026-09-25.",,,"Regione Siciliana, La città scomparsa: Chiesa e Monastero di San Gregorio, https://www.regione.sicilia.it/la-regione-informa/bbcc-messina-450deg-caravaggio-21-al-26-dicembre-si-entra-al-mume-2-euro. Accessed 2026-09-25.",https://www.regione.sicilia.it/la-regione-informa/bbcc-messina-450deg-caravaggio-21-al-26-dicembre-si-entra-al-mume-2-euro
src-a57d0691ebf2fccc,external,"National Portrait Gallery, Peter van Bleeck, mp07669. https://www.npg.org.uk/collections/search/person/mp07669/peter-van-bleeck?role=art. Accessed 2026-09-14.",,,"National Portrait Gallery, Peter van Bleeck, mp07669. https://www.npg.org.uk/collections/search/person/mp07669/peter-van-bleeck?role=art. Accessed 2026-09-14.",https://www.npg.org.uk/collections/search/person/mp07669/peter-van-bleeck?role=art
src-a5d0af995a394889,external,"Wikipedia (en), Carlo Ridolfi, revision 1372947747. https://en.wikipedia.org/wiki/Carlo_Ridolfi. Accessed 2026-09-10.",,,"Wikipedia (en), Carlo Ridolfi, revision 1372947747. https://en.wikipedia.org/wiki/Carlo_Ridolfi. Accessed 2026-09-10.",https://en.wikipedia.org/wiki/Carlo_Ridolfi
src-a5fbb48cea35c411,external,"Sonja Felici, Busto di Scipione Borghese, Galleria Borghese, January 2024, inv. CCLXV. https://www.collezionegalleriaborghese.it/opere/busto-di-scipione-borghese-2. Accessed 2026-09-10.",,,"Sonja Felici, Busto di Scipione Borghese, Galleria Borghese, January 2024, inv. CCLXV. https://www.collezionegalleriaborghese.it/opere/busto-di-scipione-borghese-2. Accessed 2026-09-10.",https://www.collezionegalleriaborghese.it/opere/busto-di-scipione-borghese-2
src-a605267dddde7ad7,external,"Wikipedia (en), The Beheading of Saint John the Baptist (Caravaggio), revision 1371888070. https://en.wikipedia.org/wiki/The_Beheading_of_Saint_John_the_Baptist_(Caravaggio). Accessed 2026-09-12.",,,"Wikipedia (en), The Beheading of Saint John the Baptist (Caravaggio), revision 1371888070. https://en.wikipedia.org/wiki/The_Beheading_of_Saint_John_the_Baptist_(Caravaggio). Accessed 2026-09-12.",https://en.wikipedia.org/wiki/The_Beheading_of_Saint_John_the_Baptist_(Caravaggio)
src-a62809db84f08d43,external,"Wikidata, Q247132, revision 2515186112. https://www.wikidata.org/wiki/Q247132 . Accessed 2026-09-10.",,,"Wikidata, Q247132, revision 2515186112. https://www.wikidata.org/wiki/Q247132 . Accessed 2026-09-10.",https://www.wikidata.org/wiki/Q247132
src-a63939b2ba1622fc,external,"Wikipedia (en), Frascati, https://en.wikipedia.org/wiki/Frascati. Accessed 2026-09-25.",,,"Wikipedia (en), Frascati, https://en.wikipedia.org/wiki/Frascati. Accessed 2026-09-25.",https://en.wikipedia.org/wiki/Frascati
src-a6555f03300f8f89,external,"Treccani, Vocabolario on line, “pittóre”. https://www.treccani.it/vocabolario/pittore/. Accessed 2026-09-11.",,,"Treccani, Vocabolario on line, “pittóre”. https://www.treccani.it/vocabolario/pittore/. Accessed 2026-09-11.",https://www.treccani.it/vocabolario/pittore/
src-a65c0fff4f0425b6,external,"Museo di Palazzo Doria Pamphilj, Il Museo di Palazzo Doria Pamphilj. https://www.palazzodoriapamphiljvalmontone.it/il-museo-di-palazzo-doria-pamphilj/. Accessed 2026-09-11.",,,"Museo di Palazzo Doria Pamphilj, Il Museo di Palazzo Doria Pamphilj. https://www.palazzodoriapamphiljvalmontone.it/il-museo-di-palazzo-doria-pamphilj/. Accessed 2026-09-11.",https://www.palazzodoriapamphiljvalmontone.it/il-museo-di-palazzo-doria-pamphilj/
src-a6d3109739175e46,external,"Alessandra Cosmi, SACCHI, Andrea, DBI 89 (2017). https://www.treccani.it/enciclopedia/andrea-sacchi_(Dizionario-Biografico)/. Accessed 2026-09-10.",,,"Alessandra Cosmi, SACCHI, Andrea, DBI 89 (2017). https://www.treccani.it/enciclopedia/andrea-sacchi_(Dizionario-Biografico)/. Accessed 2026-09-10.",https://www.treccani.it/enciclopedia/andrea-sacchi_(Dizionario-Biografico)/
src-a6d83e050a5df1ea,external,"Wikidata, Q25796776, https://www.wikidata.org/wiki/Q25796776. Accessed 2026-09-12.",,,"Wikidata, Q25796776, https://www.wikidata.org/wiki/Q25796776. Accessed 2026-09-12.",https://www.wikidata.org/wiki/Q25796776
src-a71e9e5a5f70b95e,external,"Art Bonus, Biblioteca Casanatense – Restauro materiale librario. Lotto 4. https://artbonus.gov.it/biblioteca-casanatense-restauro-materiale-librario.-lotto-4.html. Accessed 2026-09-10.",,,"Art Bonus, Biblioteca Casanatense – Restauro materiale librario. Lotto 4. https://artbonus.gov.it/biblioteca-casanatense-restauro-materiale-librario.-lotto-4.html. Accessed 2026-09-10.",https://artbonus.gov.it/biblioteca-casanatense-restauro-materiale-librario.-lotto-4.html
src-a861189222c6bf94,external,"Wikidata, Q1448203, https://www.wikidata.org/wiki/Q1448203. Accessed 2026-09-12.",,,"Wikidata, Q1448203, https://www.wikidata.org/wiki/Q1448203. Accessed 2026-09-12.",https://www.wikidata.org/wiki/Q1448203
src-a8808cf2a026c6c2,external,"Laura Popoviciu, Between Taste and Historiography (University of London doctoral thesis, 2014), vol. II. https://sas-space.sas.ac.uk/6353/2/Popoviciu%2C%20L%20%20thesis%20vol%20II%20%203%20Sept%202014.pdf. Accessed 2026-09-14.",,,"Laura Popoviciu, Between Taste and Historiography (University of London doctoral thesis, 2014), vol. II. https://sas-space.sas.ac.uk/6353/2/Popoviciu%2C%20L%20%20thesis%20vol%20II%20%203%20Sept%202014.pdf. Accessed 2026-09-14.",https://sas-space.sas.ac.uk/6353/2/Popoviciu%2C%20L%20%20thesis%20vol%20II%20%203%20Sept%202014.pdf
src-a8ab49f5089cce95,external,"Paolo Cozzo, “SAVOIA, Maurizio di”, Dizionario Biografico degli Italiani, vol.91 (2018). https://www.treccani.it/enciclopedia/maurizio-di-savoia_(Dizionario-Biografico)/. Accessed 2026-09-11.",,,"Paolo Cozzo, “SAVOIA, Maurizio di”, Dizionario Biografico degli Italiani, vol.91 (2018). https://www.treccani.it/enciclopedia/maurizio-di-savoia_(Dizionario-Biografico)/. Accessed 2026-09-11.",https://www.treccani.it/enciclopedia/maurizio-di-savoia_(Dizionario-Biografico)/
src-a8b72998193d5e9a,external,"Wikipedia (en), Mario Nuzzi, revision 1365392284. https://en.wikipedia.org/wiki/Mario_Nuzzi. Accessed 2026-09-10.",,,"Wikipedia (en), Mario Nuzzi, revision 1365392284. https://en.wikipedia.org/wiki/Mario_Nuzzi. Accessed 2026-09-10.",https://en.wikipedia.org/wiki/Mario_Nuzzi
src-a8fa0b52a9fb1c9f,external,"National Galleries of Scotland, The Feast of Herod, NG 2193. https://www.nationalgalleries.org/art-and-artists/5382. Accessed 2026-09-14.",,,"National Galleries of Scotland, The Feast of Herod, NG 2193. https://www.nationalgalleries.org/art-and-artists/5382. Accessed 2026-09-14.",https://www.nationalgalleries.org/art-and-artists/5382
src-a96f36b75b4b162a,external,"Museo Correr / Fondazione Musei Civici di Venezia, Library. https://correr.visitmuve.it/en/library/. Accessed 2026-09-14.",,,"Museo Correr / Fondazione Musei Civici di Venezia, Library. https://correr.visitmuve.it/en/library/. Accessed 2026-09-14.",https://correr.visitmuve.it/en/library/
src-a9ad39fd89f158b1,external,"Paolo Salciarini, with Anna Radicchi, Guida alla Basilica: Santuario di Sant'Ubaldo, 4th reprint (February 2015), pp. 20–21. https://www.eugubininelmondo.com/public/GuidaBasilica2015.pdf Accessed 2026-09-11.",,,"Paolo Salciarini, with Anna Radicchi, Guida alla Basilica: Santuario di Sant'Ubaldo, 4th reprint (February 2015), pp. 20–21. https://www.eugubininelmondo.com/public/GuidaBasilica2015.pdf Accessed 2026-09-11.",https://www.eugubininelmondo.com/public/GuidaBasilica2015.pdf
src-a9b4ae2ab855fd75,external,"Wikipedia (en), Saint Matthew and the Angel, revision 1368793918. https://en.wikipedia.org/wiki/Saint_Matthew_and_the_Angel. Accessed 2026-09-10.",,,"Wikipedia (en), Saint Matthew and the Angel, revision 1368793918. https://en.wikipedia.org/wiki/Saint_Matthew_and_the_Angel. Accessed 2026-09-10.",https://en.wikipedia.org/wiki/Saint_Matthew_and_the_Angel
src-a9e233657ab452fb,external,"ICCD, Rivolta di Masaniello, 1200962613, inventory 81. https://catalogo.beniculturali.it/detail/HistoricOrArtisticProperty/1200962613. Accessed 2026-09-14.",,,"ICCD, Rivolta di Masaniello, 1200962613, inventory 81. https://catalogo.beniculturali.it/detail/HistoricOrArtisticProperty/1200962613. Accessed 2026-09-14.",https://catalogo.beniculturali.it/detail/HistoricOrArtisticProperty/1200962613
src-a9fb39cef93490f8,external,"Wikipedia (it), Palazzo Doria-Pamphili, revision 150011271. https://it.wikipedia.org/wiki/Palazzo_Doria-Pamphili Accessed 2026-09-11.",,,"Wikipedia (it), Palazzo Doria-Pamphili, revision 150011271. https://it.wikipedia.org/wiki/Palazzo_Doria-Pamphili Accessed 2026-09-11.",https://it.wikipedia.org/wiki/Palazzo_Doria-Pamphili
src-aa1deb41d8fb7223,external,"Getty Union List of Artist Names, Altemps, Giovanni Angelo. https://www.getty.edu/vow/ULANFullDisplay?find=500088657&nation=&role=&subjectid=500707304. Accessed 2026-09-25.",,,"Getty Union List of Artist Names, Altemps, Giovanni Angelo. https://www.getty.edu/vow/ULANFullDisplay?find=500088657&nation=&role=&subjectid=500707304. Accessed 2026-09-25.",https://www.getty.edu/vow/ULANFullDisplay?find=500088657&nation=&role=&subjectid=500707304
src-aa37ac0dfe2a4e5c,external,"Wikidata, Q2683, revision 2539605928. https://www.wikidata.org/wiki/Q2683. Accessed 2026-09-10.",,,"Wikidata, Q2683, revision 2539605928. https://www.wikidata.org/wiki/Q2683. Accessed 2026-09-10.",https://www.wikidata.org/wiki/Q2683
src-aa69596182b88d91,external,"Wikipedia (en), Andachtsbilder, revision 1353438044. https://en.wikipedia.org/wiki/Andachtsbilder. Accessed 2026-09-11.",,,"Wikipedia (en), Andachtsbilder, revision 1353438044. https://en.wikipedia.org/wiki/Andachtsbilder. Accessed 2026-09-11.",https://en.wikipedia.org/wiki/Andachtsbilder
src-aa7e60fcc10561b5,external,"Wikidata, Q6033986. https://www.wikidata.org/wiki/Q6033986. Accessed 2026-09-13.",,,"Wikidata, Q6033986. https://www.wikidata.org/wiki/Q6033986. Accessed 2026-09-13.",https://www.wikidata.org/wiki/Q6033986
src-aaa5b4a56ebddb94,external,"Wikidata, Q16853519, revision 2420442741. https://www.wikidata.org/wiki/Q16853519. Accessed 2026-09-10.",,,"Wikidata, Q16853519, revision 2420442741. https://www.wikidata.org/wiki/Q16853519. Accessed 2026-09-10.",https://www.wikidata.org/wiki/Q16853519
src-aab2f71212c13895,external,"Treccani, Enciclopedia on line, Marescalchi, Ferdinando, conte. https://www.treccani.it/enciclopedia/marescalchi-ferdinando-conte/. Accessed 2026-09-15.",,,"Treccani, Enciclopedia on line, Marescalchi, Ferdinando, conte. https://www.treccani.it/enciclopedia/marescalchi-ferdinando-conte/. Accessed 2026-09-15.",https://www.treccani.it/enciclopedia/marescalchi-ferdinando-conte/
src-aad032282784b451,external,"Wikipedia, “Aristotle.” https://en.wikipedia.org/wiki/Aristotle. Accessed 2026-09-25.",,,"Wikipedia, “Aristotle.” https://en.wikipedia.org/wiki/Aristotle. Accessed 2026-09-25.",https://en.wikipedia.org/wiki/Aristotle
src-aae248c737566624,external,"J. Paul Getty Museum, ""Guercino: Mind to Paper."" https://www.getty.edu/art/exhibitions/guercino/index.html. Accessed 2026-09-09.",,,"J. Paul Getty Museum, ""Guercino: Mind to Paper."" https://www.getty.edu/art/exhibitions/guercino/index.html. Accessed 2026-09-09.",https://www.getty.edu/art/exhibitions/guercino/index.html
src-aafcdceb17acad20,external,Collection or site authority record. https://www.collezionegalleriaborghese.it/en/opere/saint-jerome. Accessed 2026-09-12.,,,Collection or site authority record. https://www.collezionegalleriaborghese.it/en/opere/saint-jerome. Accessed 2026-09-12.,https://www.collezionegalleriaborghese.it/en/opere/saint-jerome
src-ab06a80caf80ba05,external,"Basilica di San Clemente, History. https://www.basilicasanclemente.com/eng/history/. Accessed 2026-09-14.",,,"Basilica di San Clemente, History. https://www.basilicasanclemente.com/eng/history/. Accessed 2026-09-14.",https://www.basilicasanclemente.com/eng/history/
src-ab16bcc9ac30a81e,external,"Fondazione Federico Zeri, photograph 204958, inventory 500600. https://catalogo.fondazionezeri.unibo.it/entry/photo/204958/. Accessed 2026-09-14.",,,"Fondazione Federico Zeri, photograph 204958, inventory 500600. https://catalogo.fondazionezeri.unibo.it/entry/photo/204958/. Accessed 2026-09-14.",https://catalogo.fondazionezeri.unibo.it/entry/photo/204958/
src-ab5f3a8f3cd874d0,external,"""Naples,"" English Wikipedia, revision 1373700383. https://en.wikipedia.org/wiki/Naples. Accessed 2026-09-09.",,,"""Naples,"" English Wikipedia, revision 1373700383. https://en.wikipedia.org/wiki/Naples. Accessed 2026-09-09.",https://en.wikipedia.org/wiki/Naples
src-ab82099cb0604b34,external,"National Gallery, Sassoferrato (1609–1685). https://www.nationalgallery.org.uk/artists/sassoferrato. Accessed 2026-09-14.",,,"National Gallery, Sassoferrato (1609–1685). https://www.nationalgallery.org.uk/artists/sassoferrato. Accessed 2026-09-14.",https://www.nationalgallery.org.uk/artists/sassoferrato
src-ab8f636b542bfdcd,external,"Éditions Hazan, Qui sommes-nous ?. https://www.editions-hazan.fr/qui-sommes-nous/. Accessed 2026-09-15.",,,"Éditions Hazan, Qui sommes-nous ?. https://www.editions-hazan.fr/qui-sommes-nous/. Accessed 2026-09-15.",https://www.editions-hazan.fr/qui-sommes-nous/
src-abca572dccdd7a44,external,"Wikipedia (en), Vincenzo Giustiniani, revision 1351118322. https://en.wikipedia.org/wiki/Vincenzo_Giustiniani. Accessed 2026-09-11.",,,"Wikipedia (en), Vincenzo Giustiniani, revision 1351118322. https://en.wikipedia.org/wiki/Vincenzo_Giustiniani. Accessed 2026-09-11.",https://en.wikipedia.org/wiki/Vincenzo_Giustiniani
src-abca852069bddbb0,external,"Ministero della Cultura, Catalogo generale, 1200757776A-4. https://catalogo.beniculturali.it/detail/HistoricOrArtisticProperty/1200757776A-4. Accessed 2026-09-14.",,,"Ministero della Cultura, Catalogo generale, 1200757776A-4. https://catalogo.beniculturali.it/detail/HistoricOrArtisticProperty/1200757776A-4. Accessed 2026-09-14.",https://catalogo.beniculturali.it/detail/HistoricOrArtisticProperty/1200757776A-4
src-abd19c2a6c9a7d99,external,"Fiorenzo Fisogni, NAZARI, Bartolomeo, Dizionario Biografico degli Italiani, vol. 78 (2017). https://www.treccani.it/enciclopedia/bartolomeo-nazari_res-1dbdf466-03ed-11e7-b5f4-00271042e8d9_(Dizionario-Biografico)/. Accessed 2026-09-14.",,,"Fiorenzo Fisogni, NAZARI, Bartolomeo, Dizionario Biografico degli Italiani, vol. 78 (2017). https://www.treccani.it/enciclopedia/bartolomeo-nazari_res-1dbdf466-03ed-11e7-b5f4-00271042e8d9_(Dizionario-Biografico)/. Accessed 2026-09-14.",https://www.treccani.it/enciclopedia/bartolomeo-nazari_res-1dbdf466-03ed-11e7-b5f4-00271042e8d9_(Dizionario-Biografico)/
src-abee005650924330,external,"Musée Fesch, “Portrait du cardinal Scipione Borghese.” https://www.musee-fesch.com/peintures-du-xviieme-siecle/portrait-du-cardinal-scipione-borghese-576250. Accessed 2026-09-25.",,,"Musée Fesch, “Portrait du cardinal Scipione Borghese.” https://www.musee-fesch.com/peintures-du-xviieme-siecle/portrait-du-cardinal-scipione-borghese-576250. Accessed 2026-09-25.",https://www.musee-fesch.com/peintures-du-xviieme-siecle/portrait-du-cardinal-scipione-borghese-576250
src-ac1e0dc2dadeb237,external,"Wikipedia (en), San Sebastiano al Palatino, revision 1368485604. https://en.wikipedia.org/wiki/San_Sebastiano_al_Palatino. Accessed 2026-09-10.",,,"Wikipedia (en), San Sebastiano al Palatino, revision 1368485604. https://en.wikipedia.org/wiki/San_Sebastiano_al_Palatino. Accessed 2026-09-10.",https://en.wikipedia.org/wiki/San_Sebastiano_al_Palatino
src-ac741a73e2e14310,external,"Wikipedia (en), The Taking of Christ (Caravaggio), revision 1373486850. https://en.wikipedia.org/wiki/The_Taking_of_Christ_(Caravaggio). Accessed 2026-09-12.",,,"Wikipedia (en), The Taking of Christ (Caravaggio), revision 1373486850. https://en.wikipedia.org/wiki/The_Taking_of_Christ_(Caravaggio). Accessed 2026-09-12.",https://en.wikipedia.org/wiki/The_Taking_of_Christ_(Caravaggio)
src-acf36f103682eae3,external,"Wikipedia (en), Turin, revision 1373350145. https://en.wikipedia.org/wiki/Turin Accessed 2026-09-11.",,,"Wikipedia (en), Turin, revision 1373350145. https://en.wikipedia.org/wiki/Turin Accessed 2026-09-11.",https://en.wikipedia.org/wiki/Turin
src-ad16530929bb89f4,external,"Wikipedia (en), Raphael, revision 1370412674. https://en.wikipedia.org/wiki/Raphael. Accessed 2026-09-10.",,,"Wikipedia (en), Raphael, revision 1370412674. https://en.wikipedia.org/wiki/Raphael. Accessed 2026-09-10.",https://en.wikipedia.org/wiki/Raphael
src-ad602fd215a1102e,external,"Accademia di San Luca, English Wikipedia. https://en.wikipedia.org/wiki/Accademia_di_San_Luca. Accessed 2026-09-10.",,,"Accademia di San Luca, English Wikipedia. https://en.wikipedia.org/wiki/Accademia_di_San_Luca. Accessed 2026-09-10.",https://en.wikipedia.org/wiki/Accademia_di_San_Luca
src-ad748797f294ab3c,external,"Wikidata, Q47468606, revision 2520281632. https://www.wikidata.org/wiki/Q47468606. Accessed 2026-09-25.",,,"Wikidata, Q47468606, revision 2520281632. https://www.wikidata.org/wiki/Q47468606. Accessed 2026-09-25.",https://www.wikidata.org/wiki/Q47468606
src-ad86078c5e4a263f,external,"Annemarie Stefes, Pieter Mulier II biography (2019) and «Italianate Landscape with Herders Crossing a Ford» entry (2018), Rijksmuseum, Dutch Drawings of the Seventeenth Century, ed. Jane Turner. https://www.rijksmuseum.nl/nl/collectie/object/Italiaans%2Blandschap%2Bwaarin%2Bherders%2Been%2Brivier%2Boversteken--4aef6dcb3b9777165ead9f633d091de8. Accessed 2026-09-11.",,,"Annemarie Stefes, Pieter Mulier II biography (2019) and «Italianate Landscape with Herders Crossing a Ford» entry (2018), Rijksmuseum, Dutch Drawings of the Seventeenth Century, ed. Jane Turner. https://www.rijksmuseum.nl/nl/collectie/object/Italiaans%2Blandschap%2Bwaarin%2Bherders%2Been%2Brivier%2Boversteken--4aef6dcb3b9777165ead9f633d091de8. Accessed 2026-09-11.",https://www.rijksmuseum.nl/nl/collectie/object/Italiaans%2Blandschap%2Bwaarin%2Bherders%2Been%2Brivier%2Boversteken--4aef6dcb3b9777165ead9f633d091de8
src-adee077b3c63cb70,external,"Gino Benzoni, FERDINANDO Gonzaga, duca di Mantova e dei Monferrato, DBI 46 (1996). https://www.treccani.it/enciclopedia/ferdinando-gonzaga-duca-di-mantova-e-dei-monferrato_(Dizionario-Biografico)/. Accessed 2026-09-11.",,,"Gino Benzoni, FERDINANDO Gonzaga, duca di Mantova e dei Monferrato, DBI 46 (1996). https://www.treccani.it/enciclopedia/ferdinando-gonzaga-duca-di-mantova-e-dei-monferrato_(Dizionario-Biografico)/. Accessed 2026-09-11.",https://www.treccani.it/enciclopedia/ferdinando-gonzaga-duca-di-mantova-e-dei-monferrato_(Dizionario-Biografico)/
src-adf0fa5f58794070,external,Collection or site authority record. https://www.khm.at/objektdb/detail/425/. Accessed 2026-09-12.,,,Collection or site authority record. https://www.khm.at/objektdb/detail/425/. Accessed 2026-09-12.,https://www.khm.at/objektdb/detail/425/
src-adf95aa0c6eb0d49,external,"Valentina Sapienza, “Leoni, Ottavio,” Dizionario Biografico degli Italiani 64 (2005). https://www.treccani.it/enciclopedia/ottavio-leoni_(Dizionario-Biografico)/. Accessed 2026-09-25.",,,"Valentina Sapienza, “Leoni, Ottavio,” Dizionario Biografico degli Italiani 64 (2005). https://www.treccani.it/enciclopedia/ottavio-leoni_(Dizionario-Biografico)/. Accessed 2026-09-25.",https://www.treccani.it/enciclopedia/ottavio-leoni_(Dizionario-Biografico)/
src-ae4769713609e812,external,"Julius-Maximilians-Universität Würzburg, “Ungewöhnliche Fotos aus dem Dom von Halle/Saale,” Informationsdienst Wissenschaft, 2014-01-09. https://idw-online.de/de/news568534. Accessed 2026-09-25.",,,"Julius-Maximilians-Universität Würzburg, “Ungewöhnliche Fotos aus dem Dom von Halle/Saale,” Informationsdienst Wissenschaft, 2014-01-09. https://idw-online.de/de/news568534. Accessed 2026-09-25.",https://idw-online.de/de/news568534
src-ae78cc57fd160da8,external,"National Gallery, London, Anatomy of an altarpiece. https://www.nationalgallery.org.uk/paintings/anatomy-of-an-altarpiece. Accessed 2026-09-10.",,,"National Gallery, London, Anatomy of an altarpiece. https://www.nationalgallery.org.uk/paintings/anatomy-of-an-altarpiece. Accessed 2026-09-10.",https://www.nationalgallery.org.uk/paintings/anatomy-of-an-altarpiece
src-ae8d787e18c6a606,external,"Wikidata, Q613619. https://www.wikidata.org/wiki/Q613619. Accessed 2026-09-13.",,,"Wikidata, Q613619. https://www.wikidata.org/wiki/Q613619. Accessed 2026-09-13.",https://www.wikidata.org/wiki/Q613619
src-ae9ccc8a0e8d63c8,external,"Wikidata, Q1136614, revision 2539202298. https://www.wikidata.org/wiki/Q1136614. Accessed 2026-09-10.",,,"Wikidata, Q1136614, revision 2539202298. https://www.wikidata.org/wiki/Q1136614. Accessed 2026-09-10.",https://www.wikidata.org/wiki/Q1136614
src-aed3505bbf300948,external,"Paul VI, minor-basilica grant, 1965-12-20, Spanish text hosted by Sant'Andrea della Valle. https://santandrea.teatinos.org/es/bienvenida/titulo-basilica-menor/. Accessed 2026-09-10.",,,"Paul VI, minor-basilica grant, 1965-12-20, Spanish text hosted by Sant'Andrea della Valle. https://santandrea.teatinos.org/es/bienvenida/titulo-basilica-menor/. Accessed 2026-09-10.",https://santandrea.teatinos.org/es/bienvenida/titulo-basilica-menor/
src-af12d54e3633f362,external,"WorldCat, Delle commedie di Carlo Goldoni, OCLC 14629858. https://search.worldcat.org/title/Delle-commedie-di-Carlo-Goldoni-../oclc/14629858. Accessed 2026-09-14.",,,"WorldCat, Delle commedie di Carlo Goldoni, OCLC 14629858. https://search.worldcat.org/title/Delle-commedie-di-Carlo-Goldoni-../oclc/14629858. Accessed 2026-09-14.",https://search.worldcat.org/title/Delle-commedie-di-Carlo-Goldoni-../oclc/14629858
src-af5e4678a5289f9c,external,"Wikipedia (en), Luigi Bernini, revision 1367632838. https://en.wikipedia.org/wiki/Luigi_Bernini. Accessed 2026-09-25.",,,"Wikipedia (en), Luigi Bernini, revision 1367632838. https://en.wikipedia.org/wiki/Luigi_Bernini. Accessed 2026-09-25.",https://en.wikipedia.org/wiki/Luigi_Bernini
src-af89e36c35ce1f9c,external,"Wikipedia (en), The Conversion of Saint Paul (Caravaggio), revision 1361423541. https://en.wikipedia.org/wiki/The_Conversion_of_Saint_Paul_(Caravaggio). Accessed 2026-09-12.",,,"Wikipedia (en), The Conversion of Saint Paul (Caravaggio), revision 1361423541. https://en.wikipedia.org/wiki/The_Conversion_of_Saint_Paul_(Caravaggio). Accessed 2026-09-12.",https://en.wikipedia.org/wiki/The_Conversion_of_Saint_Paul_(Caravaggio)
src-afb88e7507942633,external,"Wikidata, Q5599, revision 2540659746. https://www.wikidata.org/wiki/Q5599. Accessed 2026-09-10.",,,"Wikidata, Q5599, revision 2540659746. https://www.wikidata.org/wiki/Q5599. Accessed 2026-09-10.",https://www.wikidata.org/wiki/Q5599
src-afbc8800e990fb4e,external,"Wikidata, Q1414924, revision 2528092287. https://www.wikidata.org/wiki/Q1414924. Accessed 2026-09-10.",,,"Wikidata, Q1414924, revision 2528092287. https://www.wikidata.org/wiki/Q1414924. Accessed 2026-09-10.",https://www.wikidata.org/wiki/Q1414924
src-afcca3a1fc6ab9fd,external,"Comune di Frascati, Territorio e storia. https://www.comune.frascati.rm.it/vivere_il_comune/territorio/territorio_2.html. Accessed 2026-09-25.",,,"Comune di Frascati, Territorio e storia. https://www.comune.frascati.rm.it/vivere_il_comune/territorio/territorio_2.html. Accessed 2026-09-25.",https://www.comune.frascati.rm.it/vivere_il_comune/territorio/territorio_2.html
src-b048886d3cd1f7ba,external,"Wikidata, Q3639560, revision 2476730461. https://www.wikidata.org/wiki/Q3639560. Accessed 2026-09-10.",,,"Wikidata, Q3639560, revision 2476730461. https://www.wikidata.org/wiki/Q3639560. Accessed 2026-09-10.",https://www.wikidata.org/wiki/Q3639560
src-b07d7cb28778fc8f,external,"Wikidata, Q380763, revision 2522270940. https://www.wikidata.org/wiki/Q380763. Accessed 2026-09-11.",,,"Wikidata, Q380763, revision 2522270940. https://www.wikidata.org/wiki/Q380763. Accessed 2026-09-11.",https://www.wikidata.org/wiki/Q380763
src-b09ec1c0ac443427,external,"Wikidata, Q816847, revision 2536308991. https://www.wikidata.org/wiki/Q816847. Accessed 2026-09-10.",,,"Wikidata, Q816847, revision 2536308991. https://www.wikidata.org/wiki/Q816847. Accessed 2026-09-10.",https://www.wikidata.org/wiki/Q816847
src-b0dc1a2438cebe90,external,"Wikidata, Q338478, revision 2483000724. https://www.wikidata.org/wiki/Q338478. Accessed 2026-09-10.",,,"Wikidata, Q338478, revision 2483000724. https://www.wikidata.org/wiki/Q338478. Accessed 2026-09-10.",https://www.wikidata.org/wiki/Q338478
src-b0f151cb56450c44,external,"Wikidata, Q16534303, revision 2444019046. https://www.wikidata.org/wiki/Q16534303. Accessed 2026-09-10.",,,"Wikidata, Q16534303, revision 2444019046. https://www.wikidata.org/wiki/Q16534303. Accessed 2026-09-10.",https://www.wikidata.org/wiki/Q16534303
src-b12b3eb6e04d5a4d,external,"The University of Manchester, Research Explorer, Art and Architecture in Naples, 1266-1713: New Approaches. https://research.manchester.ac.uk/en/publications/art-and-architecture-in-naples-1266-1713-new-approaches/. Accessed 2026-09-10.",,,"The University of Manchester, Research Explorer, Art and Architecture in Naples, 1266-1713: New Approaches. https://research.manchester.ac.uk/en/publications/art-and-architecture-in-naples-1266-1713-new-approaches/. Accessed 2026-09-10.",https://research.manchester.ac.uk/en/publications/art-and-architecture-in-naples-1266-1713-new-approaches/
src-b184fee57e8937f3,external,"Letizia Lanzetta, GIMIGNANI, Ludovico, Dizionario Biografico degli Italiani 54 (2000). https://www.treccani.it/enciclopedia/ludovico-gimignani_(Dizionario-Biografico)/. Accessed 2026-09-11.",,,"Letizia Lanzetta, GIMIGNANI, Ludovico, Dizionario Biografico degli Italiani 54 (2000). https://www.treccani.it/enciclopedia/ludovico-gimignani_(Dizionario-Biografico)/. Accessed 2026-09-11.",https://www.treccani.it/enciclopedia/ludovico-gimignani_(Dizionario-Biografico)/
src-b1d5af047bc7860d,external,"Wikipedia (en), Bohemianism, revision 1370991471. https://en.wikipedia.org/wiki/Bohemianism. Accessed 2026-09-10.",,,"Wikipedia (en), Bohemianism, revision 1370991471. https://en.wikipedia.org/wiki/Bohemianism. Accessed 2026-09-10.",https://en.wikipedia.org/wiki/Bohemianism
src-b1ec2b9a815866c7,external,"Wikidata, Q1424095. https://www.wikidata.org/wiki/Q1424095. Accessed 2026-09-13.",,,"Wikidata, Q1424095. https://www.wikidata.org/wiki/Q1424095. Accessed 2026-09-13.",https://www.wikidata.org/wiki/Q1424095
src-b2953cbb624d7899,external,"Phaidon, Our Company. https://www.phaidon.com/en-int/pages/our-company. Accessed 2026-09-15.",,,"Phaidon, Our Company. https://www.phaidon.com/en-int/pages/our-company. Accessed 2026-09-15.",https://www.phaidon.com/en-int/pages/our-company
src-b2a91500d3b32541,external,"Wikipedia (en), Claude Lorrain, revision 1373831548. https://en.wikipedia.org/wiki/Claude_Lorrain. Accessed 2026-09-10.",,,"Wikipedia (en), Claude Lorrain, revision 1373831548. https://en.wikipedia.org/wiki/Claude_Lorrain. Accessed 2026-09-10.",https://en.wikipedia.org/wiki/Claude_Lorrain
src-b2d381be99a7c92f,external,"""Fulvio Testi,"" English Wikipedia, revision 1372649729. https://en.wikipedia.org/wiki/Fulvio_Testi. Accessed 2026-09-09.",,,"""Fulvio Testi,"" English Wikipedia, revision 1372649729. https://en.wikipedia.org/wiki/Fulvio_Testi. Accessed 2026-09-09.",https://en.wikipedia.org/wiki/Fulvio_Testi
src-b2e3c7c7f495a7ad,external,"Gallerie Nazionali Barberini Corsini, The Italian Government has acquired The Portrait of Monsignor Maffeo Barberini by Caravaggio, 2026-03-10. https://barberinicorsini.org/en/the-italian-government-has-acquired-the-portrait-of-monsignor-maffeo-barberini-by-caravaggio/. Accessed 2026-09-25.",,,"Gallerie Nazionali Barberini Corsini, The Italian Government has acquired The Portrait of Monsignor Maffeo Barberini by Caravaggio, 2026-03-10. https://barberinicorsini.org/en/the-italian-government-has-acquired-the-portrait-of-monsignor-maffeo-barberini-by-caravaggio/. Accessed 2026-09-25.",https://barberinicorsini.org/en/the-italian-government-has-acquired-the-portrait-of-monsignor-maffeo-barberini-by-caravaggio/
src-b2ea5ec028c4e6b3,external,"Stella Rudolph, An introduction to the outstanding and lengthy career of Carlo Maratti, Nicholas Hall exhibition (2017). https://www.nicholashall.art/exhibition/paintings-by-carlo-maratti/. Accessed 2026-09-14.",,,"Stella Rudolph, An introduction to the outstanding and lengthy career of Carlo Maratti, Nicholas Hall exhibition (2017). https://www.nicholashall.art/exhibition/paintings-by-carlo-maratti/. Accessed 2026-09-14.",https://www.nicholashall.art/exhibition/paintings-by-carlo-maratti/
src-b2ed31e63c847c7f,external,"Wikipedia (en), Saint Matthew and the Angel, revision 1368793918. https://en.wikipedia.org/wiki/Saint_Matthew_and_the_Angel. Accessed 2026-09-11.",,,"Wikipedia (en), Saint Matthew and the Angel, revision 1368793918. https://en.wikipedia.org/wiki/Saint_Matthew_and_the_Angel. Accessed 2026-09-11.",https://en.wikipedia.org/wiki/Saint_Matthew_and_the_Angel
src-b3149c55ddffa240,external,"Giorgio E. Ferrari, ALBRIZZI, Giovanni Battista, Dizionario Biografico degli Italiani, vol. 2 (1960). https://www.treccani.it/enciclopedia/giovanni-battista-albrizzi_(Dizionario-Biografico)/. Accessed 2026-09-14.",,,"Giorgio E. Ferrari, ALBRIZZI, Giovanni Battista, Dizionario Biografico degli Italiani, vol. 2 (1960). https://www.treccani.it/enciclopedia/giovanni-battista-albrizzi_(Dizionario-Biografico)/. Accessed 2026-09-14.",https://www.treccani.it/enciclopedia/giovanni-battista-albrizzi_(Dizionario-Biografico)/
src-b371d5666176e360,external,"Wikidata Q109061, revision 2542997489. https://www.wikidata.org/wiki/Q109061. Accessed 2026-09-11.",,,"Wikidata Q109061, revision 2542997489. https://www.wikidata.org/wiki/Q109061. Accessed 2026-09-11.",https://www.wikidata.org/wiki/Q109061
src-b3736a6ec50febf2,external,"“Rhode Island School of Design Museum,” English Wikipedia. https://en.wikipedia.org/wiki/Rhode_Island_School_of_Design_Museum. Accessed 2026-09-25.",,,"“Rhode Island School of Design Museum,” English Wikipedia. https://en.wikipedia.org/wiki/Rhode_Island_School_of_Design_Museum. Accessed 2026-09-25.",https://en.wikipedia.org/wiki/Rhode_Island_School_of_Design_Museum
src-b3ca5c2bc7c50042,external,"Rossella Canuti, ODAZZI, Giovanni, Dizionario Biografico degli Italiani 79 (2013). https://www.treccani.it/enciclopedia/giovanni-odazzi_(Dizionario-Biografico)/ Accessed 2026-09-11.",,,"Rossella Canuti, ODAZZI, Giovanni, Dizionario Biografico degli Italiani 79 (2013). https://www.treccani.it/enciclopedia/giovanni-odazzi_(Dizionario-Biografico)/ Accessed 2026-09-11.",https://www.treccani.it/enciclopedia/giovanni-odazzi_(Dizionario-Biografico)/
src-b3cb563395945468,external,"Wikipedia (en), Church of the Gesù, revision 1356398733. https://en.wikipedia.org/wiki/Church_of_the_Ges%C3%B9. Accessed 2026-09-10.",,,"Wikipedia (en), Church of the Gesù, revision 1356398733. https://en.wikipedia.org/wiki/Church_of_the_Ges%C3%B9. Accessed 2026-09-10.",https://en.wikipedia.org/wiki/Church_of_the_Ges%C3%B9
src-b3e6687130fb2cdc,external,"Wikipedia (en), Francesco Albani, revision 1371610441. https://en.wikipedia.org/wiki/Francesco_Albani Accessed 2026-09-11.",,,"Wikipedia (en), Francesco Albani, revision 1371610441. https://en.wikipedia.org/wiki/Francesco_Albani Accessed 2026-09-11.",https://en.wikipedia.org/wiki/Francesco_Albani
src-b42a735ffeb7bf69,external,"Wikidata, Q3769699, revision 2527444957. https://www.wikidata.org/wiki/Q3769699. Accessed 2026-09-10.",,,"Wikidata, Q3769699, revision 2527444957. https://www.wikidata.org/wiki/Q3769699. Accessed 2026-09-10.",https://www.wikidata.org/wiki/Q3769699
src-b43062dbdc416799,external,"Wikipedia (en), Ludovico Gimignani, revision 1365392570. https://en.wikipedia.org/wiki/Ludovico_Gimignani. Accessed 2026-09-10.",,,"Wikipedia (en), Ludovico Gimignani, revision 1365392570. https://en.wikipedia.org/wiki/Ludovico_Gimignani. Accessed 2026-09-10.",https://en.wikipedia.org/wiki/Ludovico_Gimignani
src-b4334777e13189ca,external,"Getty Research Institute, Anthony M. Clark papers, 2023.M.59. https://www.getty.edu/research/collections/static/pdf/2023.M.59.pdf. Accessed 2026-09-15.",,,"Getty Research Institute, Anthony M. Clark papers, 2023.M.59. https://www.getty.edu/research/collections/static/pdf/2023.M.59.pdf. Accessed 2026-09-15.",https://www.getty.edu/research/collections/static/pdf/2023.M.59.pdf
src-b44d2a432655574f,external,"Wikipedia (en), Guido Reni, revision 1370409975. https://en.wikipedia.org/wiki/Guido_Reni. Accessed 2026-09-10.",,,"Wikipedia (en), Guido Reni, revision 1370409975. https://en.wikipedia.org/wiki/Guido_Reni. Accessed 2026-09-10.",https://en.wikipedia.org/wiki/Guido_Reni
src-b4507ad8f7e293ca,external,"Wikipedia (en), Narcissus (Caravaggio), revision 1368917071. https://en.wikipedia.org/wiki/Narcissus_(Caravaggio). Accessed 2026-09-12.",,,"Wikipedia (en), Narcissus (Caravaggio), revision 1368917071. https://en.wikipedia.org/wiki/Narcissus_(Caravaggio). Accessed 2026-09-12.",https://en.wikipedia.org/wiki/Narcissus_(Caravaggio)
src-b4581f25f8defd32,external,"Wikidata, Q220, revision 2540155141. https://www.wikidata.org/wiki/Q220. Accessed 2026-09-10.",,,"Wikidata, Q220, revision 2540155141. https://www.wikidata.org/wiki/Q220. Accessed 2026-09-10.",https://www.wikidata.org/wiki/Q220
src-b45ba5f2a466463e,external,"Wikidata, Q3900760, revision 2429904517. https://www.wikidata.org/wiki/Q3900760. Accessed 2026-09-10.",,,"Wikidata, Q3900760, revision 2429904517. https://www.wikidata.org/wiki/Q3900760. Accessed 2026-09-10.",https://www.wikidata.org/wiki/Q3900760
src-b49484843a38d61f,external,Collection or site authority record. https://www.barberinicorsini.org/en/opera/judith-beheading-holofernes/. Accessed 2026-09-12.,,,Collection or site authority record. https://www.barberinicorsini.org/en/opera/judith-beheading-holofernes/. Accessed 2026-09-12.,https://www.barberinicorsini.org/en/opera/judith-beheading-holofernes/
src-b49881a59023c0da,external,"Wikipedia (en), David with the Head of Goliath (Caravaggio, Rome), revision 1361249587. https://en.wikipedia.org/wiki/David_with_the_Head_of_Goliath_(Caravaggio,_Rome). Accessed 2026-09-12.",,,"Wikipedia (en), David with the Head of Goliath (Caravaggio, Rome), revision 1361249587. https://en.wikipedia.org/wiki/David_with_the_Head_of_Goliath_(Caravaggio,_Rome). Accessed 2026-09-12.","https://en.wikipedia.org/wiki/David_with_the_Head_of_Goliath_(Caravaggio,_Rome)"
src-b4a24d415e52b15d,external,"The Burlington Magazine, August 1977, volume 119, no.893, contents. https://www.burlington.org.uk/archive/back-issues/197708. Accessed 2026-09-14.",,,"The Burlington Magazine, August 1977, volume 119, no.893, contents. https://www.burlington.org.uk/archive/back-issues/197708. Accessed 2026-09-14.",https://www.burlington.org.uk/archive/back-issues/197708
src-b4d4a5f228c0a8e2,external,"National Gallery, Guido Reni. https://www.nationalgallery.org.uk/artists/guido-reni. Accessed 2026-09-14.",,,"National Gallery, Guido Reni. https://www.nationalgallery.org.uk/artists/guido-reni. Accessed 2026-09-14.",https://www.nationalgallery.org.uk/artists/guido-reni
src-b4ec25e03ca0bb13,external,Collection or site authority record. https://www.collezionegalleriaborghese.it/en/opere/boy-with-basket-of-fruit. Accessed 2026-09-12.,,,Collection or site authority record. https://www.collezionegalleriaborghese.it/en/opere/boy-with-basket-of-fruit. Accessed 2026-09-12.,https://www.collezionegalleriaborghese.it/en/opere/boy-with-basket-of-fruit
src-b52b54d3ca73c87a,external,"Bibliothèque nationale de France, FRBNF45029807, Portraits de la marquise de Pompadour. https://catalogue.bnf.fr/ark:/12148/cb45029807c. Accessed 2026-09-14.",,,"Bibliothèque nationale de France, FRBNF45029807, Portraits de la marquise de Pompadour. https://catalogue.bnf.fr/ark:/12148/cb45029807c. Accessed 2026-09-14.",https://catalogue.bnf.fr/ark:/12148/cb45029807c
src-b5574cf32dee12de,external,"JSTOR, Art Institute of Chicago Museum Studies, journal artinstchicmuses. https://www.jstor.org/journal/artinstchicmuses. Accessed 2026-09-14.",,,"JSTOR, Art Institute of Chicago Museum Studies, journal artinstchicmuses. https://www.jstor.org/journal/artinstchicmuses. Accessed 2026-09-14.",https://www.jstor.org/journal/artinstchicmuses
src-b597c9d265e542ce,external,"Wikipedia (en), National Gallery. https://en.wikipedia.org/wiki/National_Gallery. Accessed 2026-09-13.",,,"Wikipedia (en), National Gallery. https://en.wikipedia.org/wiki/National_Gallery. Accessed 2026-09-13.",https://en.wikipedia.org/wiki/National_Gallery
src-b59cd9376d02d063,external,"Wikidata Q591644, revision 2506322950. https://www.wikidata.org/wiki/Q591644. Reviewed 2026-09-11.",,,"Wikidata Q591644, revision 2506322950. https://www.wikidata.org/wiki/Q591644. Reviewed 2026-09-11.",https://www.wikidata.org/wiki/Q591644
src-b5e1bfbeede40a24,external,"Wikidata, Q2939240, revision 2521251388. https://www.wikidata.org/wiki/Q2939240. Accessed 2026-09-10.",,,"Wikidata, Q2939240, revision 2521251388. https://www.wikidata.org/wiki/Q2939240. Accessed 2026-09-10.",https://www.wikidata.org/wiki/Q2939240
src-b678369393474a31,external,"Meg Butler, Nicolas Poussin and the Struggles of Gig Work, Getty, 15 February 2022. https://www.getty.edu/news/nicolas-poussin-and-the-struggles-of-gig-work/. Accessed 2026-09-11.",,,"Meg Butler, Nicolas Poussin and the Struggles of Gig Work, Getty, 15 February 2022. https://www.getty.edu/news/nicolas-poussin-and-the-struggles-of-gig-work/. Accessed 2026-09-11.",https://www.getty.edu/news/nicolas-poussin-and-the-struggles-of-gig-work/
src-b688dab770149da0,external,"The National Gallery, Valentin de Boulogne. https://www.nationalgallery.org.uk/artists/valentin-de-boulogne Accessed 2026-09-11.",,,"The National Gallery, Valentin de Boulogne. https://www.nationalgallery.org.uk/artists/valentin-de-boulogne Accessed 2026-09-11.",https://www.nationalgallery.org.uk/artists/valentin-de-boulogne
src-b6affecea3b2ce5b,external,"Wikidata, Q358147, revision 2522260813. https://www.wikidata.org/wiki/Q358147. Accessed 2026-09-11.",,,"Wikidata, Q358147, revision 2522260813. https://www.wikidata.org/wiki/Q358147. Accessed 2026-09-11.",https://www.wikidata.org/wiki/Q358147
src-b6ccc0137a8b3416,external,"Wikidata, Q538998, revision 2540077749. https://www.wikidata.org/wiki/Q538998. Accessed 2026-09-10.",,,"Wikidata, Q538998, revision 2540077749. https://www.wikidata.org/wiki/Q538998. Accessed 2026-09-10.",https://www.wikidata.org/wiki/Q538998
src-b70ff8274fd0140d,external,"David M. Cheney, Carlo Cardinal Pio di Savoia, Catholic-Hierarchy. https://www.catholic-hierarchy.org/bishop/bpids.html. Accessed 2026-09-11.",,,"David M. Cheney, Carlo Cardinal Pio di Savoia, Catholic-Hierarchy. https://www.catholic-hierarchy.org/bishop/bpids.html. Accessed 2026-09-11.",https://www.catholic-hierarchy.org/bishop/bpids.html
src-b73ac00abf33d1e2,external,"French Ministry of Culture, POP, Musée Fesch record M0324. https://pop.culture.gouv.fr/notice/museo/M0324. Accessed 2026-09-25.",,,"French Ministry of Culture, POP, Musée Fesch record M0324. https://pop.culture.gouv.fr/notice/museo/M0324. Accessed 2026-09-25.",https://pop.culture.gouv.fr/notice/museo/M0324
src-b848a2cb79e14e7d,external,"Università degli Studi di Perugia, Censimento fondi e collezioni speciali. https://csb.unipg.it/organizzazione/fondi-storici/censimento-fondi-e-collezioni-speciali. Accessed 2026-09-14.",,,"Università degli Studi di Perugia, Censimento fondi e collezioni speciali. https://csb.unipg.it/organizzazione/fondi-storici/censimento-fondi-e-collezioni-speciali. Accessed 2026-09-14.",https://csb.unipg.it/organizzazione/fondi-storici/censimento-fondi-e-collezioni-speciali
src-b879a61168d46f1b,external,"Universidad de Salamanca, Biblioteca General Histórica, Haro y Guzmán, Gaspar de, marqués del Carpio y Heliche (1629–1687). https://bibliotecageneralhistorica.usal.es/?q=node/917. Accessed 2026-09-15.",,,"Universidad de Salamanca, Biblioteca General Histórica, Haro y Guzmán, Gaspar de, marqués del Carpio y Heliche (1629–1687). https://bibliotecageneralhistorica.usal.es/?q=node/917. Accessed 2026-09-15.",https://bibliotecageneralhistorica.usal.es/?q=node/917
src-b88162c312c7c6b6,external,"Wikidata, Q5002075, revision 2381380589. https://www.wikidata.org/wiki/Q5002075. Accessed 2026-09-11.",,,"Wikidata, Q5002075, revision 2381380589. https://www.wikidata.org/wiki/Q5002075. Accessed 2026-09-11.",https://www.wikidata.org/wiki/Q5002075
src-b88ab369efbd1828,external,"LANCELLOTTI, Secondo, Dizionario Biografico degli Italiani. https://www.treccani.it/enciclopedia/secondo-lancellotti_(Dizionario-Biografico)/. Accessed 2026-09-10.",,,"LANCELLOTTI, Secondo, Dizionario Biografico degli Italiani. https://www.treccani.it/enciclopedia/secondo-lancellotti_(Dizionario-Biografico)/. Accessed 2026-09-10.",https://www.treccani.it/enciclopedia/secondo-lancellotti_(Dizionario-Biografico)/
src-b89caab16e5bb897,external,"Wikipedia (en), The Seven Works of Mercy (Caravaggio), revision 1361433440. https://en.wikipedia.org/wiki/The_Seven_Works_of_Mercy_(Caravaggio). Accessed 2026-09-12.",,,"Wikipedia (en), The Seven Works of Mercy (Caravaggio), revision 1361433440. https://en.wikipedia.org/wiki/The_Seven_Works_of_Mercy_(Caravaggio). Accessed 2026-09-12.",https://en.wikipedia.org/wiki/The_Seven_Works_of_Mercy_(Caravaggio)
src-b8cd23bc98cdfbc7,external,"Wikipedia (it), Peretti (famiglia), revision 152330894. https://it.wikipedia.org/wiki/Peretti_(famiglia). Accessed 2026-09-10.",,,"Wikipedia (it), Peretti (famiglia), revision 152330894. https://it.wikipedia.org/wiki/Peretti_(famiglia). Accessed 2026-09-10.",https://it.wikipedia.org/wiki/Peretti_(famiglia)
src-b8e9b1f908fff6e1,external,"Stefano Ferrari, Amadeo Svaier (1727–1791): un mercante erudito nella Venezia del Settecento, in I buoni ingegni della Patria, Accademia Roveretana degli Agiati (2002), pp. 51–85. https://media.agiati.org/page/attachments/memorie-mem-06-i-buoni-ingegni-della-patria-art02-ferrari.pdf. Accessed 2026-09-15.",,,"Stefano Ferrari, Amadeo Svaier (1727–1791): un mercante erudito nella Venezia del Settecento, in I buoni ingegni della Patria, Accademia Roveretana degli Agiati (2002), pp. 51–85. https://media.agiati.org/page/attachments/memorie-mem-06-i-buoni-ingegni-della-patria-art02-ferrari.pdf. Accessed 2026-09-15.",https://media.agiati.org/page/attachments/memorie-mem-06-i-buoni-ingegni-della-patria-art02-ferrari.pdf
src-b914b8b0c4160a92,external,"Wikipedia (en), Venice, revision 1373940918. https://en.wikipedia.org/wiki/Venice. Accessed 2026-09-10.",,,"Wikipedia (en), Venice, revision 1373940918. https://en.wikipedia.org/wiki/Venice. Accessed 2026-09-10.",https://en.wikipedia.org/wiki/Venice
src-b937fbc2742f7706,external,"Wikipedia (en), Pier Francesco Mola, revision 1370493551. https://en.wikipedia.org/wiki/Pier_Francesco_Mola. Accessed 2026-09-10.",,,"Wikipedia (en), Pier Francesco Mola, revision 1370493551. https://en.wikipedia.org/wiki/Pier_Francesco_Mola. Accessed 2026-09-10.",https://en.wikipedia.org/wiki/Pier_Francesco_Mola
src-b9d214e0c20a80a0,external,"Wikipedia (en), Carlo Pio di Savoia, revision 1362030305. https://en.wikipedia.org/wiki/Carlo_Pio_di_Savoia. Accessed 2026-09-10.",,,"Wikipedia (en), Carlo Pio di Savoia, revision 1362030305. https://en.wikipedia.org/wiki/Carlo_Pio_di_Savoia. Accessed 2026-09-10.",https://en.wikipedia.org/wiki/Carlo_Pio_di_Savoia
src-ba038a0af59b8d35,external,"Museo Nazionale di Villa Pisani, “La storia.” https://villapisani.beniculturali.it/la-villa-e-il-parco/storia. Accessed 2026-09-25.",,,"Museo Nazionale di Villa Pisani, “La storia.” https://villapisani.beniculturali.it/la-villa-e-il-parco/storia. Accessed 2026-09-25.",https://villapisani.beniculturali.it/la-villa-e-il-parco/storia
src-ba5747dbb9858017,external,"Wikipedia (fr), Judith décapitant Holopherne (Le Caravage ou Finson), revision 235250671. https://fr.wikipedia.org/wiki/Judith_d%C3%A9capitant_Holopherne_(Le_Caravage_ou_Finson). Accessed 2026-09-12.",,,"Wikipedia (fr), Judith décapitant Holopherne (Le Caravage ou Finson), revision 235250671. https://fr.wikipedia.org/wiki/Judith_d%C3%A9capitant_Holopherne_(Le_Caravage_ou_Finson). Accessed 2026-09-12.",https://fr.wikipedia.org/wiki/Judith_d%C3%A9capitant_Holopherne_(Le_Caravage_ou_Finson)
src-ba91be419aee734c,external,"Wikipedia (en), Paolo Guidotti, revision 1365392705. https://en.wikipedia.org/wiki/Paolo_Guidotti. Accessed 2026-09-11.",,,"Wikipedia (en), Paolo Guidotti, revision 1365392705. https://en.wikipedia.org/wiki/Paolo_Guidotti. Accessed 2026-09-11.",https://en.wikipedia.org/wiki/Paolo_Guidotti
src-bad578974eae7047,external,"Rosanna De Gennaro, 'PRETI, Mattia, detto il Cavalier Calabrese,' Dizionario Biografico degli Italiani 85 (2016). https://www.treccani.it/enciclopedia/preti-mattia-detto-il-cavalier-calabrese_(Dizionario-Biografico)/ Accessed 2026-09-11.",,,"Rosanna De Gennaro, 'PRETI, Mattia, detto il Cavalier Calabrese,' Dizionario Biografico degli Italiani 85 (2016). https://www.treccani.it/enciclopedia/preti-mattia-detto-il-cavalier-calabrese_(Dizionario-Biografico)/ Accessed 2026-09-11.",https://www.treccani.it/enciclopedia/preti-mattia-detto-il-cavalier-calabrese_(Dizionario-Biografico)/
src-bae5ecb094e9b8f5,external,"Wikipedia (en), Barberini family, revision 1373803652. https://en.wikipedia.org/wiki/Barberini_family. Accessed 2026-09-10.",,,"Wikipedia (en), Barberini family, revision 1373803652. https://en.wikipedia.org/wiki/Barberini_family. Accessed 2026-09-10.",https://en.wikipedia.org/wiki/Barberini_family
src-baf78822da0303f1,external,"Alberto Merola, BARBERINI, Antonio, Dizionario Biografico degli Italiani 6 (1964). https://www.treccani.it/enciclopedia/antonio-barberini_(Dizionario-Biografico)/. Accessed 2026-09-11.",,,"Alberto Merola, BARBERINI, Antonio, Dizionario Biografico degli Italiani 6 (1964). https://www.treccani.it/enciclopedia/antonio-barberini_(Dizionario-Biografico)/. Accessed 2026-09-11.",https://www.treccani.it/enciclopedia/antonio-barberini_(Dizionario-Biografico)/
src-bb365488ae879f2f,external,"Wikipedia (en), Parma, revision 1373651151. https://en.wikipedia.org/wiki/Parma. Captured 2026-09-10; read 2026-09-11.",,,"Wikipedia (en), Parma, revision 1373651151. https://en.wikipedia.org/wiki/Parma. Captured 2026-09-10; read 2026-09-11.",https://en.wikipedia.org/wiki/Parma
src-bb67c39dd8bc6051,external,"Giuseppe Bonati, English Wikipedia. https://en.wikipedia.org/wiki/Giuseppe_Bonati. Accessed 2026-09-10.",,,"Giuseppe Bonati, English Wikipedia. https://en.wikipedia.org/wiki/Giuseppe_Bonati. Accessed 2026-09-10.",https://en.wikipedia.org/wiki/Giuseppe_Bonati
src-bbba837dec4548ea,external,"Treccani, Vocabolario on line, “nòstro”. https://www.treccani.it/vocabolario/nostro/. Accessed 2026-09-11.",,,"Treccani, Vocabolario on line, “nòstro”. https://www.treccani.it/vocabolario/nostro/. Accessed 2026-09-11.",https://www.treccani.it/vocabolario/nostro/
src-bbd36a0d33431253,external,"Wikipedia (en), Turin, revision 1373350145. https://en.wikipedia.org/wiki/Turin. Accessed 2026-09-10.",,,"Wikipedia (en), Turin, revision 1373350145. https://en.wikipedia.org/wiki/Turin. Accessed 2026-09-10.",https://en.wikipedia.org/wiki/Turin
src-bbe07a0676fa7d96,external,"Fondazione Giorgio Cini, Una figura della Venezia settecentesca: Andrea Memmo. https://www.cini.it/cini_publications/una-figura-della-venezia-settecentesca-andrea-memmo-it/. Accessed 2026-09-15.",,,"Fondazione Giorgio Cini, Una figura della Venezia settecentesca: Andrea Memmo. https://www.cini.it/cini_publications/una-figura-della-venezia-settecentesca-andrea-memmo-it/. Accessed 2026-09-15.",https://www.cini.it/cini_publications/una-figura-della-venezia-settecentesca-andrea-memmo-it/
src-bbe5f9e10afa6b5f,external,"Wikipedia (en), Ciro Ferri, revision 1365392836. https://en.wikipedia.org/wiki/Ciro_Ferri. Accessed 2026-09-11.",,,"Wikipedia (en), Ciro Ferri, revision 1365392836. https://en.wikipedia.org/wiki/Ciro_Ferri. Accessed 2026-09-11.",https://en.wikipedia.org/wiki/Ciro_Ferri
src-bc0e213c1bb7a6bd,external,"Wikipedia (en), Judith Beheading Holofernes (Caravaggio), revision 1371602996. https://en.wikipedia.org/wiki/Judith_Beheading_Holofernes_(Caravaggio). Accessed 2026-09-12.",,,"Wikipedia (en), Judith Beheading Holofernes (Caravaggio), revision 1371602996. https://en.wikipedia.org/wiki/Judith_Beheading_Holofernes_(Caravaggio). Accessed 2026-09-12.",https://en.wikipedia.org/wiki/Judith_Beheading_Holofernes_(Caravaggio)
src-bc471e965a48b4e6,external,"Ashmolean Museum, The Choice of Hercules. https://ashmoleanprints.com/products/pod439947. Accessed 2026-09-25.",,,"Ashmolean Museum, The Choice of Hercules. https://ashmoleanprints.com/products/pod439947. Accessed 2026-09-25.",https://ashmoleanprints.com/products/pod439947
src-bc5eeabe996cea75,external,"Wikipedia (en), Andrea Procaccini, revision 1366087864. https://en.wikipedia.org/wiki/Andrea_Procaccini. Accessed 2026-09-11.",,,"Wikipedia (en), Andrea Procaccini, revision 1366087864. https://en.wikipedia.org/wiki/Andrea_Procaccini. Accessed 2026-09-11.",https://en.wikipedia.org/wiki/Andrea_Procaccini
src-bca3d7861449e4f5,external,"Ministero della Cultura, Bollettino d’Arte, “La Penta,” 1963, note 56. https://bollettinodarte.cultura.gov.it/wp-content/uploads/Importer/1483441812803_11_-_La_Penta_54.pdf. Accessed 2026-09-11.",,,"Ministero della Cultura, Bollettino d’Arte, “La Penta,” 1963, note 56. https://bollettinodarte.cultura.gov.it/wp-content/uploads/Importer/1483441812803_11_-_La_Penta_54.pdf. Accessed 2026-09-11.",https://bollettinodarte.cultura.gov.it/wp-content/uploads/Importer/1483441812803_11_-_La_Penta_54.pdf
src-bcb1f265cf0d1182,external,"Maria Concetta Calabrese, 'RUFFO, Antonio,' Dizionario Biografico degli Italiani 89 (2017). https://www.treccani.it/enciclopedia/antonio-ruffo_(Dizionario-Biografico)/ Accessed 2026-09-11.",,,"Maria Concetta Calabrese, 'RUFFO, Antonio,' Dizionario Biografico degli Italiani 89 (2017). https://www.treccani.it/enciclopedia/antonio-ruffo_(Dizionario-Biografico)/ Accessed 2026-09-11.",https://www.treccani.it/enciclopedia/antonio-ruffo_(Dizionario-Biografico)/
src-bcb5a174812f0c11,external,"Wikidata, Q47551, revision 2541040911. https://www.wikidata.org/wiki/Q47551. Accessed 2026-09-11.",,,"Wikidata, Q47551, revision 2541040911. https://www.wikidata.org/wiki/Q47551. Accessed 2026-09-11.",https://www.wikidata.org/wiki/Q47551
src-bccf14437daf871c,external,"Papal Basilica of Saint Mary Major, History, Art and Spirituality; The façade – the visiting card of the Basilica. https://www.basilicasantamariamaggiore.va/en/basilica/storia-e-arte.html ; https://www.basilicasantamariamaggiore.va/en/polo-museale/mosaico-della-facciata.html . Accessed 2026-09-10.",,,"Papal Basilica of Saint Mary Major, History, Art and Spirituality; The façade – the visiting card of the Basilica. https://www.basilicasantamariamaggiore.va/en/basilica/storia-e-arte.html ; https://www.basilicasantamariamaggiore.va/en/polo-museale/mosaico-della-facciata.html . Accessed 2026-09-10.",https://www.basilicasantamariamaggiore.va/en/basilica/storia-e-arte.html
src-bcfadfc20016f485,external,"National Galleries of Scotland, “Theophilos Kairis (1784–1853),” collection record NG 2041, https://www.nationalgalleries.org/art-and-artists/5563. Accessed 2026-09-25.",,,"National Galleries of Scotland, “Theophilos Kairis (1784–1853),” collection record NG 2041, https://www.nationalgalleries.org/art-and-artists/5563. Accessed 2026-09-25.",https://www.nationalgalleries.org/art-and-artists/5563
src-bd0da5df03b3f1d2,external,"Gonzalo Zolle Betegón, PROCACCINI, Andrea, Dizionario Biografico degli Italiani 85 (2016). https://www.treccani.it/enciclopedia/andrea-procaccini_(Dizionario-Biografico)/ Accessed 2026-09-11.",,,"Gonzalo Zolle Betegón, PROCACCINI, Andrea, Dizionario Biografico degli Italiani 85 (2016). https://www.treccani.it/enciclopedia/andrea-procaccini_(Dizionario-Biografico)/ Accessed 2026-09-11.",https://www.treccani.it/enciclopedia/andrea-procaccini_(Dizionario-Biografico)/
src-bd18397cecc9af77,external,"Yale University, Traditions & History. https://www.yale.edu/about-yale/traditions-history. Accessed 2026-09-14.",,,"Yale University, Traditions & History. https://www.yale.edu/about-yale/traditions-history. Accessed 2026-09-14.",https://www.yale.edu/about-yale/traditions-history
src-bd44e975f1149b1f,external,"Wikidata, Q207175, revision 2526911203. https://www.wikidata.org/wiki/Q207175. Accessed 2026-09-10.",,,"Wikidata, Q207175, revision 2526911203. https://www.wikidata.org/wiki/Q207175. Accessed 2026-09-10.",https://www.wikidata.org/wiki/Q207175
src-bd7334e3bcc84ec0,external,"""Plague of Ashdod (Poussin),"" English Wikipedia, revision 1354362812. https://en.wikipedia.org/wiki/Plague_of_Ashdod_(Poussin). Accessed 2026-09-09.",,,"""Plague of Ashdod (Poussin),"" English Wikipedia, revision 1354362812. https://en.wikipedia.org/wiki/Plague_of_Ashdod_(Poussin). Accessed 2026-09-09.",https://en.wikipedia.org/wiki/Plague_of_Ashdod_(Poussin)
src-bda8ac96efc564bd,external,"Wikipedia (en), Flavio Chigi (1631–1693), revision 1362809257. https://en.wikipedia.org/wiki/Flavio_Chigi_(1631%E2%80%931693). Accessed 2026-09-10.",,,"Wikipedia (en), Flavio Chigi (1631–1693), revision 1362809257. https://en.wikipedia.org/wiki/Flavio_Chigi_(1631%E2%80%931693). Accessed 2026-09-10.",https://en.wikipedia.org/wiki/Flavio_Chigi_(1631%E2%80%931693)
src-bdc48d5b9fd7fc2b,external,"Wikipedia (en), Guercino, revision 1368453686. https://en.wikipedia.org/wiki/Guercino. Accessed 2026-09-10.",,,"Wikipedia (en), Guercino, revision 1368453686. https://en.wikipedia.org/wiki/Guercino. Accessed 2026-09-10.",https://en.wikipedia.org/wiki/Guercino
src-bdd30507ddb57a24,external,"Museo e Real Bosco di Capodimonte, opere in prestito, 24 ottobre 2024. https://capodimonte.cultura.gov.it/mdc/uploads/2024/10/24.10.2024_opere-in-prestito_Capodimonte_elenco-completo-1.pdf. Accessed 2026-09-14.",,,"Museo e Real Bosco di Capodimonte, opere in prestito, 24 ottobre 2024. https://capodimonte.cultura.gov.it/mdc/uploads/2024/10/24.10.2024_opere-in-prestito_Capodimonte_elenco-completo-1.pdf. Accessed 2026-09-14.",https://capodimonte.cultura.gov.it/mdc/uploads/2024/10/24.10.2024_opere-in-prestito_Capodimonte_elenco-completo-1.pdf
src-bde066624f100d4d,external,"Procura Generale dell’Oratorio di San Filippo Neri, Introduzione. https://www.oratoriosanfilippo.org/introduzione/ . Accessed 2026-09-10.",,,"Procura Generale dell’Oratorio di San Filippo Neri, Introduzione. https://www.oratoriosanfilippo.org/introduzione/ . Accessed 2026-09-10.",https://www.oratoriosanfilippo.org/introduzione/
src-be150ee4359b5251,external,"Wikidata Q699604, revision 2441912359. https://www.wikidata.org/wiki/Q699604. Accessed 2026-09-11.",,,"Wikidata Q699604, revision 2441912359. https://www.wikidata.org/wiki/Q699604. Accessed 2026-09-11.",https://www.wikidata.org/wiki/Q699604
src-be4131a2155339e4,external,"Giovanni Gaetano Bottari, ed. Stefano Ticozzi, Raccolta di lettere sulla pittura, scultura ed architettura, vol. VI (Milan: Giovanni Silvestri, 1822), letter XXVII, pp. 147–148. Internet Archive. https://archive.org/details/diletteresulla06bott. Accessed 2026-09-11.",,,"Giovanni Gaetano Bottari, ed. Stefano Ticozzi, Raccolta di lettere sulla pittura, scultura ed architettura, vol. VI (Milan: Giovanni Silvestri, 1822), letter XXVII, pp. 147–148. Internet Archive. https://archive.org/details/diletteresulla06bott. Accessed 2026-09-11.",https://archive.org/details/diletteresulla06bott
src-be5fc8fe49f910c8,external,"Wikidata, Q5002075, revision 2381380589. https://www.wikidata.org/wiki/Q5002075. Accessed 2026-09-10.",,,"Wikidata, Q5002075, revision 2381380589. https://www.wikidata.org/wiki/Q5002075. Accessed 2026-09-10.",https://www.wikidata.org/wiki/Q5002075
src-be6079421acb959f,external,"Wikidata, Q1891, revision 2535021633. https://www.wikidata.org/wiki/Q1891. Accessed 2026-09-10.",,,"Wikidata, Q1891, revision 2535021633. https://www.wikidata.org/wiki/Q1891. Accessed 2026-09-10.",https://www.wikidata.org/wiki/Q1891
src-be62d3ad020bf413,external,"Emilio Russo, LANCELLOTTI, Secondo, Dizionario Biografico degli Italiani, vol.63 (2004). https://www.treccani.it/enciclopedia/secondo-lancellotti_(Dizionario-Biografico)/. Accessed 2026-09-10.",,,"Emilio Russo, LANCELLOTTI, Secondo, Dizionario Biografico degli Italiani, vol.63 (2004). https://www.treccani.it/enciclopedia/secondo-lancellotti_(Dizionario-Biografico)/. Accessed 2026-09-10.",https://www.treccani.it/enciclopedia/secondo-lancellotti_(Dizionario-Biografico)/
src-be6da11d09307a40,external,"Wikidata, Q520573, revision 2528478039. https://www.wikidata.org/wiki/Q520573. Accessed 2026-09-10.",,,"Wikidata, Q520573, revision 2528478039. https://www.wikidata.org/wiki/Q520573. Accessed 2026-09-10.",https://www.wikidata.org/wiki/Q520573
src-beb9d340641a2c6b,external,"Wikidata, Q2277635, https://www.wikidata.org/wiki/Q2277635. Accessed 2026-09-12.",,,"Wikidata, Q2277635, https://www.wikidata.org/wiki/Q2277635. Accessed 2026-09-12.",https://www.wikidata.org/wiki/Q2277635
src-bec86033b914e818,external,"Ministero per i beni e le attività culturali, Soprintendenza archivistica per l'Umbria, 'Decorazione,' I della Corgna: da Guido a Fulvio II, last modified 13 July 2017. https://www.movio.beniculturali.it/asperugia/dellacorgna/it/47/decorazione Accessed 2026-09-11.",,,"Ministero per i beni e le attività culturali, Soprintendenza archivistica per l'Umbria, 'Decorazione,' I della Corgna: da Guido a Fulvio II, last modified 13 July 2017. https://www.movio.beniculturali.it/asperugia/dellacorgna/it/47/decorazione Accessed 2026-09-11.",https://www.movio.beniculturali.it/asperugia/dellacorgna/it/47/decorazione
src-bed8869959b4ae7d,external,"Wikipedia (en), Santa Maria della Concezione dei Cappuccini, revision 1366883114. https://en.wikipedia.org/wiki/Santa_Maria_della_Concezione_dei_Cappuccini Accessed 2026-09-11.",,,"Wikipedia (en), Santa Maria della Concezione dei Cappuccini, revision 1366883114. https://en.wikipedia.org/wiki/Santa_Maria_della_Concezione_dei_Cappuccini Accessed 2026-09-11.",https://en.wikipedia.org/wiki/Santa_Maria_della_Concezione_dei_Cappuccini
src-bee88db82dbfcc6d,external,"Wikidata, Q22932, revision 2485413121. https://www.wikidata.org/wiki/Q22932. Accessed 2026-09-10.",,,"Wikidata, Q22932, revision 2485413121. https://www.wikidata.org/wiki/Q22932. Accessed 2026-09-10.",https://www.wikidata.org/wiki/Q22932
src-bf1c1d16731e72e0,external,"Wikipedia (en), Federico Zuccari, revision 1366652556. https://en.wikipedia.org/wiki/Federico_Zuccari. Accessed 2026-09-10.",,,"Wikipedia (en), Federico Zuccari, revision 1366652556. https://en.wikipedia.org/wiki/Federico_Zuccari. Accessed 2026-09-10.",https://en.wikipedia.org/wiki/Federico_Zuccari
src-bf22765ebf2c2896,external,"Wikidata, Q1631593, revision 2522329266. https://www.wikidata.org/wiki/Q1631593. Accessed 2026-09-10.",,,"Wikidata, Q1631593, revision 2522329266. https://www.wikidata.org/wiki/Q1631593. Accessed 2026-09-10.",https://www.wikidata.org/wiki/Q1631593
src-bf4e7f5efa91778c,external,"Fondazione Giorgio Cini, Institute of Art History. https://www.cini.it/en/institutes-and-centres/art-history/. Accessed 2026-09-25.",,,"Fondazione Giorgio Cini, Institute of Art History. https://www.cini.it/en/institutes-and-centres/art-history/. Accessed 2026-09-25.",https://www.cini.it/en/institutes-and-centres/art-history/
src-bf7256294c8171b5,external,"Wikipedia (en), Contarelli Chapel. https://en.wikipedia.org/wiki/Contarelli_Chapel. Accessed 2026-09-13.",,,"Wikipedia (en), Contarelli Chapel. https://en.wikipedia.org/wiki/Contarelli_Chapel. Accessed 2026-09-13.",https://en.wikipedia.org/wiki/Contarelli_Chapel
src-bf9b7ed7c003db11,external,"Wikipedia (en), The Conversion of Saint Paul (Caravaggio), revision 1361423541. https://en.wikipedia.org/wiki/The_Conversion_of_Saint_Paul_(Caravaggio). Accessed 2026-09-11.",,,"Wikipedia (en), The Conversion of Saint Paul (Caravaggio), revision 1361423541. https://en.wikipedia.org/wiki/The_Conversion_of_Saint_Paul_(Caravaggio). Accessed 2026-09-11.",https://en.wikipedia.org/wiki/The_Conversion_of_Saint_Paul_(Caravaggio)
src-bfac42fa7c785b3e,external,"Wikidata, House of Aldobrandini, Q961820, revision 2537485560. https://www.wikidata.org/wiki/Q961820. Accessed 2026-09-10.",,,"Wikidata, House of Aldobrandini, Q961820, revision 2537485560. https://www.wikidata.org/wiki/Q961820. Accessed 2026-09-10.",https://www.wikidata.org/wiki/Q961820
src-bfae2f704e9c413e,external,"Wikipedia (en), The Inspiration of Saint Matthew, revision 1362379253. https://en.wikipedia.org/wiki/The_Inspiration_of_Saint_Matthew. Accessed 2026-09-12.",,,"Wikipedia (en), The Inspiration of Saint Matthew, revision 1362379253. https://en.wikipedia.org/wiki/The_Inspiration_of_Saint_Matthew. Accessed 2026-09-12.",https://en.wikipedia.org/wiki/The_Inspiration_of_Saint_Matthew
src-bfe85c064379c90a,external,"Wikidata, Q979574, revision 2522046216. https://www.wikidata.org/wiki/Q979574. Accessed 2026-09-11.",,,"Wikidata, Q979574, revision 2522046216. https://www.wikidata.org/wiki/Q979574. Accessed 2026-09-11.",https://www.wikidata.org/wiki/Q979574
src-c06f490afada5178,external,"Wikipedia (en), “Louis XIV.” https://en.wikipedia.org/wiki/Louis_XIV. Accessed 2026-09-25.",,,"Wikipedia (en), “Louis XIV.” https://en.wikipedia.org/wiki/Louis_XIV. Accessed 2026-09-25.",https://en.wikipedia.org/wiki/Louis_XIV
src-c0cb3963c50452b1,external,"Christopher White, Anthony van Dyck: Thomas Howard, The Earl of Arundel, Getty Publications (1995). https://www.getty.edu/publications/virtuallibrary/0892363428.html. Read 2026-09-11.",,,"Christopher White, Anthony van Dyck: Thomas Howard, The Earl of Arundel, Getty Publications (1995). https://www.getty.edu/publications/virtuallibrary/0892363428.html. Read 2026-09-11.",https://www.getty.edu/publications/virtuallibrary/0892363428.html
src-c0cd3e7166405916,external,"Wikidata, Q452570, revision 2528939492. https://www.wikidata.org/wiki/Q452570. Accessed 2026-09-10.",,,"Wikidata, Q452570, revision 2528939492. https://www.wikidata.org/wiki/Q452570. Accessed 2026-09-10.",https://www.wikidata.org/wiki/Q452570
src-c0cfd2ef03a22d46,external,"Wikidata, Q132711, revision 2534122617. https://www.wikidata.org/wiki/Q132711. Accessed 2026-09-10.",,,"Wikidata, Q132711, revision 2534122617. https://www.wikidata.org/wiki/Q132711. Accessed 2026-09-10.",https://www.wikidata.org/wiki/Q132711
src-c0df265a9d989f8d,external,Collection or site authority record. https://www.uffizi.it/en/artworks/bacchus. Accessed 2026-09-12.,,,Collection or site authority record. https://www.uffizi.it/en/artworks/bacchus. Accessed 2026-09-12.,https://www.uffizi.it/en/artworks/bacchus
src-c13ca8fb84c8e277,external,"Francesco Sorce, LAZZARINI, Gregorio, Dizionario Biografico degli Italiani, vol. 64 (2005). https://www.treccani.it/enciclopedia/gregorio-lazzarini_(Dizionario-Biografico)/. Accessed 2026-09-14.",,,"Francesco Sorce, LAZZARINI, Gregorio, Dizionario Biografico degli Italiani, vol. 64 (2005). https://www.treccani.it/enciclopedia/gregorio-lazzarini_(Dizionario-Biografico)/. Accessed 2026-09-14.",https://www.treccani.it/enciclopedia/gregorio-lazzarini_(Dizionario-Biografico)/
src-c1999d6f4a77a158,external,"Wikidata, Q172579, https://www.wikidata.org/wiki/Q172579. Accessed 2026-09-25.",,,"Wikidata, Q172579, https://www.wikidata.org/wiki/Q172579. Accessed 2026-09-25.",https://www.wikidata.org/wiki/Q172579
src-c204fa5cb3c8b084,external,"Wikipedia (en), Andrea Sacchi, revision 1365392306. https://en.wikipedia.org/wiki/Andrea_Sacchi. Accessed 2026-09-10.",,,"Wikipedia (en), Andrea Sacchi, revision 1365392306. https://en.wikipedia.org/wiki/Andrea_Sacchi. Accessed 2026-09-10.",https://en.wikipedia.org/wiki/Andrea_Sacchi
src-c223d3e368fee989,external,"Pamela Tavernari, La famiglia Fontana-della Fontana: da Ferrara a Modena, mille anni di storia emiliana (Elis Colombini editore, 2017), section 2.3, p. 67.",,,"Pamela Tavernari, La famiglia Fontana-della Fontana: da Ferrara a Modena, mille anni di storia emiliana (Elis Colombini editore, 2017), section 2.3, p. 67.",https://iris.unimore.it/retrieve/e31e124d-08e1-987f-e053-3705fe0a095a/FONTANA%20famiglia%20.pdf
src-c22890e03e603361,external,"Wikidata, Q546141, revision 2537551395. https://www.wikidata.org/wiki/Q546141. Accessed 2026-09-11.",,,"Wikidata, Q546141, revision 2537551395. https://www.wikidata.org/wiki/Q546141. Accessed 2026-09-11.",https://www.wikidata.org/wiki/Q546141
src-c23df8823ed51b53,external,"Wikipedia (en), Supper at Emmaus (Caravaggio, London), revision 1361419138. https://en.wikipedia.org/wiki/Supper_at_Emmaus_(Caravaggio,_London). Accessed 2026-09-12.",,,"Wikipedia (en), Supper at Emmaus (Caravaggio, London), revision 1361419138. https://en.wikipedia.org/wiki/Supper_at_Emmaus_(Caravaggio,_London). Accessed 2026-09-12.","https://en.wikipedia.org/wiki/Supper_at_Emmaus_(Caravaggio,_London)"
src-c244e7d89db1434c,external,"Musée de Grenoble, “Saint Grégoire pape, entouré de saints et de saintes, vénérant l’image miraculeuse de la Vierge à l’Enfant, dite de Santa Maria in Vallicella.” https://www.museedegrenoble.fr/oeuvre/137/1922-saint-gregoire-pape-entoure-de-saints-et-de-saintes-venerant-l-image-miraculeuse-de-la-vierge-a-l-enfant-dite-de-santa-maria-in-vallicella.htm. Accessed 2026-09-11.",,,"Musée de Grenoble, “Saint Grégoire pape, entouré de saints et de saintes, vénérant l’image miraculeuse de la Vierge à l’Enfant, dite de Santa Maria in Vallicella.” https://www.museedegrenoble.fr/oeuvre/137/1922-saint-gregoire-pape-entoure-de-saints-et-de-saintes-venerant-l-image-miraculeuse-de-la-vierge-a-l-enfant-dite-de-santa-maria-in-vallicella.htm. Accessed 2026-09-11.",https://www.museedegrenoble.fr/oeuvre/137/1922-saint-gregoire-pape-entoure-de-saints-et-de-saintes-venerant-l-image-miraculeuse-de-la-vierge-a-l-enfant-dite-de-santa-maria-in-vallicella.htm
src-c28c45226a50338a,external,"Wikidata, Q3071902, revision 2531183935. https://www.wikidata.org/wiki/Q3071902. Accessed 2026-09-10.",,,"Wikidata, Q3071902, revision 2531183935. https://www.wikidata.org/wiki/Q3071902. Accessed 2026-09-10.",https://www.wikidata.org/wiki/Q3071902
src-c28e687a7f2dd974,external,"Flavia Matitti, OTTOBONI, Pietro, DBI 79 (2013). https://www.treccani.it/enciclopedia/pietro-ottoboni_(Dizionario-Biografico)/. Accessed 2026-09-11.",,,"Flavia Matitti, OTTOBONI, Pietro, DBI 79 (2013). https://www.treccani.it/enciclopedia/pietro-ottoboni_(Dizionario-Biografico)/. Accessed 2026-09-11.",https://www.treccani.it/enciclopedia/pietro-ottoboni_(Dizionario-Biografico)/
src-c29db3921a21c1ed,external,"Wikipedia (en), Naples Cathedral, revision 1367241929. https://en.wikipedia.org/wiki/Naples_Cathedral. Accessed 2026-09-10.",,,"Wikipedia (en), Naples Cathedral, revision 1367241929. https://en.wikipedia.org/wiki/Naples_Cathedral. Accessed 2026-09-10.",https://en.wikipedia.org/wiki/Naples_Cathedral
src-c2adf2ab789dfb30,external,"Wikidata, Q12130550. https://www.wikidata.org/wiki/Q12130550. Accessed 2026-09-13.",,,"Wikidata, Q12130550. https://www.wikidata.org/wiki/Q12130550. Accessed 2026-09-13.",https://www.wikidata.org/wiki/Q12130550
src-c2bf2bd0231c9905,external,"Wikipedia (en), Camillo Gavasetti, revision 1365392043. https://en.wikipedia.org/wiki/Camillo_Gavasetti. Accessed 2026-09-10.",,,"Wikipedia (en), Camillo Gavasetti, revision 1365392043. https://en.wikipedia.org/wiki/Camillo_Gavasetti. Accessed 2026-09-10.",https://en.wikipedia.org/wiki/Camillo_Gavasetti
src-c346ec473c81c8ed,external,"Wikidata, Q2011510, https://www.wikidata.org/wiki/Q2011510. Accessed 2026-09-12.",,,"Wikidata, Q2011510, https://www.wikidata.org/wiki/Q2011510. Accessed 2026-09-12.",https://www.wikidata.org/wiki/Q2011510
src-c35e42093d8bd72c,external,"University of Pittsburgh, Ann Sutherland Harris. https://www.haa.pitt.edu/people/ann-sutherland-harris. Accessed 2026-09-14.",,,"University of Pittsburgh, Ann Sutherland Harris. https://www.haa.pitt.edu/people/ann-sutherland-harris. Accessed 2026-09-14.",https://www.haa.pitt.edu/people/ann-sutherland-harris
src-c3702b0160c255a4,external,"Wikidata Q52080, revision 2532452411. https://www.wikidata.org/wiki/Q52080. Reviewed 2026-09-11.",,,"Wikidata Q52080, revision 2532452411. https://www.wikidata.org/wiki/Q52080. Reviewed 2026-09-11.",https://www.wikidata.org/wiki/Q52080
src-c382ce444caf3e89,external,"Ashmolean Museum, Rome: Focus on Hercules, teacher notes. https://www.ashmolean.org/sites/default/files/ashmolean/documents/media/learn_pdf_resources_rome_focus_on_hercules_teacher_notes.pdf. Accessed 2026-09-25.",,,"Ashmolean Museum, Rome: Focus on Hercules, teacher notes. https://www.ashmolean.org/sites/default/files/ashmolean/documents/media/learn_pdf_resources_rome_focus_on_hercules_teacher_notes.pdf. Accessed 2026-09-25.",https://www.ashmolean.org/sites/default/files/ashmolean/documents/media/learn_pdf_resources_rome_focus_on_hercules_teacher_notes.pdf
src-c3bb7d22e0b909f5,external,"Wikipedia (en), Pope Sixtus V, revision 1369320650. https://en.wikipedia.org/wiki/Pope_Sixtus_V. Accessed 2026-09-10.",,,"Wikipedia (en), Pope Sixtus V, revision 1369320650. https://en.wikipedia.org/wiki/Pope_Sixtus_V. Accessed 2026-09-10.",https://en.wikipedia.org/wiki/Pope_Sixtus_V
src-c3e472eca96cacae,external,"Galleria Borghese, The hunting of Diana, https://www.collezionegalleriaborghese.it/en/opere/the-hunting-of-diana. Accessed 2026-09-25.",,,"Galleria Borghese, The hunting of Diana, https://www.collezionegalleriaborghese.it/en/opere/the-hunting-of-diana. Accessed 2026-09-25.",https://www.collezionegalleriaborghese.it/en/opere/the-hunting-of-diana
src-c3ef048eeeb3b1ac,external,"Wikipedia, “Pamphili family.” https://en.wikipedia.org/wiki/Pamphili_family. Accessed 2026-09-25.",,,"Wikipedia, “Pamphili family.” https://en.wikipedia.org/wiki/Pamphili_family. Accessed 2026-09-25.",https://en.wikipedia.org/wiki/Pamphili_family
src-c409074c53213dbe,external,"Wikipedia (en), Luca Giordano, revision 1365931234. https://en.wikipedia.org/wiki/Luca_Giordano Accessed 2026-09-11.",,,"Wikipedia (en), Luca Giordano, revision 1365931234. https://en.wikipedia.org/wiki/Luca_Giordano Accessed 2026-09-11.",https://en.wikipedia.org/wiki/Luca_Giordano
src-c42a6fc5bf8a906b,external,"Wikipedia (en), Cortona, revision 1370060359. https://en.wikipedia.org/wiki/Cortona. Accessed 2026-09-10.",,,"Wikipedia (en), Cortona, revision 1370060359. https://en.wikipedia.org/wiki/Cortona. Accessed 2026-09-10.",https://en.wikipedia.org/wiki/Cortona
src-c449a295b85de9e0,external,"Galleria Borghese, Room 19 – Helen and Paris Room, https://galleriaborghese.cultura.gov.it/en/il-museo/la-villa/sala-19-sala-di-elena-e-paride/. Accessed 2026-09-25.",,,"Galleria Borghese, Room 19 – Helen and Paris Room, https://galleriaborghese.cultura.gov.it/en/il-museo/la-villa/sala-19-sala-di-elena-e-paride/. Accessed 2026-09-25.",https://galleriaborghese.cultura.gov.it/en/il-museo/la-villa/sala-19-sala-di-elena-e-paride/
src-c44bbba45d301ccc,external,"Wikidata, Q3839112, revision 2502593632. https://www.wikidata.org/wiki/Q3839112. Accessed 2026-09-10.",,,"Wikidata, Q3839112, revision 2502593632. https://www.wikidata.org/wiki/Q3839112. Accessed 2026-09-10.",https://www.wikidata.org/wiki/Q3839112
src-c44ecb3d745c391b,external,"Wikipedia (en), Camillo Francesco Maria Pamphili, revision 1373867264. https://en.wikipedia.org/wiki/Camillo_Francesco_Maria_Pamphili. Read 2026-09-11.",,,"Wikipedia (en), Camillo Francesco Maria Pamphili, revision 1373867264. https://en.wikipedia.org/wiki/Camillo_Francesco_Maria_Pamphili. Read 2026-09-11.",https://en.wikipedia.org/wiki/Camillo_Francesco_Maria_Pamphili
src-c45215b9beae2d4f,external,"Wikidata, Q1773095, revision 2514852928. https://www.wikidata.org/wiki/Q1773095. Accessed 2026-09-11.",,,"Wikidata, Q1773095, revision 2514852928. https://www.wikidata.org/wiki/Q1773095. Accessed 2026-09-11.",https://www.wikidata.org/wiki/Q1773095
src-c46e1bb0df02fe73,external,"Luc Thevenon, “Décor et mobilier des cathédrales de Provence orientale aux XVIIe et XVIIIe siècles”, Provence historique, fasc. 259 (2016), p. 32, n. 34. https://cinumedpub.mmsh.fr/Provence-historique/Pdf/PH-2016-65-259_3.pdf. Accessed 2026-09-25.",,,"Luc Thevenon, “Décor et mobilier des cathédrales de Provence orientale aux XVIIe et XVIIIe siècles”, Provence historique, fasc. 259 (2016), p. 32, n. 34. https://cinumedpub.mmsh.fr/Provence-historique/Pdf/PH-2016-65-259_3.pdf. Accessed 2026-09-25.",https://cinumedpub.mmsh.fr/Provence-historique/Pdf/PH-2016-65-259_3.pdf
src-c492dbb47751fedd,external,"Wikipedia (en), Giuseppe Cesari. https://en.wikipedia.org/wiki/Giuseppe_Cesari. Accessed 2026-09-13.",,,"Wikipedia (en), Giuseppe Cesari. https://en.wikipedia.org/wiki/Giuseppe_Cesari. Accessed 2026-09-13.",https://en.wikipedia.org/wiki/Giuseppe_Cesari
src-c4bc24291f38ad2f,external,"""Domenichino,"" English Wikipedia, revision 1368394538. https://en.wikipedia.org/wiki/Domenichino. Accessed 2026-09-09.",,,"""Domenichino,"" English Wikipedia, revision 1368394538. https://en.wikipedia.org/wiki/Domenichino. Accessed 2026-09-09.",https://en.wikipedia.org/wiki/Domenichino
src-c4c34ccc0aa892d9,external,"Istituto Centrale per la Grafica, Pietro da Cortona e il disegno, exhibition 1997–1998. https://istitutocentraleperlagrafica.cultura.gov.it/tutti-gli-archivi/mostre/pietro-da-cortona-e-il-disegno-205.html. Accessed 2026-09-11.",,,"Istituto Centrale per la Grafica, Pietro da Cortona e il disegno, exhibition 1997–1998. https://istitutocentraleperlagrafica.cultura.gov.it/tutti-gli-archivi/mostre/pietro-da-cortona-e-il-disegno-205.html. Accessed 2026-09-11.",https://istitutocentraleperlagrafica.cultura.gov.it/tutti-gli-archivi/mostre/pietro-da-cortona-e-il-disegno-205.html
src-c4d2a3402bc37a62,external,"Wikipedia (en), “Paolo Giordano I Orsini.” https://en.wikipedia.org/wiki/Paolo_Giordano_I_Orsini. Accessed 2026-09-25.",,,"Wikipedia (en), “Paolo Giordano I Orsini.” https://en.wikipedia.org/wiki/Paolo_Giordano_I_Orsini. Accessed 2026-09-25.",https://en.wikipedia.org/wiki/Paolo_Giordano_I_Orsini
src-c5198859fd73d54a,external,"Laura Mocci, MORANDI, Giovanni Maria, Dizionario Biografico degli Italiani 76 (2012). https://www.treccani.it/enciclopedia/giovanni-maria-morandi_(Dizionario-Biografico)/ Accessed 2026-09-11.",,,"Laura Mocci, MORANDI, Giovanni Maria, Dizionario Biografico degli Italiani 76 (2012). https://www.treccani.it/enciclopedia/giovanni-maria-morandi_(Dizionario-Biografico)/ Accessed 2026-09-11.",https://www.treccani.it/enciclopedia/giovanni-maria-morandi_(Dizionario-Biografico)/
src-c53a27166da61b7d,external,"Holy See, Code of Canon Law (1983), Book II, canons 350 and 357. https://www.vatican.va/archive/cod-iuris-canonici/eng/documents/cic_lib2-cann330-367_en.html. Accessed 2026-09-10.",,,"Holy See, Code of Canon Law (1983), Book II, canons 350 and 357. https://www.vatican.va/archive/cod-iuris-canonici/eng/documents/cic_lib2-cann330-367_en.html. Accessed 2026-09-10.",https://www.vatican.va/archive/cod-iuris-canonici/eng/documents/cic_lib2-cann330-367_en.html
src-c59214678450896d,external,"Wikipedia (en), Victoria and Albert Museum, revision 1374070198. https://en.wikipedia.org/wiki/Victoria_and_Albert_Museum. Accessed 2026-09-11.",,,"Wikipedia (en), Victoria and Albert Museum, revision 1374070198. https://en.wikipedia.org/wiki/Victoria_and_Albert_Museum. Accessed 2026-09-11.",https://en.wikipedia.org/wiki/Victoria_and_Albert_Museum
src-c59556b49b940b63,external,"The Holy See, Clement. https://www.vatican.va/content/vatican/en/holy-father/clemente.html. Accessed 2026-09-14.",,,"The Holy See, Clement. https://www.vatican.va/content/vatican/en/holy-father/clemente.html. Accessed 2026-09-14.",https://www.vatican.va/content/vatican/en/holy-father/clemente.html
src-c5a0a7f96a00d75b,external,"Wikidata, Q495008, revision 2531183364. https://www.wikidata.org/wiki/Q495008. Accessed 2026-09-11.",,,"Wikidata, Q495008, revision 2531183364. https://www.wikidata.org/wiki/Q495008. Accessed 2026-09-11.",https://www.wikidata.org/wiki/Q495008
src-c5c22ee0d68eb41a,external,"Wikidata, Q1160847, revision 2527442273. https://www.wikidata.org/wiki/Q1160847. Accessed 2026-09-10.",,,"Wikidata, Q1160847, revision 2527442273. https://www.wikidata.org/wiki/Q1160847. Accessed 2026-09-10.",https://www.wikidata.org/wiki/Q1160847
src-c5f3143e150eef7f,external,"InArtS, Università degli Studi di Urbino Carlo Bo, 'Una lettera del conte Gentile Carbonana al Gonfaloniere e ai Consoli di Gubbio per l’affidamento della Pala del Voto a Federico Barocci,' archival record, 25 July 1606. https://sanzio.uniurb.it/entities/archivalmaterial/a45f506d-4f52-4ef9-abbc-d9ea6901d334 Accessed 2026-09-25.",,,"InArtS, Università degli Studi di Urbino Carlo Bo, 'Una lettera del conte Gentile Carbonana al Gonfaloniere e ai Consoli di Gubbio per l’affidamento della Pala del Voto a Federico Barocci,' archival record, 25 July 1606. https://sanzio.uniurb.it/entities/archivalmaterial/a45f506d-4f52-4ef9-abbc-d9ea6901d334 Accessed 2026-09-25.",https://sanzio.uniurb.it/entities/archivalmaterial/a45f506d-4f52-4ef9-abbc-d9ea6901d334
src-c5f3d42e33bb06b3,external,"Wikipedia (en), Giorgio Vasari, revision 1373385809. https://en.wikipedia.org/wiki/Giorgio_Vasari. Accessed 2026-09-10.",,,"Wikipedia (en), Giorgio Vasari, revision 1373385809. https://en.wikipedia.org/wiki/Giorgio_Vasari. Accessed 2026-09-10.",https://en.wikipedia.org/wiki/Giorgio_Vasari
src-c6292540aaf60b73,external,"Wikipedia (en), Biblioteca Casanatense, revision 1366883842. https://en.wikipedia.org/wiki/Biblioteca_Casanatense. Accessed 2026-09-10.",,,"Wikipedia (en), Biblioteca Casanatense, revision 1366883842. https://en.wikipedia.org/wiki/Biblioteca_Casanatense. Accessed 2026-09-10.",https://en.wikipedia.org/wiki/Biblioteca_Casanatense
src-c62c9ecc8ca90c35,external,"Wikipedia (en), Madonna of the Rosary (Caravaggio), revision 1361280991. https://en.wikipedia.org/wiki/Madonna_of_the_Rosary_(Caravaggio). Accessed 2026-09-12.",,,"Wikipedia (en), Madonna of the Rosary (Caravaggio), revision 1361280991. https://en.wikipedia.org/wiki/Madonna_of_the_Rosary_(Caravaggio). Accessed 2026-09-12.",https://en.wikipedia.org/wiki/Madonna_of_the_Rosary_(Caravaggio)
src-c644870e90184126,external,"Silvia de Vito Battaglia, ALLEGRI, Antonio, detto il Correggio, Dizionario Biografico degli Italiani, vol. 2 (1960). https://www.treccani.it/enciclopedia/allegri-antonio-detto-il-correggio_(Dizionario-Biografico)/. Accessed 2026-09-10.",,,"Silvia de Vito Battaglia, ALLEGRI, Antonio, detto il Correggio, Dizionario Biografico degli Italiani, vol. 2 (1960). https://www.treccani.it/enciclopedia/allegri-antonio-detto-il-correggio_(Dizionario-Biografico)/. Accessed 2026-09-10.",https://www.treccani.it/enciclopedia/allegri-antonio-detto-il-correggio_(Dizionario-Biografico)/
src-c67241c49eeab008,external,"Wikipedia (en), Count palatine, revision 1371113571. https://en.wikipedia.org/wiki/Count_palatine. Accessed 2026-09-10.",,,"Wikipedia (en), Count palatine, revision 1371113571. https://en.wikipedia.org/wiki/Count_palatine. Accessed 2026-09-10.",https://en.wikipedia.org/wiki/Count_palatine
src-c69682c9a1106d05,external,"Letizia Lanzetta, GIMIGNANI, Ludovico, Dizionario Biografico degli Italiani 54 (2000). https://www.treccani.it/enciclopedia/ludovico-gimignani_(Dizionario-Biografico)/. Read 2026-09-11.",,,"Letizia Lanzetta, GIMIGNANI, Ludovico, Dizionario Biografico degli Italiani 54 (2000). https://www.treccani.it/enciclopedia/ludovico-gimignani_(Dizionario-Biografico)/. Read 2026-09-11.",https://www.treccani.it/enciclopedia/ludovico-gimignani_(Dizionario-Biografico)/
src-c69795cb15b6b639,external,"Wikidata, Q29, revision 2542143031. https://www.wikidata.org/wiki/Q29. Accessed 2026-09-10.",,,"Wikidata, Q29, revision 2542143031. https://www.wikidata.org/wiki/Q29. Accessed 2026-09-10.",https://www.wikidata.org/wiki/Q29
src-c6a7906bfc5e556d,external,"Wikipedia (en), Giuseppe Ghezzi, revision 1365386663. https://en.wikipedia.org/wiki/Giuseppe_Ghezzi. Accessed 2026-09-10.",,,"Wikipedia (en), Giuseppe Ghezzi, revision 1365386663. https://en.wikipedia.org/wiki/Giuseppe_Ghezzi. Accessed 2026-09-10.",https://en.wikipedia.org/wiki/Giuseppe_Ghezzi
src-c6ad5e61c5a32112,external,"Krannert Art Museum, University of Illinois Urbana-Champaign, “Jane Maxwell, Duchess of Gordon and Her Son, George Duncan, Marquess of Huntly,” object 1940-1-6, https://collection.kam.illinois.edu/objects-1/info/329. Accessed 2026-09-25.",,,"Krannert Art Museum, University of Illinois Urbana-Champaign, “Jane Maxwell, Duchess of Gordon and Her Son, George Duncan, Marquess of Huntly,” object 1940-1-6, https://collection.kam.illinois.edu/objects-1/info/329. Accessed 2026-09-25.",https://collection.kam.illinois.edu/objects-1/info/329
src-c6ceadd9dd77b245,external,"Papal Basilica of Saint Mary Major, Interior of the Basilica. https://www.basilicasantamariamaggiore.va/en/basilica/storia-e-arte/interni.html. Accessed 2026-09-10.",,,"Papal Basilica of Saint Mary Major, Interior of the Basilica. https://www.basilicasantamariamaggiore.va/en/basilica/storia-e-arte/interni.html. Accessed 2026-09-10.",https://www.basilicasantamariamaggiore.va/en/basilica/storia-e-arte/interni.html
src-c6e16318f706f9c4,external,"Robert Pranzatelli, A Brief History of Yale University Press. https://yalebooks.yale.edu/a-brief-history-of-yale-university-press/. Accessed 2026-09-15.",,,"Robert Pranzatelli, A Brief History of Yale University Press. https://yalebooks.yale.edu/a-brief-history-of-yale-university-press/. Accessed 2026-09-15.",https://yalebooks.yale.edu/a-brief-history-of-yale-university-press/
src-c74ded09a923d932,external,"Metropolitan Museum of Art, The Campo San Rocco, 69.551(17). https://www.metmuseum.org/art/collection/search/676336. Accessed 2026-09-14.",,,"Metropolitan Museum of Art, The Campo San Rocco, 69.551(17). https://www.metmuseum.org/art/collection/search/676336. Accessed 2026-09-14.",https://www.metmuseum.org/art/collection/search/676336
src-c7562b567ed9f661,external,"Wikidata, Q3757772. https://www.wikidata.org/wiki/Q3757772. Accessed 2026-09-13.",,,"Wikidata, Q3757772. https://www.wikidata.org/wiki/Q3757772. Accessed 2026-09-13.",https://www.wikidata.org/wiki/Q3757772
src-c77cf2b8da563b9b,external,"Wikipedia (it), Palazzo Doria-Pamphili, revision 150011271. https://it.wikipedia.org/wiki/Palazzo_Doria-Pamphili. Accessed 2026-09-10.",,,"Wikipedia (it), Palazzo Doria-Pamphili, revision 150011271. https://it.wikipedia.org/wiki/Palazzo_Doria-Pamphili. Accessed 2026-09-10.",https://it.wikipedia.org/wiki/Palazzo_Doria-Pamphili
src-c79304d1823ea623,external,"Wikipedia (en), Galleria Doria Pamphilj. https://en.wikipedia.org/wiki/Galleria_Doria_Pamphilj. Accessed 2026-09-13.",,,"Wikipedia (en), Galleria Doria Pamphilj. https://en.wikipedia.org/wiki/Galleria_Doria_Pamphilj. Accessed 2026-09-13.",https://en.wikipedia.org/wiki/Galleria_Doria_Pamphilj
src-c7c188061499a0b4,external,"Wikidata, Q241133, revision 2510575935. https://www.wikidata.org/wiki/Special:EntityData/Q241133.json. Accessed 2026-09-10.",,,"Wikidata, Q241133, revision 2510575935. https://www.wikidata.org/wiki/Special:EntityData/Q241133.json. Accessed 2026-09-10.",https://www.wikidata.org/wiki/Special:EntityData/Q241133.json
src-c8048899fefa945b,external,"Wikipedia (en), Tiberio Cerasi. https://en.wikipedia.org/wiki/Tiberio_Cerasi. Accessed 2026-09-13.",,,"Wikipedia (en), Tiberio Cerasi. https://en.wikipedia.org/wiki/Tiberio_Cerasi. Accessed 2026-09-13.",https://en.wikipedia.org/wiki/Tiberio_Cerasi
src-c84c23ab8e6eda2f,external,"Wikidata, Q945164, https://www.wikidata.org/wiki/Q945164. Accessed 2026-09-12.",,,"Wikidata, Q945164, https://www.wikidata.org/wiki/Q945164. Accessed 2026-09-12.",https://www.wikidata.org/wiki/Q945164
src-c85f12a0c8d1c5b3,external,"Wikidata, Q5598, revision 2542894074. https://www.wikidata.org/wiki/Q5598. Accessed 2026-09-11.",,,"Wikidata, Q5598, revision 2542894074. https://www.wikidata.org/wiki/Q5598. Accessed 2026-09-11.",https://www.wikidata.org/wiki/Q5598
src-c864401076b46fe6,external,"Wikidata, Q464446, revision 2517852917. https://www.wikidata.org/wiki/Q464446. Accessed 2026-09-11.",,,"Wikidata, Q464446, revision 2517852917. https://www.wikidata.org/wiki/Q464446. Accessed 2026-09-11.",https://www.wikidata.org/wiki/Q464446
src-c86654211af2f74d,external,"Bayerische Staatsgemäldesammlungen, Erziehung des Kurprinzen Johann Wilhelm, inv. 4666. https://www.sammlung.pinakothek.de/de/artwork/Y0GRkdB4RX. Accessed 2026-09-14.",,,"Bayerische Staatsgemäldesammlungen, Erziehung des Kurprinzen Johann Wilhelm, inv. 4666. https://www.sammlung.pinakothek.de/de/artwork/Y0GRkdB4RX. Accessed 2026-09-14.",https://www.sammlung.pinakothek.de/de/artwork/Y0GRkdB4RX
src-c873ce3a3ef35aa4,external,"Wikidata, Q333323, revision 2537992869. https://www.wikidata.org/wiki/Q333323. Accessed 2026-09-10.",,,"Wikidata, Q333323, revision 2537992869. https://www.wikidata.org/wiki/Q333323. Accessed 2026-09-10.",https://www.wikidata.org/wiki/Q333323
src-c88cd3aef5e5cf62,external,"Emilio Russo, LANCELLOTTI, Secondo, Dizionario Biografico degli Italiani, vol. 63 (2004). https://www.treccani.it/enciclopedia/secondo-lancellotti_(Dizionario-Biografico)/. Accessed 2026-09-10.",,,"Emilio Russo, LANCELLOTTI, Secondo, Dizionario Biografico degli Italiani, vol. 63 (2004). https://www.treccani.it/enciclopedia/secondo-lancellotti_(Dizionario-Biografico)/. Accessed 2026-09-10.",https://www.treccani.it/enciclopedia/secondo-lancellotti_(Dizionario-Biografico)/
src-c8a0b9da28b125a2,external,"Wikipedia (en), Platonism, revision 1373980270. https://en.wikipedia.org/wiki/Platonism. Accessed 2026-09-10.",,,"Wikipedia (en), Platonism, revision 1373980270. https://en.wikipedia.org/wiki/Platonism. Accessed 2026-09-10.",https://en.wikipedia.org/wiki/Platonism
src-c8bf774316b8dad6,external,"Wikidata, Q3859830, revision 2425613665. https://www.wikidata.org/wiki/Q3859830. Accessed 2026-09-10.",,,"Wikidata, Q3859830, revision 2425613665. https://www.wikidata.org/wiki/Q3859830. Accessed 2026-09-10.",https://www.wikidata.org/wiki/Q3859830
src-c8cda7be35e45b0d,external,"Wikidata, Q318947, https://www.wikidata.org/wiki/Q318947. Accessed 2026-09-12.",,,"Wikidata, Q318947, https://www.wikidata.org/wiki/Q318947. Accessed 2026-09-12.",https://www.wikidata.org/wiki/Q318947
src-c8d4b26c1f07deb8,external,"Wikipedia (en), Detroit Institute of Arts. https://en.wikipedia.org/wiki/Detroit_Institute_of_Arts. Accessed 2026-09-13.",,,"Wikipedia (en), Detroit Institute of Arts. https://en.wikipedia.org/wiki/Detroit_Institute_of_Arts. Accessed 2026-09-13.",https://en.wikipedia.org/wiki/Detroit_Institute_of_Arts
src-c936e73d1e37dfc5,external,"Wikipedia (en), House of Borghese, revision 1364121370. https://en.wikipedia.org/wiki/House_of_Borghese. Accessed 2026-09-10.",,,"Wikipedia (en), House of Borghese, revision 1364121370. https://en.wikipedia.org/wiki/House_of_Borghese. Accessed 2026-09-10.",https://en.wikipedia.org/wiki/House_of_Borghese
src-c95e825a3de1453b,external,"Wikidata, Q2395137, https://www.wikidata.org/wiki/Q2395137. Accessed 2026-09-12.",,,"Wikidata, Q2395137, https://www.wikidata.org/wiki/Q2395137. Accessed 2026-09-12.",https://www.wikidata.org/wiki/Q2395137
src-c9e5bdfd38aa54c5,external,"Arcidiocesi di Torino, Confederazione dell’Oratorio di S. Filippo Neri (Oratoriani), 2014-04-08. https://www.diocesi.torino.it/vicariato/2014/04/08/confederazione-delloratorio-di-s-filippo-neri-oratoriani/ . Accessed 2026-09-10.",,,"Arcidiocesi di Torino, Confederazione dell’Oratorio di S. Filippo Neri (Oratoriani), 2014-04-08. https://www.diocesi.torino.it/vicariato/2014/04/08/confederazione-delloratorio-di-s-filippo-neri-oratoriani/ . Accessed 2026-09-10.",https://www.diocesi.torino.it/vicariato/2014/04/08/confederazione-delloratorio-di-s-filippo-neri-oratoriani/
src-c9ee9e1a9d486a5b,external,Collection or site authority record. https://www.collezionegalleriaborghese.it/en/opere/self-portrait-as-bacchus-known-as-sick-bacchus/. Accessed 2026-09-12.,,,Collection or site authority record. https://www.collezionegalleriaborghese.it/en/opere/self-portrait-as-bacchus-known-as-sick-bacchus/. Accessed 2026-09-12.,https://www.collezionegalleriaborghese.it/en/opere/self-portrait-as-bacchus-known-as-sick-bacchus/
src-ca05400e2f7122b3,external,"John Ingamells, Later Stuart Portraits 1685–1714 (National Portrait Gallery, 2009), John Tillotson, All known portraits. https://www.npg.org.uk/collections/search/personExtended/mp04507/john-tillotson?tab=iconography. Accessed 2026-09-14.",,,"John Ingamells, Later Stuart Portraits 1685–1714 (National Portrait Gallery, 2009), John Tillotson, All known portraits. https://www.npg.org.uk/collections/search/personExtended/mp04507/john-tillotson?tab=iconography. Accessed 2026-09-14.",https://www.npg.org.uk/collections/search/personExtended/mp04507/john-tillotson?tab=iconography
src-ca3f96b06fa07846,external,"Wikidata, Q173950, revision 2528326710. https://www.wikidata.org/wiki/Q173950. Accessed 2026-09-10.",,,"Wikidata, Q173950, revision 2528326710. https://www.wikidata.org/wiki/Q173950. Accessed 2026-09-10.",https://www.wikidata.org/wiki/Q173950
src-ca6d0c7aed866db9,external,"Wikidata, Q176251. https://www.wikidata.org/wiki/Q176251. Accessed 2026-09-13.",,,"Wikidata, Q176251. https://www.wikidata.org/wiki/Q176251. Accessed 2026-09-13.",https://www.wikidata.org/wiki/Q176251
src-ca80cde29787a7c1,external,"Wikipedia (en), Pope Clement IX, revision 1371781522. https://en.wikipedia.org/wiki/Pope_Clement_IX. Accessed 2026-09-11.",,,"Wikipedia (en), Pope Clement IX, revision 1371781522. https://en.wikipedia.org/wiki/Pope_Clement_IX. Accessed 2026-09-11.",https://en.wikipedia.org/wiki/Pope_Clement_IX
src-cae6ff722f9a3736,external,"Musei Capitolini, Pinacoteca Capitolina. https://www.museicapitolini.org/it/percorsi/pinacoteca-capitolina. Accessed 2026-09-15.",,,"Musei Capitolini, Pinacoteca Capitolina. https://www.museicapitolini.org/it/percorsi/pinacoteca-capitolina. Accessed 2026-09-15.",https://www.museicapitolini.org/it/percorsi/pinacoteca-capitolina
src-cb361a65e4abfdee,external,"Wikidata, Q658756. https://www.wikidata.org/wiki/Q658756. Accessed 2026-09-13.",,,"Wikidata, Q658756. https://www.wikidata.org/wiki/Q658756. Accessed 2026-09-13.",https://www.wikidata.org/wiki/Q658756
src-cb62bd59419ad9c3,external,"The Metropolitan Museum of Art, Portrait of Vicenzo Giustiniani, 28.7.24. https://www.metmuseum.org/art/collection/search/392968. Accessed 2026-09-15.",,,"The Metropolitan Museum of Art, Portrait of Vicenzo Giustiniani, 28.7.24. https://www.metmuseum.org/art/collection/search/392968. Accessed 2026-09-15.",https://www.metmuseum.org/art/collection/search/392968
src-cb7ad8db4f8f02d7,external,"Wikidata, Q41554, revision 2533435644. https://www.wikidata.org/wiki/Q41554. Accessed 2026-09-10.",,,"Wikidata, Q41554, revision 2533435644. https://www.wikidata.org/wiki/Q41554. Accessed 2026-09-10.",https://www.wikidata.org/wiki/Q41554
src-cb8c05cc81e3e846,external,"Wikipedia (en), Christina, Queen of Sweden, revision 1374118193. https://en.wikipedia.org/wiki/Christina%2C_Queen_of_Sweden. Accessed 2026-09-10.",,,"Wikipedia (en), Christina, Queen of Sweden, revision 1374118193. https://en.wikipedia.org/wiki/Christina%2C_Queen_of_Sweden. Accessed 2026-09-10.",https://en.wikipedia.org/wiki/Christina%2C_Queen_of_Sweden
src-cba6796fe8a13dec,external,"Wikidata, Q2732274, https://www.wikidata.org/wiki/Q2732274. Accessed 2026-09-12.",,,"Wikidata, Q2732274, https://www.wikidata.org/wiki/Q2732274. Accessed 2026-09-12.",https://www.wikidata.org/wiki/Q2732274
src-cbf45301170919b4,external,"Treccani, ""Lanfranco, Giovanni,"" Enciclopedia on line. https://www.treccani.it/enciclopedia/giovanni-lanfranco/ Accessed 2026-09-10.",,,"Treccani, ""Lanfranco, Giovanni,"" Enciclopedia on line. https://www.treccani.it/enciclopedia/giovanni-lanfranco/ Accessed 2026-09-10.",https://www.treccani.it/enciclopedia/giovanni-lanfranco/
src-cc28d16be9caa619,external,"Sant'Andrea della Valle, La cupola. https://santandrea.teatinos.org/accenni-storia-arte/la-cupola/. Accessed 2026-09-10.",,,"Sant'Andrea della Valle, La cupola. https://santandrea.teatinos.org/accenni-storia-arte/la-cupola/. Accessed 2026-09-10.",https://santandrea.teatinos.org/accenni-storia-arte/la-cupola/
src-cc313278d7dde884,external,"Wikipedia (it), Peretti (famiglia), revision 152330894. https://it.wikipedia.org/w/index.php?oldid=152330894. Accessed 2026-09-10.",,,"Wikipedia (it), Peretti (famiglia), revision 152330894. https://it.wikipedia.org/w/index.php?oldid=152330894. Accessed 2026-09-10.",https://it.wikipedia.org/w/index.php?oldid=152330894
src-cc489e6d3472fbe7,external,"Papal Basilica of Saint Mary Major, Exterior of the Basilica. https://www.basilicasantamariamaggiore.va/en/basilica/storia-e-arte/esterni.html. Accessed 2026-09-10.",,,"Papal Basilica of Saint Mary Major, Exterior of the Basilica. https://www.basilicasantamariamaggiore.va/en/basilica/storia-e-arte/esterni.html. Accessed 2026-09-10.",https://www.basilicasantamariamaggiore.va/en/basilica/storia-e-arte/esterni.html
src-cc68c2dfce217195,external,"Comune di Deruta, Pinacoteca Comunale, updated 2025-03-18. https://comune.deruta.pg.it/luoghi/2032434/pinacoteca-comunale. Accessed 2026-09-11.",,,"Comune di Deruta, Pinacoteca Comunale, updated 2025-03-18. https://comune.deruta.pg.it/luoghi/2032434/pinacoteca-comunale. Accessed 2026-09-11.",https://comune.deruta.pg.it/luoghi/2032434/pinacoteca-comunale
src-cca496422d97d2d8,external,"Wikipedia (en), Carlo Cesare Malvasia, revision 1371408601. https://en.wikipedia.org/wiki/Carlo_Cesare_Malvasia Accessed 2026-09-11.",,,"Wikipedia (en), Carlo Cesare Malvasia, revision 1371408601. https://en.wikipedia.org/wiki/Carlo_Cesare_Malvasia Accessed 2026-09-11.",https://en.wikipedia.org/wiki/Carlo_Cesare_Malvasia
src-ccbfbbe01b658d79,external,"Wikidata, Q725737, revision 2521245976. https://www.wikidata.org/wiki/Q725737. Accessed 2026-09-10.",,,"Wikidata, Q725737, revision 2521245976. https://www.wikidata.org/wiki/Q725737. Accessed 2026-09-10.",https://www.wikidata.org/wiki/Q725737
src-cd011e4dcb82aaa3,external,"Wikidata, Q55647084, https://www.wikidata.org/wiki/Q55647084. Accessed 2026-09-12.",,,"Wikidata, Q55647084, https://www.wikidata.org/wiki/Q55647084. Accessed 2026-09-12.",https://www.wikidata.org/wiki/Q55647084
src-cd28e137947d4015,external,"Real Academia de Bellas Artes de San Fernando, B-39-041, La caza de Diana. https://www.academiacolecciones.com/estampas/inventario.php?id=B-39-041. Accessed 2026-09-25.",,,"Real Academia de Bellas Artes de San Fernando, B-39-041, La caza de Diana. https://www.academiacolecciones.com/estampas/inventario.php?id=B-39-041. Accessed 2026-09-25.",https://www.academiacolecciones.com/estampas/inventario.php?id=B-39-041
src-cd4f2adcc0063a96,external,Collection or site authority record. https://www.museicapitolini.org/en/percorsi/percorsi_per_sale/pinacoteca_capitolina/sala_di_santa_petronilla_la_grande_pittura_del_seicento_a_roma/la_buona_ventura. Accessed 2026-09-12.,,,Collection or site authority record. https://www.museicapitolini.org/en/percorsi/percorsi_per_sale/pinacoteca_capitolina/sala_di_santa_petronilla_la_grande_pittura_del_seicento_a_roma/la_buona_ventura. Accessed 2026-09-12.,https://www.museicapitolini.org/en/percorsi/percorsi_per_sale/pinacoteca_capitolina/sala_di_santa_petronilla_la_grande_pittura_del_seicento_a_roma/la_buona_ventura
src-cde0a2e26a704131,external,"Wikipedia (en), The Empire of Flora, revision 1353624606. https://en.wikipedia.org/wiki/The_Empire_of_Flora. Accessed 2026-09-11.",,,"Wikipedia (en), The Empire of Flora, revision 1353624606. https://en.wikipedia.org/wiki/The_Empire_of_Flora. Accessed 2026-09-11.",https://en.wikipedia.org/wiki/The_Empire_of_Flora
src-cde116690115f0a9,external,"Regione Emilia-Romagna, Teatro Farnese. https://spettacolo.emiliaromagnacultura.it/it/luogo/teatro-farnese/. Accessed 2026-09-11.",,,"Regione Emilia-Romagna, Teatro Farnese. https://spettacolo.emiliaromagnacultura.it/it/luogo/teatro-farnese/. Accessed 2026-09-11.",https://spettacolo.emiliaromagnacultura.it/it/luogo/teatro-farnese/
src-cdf4c599bcc21560,external,"Wikipedia (en), Christina, Queen of Sweden, revision 1374118193. https://en.wikipedia.org/wiki/Christina,_Queen_of_Sweden Accessed 2026-09-11.",,,"Wikipedia (en), Christina, Queen of Sweden, revision 1374118193. https://en.wikipedia.org/wiki/Christina,_Queen_of_Sweden Accessed 2026-09-11.","https://en.wikipedia.org/wiki/Christina,_Queen_of_Sweden"
src-cdf8acb6b92b5043,external,"Wikipedia (it), “Cattedrale di Nizza.” https://it.wikipedia.org/wiki/Cattedrale_di_Nizza. Accessed 2026-09-25.",,,"Wikipedia (it), “Cattedrale di Nizza.” https://it.wikipedia.org/wiki/Cattedrale_di_Nizza. Accessed 2026-09-25.",https://it.wikipedia.org/wiki/Cattedrale_di_Nizza
src-cdf90b01ab5c3664,external,"Wikidata, Q495, revision 2538542297. https://www.wikidata.org/wiki/Q495. Accessed 2026-09-10.",,,"Wikidata, Q495, revision 2538542297. https://www.wikidata.org/wiki/Q495. Accessed 2026-09-10.",https://www.wikidata.org/wiki/Q495
src-ce006128ee72c285,external,"Franco Sborgi, BOTTALLA, Giovanni Maria, detto il Raffaellino, Raffaellino da Savona, Dizionario Biografico degli Italiani 13 (1971). https://www.treccani.it/enciclopedia/bottalla-giovanni-maria-detto-il-raffaellino-raffaellino-da-savona_(Dizionario-Biografico)/. Accessed 2026-09-14.",,,"Franco Sborgi, BOTTALLA, Giovanni Maria, detto il Raffaellino, Raffaellino da Savona, Dizionario Biografico degli Italiani 13 (1971). https://www.treccani.it/enciclopedia/bottalla-giovanni-maria-detto-il-raffaellino-raffaellino-da-savona_(Dizionario-Biografico)/. Accessed 2026-09-14.",https://www.treccani.it/enciclopedia/bottalla-giovanni-maria-detto-il-raffaellino-raffaellino-da-savona_(Dizionario-Biografico)/
src-ce416511d577c5e0,external,"Wikidata, Q1460, revision 2535583020. https://www.wikidata.org/wiki/Q1460. Accessed 2026-09-10.",,,"Wikidata, Q1460, revision 2535583020. https://www.wikidata.org/wiki/Q1460. Accessed 2026-09-10.",https://www.wikidata.org/wiki/Q1460
src-ce4b694a4185a406,external,"Wikipedia (it), “Giovanni Battista Pamphili, II principe di San Martino al Cimino e Valmontone.” https://it.wikipedia.org/wiki/Giovanni_Battista_Pamphili,_II_principe_di_San_Martino_al_Cimino_e_Valmontone. Accessed 2026-09-25.",,,"Wikipedia (it), “Giovanni Battista Pamphili, II principe di San Martino al Cimino e Valmontone.” https://it.wikipedia.org/wiki/Giovanni_Battista_Pamphili,_II_principe_di_San_Martino_al_Cimino_e_Valmontone. Accessed 2026-09-25.","https://it.wikipedia.org/wiki/Giovanni_Battista_Pamphili,_II_principe_di_San_Martino_al_Cimino_e_Valmontone"
src-ce91d988fcb64f6e,external,"Wikidata, Q5565359, revision 2513889180. https://www.wikidata.org/wiki/Q5565359. Read 2026-09-11.",,,"Wikidata, Q5565359, revision 2513889180. https://www.wikidata.org/wiki/Q5565359. Read 2026-09-11.",https://www.wikidata.org/wiki/Q5565359
src-cebc593c737dfae6,external,"Wikidata, Q962495, revision 2534792134. https://www.wikidata.org/wiki/Q962495. Accessed 2026-09-10.",,,"Wikidata, Q962495, revision 2534792134. https://www.wikidata.org/wiki/Q962495. Accessed 2026-09-10.",https://www.wikidata.org/wiki/Q962495
src-ced8521f07279820,external,"Keith Christiansen, ""Domenichino (1581–1641),"" The Metropolitan Museum of Art, September 2008. https://www.metmuseum.org/essays/domenichino-domenico-zampieri-15811641. Accessed 2026-09-09.",,,"Keith Christiansen, ""Domenichino (1581–1641),"" The Metropolitan Museum of Art, September 2008. https://www.metmuseum.org/essays/domenichino-domenico-zampieri-15811641. Accessed 2026-09-09.",https://www.metmuseum.org/essays/domenichino-domenico-zampieri-15811641
src-cefef31efc0b1c59,external,"Wikidata, Q279, revision 2537373212. https://www.wikidata.org/wiki/Q279. Accessed 2026-09-10.",,,"Wikidata, Q279, revision 2537373212. https://www.wikidata.org/wiki/Q279. Accessed 2026-09-10.",https://www.wikidata.org/wiki/Q279
src-cf041cec7da2e85c,external,"Wikipedia (en), Carlo Cesare Malvasia, revision 1371408601. https://en.wikipedia.org/wiki/Carlo_Cesare_Malvasia. Accessed 2026-09-10.",,,"Wikipedia (en), Carlo Cesare Malvasia, revision 1371408601. https://en.wikipedia.org/wiki/Carlo_Cesare_Malvasia. Accessed 2026-09-10.",https://en.wikipedia.org/wiki/Carlo_Cesare_Malvasia
src-cf061b9f36cc7e2e,external,"Paul Mellon Centre, Benedict Nicolson Archive Now Fully Catalogued. https://www.paul-mellon-centre.ac.uk/about/news/benedict-nicolson-archive-now-fully-catalogued/news-category/archives-library-collections/page/2. Accessed 2026-09-14.",,,"Paul Mellon Centre, Benedict Nicolson Archive Now Fully Catalogued. https://www.paul-mellon-centre.ac.uk/about/news/benedict-nicolson-archive-now-fully-catalogued/news-category/archives-library-collections/page/2. Accessed 2026-09-14.",https://www.paul-mellon-centre.ac.uk/about/news/benedict-nicolson-archive-now-fully-catalogued/news-category/archives-library-collections/page/2
src-cf1f1dac77f92813,external,"Wikipedia (en), Pieter Mulier II, revision 1374122115. https://en.wikipedia.org/wiki/Pieter_Mulier_II. Accessed 2026-09-10.",,,"Wikipedia (en), Pieter Mulier II, revision 1374122115. https://en.wikipedia.org/wiki/Pieter_Mulier_II. Accessed 2026-09-10.",https://en.wikipedia.org/wiki/Pieter_Mulier_II
src-cf300f4764de74ca,external,"British Museum, drawing 1857,0613.365, curator’s comments (Nicholas Turner 1999, no.228). https://www.britishmuseum.org/collection/object/P_1857-0613-365. Accessed 2026-09-14.",,,"British Museum, drawing 1857,0613.365, curator’s comments (Nicholas Turner 1999, no.228). https://www.britishmuseum.org/collection/object/P_1857-0613-365. Accessed 2026-09-14.",https://www.britishmuseum.org/collection/object/P_1857-0613-365
src-cf42ca3f7cd4869a,external,"MUVE, Neptune Offering Gifts to Venice. https://www.visitmuve.it/en/masterpiece/giambattista-tiepolo-neptune-offering-gifts-to-venice/. Accessed 2026-09-14.",,,"MUVE, Neptune Offering Gifts to Venice. https://www.visitmuve.it/en/masterpiece/giambattista-tiepolo-neptune-offering-gifts-to-venice/. Accessed 2026-09-14.",https://www.visitmuve.it/en/masterpiece/giambattista-tiepolo-neptune-offering-gifts-to-venice/
src-cf55d5621e9f7106,external,"Detroit Institute of Arts, “Susanna and the Elders,” object 41.89 / record 52211. https://dia.org/collection/susanna-and-elders/52211. Accessed 2026-09-25.",,,"Detroit Institute of Arts, “Susanna and the Elders,” object 41.89 / record 52211. https://dia.org/collection/susanna-and-elders/52211. Accessed 2026-09-25.",https://dia.org/collection/susanna-and-elders/52211
src-cf68a8b15ecc8826,external,"Wikipedia (en), Italy (geographical region), revision 1364170764. https://en.wikipedia.org/wiki/Italy_(geographical_region). Accessed 2026-09-11.",,,"Wikipedia (en), Italy (geographical region), revision 1364170764. https://en.wikipedia.org/wiki/Italy_(geographical_region). Accessed 2026-09-11.",https://en.wikipedia.org/wiki/Italy_(geographical_region)
src-cf8318bda77a6764,external,"Catalogo generale dei Beni Culturali, “Il trionfo di Cristo sulla morte,” catalog 0800158480. https://catalogo.beniculturali.it/detail/HistoricOrArtisticProperty/0800158480. Accessed 2026-09-11.",,,"Catalogo generale dei Beni Culturali, “Il trionfo di Cristo sulla morte,” catalog 0800158480. https://catalogo.beniculturali.it/detail/HistoricOrArtisticProperty/0800158480. Accessed 2026-09-11.",https://catalogo.beniculturali.it/detail/HistoricOrArtisticProperty/0800158480
src-cf9bfd6d8b0a4249,external,"Regione Lombardia / Gabinetto dei Disegni, Testa femminile di profilo, SIRBeC 4y010-09084. https://www.lombardiabeniculturali.it/opere-arte/schede-complete/4y010-09084/. Accessed 2026-09-14.",,,"Regione Lombardia / Gabinetto dei Disegni, Testa femminile di profilo, SIRBeC 4y010-09084. https://www.lombardiabeniculturali.it/opere-arte/schede-complete/4y010-09084/. Accessed 2026-09-14.",https://www.lombardiabeniculturali.it/opere-arte/schede-complete/4y010-09084/
src-cfc62683ec7baef8,external,"VisitModena, Ducal Palace – Military Academy. https://www.visitmodena.it/en/discover-modena/art-and-culture/historic-buildings-and-castles/ducal-palace-military-academy. Accessed 2026-09-11.",,,"VisitModena, Ducal Palace – Military Academy. https://www.visitmodena.it/en/discover-modena/art-and-culture/historic-buildings-and-castles/ducal-palace-military-academy. Accessed 2026-09-11.",https://www.visitmodena.it/en/discover-modena/art-and-culture/historic-buildings-and-castles/ducal-palace-military-academy
src-d000a01f3c3fb583,external,"Wikidata, Q150966, revision 2528994406. https://www.wikidata.org/wiki/Q150966. Accessed 2026-09-11.",,,"Wikidata, Q150966, revision 2528994406. https://www.wikidata.org/wiki/Q150966. Accessed 2026-09-11.",https://www.wikidata.org/wiki/Q150966
src-d01a35baba89ed41,external,"Wikipedia (en), Artemisia Gentileschi, revision 1371071670. https://en.wikipedia.org/wiki/Artemisia_Gentileschi. Accessed 2026-09-11.",,,"Wikipedia (en), Artemisia Gentileschi, revision 1371071670. https://en.wikipedia.org/wiki/Artemisia_Gentileschi. Accessed 2026-09-11.",https://en.wikipedia.org/wiki/Artemisia_Gentileschi
src-d028e9183a3b0759,external,"Wikipedia (en), Piazza di Spagna, revision 1368540984. https://en.wikipedia.org/wiki/Piazza_di_Spagna. Accessed 2026-09-10.",,,"Wikipedia (en), Piazza di Spagna, revision 1368540984. https://en.wikipedia.org/wiki/Piazza_di_Spagna. Accessed 2026-09-10.",https://en.wikipedia.org/wiki/Piazza_di_Spagna
src-d02912410aabdb8e,external,"“Filippo Hercolani, IV principe Hercolani.” Italian Wikipedia. https://it.wikipedia.org/wiki/Filippo_Hercolani,_IV_principe_Hercolani. Revision 146651111; accessed 2026-09-25.",,,"“Filippo Hercolani, IV principe Hercolani.” Italian Wikipedia. https://it.wikipedia.org/wiki/Filippo_Hercolani,_IV_principe_Hercolani. Revision 146651111; accessed 2026-09-25.","https://it.wikipedia.org/wiki/Filippo_Hercolani,_IV_principe_Hercolani"
src-d09aa3d5747ab149,external,"Fondazione Federico Zeri, fotografia 212704, inventario 522770. https://catalogo.fondazionezeri.unibo.it/scheda/fotografia/212704/. Accessed 2026-09-14.",,,"Fondazione Federico Zeri, fotografia 212704, inventario 522770. https://catalogo.fondazionezeri.unibo.it/scheda/fotografia/212704/. Accessed 2026-09-14.",https://catalogo.fondazionezeri.unibo.it/scheda/fotografia/212704/
src-d0b14170bcfaa9cf,external,"Beatrice Ortu and Alessandro Stoppoloni (eds.), Inventario dell’Archivio Accademico (1478–1980), September 2025. https://accademiasanluca.it/api/uploads/10_10_2025_Inventario_archivio_storico_b09e71331b.pdf. Accessed 2026-09-11.",,,"Beatrice Ortu and Alessandro Stoppoloni (eds.), Inventario dell’Archivio Accademico (1478–1980), September 2025. https://accademiasanluca.it/api/uploads/10_10_2025_Inventario_archivio_storico_b09e71331b.pdf. Accessed 2026-09-11.",https://accademiasanluca.it/api/uploads/10_10_2025_Inventario_archivio_storico_b09e71331b.pdf
src-d121d56e5863bb67,external,"Paola Santucci, “De Matteis, Paolo,” Dizionario Biografico degli Italiani 38 (1990). https://www.treccani.it/enciclopedia/paolo-de-matteis_(Dizionario-Biografico)/. Accessed 2026-09-25.",,,"Paola Santucci, “De Matteis, Paolo,” Dizionario Biografico degli Italiani 38 (1990). https://www.treccani.it/enciclopedia/paolo-de-matteis_(Dizionario-Biografico)/. Accessed 2026-09-25.",https://www.treccani.it/enciclopedia/paolo-de-matteis_(Dizionario-Biografico)/
src-d148fa6e8d5d8f5d,external,"Wikipedia (en), Filippo Lauri, revision 1365392350. https://en.wikipedia.org/wiki/Filippo_Lauri. Accessed 2026-09-11.",,,"Wikipedia (en), Filippo Lauri, revision 1365392350. https://en.wikipedia.org/wiki/Filippo_Lauri. Accessed 2026-09-11.",https://en.wikipedia.org/wiki/Filippo_Lauri
src-d18d3c7b1cb86791,external,"Wikidata, Q541376, https://www.wikidata.org/wiki/Q541376. Accessed 2026-09-12.",,,"Wikidata, Q541376, https://www.wikidata.org/wiki/Q541376. Accessed 2026-09-12.",https://www.wikidata.org/wiki/Q541376
src-d1902ba2b8598409,external,"Wikipedia (en), The Conversion of Saint Paul (Caravaggio), revision 1361423541. https://en.wikipedia.org/wiki/The_Conversion_of_Saint_Paul_(Caravaggio). Accessed 2026-09-10.",,,"Wikipedia (en), The Conversion of Saint Paul (Caravaggio), revision 1361423541. https://en.wikipedia.org/wiki/The_Conversion_of_Saint_Paul_(Caravaggio). Accessed 2026-09-10.",https://en.wikipedia.org/wiki/The_Conversion_of_Saint_Paul_(Caravaggio)
src-d1e47df6526dd40f,external,"Alessandro Grassi, “Gli altari post-tridentini di San Francesco di Cortona,” in Un modello in discussione (Edizioni della Normale, 2025), pp. 257–259. https://ricerca.sns.it/handle/11384/159163. Accessed 2026-09-11.",,,"Alessandro Grassi, “Gli altari post-tridentini di San Francesco di Cortona,” in Un modello in discussione (Edizioni della Normale, 2025), pp. 257–259. https://ricerca.sns.it/handle/11384/159163. Accessed 2026-09-11.",https://ricerca.sns.it/handle/11384/159163
src-d22bf61556fda570,external,"Wallraf-Richartz-Museum, History. https://www.wallraf.museum/en/the-museum/history/. Accessed 2026-09-15.",,,"Wallraf-Richartz-Museum, History. https://www.wallraf.museum/en/the-museum/history/. Accessed 2026-09-15.",https://www.wallraf.museum/en/the-museum/history/
src-d24395f2b853ed98,external,"Comune di Valmontone, «Palazzo Doria Pamphilj», published 2024-01-26, updated 2025-03-26. https://comune.valmontone.rm.it/luogo/palazzo-doria-pamphilj/. Accessed 2026-09-11.",,,"Comune di Valmontone, «Palazzo Doria Pamphilj», published 2024-01-26, updated 2025-03-26. https://comune.valmontone.rm.it/luogo/palazzo-doria-pamphilj/. Accessed 2026-09-11.",https://comune.valmontone.rm.it/luogo/palazzo-doria-pamphilj/
src-d2c2b8ca92cfe18f,external,"Meg Butler, Nicolas Poussin and the Struggles of Gig Work, Getty, 2022-02-15. https://www.getty.edu/news/nicolas-poussin-and-the-struggles-of-gig-work/. Accessed 2026-09-11.",,,"Meg Butler, Nicolas Poussin and the Struggles of Gig Work, Getty, 2022-02-15. https://www.getty.edu/news/nicolas-poussin-and-the-struggles-of-gig-work/. Accessed 2026-09-11.",https://www.getty.edu/news/nicolas-poussin-and-the-struggles-of-gig-work/
src-d2e621a12a483c44,external,"Wikipedia (en), Benedetto Luti, revision 1365387077. https://en.wikipedia.org/wiki/Benedetto_Luti. Accessed 2026-09-10.",,,"Wikipedia (en), Benedetto Luti, revision 1365387077. https://en.wikipedia.org/wiki/Benedetto_Luti. Accessed 2026-09-10.",https://en.wikipedia.org/wiki/Benedetto_Luti
src-d2f4897752bc8fe5,external,"Wikidata, Q2627034, https://www.wikidata.org/wiki/Q2627034. Accessed 2026-09-12.",,,"Wikidata, Q2627034, https://www.wikidata.org/wiki/Q2627034. Accessed 2026-09-12.",https://www.wikidata.org/wiki/Q2627034
src-d319475fdcb937bf,external,"Gianluca Stefani, Sebastiano Ricci impresario d’opera a Venezia nel primo Settecento (Firenze University Press, 2015), ch. 2, p. 27 and note 3. https://tile.loc.gov/storage-services/master/gdc/gdcebookspublic/20/20/71/94/83/2020719483/2020719483.pdf. Accessed 2026-09-11.",,,"Gianluca Stefani, Sebastiano Ricci impresario d’opera a Venezia nel primo Settecento (Firenze University Press, 2015), ch. 2, p. 27 and note 3. https://tile.loc.gov/storage-services/master/gdc/gdcebookspublic/20/20/71/94/83/2020719483/2020719483.pdf. Accessed 2026-09-11.",https://tile.loc.gov/storage-services/master/gdc/gdcebookspublic/20/20/71/94/83/2020719483/2020719483.pdf
src-d3334e4e35430f81,external,"Wikipedia (en), Federico Zuccari, revision 1374172641. https://en.wikipedia.org/wiki/Federico_Zuccari. Accessed 2026-09-11.",,,"Wikipedia (en), Federico Zuccari, revision 1374172641. https://en.wikipedia.org/wiki/Federico_Zuccari. Accessed 2026-09-11.",https://en.wikipedia.org/wiki/Federico_Zuccari
src-d3770bcf2ba24da5,external,"Wikidata, Q54647365, revision 2266688384. https://www.wikidata.org/wiki/Q54647365. Accessed 2026-09-11.",,,"Wikidata, Q54647365, revision 2266688384. https://www.wikidata.org/wiki/Q54647365. Accessed 2026-09-11.",https://www.wikidata.org/wiki/Q54647365
src-d3a5400b3582e09d,external,"Wikipedia (en), Sebastiano Ricci, revision 1365387009. https://en.wikipedia.org/wiki/Sebastiano_Ricci. Accessed 2026-09-11.",,,"Wikipedia (en), Sebastiano Ricci, revision 1365387009. https://en.wikipedia.org/wiki/Sebastiano_Ricci. Accessed 2026-09-11.",https://en.wikipedia.org/wiki/Sebastiano_Ricci
src-d3b34dfefb57729b,external,"Gallerie Nazionali Barberini Corsini, Caravaggio. The portrait unveiled, 2024-11-23–2025-02-23. https://barberinicorsini.org/en/evento/caravaggio-the-portrait-unveiled/. Accessed 2026-09-25.",,,"Gallerie Nazionali Barberini Corsini, Caravaggio. The portrait unveiled, 2024-11-23–2025-02-23. https://barberinicorsini.org/en/evento/caravaggio-the-portrait-unveiled/. Accessed 2026-09-25.",https://barberinicorsini.org/en/evento/caravaggio-the-portrait-unveiled/
src-d3bcecd3c31208e1,external,"Wikidata, Q8436, revision 2542832706. https://www.wikidata.org/wiki/Q8436. Accessed 2026-09-10.",,,"Wikidata, Q8436, revision 2542832706. https://www.wikidata.org/wiki/Q8436. Accessed 2026-09-10.",https://www.wikidata.org/wiki/Q8436
src-d3c17e02201ade36,external,"Wikidata, Q1227379, revision 2518576551. https://www.wikidata.org/wiki/Q1227379. Accessed 2026-09-11.",,,"Wikidata, Q1227379, revision 2518576551. https://www.wikidata.org/wiki/Q1227379. Accessed 2026-09-11.",https://www.wikidata.org/wiki/Q1227379
src-d3e98bc7f1bc6ddb,external,"Fondazione Federico Zeri, Educazione di Giove, entry number 119514, URL work/121785. https://catalogo.fondazionezeri.unibo.it/entry/work/121785/Crespi%20Giuseppe%20Maria%20%28Spagnoletto%29%2C%20Educazione%20di%20Giove. Accessed 2026-09-14.",,,"Fondazione Federico Zeri, Educazione di Giove, entry number 119514, URL work/121785. https://catalogo.fondazionezeri.unibo.it/entry/work/121785/Crespi%20Giuseppe%20Maria%20%28Spagnoletto%29%2C%20Educazione%20di%20Giove. Accessed 2026-09-14.",https://catalogo.fondazionezeri.unibo.it/entry/work/121785/Crespi%20Giuseppe%20Maria%20%28Spagnoletto%29%2C%20Educazione%20di%20Giove
src-d45e715e4026f12d,external,"Wikidata, Q585437, https://www.wikidata.org/wiki/Q585437. Accessed 2026-09-12.",,,"Wikidata, Q585437, https://www.wikidata.org/wiki/Q585437. Accessed 2026-09-12.",https://www.wikidata.org/wiki/Q585437
src-d4967c81a91ca133,external,"Wikidata, Q933026. https://www.wikidata.org/wiki/Q933026. Accessed 2026-09-13.",,,"Wikidata, Q933026. https://www.wikidata.org/wiki/Q933026. Accessed 2026-09-13.",https://www.wikidata.org/wiki/Q933026
src-d4cb10c76bd51c33,external,"University of Reading Special Collections, “Chatto & Windus Ltd. Archive.” https://collections.reading.ac.uk/special-collections/collections/chatto-windus-ltd-publisher/. Accessed 2026-09-25.",,,"University of Reading Special Collections, “Chatto & Windus Ltd. Archive.” https://collections.reading.ac.uk/special-collections/collections/chatto-windus-ltd-publisher/. Accessed 2026-09-25.",https://collections.reading.ac.uk/special-collections/collections/chatto-windus-ltd-publisher/
src-d4e1a5dbbae2c23d,external,"Wikidata, Q667321. https://www.wikidata.org/wiki/Q667321. Accessed 2026-09-13.",,,"Wikidata, Q667321. https://www.wikidata.org/wiki/Q667321. Accessed 2026-09-13.",https://www.wikidata.org/wiki/Q667321
src-d4e8b8f00d3602be,external,"Wikipedia (en), Camillo Francesco Maria Pamphili, revision 1373867264. https://en.wikipedia.org/wiki/Camillo_Francesco_Maria_Pamphili. Accessed 2026-09-10.",,,"Wikipedia (en), Camillo Francesco Maria Pamphili, revision 1373867264. https://en.wikipedia.org/wiki/Camillo_Francesco_Maria_Pamphili. Accessed 2026-09-10.",https://en.wikipedia.org/wiki/Camillo_Francesco_Maria_Pamphili
src-d4f7f81c133ae42e,external,"Wikidata, Q49237, revision 2543571370. https://www.wikidata.org/wiki/Q49237. Accessed 2026-09-11.",,,"Wikidata, Q49237, revision 2543571370. https://www.wikidata.org/wiki/Q49237. Accessed 2026-09-11.",https://www.wikidata.org/wiki/Q49237
src-d505498662784062,external,"National Gallery, Modelli. https://www.nationalgallery.org.uk/paintings/glossary/modelli. Accessed 2026-09-11.",,,"National Gallery, Modelli. https://www.nationalgallery.org.uk/paintings/glossary/modelli. Accessed 2026-09-11.",https://www.nationalgallery.org.uk/paintings/glossary/modelli
src-d552b497d0d03592,external,"Enrico Lucchese, NOVELLI, Pietro Antonio, Dizionario Biografico degli Italiani (2013). https://www.treccani.it/enciclopedia/pietro-antonio-novelli_(Dizionario-Biografico)/. Accessed 2026-09-14.",,,"Enrico Lucchese, NOVELLI, Pietro Antonio, Dizionario Biografico degli Italiani (2013). https://www.treccani.it/enciclopedia/pietro-antonio-novelli_(Dizionario-Biografico)/. Accessed 2026-09-14.",https://www.treccani.it/enciclopedia/pietro-antonio-novelli_(Dizionario-Biografico)/
src-d55ec94ca1143d43,external,"Wikipedia (en), Louvre. https://en.wikipedia.org/wiki/Louvre. Accessed 2026-09-13.",,,"Wikipedia (en), Louvre. https://en.wikipedia.org/wiki/Louvre. Accessed 2026-09-13.",https://en.wikipedia.org/wiki/Louvre
src-d5649f8492f9d964,external,"Wikidata, Q84, revision 2539604940. https://www.wikidata.org/wiki/Q84. Accessed 2026-09-11.",,,"Wikidata, Q84, revision 2539604940. https://www.wikidata.org/wiki/Q84. Accessed 2026-09-11.",https://www.wikidata.org/wiki/Q84
src-d57da35c3bb646de,external,"Wikipedia (en), Pope Clement XI, revision 1372220365. https://en.wikipedia.org/wiki/Pope_Clement_XI. Accessed 2026-09-10.",,,"Wikipedia (en), Pope Clement XI, revision 1372220365. https://en.wikipedia.org/wiki/Pope_Clement_XI. Accessed 2026-09-10.",https://en.wikipedia.org/wiki/Pope_Clement_XI
src-d588b0072e0998da,external,"Wikipedia (en), Pietro Ottoboni (cardinal), revision 1371799937. https://en.wikipedia.org/wiki/Pietro_Ottoboni_(cardinal). Accessed 2026-09-10.",,,"Wikipedia (en), Pietro Ottoboni (cardinal), revision 1371799937. https://en.wikipedia.org/wiki/Pietro_Ottoboni_(cardinal). Accessed 2026-09-10.",https://en.wikipedia.org/wiki/Pietro_Ottoboni_(cardinal)
src-d5ca387f14116bde,external,"Wikidata, Q6087600, revision 2528263437. https://www.wikidata.org/wiki/Q6087600. Accessed 2026-09-10.",,,"Wikidata, Q6087600, revision 2528263437. https://www.wikidata.org/wiki/Q6087600. Accessed 2026-09-10.",https://www.wikidata.org/wiki/Q6087600
src-d5ce03d04ca86b90,external,"National Gallery, London, ""Domenichino (1581–1641)."" https://www.nationalgallery.org.uk/artists/domenichino. Accessed 2026-09-09.",,,"National Gallery, London, ""Domenichino (1581–1641)."" https://www.nationalgallery.org.uk/artists/domenichino. Accessed 2026-09-09.",https://www.nationalgallery.org.uk/artists/domenichino
src-d60b4eb16983131a,external,"Wikipedia (en), Paolo Gerolamo Piola, revision 1369968308. https://en.wikipedia.org/wiki/Paolo_Gerolamo_Piola. Accessed 2026-09-10.",,,"Wikipedia (en), Paolo Gerolamo Piola, revision 1369968308. https://en.wikipedia.org/wiki/Paolo_Gerolamo_Piola. Accessed 2026-09-10.",https://en.wikipedia.org/wiki/Paolo_Gerolamo_Piola
src-d60e365dc2524c8d,external,"Wikipedia (en), Giulio Mancini, revision 1359968780. https://en.wikipedia.org/wiki/Giulio_Mancini Accessed 2026-09-11.",,,"Wikipedia (en), Giulio Mancini, revision 1359968780. https://en.wikipedia.org/wiki/Giulio_Mancini Accessed 2026-09-11.",https://en.wikipedia.org/wiki/Giulio_Mancini
src-d6144e65bb00ac7d,external,"Wikidata, Q2327715, https://www.wikidata.org/wiki/Q2327715. Accessed 2026-09-12.",,,"Wikidata, Q2327715, https://www.wikidata.org/wiki/Q2327715. Accessed 2026-09-12.",https://www.wikidata.org/wiki/Q2327715
src-d6429dbbf421f121,external,"Wikidata, Q338523, revision 2513389300. https://www.wikidata.org/wiki/Q338523. Accessed 2026-09-10.",,,"Wikidata, Q338523, revision 2513389300. https://www.wikidata.org/wiki/Q338523. Accessed 2026-09-10.",https://www.wikidata.org/wiki/Q338523
src-d65ee15682f2df92,external,"Silvia Bruno, “Testa, Pietro, detto il Lucchesino,” Dizionario Biografico degli Italiani 95 (2019). https://www.treccani.it/enciclopedia/testa-pietro-detto-il-lucchesino_(Dizionario-Biografico)/. Accessed 2026-09-25.",,,"Silvia Bruno, “Testa, Pietro, detto il Lucchesino,” Dizionario Biografico degli Italiani 95 (2019). https://www.treccani.it/enciclopedia/testa-pietro-detto-il-lucchesino_(Dizionario-Biografico)/. Accessed 2026-09-25.",https://www.treccani.it/enciclopedia/testa-pietro-detto-il-lucchesino_(Dizionario-Biografico)/
src-d663cac265bcb0a2,external,"Wikipedia (en), Oratory of Saint Philip Neri, revision 1366882900. https://en.wikipedia.org/wiki/Oratory_of_Saint_Philip_Neri. Accessed 2026-09-10.",,,"Wikipedia (en), Oratory of Saint Philip Neri, revision 1366882900. https://en.wikipedia.org/wiki/Oratory_of_Saint_Philip_Neri. Accessed 2026-09-10.",https://en.wikipedia.org/wiki/Oratory_of_Saint_Philip_Neri
src-d699737d2b2e379f,external,"Cleveland Museum of Art, Views of Venice: Campo S. Rocco, 1978.136.17. https://www.clevelandart.org/art/1978.136.17. Accessed 2026-09-14.",,,"Cleveland Museum of Art, Views of Venice: Campo S. Rocco, 1978.136.17. https://www.clevelandart.org/art/1978.136.17. Accessed 2026-09-14.",https://www.clevelandart.org/art/1978.136.17
src-d6def4a1ab13cf5f,external,"Wikipedia (en), Caravaggio, https://en.wikipedia.org/wiki/Caravaggio. Accessed 2026-09-12.",,,"Wikipedia (en), Caravaggio, https://en.wikipedia.org/wiki/Caravaggio. Accessed 2026-09-12.",https://en.wikipedia.org/wiki/Caravaggio
src-d6e098fde66666ef,external,"Clark Art Institute Archives, The Papers of Director Michael Conforti. https://archives.clarkart.edu/repositories/2/resources/159. Accessed 2026-09-14.",,,"Clark Art Institute Archives, The Papers of Director Michael Conforti. https://archives.clarkart.edu/repositories/2/resources/159. Accessed 2026-09-14.",https://archives.clarkart.edu/repositories/2/resources/159
src-d6efb167d1e1fcf8,external,"Adriano Viarengo, Franco Venturi, Il Contributo italiano alla storia del Pensiero – Storia e Politica (2013). https://www.treccani.it/enciclopedia/franco-venturi_(altro)/. Accessed 2026-09-14.",,,"Adriano Viarengo, Franco Venturi, Il Contributo italiano alla storia del Pensiero – Storia e Politica (2013). https://www.treccani.it/enciclopedia/franco-venturi_(altro)/. Accessed 2026-09-14.",https://www.treccani.it/enciclopedia/franco-venturi_(altro)/
src-d709f5fc3b8672a2,external,"Istituto della Enciclopedia Italiana, La nostra storia. https://www.treccani.it/istituto/la-nostra-storia.html. Accessed 2026-09-14.",,,"Istituto della Enciclopedia Italiana, La nostra storia. https://www.treccani.it/istituto/la-nostra-storia.html. Accessed 2026-09-14.",https://www.treccani.it/istituto/la-nostra-storia.html
src-d71ae810539ac436,external,"Wikidata, Q193589, revision 2542231345. https://www.wikidata.org/wiki/Q193589. Accessed 2026-09-10.",,,"Wikidata, Q193589, revision 2542231345. https://www.wikidata.org/wiki/Q193589. Accessed 2026-09-10.",https://www.wikidata.org/wiki/Q193589
src-d7346ad6a5f6a629,external,"Wikipedia (it), Teodoro Ameyden, revision 138483277. https://it.wikipedia.org/wiki/Teodoro_Ameyden. Accessed 2026-09-10.",,,"Wikipedia (it), Teodoro Ameyden, revision 138483277. https://it.wikipedia.org/wiki/Teodoro_Ameyden. Accessed 2026-09-10.",https://it.wikipedia.org/wiki/Teodoro_Ameyden
src-d74415d2c1d15526,external,"National Gallery, London, «Fresco», Glossary. https://www.nationalgallery.org.uk/paintings/glossary/fresco. Accessed 2026-09-11.",,,"National Gallery, London, «Fresco», Glossary. https://www.nationalgallery.org.uk/paintings/glossary/fresco. Accessed 2026-09-11.",https://www.nationalgallery.org.uk/paintings/glossary/fresco
src-d7a5fe127b75784c,external,"Wikidata, Q27974949, revision 2511605939. https://www.wikidata.org/wiki/Q27974949. Accessed 2026-09-11.",,,"Wikidata, Q27974949, revision 2511605939. https://www.wikidata.org/wiki/Q27974949. Accessed 2026-09-11.",https://www.wikidata.org/wiki/Q27974949
src-d7cf9dc05224d2b9,external,"Wikidata, Q2935138, revision 2526528022. https://www.wikidata.org/wiki/Q2935138. Read 2026-09-11.",,,"Wikidata, Q2935138, revision 2526528022. https://www.wikidata.org/wiki/Q2935138. Read 2026-09-11.",https://www.wikidata.org/wiki/Q2935138
src-d811b91e6a1d2bfe,external,"Musée Condé, Le Massacre des Innocents, inventory PE 305. https://www.musee-conde.fr/fr/notice/pe-305-le-massacre-des-innocents-74c948d1-02f4-4a1f-b88a-68f6cb7f641a. Accessed 2026-09-25.",,,"Musée Condé, Le Massacre des Innocents, inventory PE 305. https://www.musee-conde.fr/fr/notice/pe-305-le-massacre-des-innocents-74c948d1-02f4-4a1f-b88a-68f6cb7f641a. Accessed 2026-09-25.",https://www.musee-conde.fr/fr/notice/pe-305-le-massacre-des-innocents-74c948d1-02f4-4a1f-b88a-68f6cb7f641a
src-d81345e6b27d22b0,external,"Wikipedia (en), The Cardsharps, revision 1370069411. https://en.wikipedia.org/wiki/The_Cardsharps. Accessed 2026-09-12.",,,"Wikipedia (en), The Cardsharps, revision 1370069411. https://en.wikipedia.org/wiki/The_Cardsharps. Accessed 2026-09-12.",https://en.wikipedia.org/wiki/The_Cardsharps
src-d82f28b4b0487d69,external,"Wikipedia (en), Count palatine, revision 1371113571. https://en.wikipedia.org/wiki/Count_palatine. Accessed 2026-09-11.",,,"Wikipedia (en), Count palatine, revision 1371113571. https://en.wikipedia.org/wiki/Count_palatine. Accessed 2026-09-11.",https://en.wikipedia.org/wiki/Count_palatine
src-d874e8fc7855df9f,external,"Comune di Perugia, «Biblioteca Augusta», updated 2026-08-04. https://www.comune.perugia.it/biblioteca-augusta-perugia/. Accessed 2026-09-11.",,,"Comune di Perugia, «Biblioteca Augusta», updated 2026-08-04. https://www.comune.perugia.it/biblioteca-augusta-perugia/. Accessed 2026-09-11.",https://www.comune.perugia.it/biblioteca-augusta-perugia/
src-d88b0437a325c76d,external,"ICCD, Prospetto di Villa Borghese, catalogo 1201008256. https://catalogo.beniculturali.it/detail/HistoricOrArtisticProperty/1201008256. Accessed 2026-09-14.",,,"ICCD, Prospetto di Villa Borghese, catalogo 1201008256. https://catalogo.beniculturali.it/detail/HistoricOrArtisticProperty/1201008256. Accessed 2026-09-14.",https://catalogo.beniculturali.it/detail/HistoricOrArtisticProperty/1201008256
src-d8b3f6fcc07334e9,external,"Ministero della Cultura, Catalogo generale, 1200757776A-0. https://catalogo.beniculturali.it/detail/HistoricOrArtisticProperty/1200757776A-0. Accessed 2026-09-14.",,,"Ministero della Cultura, Catalogo generale, 1200757776A-0. https://catalogo.beniculturali.it/detail/HistoricOrArtisticProperty/1200757776A-0. Accessed 2026-09-14.",https://catalogo.beniculturali.it/detail/HistoricOrArtisticProperty/1200757776A-0
src-d8e06c343d4b9edf,external,"Stanislao Fraschetti, Il Bernini: la sua vita, la sua opera, il suo tempo (Milano: Ulrico Hoepli, 1900), ch. 12, p. 108, n. 1.",,,"Stanislao Fraschetti, Il Bernini: la sua vita, la sua opera, il suo tempo (Milano: Ulrico Hoepli, 1900), ch. 12, p. 108, n. 1.",https://resources.warburg.sas.ac.uk/pdf/cnd2275b2242323.pdf
src-d935b6ec9da4ebbb,external,"Wikipedia (en), Palazzo Barberini, revision 1372601957. https://en.wikipedia.org/wiki/Palazzo_Barberini Accessed 2026-09-11.",,,"Wikipedia (en), Palazzo Barberini, revision 1372601957. https://en.wikipedia.org/wiki/Palazzo_Barberini Accessed 2026-09-11.",https://en.wikipedia.org/wiki/Palazzo_Barberini
src-d9365ea4a1a37996,external,"Wikidata Q2381511, revision 2511529862. https://www.wikidata.org/wiki/Q2381511. Accessed 2026-09-11.",,,"Wikidata Q2381511, revision 2511529862. https://www.wikidata.org/wiki/Q2381511. Accessed 2026-09-11.",https://www.wikidata.org/wiki/Q2381511
src-d94514f7648325fb,external,"Accademia dell’Arcadia, Statuto. https://www.accademiadellarcadia.it/statuto/. Accessed 2026-09-10.",,,"Accademia dell’Arcadia, Statuto. https://www.accademiadellarcadia.it/statuto/. Accessed 2026-09-10.",https://www.accademiadellarcadia.it/statuto/
src-d954a262d71b72a4,external,"Wikipedia (en), Genoa, revision 1374273230. https://en.wikipedia.org/wiki/Genoa Accessed 2026-09-11.",,,"Wikipedia (en), Genoa, revision 1374273230. https://en.wikipedia.org/wiki/Genoa Accessed 2026-09-11.",https://en.wikipedia.org/wiki/Genoa
src-d977b1da0613c62f,external,"Wikidata, Q12512, revision 2535664586. https://www.wikidata.org/wiki/Q12512. Accessed 2026-09-10.",,,"Wikidata, Q12512, revision 2535664586. https://www.wikidata.org/wiki/Q12512. Accessed 2026-09-10.",https://www.wikidata.org/wiki/Q12512
src-d9fff6c56a40baa4,external,"Wikidata, Q961820, revision 2537485560. https://www.wikidata.org/wiki/Special:EntityData/Q961820.json. Accessed 2026-09-10.",,,"Wikidata, Q961820, revision 2537485560. https://www.wikidata.org/wiki/Special:EntityData/Q961820.json. Accessed 2026-09-10.",https://www.wikidata.org/wiki/Special:EntityData/Q961820.json
src-da4cfd0b933026a8,external,"National Trust Collections, Cardinal Camillo Massimi (1620–1677), NT 1257142. https://www.nationaltrustcollections.org.uk/object/1257142. Accessed 2026-09-14.",,,"National Trust Collections, Cardinal Camillo Massimi (1620–1677), NT 1257142. https://www.nationaltrustcollections.org.uk/object/1257142. Accessed 2026-09-14.",https://www.nationaltrustcollections.org.uk/object/1257142
src-da53a20c2650b90b,external,"Camera dei deputati, Biblioteca e Archivio Storico. https://visita.camera.it/biblioteca-e-archivio-storico . Accessed 2026-09-10.",,,"Camera dei deputati, Biblioteca e Archivio Storico. https://visita.camera.it/biblioteca-e-archivio-storico . Accessed 2026-09-10.",https://visita.camera.it/biblioteca-e-archivio-storico
src-da7c5812749f8ede,external,"Wikipedia (en), Domenichino, revision 1368394538. https://en.wikipedia.org/wiki/Domenichino. Accessed 2026-09-10.",,,"Wikipedia (en), Domenichino, revision 1368394538. https://en.wikipedia.org/wiki/Domenichino. Accessed 2026-09-10.",https://en.wikipedia.org/wiki/Domenichino
src-daa26f32a95c6a55,external,"National Library of Scotland, General letter book of T and A Constable, MS.23268, August–December 1898. https://manuscripts.nls.uk/repositories/2/archival_objects/56601. Accessed 2026-09-14.",,,"National Library of Scotland, General letter book of T and A Constable, MS.23268, August–December 1898. https://manuscripts.nls.uk/repositories/2/archival_objects/56601. Accessed 2026-09-14.",https://manuscripts.nls.uk/repositories/2/archival_objects/56601
src-dad983c1603b423d,external,"Wikipedia (en), Leopoldo de' Medici, revision 1358922464. https://en.wikipedia.org/wiki/Leopoldo_de'_Medici Accessed 2026-09-11.",,,"Wikipedia (en), Leopoldo de' Medici, revision 1358922464. https://en.wikipedia.org/wiki/Leopoldo_de'_Medici Accessed 2026-09-11.",https://en.wikipedia.org/wiki/Leopoldo_de'_Medici
src-daddf6a296114314,external,"Pietro Zander, The Basilica, Fabbrica di San Pietro. https://www.basilicasanpietro.va/en/san-pietro/the-basilica. Accessed 2026-09-10.",,,"Pietro Zander, The Basilica, Fabbrica di San Pietro. https://www.basilicasanpietro.va/en/san-pietro/the-basilica. Accessed 2026-09-10.",https://www.basilicasanpietro.va/en/san-pietro/the-basilica
src-dae9a14b236d404a,external,"Wikipedia (en), Jubilee in the Catholic Church, revision 1374163520. https://en.wikipedia.org/wiki/Jubilee_in_the_Catholic_Church. Accessed 2026-09-11.",,,"Wikipedia (en), Jubilee in the Catholic Church, revision 1374163520. https://en.wikipedia.org/wiki/Jubilee_in_the_Catholic_Church. Accessed 2026-09-11.",https://en.wikipedia.org/wiki/Jubilee_in_the_Catholic_Church
src-daff2458317726e0,external,"Wikipedia (en), Massacre of the Innocents (Reni), revision 1361282196. https://en.wikipedia.org/wiki/Massacre_of_the_Innocents_(Reni). Accessed 2026-09-10.",,,"Wikipedia (en), Massacre of the Innocents (Reni), revision 1361282196. https://en.wikipedia.org/wiki/Massacre_of_the_Innocents_(Reni). Accessed 2026-09-10.",https://en.wikipedia.org/wiki/Massacre_of_the_Innocents_(Reni)
src-db3cf086df2ee166,external,"Wikipedia (en), Francesco Barberini (1597–1679), revision 1361831714. https://en.wikipedia.org/wiki/Francesco_Barberini_(1597%E2%80%931679). Accessed 2026-09-10.",,,"Wikipedia (en), Francesco Barberini (1597–1679), revision 1361831714. https://en.wikipedia.org/wiki/Francesco_Barberini_(1597%E2%80%931679). Accessed 2026-09-10.",https://en.wikipedia.org/wiki/Francesco_Barberini_(1597%E2%80%931679)
src-db924073f7123ab6,external,"Wikidata, Q241133, revision 2510575935. https://www.wikidata.org/wiki/Q241133. Accessed 2026-09-10.",,,"Wikidata, Q241133, revision 2510575935. https://www.wikidata.org/wiki/Q241133. Accessed 2026-09-10.",https://www.wikidata.org/wiki/Q241133
src-db9f71fc952e8e20,external,"Anatole de Montaiglon, Correspondance des directeurs de l’Académie de France à Rome avec les surintendants des bâtiments, III, Paris: Charavay Frères, décembre 1889. https://archive.org/download/correspondancede03acad/correspondancede03acad_bw.pdf. Accessed 2026-09-15.",,,"Anatole de Montaiglon, Correspondance des directeurs de l’Académie de France à Rome avec les surintendants des bâtiments, III, Paris: Charavay Frères, décembre 1889. https://archive.org/download/correspondancede03acad/correspondancede03acad_bw.pdf. Accessed 2026-09-15.",https://archive.org/download/correspondancede03acad/correspondancede03acad_bw.pdf
src-dbbe8d96c2fbd0dd,external,"Wikidata Q333323, revision 2537992869. https://www.wikidata.org/wiki/Q333323. Accessed 2026-09-10; reviewed 2026-09-11.",,,"Wikidata Q333323, revision 2537992869. https://www.wikidata.org/wiki/Q333323. Accessed 2026-09-10; reviewed 2026-09-11.",https://www.wikidata.org/wiki/Q333323
src-dbe6e855f2b14def,external,Collection or site authority record. https://www.museicapitolini.org/it/node/47105. Accessed 2026-09-12.,,,Collection or site authority record. https://www.museicapitolini.org/it/node/47105. Accessed 2026-09-12.,https://www.museicapitolini.org/it/node/47105
src-dbe99f06e2f41e1e,external,"Metropolitan City of Messina, Il Museo Regionale di Messina, https://visitme.comune.messina.it/en/node/433. Accessed 2026-09-25.",,,"Metropolitan City of Messina, Il Museo Regionale di Messina, https://visitme.comune.messina.it/en/node/433. Accessed 2026-09-25.",https://visitme.comune.messina.it/en/node/433
src-dbeadaf6a80d0252,external,"Wikipedia (en), Santa Maria Maggiore, revision 1373074238. https://en.wikipedia.org/wiki/Santa_Maria_Maggiore. Accessed 2026-09-10.",,,"Wikipedia (en), Santa Maria Maggiore, revision 1373074238. https://en.wikipedia.org/wiki/Santa_Maria_Maggiore. Accessed 2026-09-10.",https://en.wikipedia.org/wiki/Santa_Maria_Maggiore
src-dc018d98ff0545c2,external,"Wikidata, Q327202. https://www.wikidata.org/wiki/Q327202. Accessed 2026-09-13.",,,"Wikidata, Q327202. https://www.wikidata.org/wiki/Q327202. Accessed 2026-09-13.",https://www.wikidata.org/wiki/Q327202
src-dc3eab0ac5e1ff5f,external,"National Gallery, London, ""Guercino (1591–1666)."" https://www.nationalgallery.org.uk/artists/guercino. Accessed 2026-09-09.",,,"National Gallery, London, ""Guercino (1591–1666)."" https://www.nationalgallery.org.uk/artists/guercino. Accessed 2026-09-09.",https://www.nationalgallery.org.uk/artists/guercino
src-dcbf3111a7966aa3,external,"Wikidata, Q1160847, revision 2527442273. https://www.wikidata.org/wiki/Q1160847. Accessed 2026-09-11.",,,"Wikidata, Q1160847, revision 2527442273. https://www.wikidata.org/wiki/Q1160847. Accessed 2026-09-11.",https://www.wikidata.org/wiki/Q1160847
src-dcd9ff6bcba1ee54,external,"Paris Musées, The musée Cognacq-Jay. https://parismuseescollections.paris.fr/en/the-musee-cognacq-jay. Accessed 2026-09-15.",,,"Paris Musées, The musée Cognacq-Jay. https://parismuseescollections.paris.fr/en/the-musee-cognacq-jay. Accessed 2026-09-15.",https://parismuseescollections.paris.fr/en/the-musee-cognacq-jay
src-dd0928b9f43b38da,external,"Wikipedia (en), Nicolas Poussin, revision 1370684443. https://en.wikipedia.org/wiki/Nicolas_Poussin Accessed 2026-09-11.",,,"Wikipedia (en), Nicolas Poussin, revision 1370684443. https://en.wikipedia.org/wiki/Nicolas_Poussin Accessed 2026-09-11.",https://en.wikipedia.org/wiki/Nicolas_Poussin
src-dd5214f53828ed3b,external,"Camillo Semenzato, ANGELI, Giuseppe, DBI 3 (1961). https://www.treccani.it/enciclopedia/giuseppe-angeli_(Dizionario-Biografico)/. Accessed 2026-09-15.",,,"Camillo Semenzato, ANGELI, Giuseppe, DBI 3 (1961). https://www.treccani.it/enciclopedia/giuseppe-angeli_(Dizionario-Biografico)/. Accessed 2026-09-15.",https://www.treccani.it/enciclopedia/giuseppe-angeli_(Dizionario-Biografico)/
src-dd965836e8aac508,external,"Serena Padovani and Miles L. Chappell, Marco Chiarini (1933–2015), The Burlington Magazine 158/1356 (March 2016). https://www.burlington.org.uk/archive/obituary/marco-chiarini-19332015. Accessed 2026-09-14.",,,"Serena Padovani and Miles L. Chappell, Marco Chiarini (1933–2015), The Burlington Magazine 158/1356 (March 2016). https://www.burlington.org.uk/archive/obituary/marco-chiarini-19332015. Accessed 2026-09-14.",https://www.burlington.org.uk/archive/obituary/marco-chiarini-19332015
src-ddab686ded82325c,external,"Wikidata, Q1741629. https://www.wikidata.org/wiki/Q1741629. Accessed 2026-09-13.",,,"Wikidata, Q1741629. https://www.wikidata.org/wiki/Q1741629. Accessed 2026-09-13.",https://www.wikidata.org/wiki/Q1741629
src-ddee30071eb84269,external,"Luc Thevenon, “Décor et mobilier des cathédrales de Provence orientale aux XVIIe et XVIIIe siècles”, Provence historique, fasc. 259 (2016), p. 32. https://cinumedpub.mmsh.fr/Provence-historique/Pdf/PH-2016-65-259_3.pdf. Accessed 2026-09-25.",,,"Luc Thevenon, “Décor et mobilier des cathédrales de Provence orientale aux XVIIe et XVIIIe siècles”, Provence historique, fasc. 259 (2016), p. 32. https://cinumedpub.mmsh.fr/Provence-historique/Pdf/PH-2016-65-259_3.pdf. Accessed 2026-09-25.",https://cinumedpub.mmsh.fr/Provence-historique/Pdf/PH-2016-65-259_3.pdf
src-de1510cd463412b9,external,“Ottavio Leoni.” English Wikipedia. https://en.wikipedia.org/wiki/Ottavio_Leoni. Accessed 2026-09-25.,,,“Ottavio Leoni.” English Wikipedia. https://en.wikipedia.org/wiki/Ottavio_Leoni. Accessed 2026-09-25.,https://en.wikipedia.org/wiki/Ottavio_Leoni
src-de36146f8f1f9a4a,external,"Wikidata, Q7787320, revision 2295692335. https://www.wikidata.org/wiki/Q7787320. Accessed 2026-09-10.",,,"Wikidata, Q7787320, revision 2295692335. https://www.wikidata.org/wiki/Q7787320. Accessed 2026-09-10.",https://www.wikidata.org/wiki/Q7787320
src-de3d96c236000135,external,"Wikipedia (en), Flavio Chigi (1631–1693), revision 1362809257. https://en.wikipedia.org/wiki/Flavio_Chigi_(1631%E2%80%931693) Accessed 2026-09-11.",,,"Wikipedia (en), Flavio Chigi (1631–1693), revision 1362809257. https://en.wikipedia.org/wiki/Flavio_Chigi_(1631%E2%80%931693) Accessed 2026-09-11.",https://en.wikipedia.org/wiki/Flavio_Chigi_(1631%E2%80%931693)
src-de5ce574a9c0de44,external,"Wikidata, Q213322, revision 2540082685. https://www.wikidata.org/wiki/Q213322. Accessed 2026-09-10.",,,"Wikidata, Q213322, revision 2540082685. https://www.wikidata.org/wiki/Q213322. Accessed 2026-09-10.",https://www.wikidata.org/wiki/Q213322
src-de90b0f1b8b0e308,external,"Wikipedia (en), Spain, revision 1374250988. https://en.wikipedia.org/wiki/Spain Accessed 2026-09-11.",,,"Wikipedia (en), Spain, revision 1374250988. https://en.wikipedia.org/wiki/Spain Accessed 2026-09-11.",https://en.wikipedia.org/wiki/Spain
src-dea451a495b21894,external,"Wikidata, Q186282, revision 2532140452. https://www.wikidata.org/wiki/Q186282. Accessed 2026-09-10.",,,"Wikidata, Q186282, revision 2532140452. https://www.wikidata.org/wiki/Q186282. Accessed 2026-09-10.",https://www.wikidata.org/wiki/Q186282
src-dee8e4fe9352a3ce,external,"Galleria Borghese, Galleria Digitale: Archivi digitali on-line. https://www.galleriaborghesedigitale.it/. Accessed 2026-09-10.",,,"Galleria Borghese, Galleria Digitale: Archivi digitali on-line. https://www.galleriaborghesedigitale.it/. Accessed 2026-09-10.",https://www.galleriaborghesedigitale.it/
src-df20c0da20dbe72b,external,"Wikidata, Q155961, revision 2535893812. https://www.wikidata.org/wiki/Q155961. Accessed 2026-09-10.",,,"Wikidata, Q155961, revision 2535893812. https://www.wikidata.org/wiki/Q155961. Accessed 2026-09-10.",https://www.wikidata.org/wiki/Q155961
src-df33b365c71d007d,external,"Raffaella Poltronieri, 'RICCI, Sebastiano,' Dizionario Biografico degli Italiani 87 (2016). https://www.treccani.it/enciclopedia/sebastiano-ricci_(Dizionario-Biografico)/ Accessed 2026-09-11.",,,"Raffaella Poltronieri, 'RICCI, Sebastiano,' Dizionario Biografico degli Italiani 87 (2016). https://www.treccani.it/enciclopedia/sebastiano-ricci_(Dizionario-Biografico)/ Accessed 2026-09-11.",https://www.treccani.it/enciclopedia/sebastiano-ricci_(Dizionario-Biografico)/
src-df3ba7e8af4d8c30,external,"Victoria and Albert Museum, King Charles I, accession A.3-1999, system number O11798. https://collections.vam.ac.uk/item/O11798/ . Accessed 2026-09-25.",,,"Victoria and Albert Museum, King Charles I, accession A.3-1999, system number O11798. https://collections.vam.ac.uk/item/O11798/ . Accessed 2026-09-25.",https://collections.vam.ac.uk/item/O11798/
src-df6da2d09c9c471a,external,"Wikipedia (en), Paolo Guidotti, revision 1365392705. https://en.wikipedia.org/wiki/Paolo_Guidotti. Accessed 2026-09-10.",,,"Wikipedia (en), Paolo Guidotti, revision 1365392705. https://en.wikipedia.org/wiki/Paolo_Guidotti. Accessed 2026-09-10.",https://en.wikipedia.org/wiki/Paolo_Guidotti
src-dfb1269e53a2a822,external,"Wikidata, Q620456, revision 2536949435. https://www.wikidata.org/wiki/Q620456. Accessed 2026-09-10.",,,"Wikidata, Q620456, revision 2536949435. https://www.wikidata.org/wiki/Q620456. Accessed 2026-09-10.",https://www.wikidata.org/wiki/Q620456
src-dff9db10783626de,external,"Wikipedia (en), Mattia Preti, revision 1365392526. https://en.wikipedia.org/wiki/Mattia_Preti. Accessed 2026-09-10.",,,"Wikipedia (en), Mattia Preti, revision 1365392526. https://en.wikipedia.org/wiki/Mattia_Preti. Accessed 2026-09-10.",https://en.wikipedia.org/wiki/Mattia_Preti
src-e0243c0d6eb99c5d,external,"Wikipedia (en), Nicolas Poussin, revision 1370684443. https://en.wikipedia.org/wiki/Nicolas_Poussin. Accessed 2026-09-10.",,,"Wikipedia (en), Nicolas Poussin, revision 1370684443. https://en.wikipedia.org/wiki/Nicolas_Poussin. Accessed 2026-09-10.",https://en.wikipedia.org/wiki/Nicolas_Poussin
src-e0355c57f5b34dec,external,"Macerata Musei, Galleria dell’Eneide. https://musei.macerata.it/opera/galleria-delleneide/. Accessed 2026-09-14.",,,"Macerata Musei, Galleria dell’Eneide. https://musei.macerata.it/opera/galleria-delleneide/. Accessed 2026-09-14.",https://musei.macerata.it/opera/galleria-delleneide/
src-e041587f079ecfa5,external,"Museo Nacional Thyssen-Bornemisza, Correggio (Antonio Allegri). https://www.museothyssen.org/en/collection/artists/correggio-antonio-allegri. Accessed 2026-09-10.",,,"Museo Nacional Thyssen-Bornemisza, Correggio (Antonio Allegri). https://www.museothyssen.org/en/collection/artists/correggio-antonio-allegri. Accessed 2026-09-10.",https://www.museothyssen.org/en/collection/artists/correggio-antonio-allegri
src-e043ae8f02560ffa,external,"Wikidata, Q2470123, https://www.wikidata.org/wiki/Q2470123. Accessed 2026-09-12.",,,"Wikidata, Q2470123, https://www.wikidata.org/wiki/Q2470123. Accessed 2026-09-12.",https://www.wikidata.org/wiki/Q2470123
src-e0717c8e3830945f,external,"Wikidata, Q334262, revision 2541044395. https://www.wikidata.org/wiki/Q334262. Accessed 2026-09-10.",,,"Wikidata, Q334262, revision 2541044395. https://www.wikidata.org/wiki/Q334262. Accessed 2026-09-10.",https://www.wikidata.org/wiki/Q334262
src-e0792e1250bad946,external,Collection or site authority record. https://www.rct.uk/collection/402824/the-calling-of-saints-peter-and-andrew. Accessed 2026-09-12.,,,Collection or site authority record. https://www.rct.uk/collection/402824/the-calling-of-saints-peter-and-andrew. Accessed 2026-09-12.,https://www.rct.uk/collection/402824/the-calling-of-saints-peter-and-andrew
src-e084f2135fff8e3d,external,"Wikipedia (en), Francesco Trevisani, revision 1365386923. https://en.wikipedia.org/wiki/Francesco_Trevisani. Accessed 2026-09-11.",,,"Wikipedia (en), Francesco Trevisani, revision 1365386923. https://en.wikipedia.org/wiki/Francesco_Trevisani. Accessed 2026-09-11.",https://en.wikipedia.org/wiki/Francesco_Trevisani
src-e094259b30a0cb08,external,"Wikidata Q3615565, revision 2512803733. https://www.wikidata.org/wiki/Q3615565. Accessed 2026-09-11.",,,"Wikidata Q3615565, revision 2512803733. https://www.wikidata.org/wiki/Q3615565. Accessed 2026-09-11.",https://www.wikidata.org/wiki/Q3615565
src-e0c6560388d53a8f,external,"Wikidata, Q18122922. https://www.wikidata.org/wiki/Q18122922. Accessed 2026-09-13.",,,"Wikidata, Q18122922. https://www.wikidata.org/wiki/Q18122922. Accessed 2026-09-13.",https://www.wikidata.org/wiki/Q18122922
src-e0e467952f6270ff,external,"Wikipedia (en), Apostolic Camera, revision 1364122235. https://en.wikipedia.org/wiki/Apostolic_Camera. Accessed 2026-09-11.",,,"Wikipedia (en), Apostolic Camera, revision 1364122235. https://en.wikipedia.org/wiki/Apostolic_Camera. Accessed 2026-09-11.",https://en.wikipedia.org/wiki/Apostolic_Camera
src-e0ee2e2366983a8a,external,"Wikipedia (en), Conversion on the Way to Damascus, revision 1361248414. https://en.wikipedia.org/wiki/Conversion_on_the_Way_to_Damascus. Accessed 2026-09-12.",,,"Wikipedia (en), Conversion on the Way to Damascus, revision 1361248414. https://en.wikipedia.org/wiki/Conversion_on_the_Way_to_Damascus. Accessed 2026-09-12.",https://en.wikipedia.org/wiki/Conversion_on_the_Way_to_Damascus
src-e0f1a77d50df6e01,external,"Regione Lazio, Ville tuscolane, residenze d’arte e natura, Villa Aldobrandini. https://www.regione.lazio.it/sites/default/files/2021-04/descrizione-ville-tuscolane.pdf. Accessed 2026-09-25.",,,"Regione Lazio, Ville tuscolane, residenze d’arte e natura, Villa Aldobrandini. https://www.regione.lazio.it/sites/default/files/2021-04/descrizione-ville-tuscolane.pdf. Accessed 2026-09-25.",https://www.regione.lazio.it/sites/default/files/2021-04/descrizione-ville-tuscolane.pdf
src-e131df227c45f9f2,external,"Wikidata, Q3635744, revision 2159739749. https://www.wikidata.org/wiki/Q3635744 Accessed 2026-09-25.",,,"Wikidata, Q3635744, revision 2159739749. https://www.wikidata.org/wiki/Q3635744 Accessed 2026-09-25.",https://www.wikidata.org/wiki/Q3635744
src-e13be4dd20ce0eea,external,"Wikipedia (en), Titular church, revision 1359726975. https://en.wikipedia.org/wiki/Titular_church. Accessed 2026-09-10.",,,"Wikipedia (en), Titular church, revision 1359726975. https://en.wikipedia.org/wiki/Titular_church. Accessed 2026-09-10.",https://en.wikipedia.org/wiki/Titular_church
src-e1a5c653bdb85b37,external,"Wikipedia (en), Giuseppe Ghezzi, revision 1365386663. https://en.wikipedia.org/wiki/Giuseppe_Ghezzi. Accessed 2026-09-11.",,,"Wikipedia (en), Giuseppe Ghezzi, revision 1365386663. https://en.wikipedia.org/wiki/Giuseppe_Ghezzi. Accessed 2026-09-11.",https://en.wikipedia.org/wiki/Giuseppe_Ghezzi
src-e1a62bf5f49c1fbe,external,"Wikipedia (en), Cerasi Chapel. https://en.wikipedia.org/wiki/Cerasi_Chapel. Accessed 2026-09-13.",,,"Wikipedia (en), Cerasi Chapel. https://en.wikipedia.org/wiki/Cerasi_Chapel. Accessed 2026-09-13.",https://en.wikipedia.org/wiki/Cerasi_Chapel
src-e1bdbe25b2f56a3e,external,Collection or site authority record. https://www.collezionegalleriaborghese.it/en/opere/david-with-the-head-of-goliath. Accessed 2026-09-12.,,,Collection or site authority record. https://www.collezionegalleriaborghese.it/en/opere/david-with-the-head-of-goliath. Accessed 2026-09-12.,https://www.collezionegalleriaborghese.it/en/opere/david-with-the-head-of-goliath
src-e1da9e9e9c46d164,external,"Wikidata, Q963875, revision 2527223910. https://www.wikidata.org/wiki/Q963875. Accessed 2026-09-10.",,,"Wikidata, Q963875, revision 2527223910. https://www.wikidata.org/wiki/Q963875. Accessed 2026-09-10.",https://www.wikidata.org/wiki/Q963875
src-e1fd5e139fa405b9,external,"Wikidata Q774940, revision 2503569328. https://www.wikidata.org/wiki/Q774940. Accessed 2026-09-11.",,,"Wikidata Q774940, revision 2503569328. https://www.wikidata.org/wiki/Q774940. Accessed 2026-09-11.",https://www.wikidata.org/wiki/Q774940
src-e22688a5aa1e5b6a,external,"Giulia Daniele, TREVISANI, Francesco, DBI 96 (2019). https://www.treccani.it/enciclopedia/francesco-trevisani_(Dizionario-Biografico)/. Accessed 2026-09-11.",,,"Giulia Daniele, TREVISANI, Francesco, DBI 96 (2019). https://www.treccani.it/enciclopedia/francesco-trevisani_(Dizionario-Biografico)/. Accessed 2026-09-11.",https://www.treccani.it/enciclopedia/francesco-trevisani_(Dizionario-Biografico)/
src-e2451f249b271f7b,external,"Parma Welcome, Storia della città. https://parmawelcome.it/scheda/storia-della-citta/. Accessed 2026-09-11.",,,"Parma Welcome, Storia della città. https://parmawelcome.it/scheda/storia-della-citta/. Accessed 2026-09-11.",https://parmawelcome.it/scheda/storia-della-citta/
src-e287f7ad3fa5c338,external,"Wikidata, Q2266081. https://www.wikidata.org/wiki/Q2266081. Accessed 2026-09-13.",,,"Wikidata, Q2266081. https://www.wikidata.org/wiki/Q2266081. Accessed 2026-09-13.",https://www.wikidata.org/wiki/Q2266081
src-e2c5d2908d355869,external,"Wikipedia (en), Santa Maria della Scala. https://en.wikipedia.org/wiki/Santa_Maria_della_Scala. Accessed 2026-09-13.",,,"Wikipedia (en), Santa Maria della Scala. https://en.wikipedia.org/wiki/Santa_Maria_della_Scala. Accessed 2026-09-13.",https://en.wikipedia.org/wiki/Santa_Maria_della_Scala
src-e2d26ec2e4330ff1,external,"British Museum, Guido Reni, BIOG43407. https://www.britishmuseum.org/collection/term/BIOG43407. Accessed 2026-09-11.",,,"British Museum, Guido Reni, BIOG43407. https://www.britishmuseum.org/collection/term/BIOG43407. Accessed 2026-09-11.",https://www.britishmuseum.org/collection/term/BIOG43407
src-e2ee704d4a0cf616,external,"Wikipedia, Gregorio Lazzarini, revision 1365386914. https://en.wikipedia.org/w/index.php?title=Gregorio_Lazzarini&oldid=1365386914. Accessed 2026-09-14.",,,"Wikipedia, Gregorio Lazzarini, revision 1365386914. https://en.wikipedia.org/w/index.php?title=Gregorio_Lazzarini&oldid=1365386914. Accessed 2026-09-14.",https://en.wikipedia.org/w/index.php?title=Gregorio_Lazzarini&oldid=1365386914
src-e2f71549ab3b4280,external,"Treccani, Nepotismo, Vocabolario on line. https://www.treccani.it/vocabolario/nepotismo/. Accessed 2026-09-10.",,,"Treccani, Nepotismo, Vocabolario on line. https://www.treccani.it/vocabolario/nepotismo/. Accessed 2026-09-10.",https://www.treccani.it/vocabolario/nepotismo/
src-e302002c7625775f,external,"Basilica Santa Maria sopra Minerva, Storia della Basilica. https://www.santamariasopraminerva.it/it/storia-della-basilica-di-santa-maria-sopra-minerva.html. Accessed 2026-09-10.",,,"Basilica Santa Maria sopra Minerva, Storia della Basilica. https://www.santamariasopraminerva.it/it/storia-della-basilica-di-santa-maria-sopra-minerva.html. Accessed 2026-09-10.",https://www.santamariasopraminerva.it/it/storia-della-basilica-di-santa-maria-sopra-minerva.html
src-e338debfefbd0ec3,external,"Wikidata, Q719794, revision 2529570842. https://www.wikidata.org/wiki/Q719794. Accessed 2026-09-11.",,,"Wikidata, Q719794, revision 2529570842. https://www.wikidata.org/wiki/Q719794. Accessed 2026-09-11.",https://www.wikidata.org/wiki/Q719794
src-e33c7512d6f4b056,external,"Doria Pamphilj, Biografie Roma. https://www.doriapamphilj.it/storia-della-famiglia/biografie-roma/. Accessed 2026-09-11.",,,"Doria Pamphilj, Biografie Roma. https://www.doriapamphilj.it/storia-della-famiglia/biografie-roma/. Accessed 2026-09-11.",https://www.doriapamphilj.it/storia-della-famiglia/biografie-roma/
src-e38259b181d338ad,external,"Wikipedia (it), Oratorio di San Giovanni Battista dei Fiorentini, revision 147953272. https://it.wikipedia.org/wiki/Oratorio_di_San_Giovanni_Battista_dei_Fiorentini. Accessed 2026-09-11.",,,"Wikipedia (it), Oratorio di San Giovanni Battista dei Fiorentini, revision 147953272. https://it.wikipedia.org/wiki/Oratorio_di_San_Giovanni_Battista_dei_Fiorentini. Accessed 2026-09-11.",https://it.wikipedia.org/wiki/Oratorio_di_San_Giovanni_Battista_dei_Fiorentini
src-e39063d7597d294a,external,"Wikidata, Q3027976, revision 2539848587. https://www.wikidata.org/wiki/Q3027976. Accessed 2026-09-10.",,,"Wikidata, Q3027976, revision 2539848587. https://www.wikidata.org/wiki/Q3027976. Accessed 2026-09-10.",https://www.wikidata.org/wiki/Q3027976
src-e3914c7d7c5915d8,external,"Pieter A. van Brakel, ‘Interview via e-mail by the Scientific Editor with Elizabeth Orna upon the publication of her latest book, Information strategy in practice,’ South African Journal of Information Management 6(2), 2004, a300. https://doi.org/10.4102/sajim.v6i2.300. Accessed 2026-09-25.",,,"Pieter A. van Brakel, ‘Interview via e-mail by the Scientific Editor with Elizabeth Orna upon the publication of her latest book, Information strategy in practice,’ South African Journal of Information Management 6(2), 2004, a300. https://doi.org/10.4102/sajim.v6i2.300. Accessed 2026-09-25.",https://doi.org/10.4102/sajim.v6i2.300
src-e3a5811b1ab79ee5,external,"Wikidata, Q938697. https://www.wikidata.org/wiki/Q938697. Accessed 2026-09-13.",,,"Wikidata, Q938697. https://www.wikidata.org/wiki/Q938697. Accessed 2026-09-13.",https://www.wikidata.org/wiki/Q938697
src-e42148877fdc7cbd,external,"Wikidata, Q219660, revision 2538804210. https://www.wikidata.org/wiki/Q219660. Accessed 2026-09-10.",,,"Wikidata, Q219660, revision 2538804210. https://www.wikidata.org/wiki/Q219660. Accessed 2026-09-10.",https://www.wikidata.org/wiki/Q219660
src-e4744ba947dbf7ac,external,"Wikipedia (en), David (Bernini), revision 1361249528. https://en.wikipedia.org/wiki/David_(Bernini) Accessed 2026-09-11.",,,"Wikipedia (en), David (Bernini), revision 1361249528. https://en.wikipedia.org/wiki/David_(Bernini) Accessed 2026-09-11.",https://en.wikipedia.org/wiki/David_(Bernini)
src-e48c345e1232bbdb,external,"Wikidata, Q15124814, revision 2513543955. https://www.wikidata.org/wiki/Q15124814. Accessed 2026-09-10.",,,"Wikidata, Q15124814, revision 2513543955. https://www.wikidata.org/wiki/Q15124814. Accessed 2026-09-10.",https://www.wikidata.org/wiki/Q15124814
src-e4c168009d4d4224,external,"Wikipedia (en), “Charles I of England.” https://en.wikipedia.org/wiki/Charles_I_of_England. Accessed 2026-09-25.",,,"Wikipedia (en), “Charles I of England.” https://en.wikipedia.org/wiki/Charles_I_of_England. Accessed 2026-09-25.",https://en.wikipedia.org/wiki/Charles_I_of_England
src-e4c8ad8511427d02,external,"Giuliano Briganti, BERRETTINI, Pietro, DBI 9 (1967). https://www.treccani.it/enciclopedia/pietro-berrettini_(Dizionario-Biografico)/. Accessed 2026-09-11.",,,"Giuliano Briganti, BERRETTINI, Pietro, DBI 9 (1967). https://www.treccani.it/enciclopedia/pietro-berrettini_(Dizionario-Biografico)/. Accessed 2026-09-11.",https://www.treccani.it/enciclopedia/pietro-berrettini_(Dizionario-Biografico)/
src-e504351476161eeb,external,"Wikipedia (en), Lione Pascoli, revision 1283030023. https://en.wikipedia.org/wiki/Lione_Pascoli. Accessed 2026-09-10.",,,"Wikipedia (en), Lione Pascoli, revision 1283030023. https://en.wikipedia.org/wiki/Lione_Pascoli. Accessed 2026-09-10.",https://en.wikipedia.org/wiki/Lione_Pascoli
src-e50cc7e10fcf495b,external,"Wikidata, Q3785211. https://www.wikidata.org/wiki/Q3785211. Accessed 2026-09-13.",,,"Wikidata, Q3785211. https://www.wikidata.org/wiki/Q3785211. Accessed 2026-09-13.",https://www.wikidata.org/wiki/Q3785211
src-e53ea36f763b8741,external,"Wikipedia (en), Titian, revision 1370485353. https://en.wikipedia.org/wiki/Titian. Accessed 2026-09-10.",,,"Wikipedia (en), Titian, revision 1370485353. https://en.wikipedia.org/wiki/Titian. Accessed 2026-09-10.",https://en.wikipedia.org/wiki/Titian
src-e5471e70f8107dc9,external,"Wikidata, Q2338417, https://www.wikidata.org/wiki/Q2338417. Accessed 2026-09-12.",,,"Wikidata, Q2338417, https://www.wikidata.org/wiki/Q2338417. Accessed 2026-09-12.",https://www.wikidata.org/wiki/Q2338417
src-e568864ad3039264,external,"Getty ULAN 500057345, Arundel, Thomas Howard, Earl of. https://www.getty.edu/vow/ULANFullDisplay?find=500294218&nation=&page=1&role=&subjectid=500057345. Read 2026-09-11.",,,"Getty ULAN 500057345, Arundel, Thomas Howard, Earl of. https://www.getty.edu/vow/ULANFullDisplay?find=500294218&nation=&page=1&role=&subjectid=500057345. Read 2026-09-11.",https://www.getty.edu/vow/ULANFullDisplay?find=500294218&nation=&page=1&role=&subjectid=500057345
src-e5785dd30246dfb2,external,"Wikidata, Q2318957, https://www.wikidata.org/wiki/Q2318957. Accessed 2026-09-12.",,,"Wikidata, Q2318957, https://www.wikidata.org/wiki/Q2318957. Accessed 2026-09-12.",https://www.wikidata.org/wiki/Q2318957
src-e581a454f1f93e81,external,"Wikipedia (en), Prince Maurice of Savoy, revision 1358821762. https://en.wikipedia.org/wiki/Prince_Maurice_of_Savoy. Accessed 2026-09-10.",,,"Wikipedia (en), Prince Maurice of Savoy, revision 1358821762. https://en.wikipedia.org/wiki/Prince_Maurice_of_Savoy. Accessed 2026-09-10.",https://en.wikipedia.org/wiki/Prince_Maurice_of_Savoy
src-e58e83c88e325cb7,external,"Erich Schleier, “Lanfranco, Giovanni,” Dizionario Biografico degli Italiani, vol. 63 (2004), Treccani. https://www.treccani.it/enciclopedia/giovanni-lanfranco_(Dizionario-Biografico)/. Accessed 2026-09-11.",,,"Erich Schleier, “Lanfranco, Giovanni,” Dizionario Biografico degli Italiani, vol. 63 (2004), Treccani. https://www.treccani.it/enciclopedia/giovanni-lanfranco_(Dizionario-Biografico)/. Accessed 2026-09-11.",https://www.treccani.it/enciclopedia/giovanni-lanfranco_(Dizionario-Biografico)/
src-e59864c7f12cfd4c,external,"University of Turin, Short history. https://en.unito.it/university/about-us/short-history. Accessed 2026-09-15.",,,"University of Turin, Short history. https://en.unito.it/university/about-us/short-history. Accessed 2026-09-15.",https://en.unito.it/university/about-us/short-history
src-e59cc3ae93a67d3f,external,"Ministero della Cultura, Biblioteca Casanatense, record updated 2024-01-22. https://cultura.gov.it/luogo/biblioteca-casanatense. Accessed 2026-09-10.",,,"Ministero della Cultura, Biblioteca Casanatense, record updated 2024-01-22. https://cultura.gov.it/luogo/biblioteca-casanatense. Accessed 2026-09-10.",https://cultura.gov.it/luogo/biblioteca-casanatense
src-e5af60ff7b687f8b,external,"Wikipedia (en), Sebastiano Ricci, revision 1365387009. https://en.wikipedia.org/wiki/Sebastiano_Ricci. Accessed 2026-09-10.",,,"Wikipedia (en), Sebastiano Ricci, revision 1365387009. https://en.wikipedia.org/wiki/Sebastiano_Ricci. Accessed 2026-09-10.",https://en.wikipedia.org/wiki/Sebastiano_Ricci
src-e5ec904b91571773,external,"Getty ULAN, Lodovico Gimignani, ID 500006765. https://www.getty.edu/vow/ULANFullDisplay?find=&nation=&page=&role=&subjectid=500006765. Accessed 2026-09-11.",,,"Getty ULAN, Lodovico Gimignani, ID 500006765. https://www.getty.edu/vow/ULANFullDisplay?find=&nation=&page=&role=&subjectid=500006765. Accessed 2026-09-11.",https://www.getty.edu/vow/ULANFullDisplay?find=&nation=&page=&role=&subjectid=500006765
src-e5f32ad6521cdcf3,external,"Fulvio Testi, Lettere, ed. Maria Luisa Doglio, vol. II (Bari: Gius. Laterza & Figli, 1967), pp. 28–29, letter no. 549; transcription in Banca Dati 'Giulio Rospigliosi,' https://www.nuovorinascimento.org/rosp-2000/documenti/testi-34-01-18.htm. Accessed 2026-09-25.",,,"Fulvio Testi, Lettere, ed. Maria Luisa Doglio, vol. II (Bari: Gius. Laterza & Figli, 1967), pp. 28–29, letter no. 549; transcription in Banca Dati 'Giulio Rospigliosi,' https://www.nuovorinascimento.org/rosp-2000/documenti/testi-34-01-18.htm. Accessed 2026-09-25.",https://www.nuovorinascimento.org/rosp-2000/documenti/testi-34-01-18.htm
src-e66ccb2091f6541b,external,"Wikidata, Q823685, revision 2521618645. https://www.wikidata.org/wiki/Q823685. Accessed 2026-09-10.",,,"Wikidata, Q823685, revision 2521618645. https://www.wikidata.org/wiki/Q823685. Accessed 2026-09-10.",https://www.wikidata.org/wiki/Q823685
src-e6f26218a16d8a2b,external,"Wikidata, Q2381511, revision 2511529862. https://www.wikidata.org/wiki/Q2381511. Accessed 2026-09-10.",,,"Wikidata, Q2381511, revision 2511529862. https://www.wikidata.org/wiki/Q2381511. Accessed 2026-09-10.",https://www.wikidata.org/wiki/Q2381511
src-e6ff280a587b5a1d,external,"Wikipedia (en), Caravaggio, revision 1372526492. https://en.wikipedia.org/wiki/Caravaggio. Accessed 2026-09-11.",,,"Wikipedia (en), Caravaggio, revision 1372526492. https://en.wikipedia.org/wiki/Caravaggio. Accessed 2026-09-11.",https://en.wikipedia.org/wiki/Caravaggio
src-e7009ddecd7202b3,external,"Wikidata, Q359421, revision 2540080398. https://www.wikidata.org/wiki/Q359421. Accessed 2026-09-11.",,,"Wikidata, Q359421, revision 2540080398. https://www.wikidata.org/wiki/Q359421. Accessed 2026-09-11.",https://www.wikidata.org/wiki/Q359421
src-e707de7722c6b067,external,"Wikipedia (en), Oratory of San Lorenzo. https://en.wikipedia.org/wiki/Oratory_of_San_Lorenzo. Accessed 2026-09-13.",,,"Wikipedia (en), Oratory of San Lorenzo. https://en.wikipedia.org/wiki/Oratory_of_San_Lorenzo. Accessed 2026-09-13.",https://en.wikipedia.org/wiki/Oratory_of_San_Lorenzo
src-e72c68a6cddc6992,external,"Wikipedia (en), The Musicians (Caravaggio), revision 1370098933. https://en.wikipedia.org/wiki/The_Musicians_(Caravaggio). Accessed 2026-09-12.",,,"Wikipedia (en), The Musicians (Caravaggio), revision 1370098933. https://en.wikipedia.org/wiki/The_Musicians_(Caravaggio). Accessed 2026-09-12.",https://en.wikipedia.org/wiki/The_Musicians_(Caravaggio)
src-e7fc272ccd8ae0f1,external,"Wikipedia (en), The Entombment of Christ (Caravaggio), revision 1361425786. https://en.wikipedia.org/wiki/The_Entombment_of_Christ_(Caravaggio). Accessed 2026-09-12.",,,"Wikipedia (en), The Entombment of Christ (Caravaggio), revision 1361425786. https://en.wikipedia.org/wiki/The_Entombment_of_Christ_(Caravaggio). Accessed 2026-09-12.",https://en.wikipedia.org/wiki/The_Entombment_of_Christ_(Caravaggio)
src-e80004749cecc9c7,external,"Society of Jesus, Our history. https://www.jesuits.global/about-us/our-history/. Accessed 2026-09-10.",,,"Society of Jesus, Our history. https://www.jesuits.global/about-us/our-history/. Accessed 2026-09-10.",https://www.jesuits.global/about-us/our-history/
src-e842514522c8a04e,external,"National Portrait Gallery, Jacopo Amigoni, mp06613. https://www.npg.org.uk/collections/search/person/mp06613/jacopo-amigoni. Accessed 2026-09-14.",,,"National Portrait Gallery, Jacopo Amigoni, mp06613. https://www.npg.org.uk/collections/search/person/mp06613/jacopo-amigoni. Accessed 2026-09-14.",https://www.npg.org.uk/collections/search/person/mp06613/jacopo-amigoni
src-e84994dabc702d62,external,"Giovanni Incisa della Rocchetta, Notizie inedite su Andrea Sacchi, L’Arte 27 (1924), pp. 60–76, DOI 10.11588/diglit.17344.17. https://digi.ub.uni-heidelberg.de/diglit/arte1924/0091. Accessed 2026-09-11.",,,"Giovanni Incisa della Rocchetta, Notizie inedite su Andrea Sacchi, L’Arte 27 (1924), pp. 60–76, DOI 10.11588/diglit.17344.17. https://digi.ub.uni-heidelberg.de/diglit/arte1924/0091. Accessed 2026-09-11.",https://digi.ub.uni-heidelberg.de/diglit/arte1924/0091
src-e89f80d7e39f4464,external,"Wikipedia (en), Bohemianism, revision 1370991471. https://en.wikipedia.org/wiki/Bohemianism Accessed 2026-09-11.",,,"Wikipedia (en), Bohemianism, revision 1370991471. https://en.wikipedia.org/wiki/Bohemianism Accessed 2026-09-11.",https://en.wikipedia.org/wiki/Bohemianism
src-e8aa9cbd36cf02cd,external,"Doria Pamphilj, Bibliografia (bibliografia-villa.pdf). https://www.dopart.it/roma/it/wp-content/uploads/2011/09/bibliografia-villa.pdf. Accessed 2026-09-11.",,,"Doria Pamphilj, Bibliografia (bibliografia-villa.pdf). https://www.dopart.it/roma/it/wp-content/uploads/2011/09/bibliografia-villa.pdf. Accessed 2026-09-11.",https://www.dopart.it/roma/it/wp-content/uploads/2011/09/bibliografia-villa.pdf
src-e8b59f9a7e0375d7,external,"Wikidata, Q468632, revision 2542643381. https://www.wikidata.org/wiki/Q468632. Accessed 2026-09-11.",,,"Wikidata, Q468632, revision 2542643381. https://www.wikidata.org/wiki/Q468632. Accessed 2026-09-11.",https://www.wikidata.org/wiki/Q468632
src-e8df4eb738b42ea7,external,"Wikidata, Q32500, revision 2539745372. https://www.wikidata.org/wiki/Q32500. Accessed 2026-09-11.",,,"Wikidata, Q32500, revision 2539745372. https://www.wikidata.org/wiki/Q32500. Accessed 2026-09-11.",https://www.wikidata.org/wiki/Q32500
src-e9388e7d91b8f236,external,"National Gallery, https://www.nationalgallery.org.uk/paintings/gentile-bellini-the-virgin-and-child-enthroned. Accessed 2026-09-11.",,,"National Gallery, https://www.nationalgallery.org.uk/paintings/gentile-bellini-the-virgin-and-child-enthroned. Accessed 2026-09-11.",https://www.nationalgallery.org.uk/paintings/gentile-bellini-the-virgin-and-child-enthroned
src-e9556798494377f2,external,"Wikidata, ""The Plague at Ashdod,"" Q3900760, revision 2429904517. https://www.wikidata.org/wiki/Q3900760. Accessed 2026-09-09.",,,"Wikidata, ""The Plague at Ashdod,"" Q3900760, revision 2429904517. https://www.wikidata.org/wiki/Q3900760. Accessed 2026-09-09.",https://www.wikidata.org/wiki/Q3900760
src-e976b513973e282c,external,"Wikidata, Q1227379, revision 2518576551. https://www.wikidata.org/wiki/Q1227379. Accessed 2026-09-10.",,,"Wikidata, Q1227379, revision 2518576551. https://www.wikidata.org/wiki/Q1227379. Accessed 2026-09-10.",https://www.wikidata.org/wiki/Q1227379
src-e9c9611293971816,external,"Wikidata, Q194005, revision 2528794296. https://www.wikidata.org/wiki/Q194005. Accessed 2026-09-11.",,,"Wikidata, Q194005, revision 2528794296. https://www.wikidata.org/wiki/Q194005. Accessed 2026-09-11.",https://www.wikidata.org/wiki/Q194005
src-eaf5c4a57e9ed27b,external,"Pamela Tavernari, La famiglia Fontana-della Fontana: da Ferrara a Modena, mille anni di storia emiliana (Elis Colombini editore, 2017), section 2.3, p. 66.",,,"Pamela Tavernari, La famiglia Fontana-della Fontana: da Ferrara a Modena, mille anni di storia emiliana (Elis Colombini editore, 2017), section 2.3, p. 66.",https://iris.unimore.it/retrieve/e31e124d-08e1-987f-e053-3705fe0a095a/FONTANA%20famiglia%20.pdf
src-eb21764ef0271370,external,"Wikipedia (en), History painting, revision 1368550732. https://en.wikipedia.org/wiki/History_painting. Accessed 2026-09-10.",,,"Wikipedia (en), History painting, revision 1368550732. https://en.wikipedia.org/wiki/History_painting. Accessed 2026-09-10.",https://en.wikipedia.org/wiki/History_painting
src-eb25f5ab0127163b,external,"Wikipedia (en), Medusa (Caravaggio), revision 1361282398. https://en.wikipedia.org/wiki/Medusa_(Caravaggio). Accessed 2026-09-12.",,,"Wikipedia (en), Medusa (Caravaggio), revision 1361282398. https://en.wikipedia.org/wiki/Medusa_(Caravaggio). Accessed 2026-09-12.",https://en.wikipedia.org/wiki/Medusa_(Caravaggio)
src-eb3203913128408c,external,"Wikidata, “Louis XIV of France” (Q7742). https://www.wikidata.org/wiki/Q7742. Accessed 2026-09-25.",,,"Wikidata, “Louis XIV of France” (Q7742). https://www.wikidata.org/wiki/Q7742. Accessed 2026-09-25.",https://www.wikidata.org/wiki/Q7742
src-eb60d41107a3295a,external,"Wikipedia (en), Sanssouci Picture Gallery. https://en.wikipedia.org/wiki/Sanssouci_Picture_Gallery. Accessed 2026-09-13.",,,"Wikipedia (en), Sanssouci Picture Gallery. https://en.wikipedia.org/wiki/Sanssouci_Picture_Gallery. Accessed 2026-09-13.",https://en.wikipedia.org/wiki/Sanssouci_Picture_Gallery
src-eb7f1ae83075e289,external,"Wikipedia (en), Onorio Longhi. https://en.wikipedia.org/wiki/Onorio_Longhi. Accessed 2026-09-13.",,,"Wikipedia (en), Onorio Longhi. https://en.wikipedia.org/wiki/Onorio_Longhi. Accessed 2026-09-13.",https://en.wikipedia.org/wiki/Onorio_Longhi
src-ebbcd170909d3abc,external,"Wikidata Q963875, revision 2527223910. https://www.wikidata.org/wiki/Q963875. Accessed 2026-09-10; reviewed 2026-09-11.",,,"Wikidata Q963875, revision 2527223910. https://www.wikidata.org/wiki/Q963875. Accessed 2026-09-10; reviewed 2026-09-11.",https://www.wikidata.org/wiki/Q963875
src-ec11802f67a684f2,external,"Princeton University, Department of Art and Archaeology, Princeton University Art Museum. https://artandarchaeology.princeton.edu/whats/resources/department/art-museum. Accessed 2026-09-15.",,,"Princeton University, Department of Art and Archaeology, Princeton University Art Museum. https://artandarchaeology.princeton.edu/whats/resources/department/art-museum. Accessed 2026-09-15.",https://artandarchaeology.princeton.edu/whats/resources/department/art-museum
src-ec64bb2d835fa4b7,external,"Getty ULAN, Giovanni Bonatti, ID 500001042. https://www.getty.edu/vow/ULANFullDisplay?find=&nation=&page=&role=&subjectid=500001042. Accessed 2026-09-11.",,,"Getty ULAN, Giovanni Bonatti, ID 500001042. https://www.getty.edu/vow/ULANFullDisplay?find=&nation=&page=&role=&subjectid=500001042. Accessed 2026-09-11.",https://www.getty.edu/vow/ULANFullDisplay?find=&nation=&page=&role=&subjectid=500001042
src-ec7785b2c3c814ef,external,"Italia.it, Basilica di Santa Sabina all’Aventino. https://www.italia.it/it/lazio/roma/s-sabina-all-aventino. Accessed 2026-09-14.",,,"Italia.it, Basilica di Santa Sabina all’Aventino. https://www.italia.it/it/lazio/roma/s-sabina-all-aventino. Accessed 2026-09-14.",https://www.italia.it/it/lazio/roma/s-sabina-all-aventino
src-eca39aff30bb198e,external,"Wikidata, Q3705445, revision 2536263887. https://www.wikidata.org/wiki/Q3705445. Accessed 2026-09-10.",,,"Wikidata, Q3705445, revision 2536263887. https://www.wikidata.org/wiki/Q3705445. Accessed 2026-09-10.",https://www.wikidata.org/wiki/Q3705445
src-eccb67f76f68ffe1,external,"Ludwig, Freiherr von Pastor, The History of the Popes from the Close of the Middle Ages, translated by Dom Ernest Graf, vol. XXXIII, London: Kegan Paul, Trench, Trubner & Co., Ltd., 1941. https://archive.org/download/historyofpopesfr33past/historyofpopesfr33past.pdf. Accessed 2026-09-15.",,,"Ludwig, Freiherr von Pastor, The History of the Popes from the Close of the Middle Ages, translated by Dom Ernest Graf, vol. XXXIII, London: Kegan Paul, Trench, Trubner & Co., Ltd., 1941. https://archive.org/download/historyofpopesfr33past/historyofpopesfr33past.pdf. Accessed 2026-09-15.",https://archive.org/download/historyofpopesfr33past/historyofpopesfr33past.pdf
src-ed03df2712a67e34,external,"Wikidata, Q13329, revision 2527337367. https://www.wikidata.org/wiki/Q13329. Accessed 2026-09-10.",,,"Wikidata, Q13329, revision 2527337367. https://www.wikidata.org/wiki/Q13329. Accessed 2026-09-10.",https://www.wikidata.org/wiki/Q13329
src-ed05ef384aebe7e0,external,Collection or site authority record. https://www.uffizi.it/en/artworks/sacrifice-of-isaac. Accessed 2026-09-12.,,,Collection or site authority record. https://www.uffizi.it/en/artworks/sacrifice-of-isaac. Accessed 2026-09-12.,https://www.uffizi.it/en/artworks/sacrifice-of-isaac
src-ed24e01d0e5f5d20,external,"Wikidata, Q124884202. https://www.wikidata.org/wiki/Q124884202. Accessed 2026-09-13.",,,"Wikidata, Q124884202. https://www.wikidata.org/wiki/Q124884202. Accessed 2026-09-13.",https://www.wikidata.org/wiki/Q124884202
src-ed44b23d561a4776,external,"The Burlington Magazine, The Magazine’s history. https://www.burlington.org.uk/about-us/about-the-magazine-150004/history. Accessed 2026-09-14.",,,"The Burlington Magazine, The Magazine’s history. https://www.burlington.org.uk/about-us/about-the-magazine-150004/history. Accessed 2026-09-14.",https://www.burlington.org.uk/about-us/about-the-magazine-150004/history
src-ed516036abb86dbb,external,"Jesus College Cambridge Collections, Stearn & Sons (Photographers), Bridge Street, Cambridge. https://collegecollections.jesus.cam.ac.uk/index.php/stearn-sons-photographers-bridge-street-cambridge. Accessed 2026-09-14.",,,"Jesus College Cambridge Collections, Stearn & Sons (Photographers), Bridge Street, Cambridge. https://collegecollections.jesus.cam.ac.uk/index.php/stearn-sons-photographers-bridge-street-cambridge. Accessed 2026-09-14.",https://collegecollections.jesus.cam.ac.uk/index.php/stearn-sons-photographers-bridge-street-cambridge
src-ed52d7c8b289b8ed,external,"Wikidata, Q968920, revision 2522954967. https://www.wikidata.org/wiki/Q968920. Accessed 2026-09-10.",,,"Wikidata, Q968920, revision 2522954967. https://www.wikidata.org/wiki/Q968920. Accessed 2026-09-10.",https://www.wikidata.org/wiki/Q968920
src-ed73392797abcf5a,external,"Wikidata, Q1876100, revision 2544016930. https://www.wikidata.org/wiki/Q1876100. Accessed 2026-09-25.",,,"Wikidata, Q1876100, revision 2544016930. https://www.wikidata.org/wiki/Q1876100. Accessed 2026-09-25.",https://www.wikidata.org/wiki/Q1876100
src-ed7f8396a1155ec3,external,"Wikidata, Q5598, revision 2542894074. https://www.wikidata.org/wiki/Q5598. Accessed 2026-09-10.",,,"Wikidata, Q5598, revision 2542894074. https://www.wikidata.org/wiki/Q5598. Accessed 2026-09-10.",https://www.wikidata.org/wiki/Q5598
src-ed8ea9625b163b5b,external,"National Portrait Gallery, Owen MacSwinny (or Swinny), mp02907. https://www.npg.org.uk/collections/search/person/mp02907/owen-macswinny-or-swinny. Accessed 2026-09-14.",,,"National Portrait Gallery, Owen MacSwinny (or Swinny), mp02907. https://www.npg.org.uk/collections/search/person/mp02907/owen-macswinny-or-swinny. Accessed 2026-09-14.",https://www.npg.org.uk/collections/search/person/mp02907/owen-macswinny-or-swinny
src-ed96a5f7706c0a4a,external,"Metropolitan Museum of Art, The Elysian Fields; set design from La Monarchia Latina Trionfante, 53.600.3581. https://www.metmuseum.org/art/collection/search/700810. Accessed 2026-09-14.",,,"Metropolitan Museum of Art, The Elysian Fields; set design from La Monarchia Latina Trionfante, 53.600.3581. https://www.metmuseum.org/art/collection/search/700810. Accessed 2026-09-14.",https://www.metmuseum.org/art/collection/search/700810
src-edc315fd1e24e790,external,"Wikipedia (en), Biblioteca Augusta, revision 1212538139. https://en.wikipedia.org/wiki/Biblioteca_Augusta. Accessed 2026-09-10.",,,"Wikipedia (en), Biblioteca Augusta, revision 1212538139. https://en.wikipedia.org/wiki/Biblioteca_Augusta. Accessed 2026-09-10.",https://en.wikipedia.org/wiki/Biblioteca_Augusta
src-eddfe94654abe9a4,external,"Wikidata, “Providence” (Q18383). https://www.wikidata.org/wiki/Q18383. Accessed 2026-09-25.",,,"Wikidata, “Providence” (Q18383). https://www.wikidata.org/wiki/Q18383. Accessed 2026-09-25.",https://www.wikidata.org/wiki/Q18383
src-edf8d121a8df7919,external,"Wikipedia (en), Self-portrait, revision 1373389998. https://en.wikipedia.org/wiki/Self-portrait. Accessed 2026-09-11.",,,"Wikipedia (en), Self-portrait, revision 1373389998. https://en.wikipedia.org/wiki/Self-portrait. Accessed 2026-09-11.",https://en.wikipedia.org/wiki/Self-portrait
src-ee0d6437f23ef43a,external,"Art Fund, Our purpose. https://www.artfund.org/our-purpose. Accessed 2026-09-15.",,,"Art Fund, Our purpose. https://www.artfund.org/our-purpose. Accessed 2026-09-15.",https://www.artfund.org/our-purpose
src-ee2463964f9c477f,external,"Luciano Osbat, CLEMENTE IX, papa, Dizionario Biografico degli Italiani, vol. 26 (1982). https://www.treccani.it/enciclopedia/papa-clemente-ix_(Dizionario-Biografico)/. Accessed 2026-09-11.",,,"Luciano Osbat, CLEMENTE IX, papa, Dizionario Biografico degli Italiani, vol. 26 (1982). https://www.treccani.it/enciclopedia/papa-clemente-ix_(Dizionario-Biografico)/. Accessed 2026-09-11.",https://www.treccani.it/enciclopedia/papa-clemente-ix_(Dizionario-Biografico)/
src-ee35684a228f7cb7,external,"J. Paul Getty Museum, The Vision of Saint Bruno, object 89.PA.4. https://artsandculture.google.com/asset/the-vision-of-saint-bruno-0102/hgHsqwG37Lmyyw. Accessed 2026-09-11.",,,"J. Paul Getty Museum, The Vision of Saint Bruno, object 89.PA.4. https://artsandculture.google.com/asset/the-vision-of-saint-bruno-0102/hgHsqwG37Lmyyw. Accessed 2026-09-11.",https://artsandculture.google.com/asset/the-vision-of-saint-bruno-0102/hgHsqwG37Lmyyw
src-ee678ff6a56348d1,external,"Bibliothèque nationale de France, Gianfranco Torcellan (1938-1966), ARK ark:/12148/cb122988254. https://data.bnf.fr/ark:/12148/cb122988254. Accessed 2026-09-25.",,,"Bibliothèque nationale de France, Gianfranco Torcellan (1938-1966), ARK ark:/12148/cb122988254. https://data.bnf.fr/ark:/12148/cb122988254. Accessed 2026-09-25.",https://data.bnf.fr/ark:/12148/cb122988254
src-ee7d368d6462cb50,external,"Kunsthistorisches Museum, Selbstmord der Kleopatra, Gemäldegalerie 6508. https://www.khm.at/en/artworks/selbstmord-der-kleopatra-384-1. Accessed 2026-09-14.",,,"Kunsthistorisches Museum, Selbstmord der Kleopatra, Gemäldegalerie 6508. https://www.khm.at/en/artworks/selbstmord-der-kleopatra-384-1. Accessed 2026-09-14.",https://www.khm.at/en/artworks/selbstmord-der-kleopatra-384-1
src-eeba90fe6a57897d,external,"Wikipedia (en), Nepotism, revision 1369375299. https://en.wikipedia.org/wiki/Nepotism. Accessed 2026-09-10.",,,"Wikipedia (en), Nepotism, revision 1369375299. https://en.wikipedia.org/wiki/Nepotism. Accessed 2026-09-10.",https://en.wikipedia.org/wiki/Nepotism
src-ef0ccc4805693f8a,external,"Wikipedia (en), Saint Catherine of Alexandria (Caravaggio), revision 1373206306. https://en.wikipedia.org/wiki/Saint_Catherine_of_Alexandria_(Caravaggio). Accessed 2026-09-12.",,,"Wikipedia (en), Saint Catherine of Alexandria (Caravaggio), revision 1373206306. https://en.wikipedia.org/wiki/Saint_Catherine_of_Alexandria_(Caravaggio). Accessed 2026-09-12.",https://en.wikipedia.org/wiki/Saint_Catherine_of_Alexandria_(Caravaggio)
src-ef537a98b2499026,external,"Wikipedia (en), Giovanni Maria Morandi, revision 1365386530. https://en.wikipedia.org/wiki/Giovanni_Maria_Morandi. Accessed 2026-09-11.",,,"Wikipedia (en), Giovanni Maria Morandi, revision 1365386530. https://en.wikipedia.org/wiki/Giovanni_Maria_Morandi. Accessed 2026-09-11.",https://en.wikipedia.org/wiki/Giovanni_Maria_Morandi
src-ef56db80a78b0869,external,"Pier Ludovico Puddu, Prospetto di Villa Borghese, Galleria Borghese (October 2023). https://www.collezionegalleriaborghese.it/opere/prospetto-di-villa-borghese. Accessed 2026-09-14.",,,"Pier Ludovico Puddu, Prospetto di Villa Borghese, Galleria Borghese (October 2023). https://www.collezionegalleriaborghese.it/opere/prospetto-di-villa-borghese. Accessed 2026-09-14.",https://www.collezionegalleriaborghese.it/opere/prospetto-di-villa-borghese
src-ef6804f081763c87,external,"Wikidata, Q6107281. https://www.wikidata.org/wiki/Q6107281. Accessed 2026-09-13.",,,"Wikidata, Q6107281. https://www.wikidata.org/wiki/Q6107281. Accessed 2026-09-13.",https://www.wikidata.org/wiki/Q6107281
src-ef76e062e48fe689,external,"Wikipedia (it), Giovanni Perugini, revision 151632575. https://it.wikipedia.org/wiki/Giovanni_Perugini Accessed 2026-09-11.",,,"Wikipedia (it), Giovanni Perugini, revision 151632575. https://it.wikipedia.org/wiki/Giovanni_Perugini Accessed 2026-09-11.",https://it.wikipedia.org/wiki/Giovanni_Perugini
src-ef85dca0f4e2cdb5,external,"Wikipedia (en), Pope Leo X, revision 1368372595. https://en.wikipedia.org/wiki/Pope_Leo_X. Accessed 2026-09-10.",,,"Wikipedia (en), Pope Leo X, revision 1368372595. https://en.wikipedia.org/wiki/Pope_Leo_X. Accessed 2026-09-10.",https://en.wikipedia.org/wiki/Pope_Leo_X
src-efa93d0f2a30e946,external,"Paolo Salciarini, with Anna Radicchi, Guida alla Basilica: Santuario di Sant'Ubaldo, 4th reprint (February 2015), pp. 20–21. https://www.eugubininelmondo.com/public/GuidaBasilica2015.pdf Accessed 2026-09-25.",,,"Paolo Salciarini, with Anna Radicchi, Guida alla Basilica: Santuario di Sant'Ubaldo, 4th reprint (February 2015), pp. 20–21. https://www.eugubininelmondo.com/public/GuidaBasilica2015.pdf Accessed 2026-09-25.",https://www.eugubininelmondo.com/public/GuidaBasilica2015.pdf
src-eff814b61d3ef3d4,external,"Wikipedia (en), Giuseppe Bonati, revision 1365391430. https://en.wikipedia.org/wiki/Giuseppe_Bonati. Accessed 2026-09-10.",,,"Wikipedia (en), Giuseppe Bonati, revision 1365391430. https://en.wikipedia.org/wiki/Giuseppe_Bonati. Accessed 2026-09-10.",https://en.wikipedia.org/wiki/Giuseppe_Bonati
src-f03cdba5f0f9b468,external,"The Holy See, Gregory XV. https://www.vatican.va/content/vatican/en/holy-father/gregorio-xv.html Accessed 2026-09-10.",,,"The Holy See, Gregory XV. https://www.vatican.va/content/vatican/en/holy-father/gregorio-xv.html Accessed 2026-09-10.",https://www.vatican.va/content/vatican/en/holy-father/gregorio-xv.html
src-f077147fae9cb50f,external,"Serenella Rolfi Ožvald, PASSERI, Giovanni Battista, Dizionario Biografico degli Italiani, vol. 81 (2014). https://www.treccani.it/enciclopedia/giovanni-battista-passeri_(Dizionario-Biografico)/. Accessed 2026-09-10.",,,"Serenella Rolfi Ožvald, PASSERI, Giovanni Battista, Dizionario Biografico degli Italiani, vol. 81 (2014). https://www.treccani.it/enciclopedia/giovanni-battista-passeri_(Dizionario-Biografico)/. Accessed 2026-09-10.",https://www.treccani.it/enciclopedia/giovanni-battista-passeri_(Dizionario-Biografico)/
src-f0a5312064675cce,external,"Comune di Cento, ""Gian Francesco Barbieri detto Il Guercino (1591-1666)."" https://www.comune.cento.fe.it/it/page/gian-francesco-barbieri-detto-il-guercino-1591-1666 Accessed 2026-09-10.",,,"Comune di Cento, ""Gian Francesco Barbieri detto Il Guercino (1591-1666)."" https://www.comune.cento.fe.it/it/page/gian-francesco-barbieri-detto-il-guercino-1591-1666 Accessed 2026-09-10.",https://www.comune.cento.fe.it/it/page/gian-francesco-barbieri-detto-il-guercino-1591-1666
src-f0b1af9cb0c74655,external,"Wikipedia (en), Piazza Navona, revision 1368540824. https://en.wikipedia.org/wiki/Piazza_Navona Accessed 2026-09-11.",,,"Wikipedia (en), Piazza Navona, revision 1368540824. https://en.wikipedia.org/wiki/Piazza_Navona Accessed 2026-09-11.",https://en.wikipedia.org/wiki/Piazza_Navona
src-f0f077b608e68c6f,external,"Wikipedia (it), Luigi Bernini, revision 137345152. https://it.wikipedia.org/wiki/Luigi_Bernini. Accessed 2026-09-25.",,,"Wikipedia (it), Luigi Bernini, revision 137345152. https://it.wikipedia.org/wiki/Luigi_Bernini. Accessed 2026-09-25.",https://it.wikipedia.org/wiki/Luigi_Bernini
src-f0fb89a94f29bf71,external,"Nicola Ivanoff, CASTELLI, Bernardino, Dizionario Biografico degli Italiani 21 (1978). https://www.treccani.it/enciclopedia/bernardino-castelli_(Dizionario-Biografico)/. Accessed 2026-09-15.",,,"Nicola Ivanoff, CASTELLI, Bernardino, Dizionario Biografico degli Italiani 21 (1978). https://www.treccani.it/enciclopedia/bernardino-castelli_(Dizionario-Biografico)/. Accessed 2026-09-15.",https://www.treccani.it/enciclopedia/bernardino-castelli_(Dizionario-Biografico)/
src-f17b7d9cad8fbb82,external,"Wikipedia (en), Sicily, revision 1372963625. https://en.wikipedia.org/wiki/Sicily Accessed 2026-09-11.",,,"Wikipedia (en), Sicily, revision 1372963625. https://en.wikipedia.org/wiki/Sicily Accessed 2026-09-11.",https://en.wikipedia.org/wiki/Sicily
src-f1de2b4fd299110b,external,"Wikipedia (en), Giovanni Pietro Bellori, revision 1365391346. https://en.wikipedia.org/wiki/Giovanni_Pietro_Bellori. Accessed 2026-09-10.",,,"Wikipedia (en), Giovanni Pietro Bellori, revision 1365391346. https://en.wikipedia.org/wiki/Giovanni_Pietro_Bellori. Accessed 2026-09-10.",https://en.wikipedia.org/wiki/Giovanni_Pietro_Bellori
src-f1f6294e15a06d46,external,"Wikidata, Q166517, revision 2521135172. https://www.wikidata.org/wiki/Q166517. Read 2026-09-11.",,,"Wikidata, Q166517, revision 2521135172. https://www.wikidata.org/wiki/Q166517. Read 2026-09-11.",https://www.wikidata.org/wiki/Q166517
src-f20b4428dd736d16,external,"Metropolitan Museum of Art, Valentin de Boulogne: Beyond Caravaggio (2016), sections on the Valguarnera trial. https://resources.metmuseum.org/resources/metpublications/pdf/Valentin_de_Boulogne_Beyond_Caravaggio.pdf. Accessed 2026-09-11.",,,"Metropolitan Museum of Art, Valentin de Boulogne: Beyond Caravaggio (2016), sections on the Valguarnera trial. https://resources.metmuseum.org/resources/metpublications/pdf/Valentin_de_Boulogne_Beyond_Caravaggio.pdf. Accessed 2026-09-11.",https://resources.metmuseum.org/resources/metpublications/pdf/Valentin_de_Boulogne_Beyond_Caravaggio.pdf
src-f2335d60603783b3,external,"National Trust Collections, Sir Ralph Bankes, MP (?1631–1677), NT 1257049. https://www.nationaltrustcollections.org.uk/object/1257049. Accessed 2026-09-14.",,,"National Trust Collections, Sir Ralph Bankes, MP (?1631–1677), NT 1257049. https://www.nationaltrustcollections.org.uk/object/1257049. Accessed 2026-09-14.",https://www.nationaltrustcollections.org.uk/object/1257049
src-f2e38a6d8853d1af,external,"Wikidata, Q49237, revision 2540186940. https://www.wikidata.org/wiki/Q49237. Accessed 2026-09-10.",,,"Wikidata, Q49237, revision 2540186940. https://www.wikidata.org/wiki/Q49237. Accessed 2026-09-10.",https://www.wikidata.org/wiki/Q49237
src-f2f6a52822b1b4b5,external,"Sant'Andrea della Valle, Affreschi nel presbiterio. https://santandrea.teatinos.org/accenni-storia-arte/affreschi-presbiterio/. Accessed 2026-09-10.",,,"Sant'Andrea della Valle, Affreschi nel presbiterio. https://santandrea.teatinos.org/accenni-storia-arte/affreschi-presbiterio/. Accessed 2026-09-10.",https://santandrea.teatinos.org/accenni-storia-arte/affreschi-presbiterio/
src-f2f8445f34f19900,external,"Wikipedia (en), “Pope Alexander VII.” https://en.wikipedia.org/wiki/Pope_Alexander_VII. Accessed 2026-09-25.",,,"Wikipedia (en), “Pope Alexander VII.” https://en.wikipedia.org/wiki/Pope_Alexander_VII. Accessed 2026-09-25.",https://en.wikipedia.org/wiki/Pope_Alexander_VII
src-f341c852a1c2b372,external,"Fondazione Federico Zeri, entry 57026, Barbieri Giovan Francesco, Santa Teresa d'Avila riceve l'abito dalla Madonna del Carmelo con san Giuseppe, san Giovannino e sant'Alberto di Gerusalemme. https://catalogo.fondazionezeri.unibo.it/entry/work/58737/. Accessed 2026-09-11.",,,"Fondazione Federico Zeri, entry 57026, Barbieri Giovan Francesco, Santa Teresa d'Avila riceve l'abito dalla Madonna del Carmelo con san Giuseppe, san Giovannino e sant'Alberto di Gerusalemme. https://catalogo.fondazionezeri.unibo.it/entry/work/58737/. Accessed 2026-09-11.",https://catalogo.fondazionezeri.unibo.it/entry/work/58737/
src-f37f0598a6da92e5,external,"Wikidata, Q577248, revision 2388333497. https://www.wikidata.org/wiki/Q577248. Accessed 2026-09-10.",,,"Wikidata, Q577248, revision 2388333497. https://www.wikidata.org/wiki/Q577248. Accessed 2026-09-10.",https://www.wikidata.org/wiki/Q577248
src-f388d6873a8da892,external,"Wikipedia (it), Vita (Benvenuto Cellini), revision 151158550. https://it.wikipedia.org/wiki/Vita_(Benvenuto_Cellini). Accessed 2026-09-10.",,,"Wikipedia (it), Vita (Benvenuto Cellini), revision 151158550. https://it.wikipedia.org/wiki/Vita_(Benvenuto_Cellini). Accessed 2026-09-10.",https://it.wikipedia.org/wiki/Vita_(Benvenuto_Cellini)
src-f39555a6a2fbe376,external,"Wikipedia (en), Peter Paul Rubens, revision 1370757114. https://en.wikipedia.org/wiki/Peter_Paul_Rubens. Accessed 2026-09-10.",,,"Wikipedia (en), Peter Paul Rubens, revision 1370757114. https://en.wikipedia.org/wiki/Peter_Paul_Rubens. Accessed 2026-09-10.",https://en.wikipedia.org/wiki/Peter_Paul_Rubens
src-f39c00a355690e17,external,"Giampiero Brunelli, ‘LUDOVISI, Orazio,’ Dizionario Biografico degli Italiani 66 (2006). https://www.treccani.it/enciclopedia/orazio-ludovisi_(Dizionario-Biografico)/. Accessed 2026-09-25.",,,"Giampiero Brunelli, ‘LUDOVISI, Orazio,’ Dizionario Biografico degli Italiani 66 (2006). https://www.treccani.it/enciclopedia/orazio-ludovisi_(Dizionario-Biografico)/. Accessed 2026-09-25.",https://www.treccani.it/enciclopedia/orazio-ludovisi_(Dizionario-Biografico)/
src-f3ad976461593304,external,"Wikidata, Q2044, revision 2538273366. https://www.wikidata.org/wiki/Q2044. Accessed 2026-09-10.",,,"Wikidata, Q2044, revision 2538273366. https://www.wikidata.org/wiki/Q2044. Accessed 2026-09-10.",https://www.wikidata.org/wiki/Q2044
src-f3ae35360bc80033,external,"Wikidata, Q2610936, https://www.wikidata.org/wiki/Q2610936. Accessed 2026-09-12.",,,"Wikidata, Q2610936, https://www.wikidata.org/wiki/Q2610936. Accessed 2026-09-12.",https://www.wikidata.org/wiki/Q2610936
src-f422deec776aa514,external,"ICCD, Sileno ebbro, catalogo 1500626054, inventario Q298. https://catalogo.beniculturali.it/detail/HistoricOrArtisticProperty/1500626054. Accessed 2026-09-14.",,,"ICCD, Sileno ebbro, catalogo 1500626054, inventario Q298. https://catalogo.beniculturali.it/detail/HistoricOrArtisticProperty/1500626054. Accessed 2026-09-14.",https://catalogo.beniculturali.it/detail/HistoricOrArtisticProperty/1500626054
src-f450f429a1a378ce,external,"Wikidata, Q5599, revision 2540659746. https://www.wikidata.org/wiki/Q5599. Accessed 2026-09-11.",,,"Wikidata, Q5599, revision 2540659746. https://www.wikidata.org/wiki/Q5599. Accessed 2026-09-11.",https://www.wikidata.org/wiki/Q5599
src-f45657cc1e6be8ff,external,"Wikipedia (en), Artemisia Gentileschi, revision 1371071670. https://en.wikipedia.org/wiki/Artemisia_Gentileschi. Accessed 2026-09-10.",,,"Wikipedia (en), Artemisia Gentileschi, revision 1371071670. https://en.wikipedia.org/wiki/Artemisia_Gentileschi. Accessed 2026-09-10.",https://en.wikipedia.org/wiki/Artemisia_Gentileschi
src-f47762c8491ca42c,external,"Wikidata, Q101266, revision 2543363278. https://www.wikidata.org/wiki/Q101266. Accessed 2026-09-11.",,,"Wikidata, Q101266, revision 2543363278. https://www.wikidata.org/wiki/Q101266. Accessed 2026-09-11.",https://www.wikidata.org/wiki/Q101266
src-f491b5f8ce3c25f0,external,"Wikidata, Q5563946, revision 2516437984. https://www.wikidata.org/wiki/Q5563946. Accessed 2026-09-11.",,,"Wikidata, Q5563946, revision 2516437984. https://www.wikidata.org/wiki/Q5563946. Accessed 2026-09-11.",https://www.wikidata.org/wiki/Q5563946
src-f4fda0578e4698b1,external,"Wikidata, Q1748199, revision 2526934675. https://www.wikidata.org/wiki/Q1748199. Accessed 2026-09-10.",,,"Wikidata, Q1748199, revision 2526934675. https://www.wikidata.org/wiki/Q1748199. Accessed 2026-09-10.",https://www.wikidata.org/wiki/Q1748199
src-f5105c5d540bc19e,external,"Wikipedia (it), Caparra, revision 137490065. https://it.wikipedia.org/wiki/Caparra. Accessed 2026-09-11.",,,"Wikipedia (it), Caparra, revision 137490065. https://it.wikipedia.org/wiki/Caparra. Accessed 2026-09-11.",https://it.wikipedia.org/wiki/Caparra
src-f56f10f61dd8cd59,external,"Wikipedia (en), Gemäldegalerie, Berlin. https://en.wikipedia.org/wiki/Gem%C3%A4ldegalerie,_Berlin. Accessed 2026-09-13.",,,"Wikipedia (en), Gemäldegalerie, Berlin. https://en.wikipedia.org/wiki/Gem%C3%A4ldegalerie,_Berlin. Accessed 2026-09-13.","https://en.wikipedia.org/wiki/Gem%C3%A4ldegalerie,_Berlin"
src-f62d75926c425732,external,"Sant'Andrea della Valle, Cappella Strozzi. https://santandrea.teatinos.org/accenni-storia-arte/cappella-strozzi/. Accessed 2026-09-10.",,,"Sant'Andrea della Valle, Cappella Strozzi. https://santandrea.teatinos.org/accenni-storia-arte/cappella-strozzi/. Accessed 2026-09-10.",https://santandrea.teatinos.org/accenni-storia-arte/cappella-strozzi/
src-f65830e4f4597af6,external,"Wikipedia (en), Saint Jerome Writing, revision 1361377241. https://en.wikipedia.org/wiki/Saint_Jerome_Writing. Accessed 2026-09-12.",,,"Wikipedia (en), Saint Jerome Writing, revision 1361377241. https://en.wikipedia.org/wiki/Saint_Jerome_Writing. Accessed 2026-09-12.",https://en.wikipedia.org/wiki/Saint_Jerome_Writing
src-f65ac025f8e9ea3c,external,"Wikipedia (en), Gentile Bellini, revision 1370412016. https://en.wikipedia.org/wiki/Gentile_Bellini. Accessed 2026-09-11.",,,"Wikipedia (en), Gentile Bellini, revision 1370412016. https://en.wikipedia.org/wiki/Gentile_Bellini. Accessed 2026-09-11.",https://en.wikipedia.org/wiki/Gentile_Bellini
src-f67abb212139aba9,external,"Wikipedia (en), Gian Lorenzo Bernini, revision 1374038020. https://en.wikipedia.org/wiki/Gian_Lorenzo_Bernini. Accessed 2026-09-10.",,,"Wikipedia (en), Gian Lorenzo Bernini, revision 1374038020. https://en.wikipedia.org/wiki/Gian_Lorenzo_Bernini. Accessed 2026-09-10.",https://en.wikipedia.org/wiki/Gian_Lorenzo_Bernini
src-f6861f38118b35c0,external,"British Museum, drawing 1874,0808.43. https://www.britishmuseum.org/collection/object/P_1874-0808-43. Accessed 2026-09-14.",,,"British Museum, drawing 1874,0808.43. https://www.britishmuseum.org/collection/object/P_1874-0808-43. Accessed 2026-09-14.",https://www.britishmuseum.org/collection/object/P_1874-0808-43
src-f6b9719b70256adf,external,"Treccani, Enciclopedia Italiana, Italia, https://www.treccani.it/enciclopedia/italia_(Enciclopedia-Italiana)/. Accessed 2026-09-25.",,,"Treccani, Enciclopedia Italiana, Italia, https://www.treccani.it/enciclopedia/italia_(Enciclopedia-Italiana)/. Accessed 2026-09-25.",https://www.treccani.it/enciclopedia/italia_(Enciclopedia-Italiana)/
src-f6ba17aec988ab97,external,"Wikidata, Q180788. https://www.wikidata.org/wiki/Q180788. Accessed 2026-09-13.",,,"Wikidata, Q180788. https://www.wikidata.org/wiki/Q180788. Accessed 2026-09-13.",https://www.wikidata.org/wiki/Q180788
src-f6c393d3697d19e5,external,"Treccani, Enciclopedia on line, “Italia”. https://www.treccani.it/enciclopedia/italia/. Accessed 2026-09-11.",,,"Treccani, Enciclopedia on line, “Italia”. https://www.treccani.it/enciclopedia/italia/. Accessed 2026-09-11.",https://www.treccani.it/enciclopedia/italia/
src-f6d2d1e801c49be6,external,"Wikipedia (en), Filippo Lauri, revision 1365392350. https://en.wikipedia.org/wiki/Filippo_Lauri. Accessed 2026-09-10.",,,"Wikipedia (en), Filippo Lauri, revision 1365392350. https://en.wikipedia.org/wiki/Filippo_Lauri. Accessed 2026-09-10.",https://en.wikipedia.org/wiki/Filippo_Lauri
src-f6de667a6c809cef,external,"Wikipedia (en), Basket of Fruit (Caravaggio), revision 1365210988. https://en.wikipedia.org/wiki/Basket_of_Fruit_(Caravaggio). Accessed 2026-09-12.",,,"Wikipedia (en), Basket of Fruit (Caravaggio), revision 1365210988. https://en.wikipedia.org/wiki/Basket_of_Fruit_(Caravaggio). Accessed 2026-09-12.",https://en.wikipedia.org/wiki/Basket_of_Fruit_(Caravaggio)
src-f6feb49dde36cd50,external,Collection or site authority record. https://www.collezionegalleriaborghese.it/en/opere/madonna-and-child-with-saint-anne-madonna-dei-palafrenieri. Accessed 2026-09-12.,,,Collection or site authority record. https://www.collezionegalleriaborghese.it/en/opere/madonna-and-child-with-saint-anne-madonna-dei-palafrenieri. Accessed 2026-09-12.,https://www.collezionegalleriaborghese.it/en/opere/madonna-and-child-with-saint-anne-madonna-dei-palafrenieri
src-f74371fbd8b57d24,external,"Wikidata, Q490, revision 2529555790. https://www.wikidata.org/wiki/Q490. Accessed 2026-09-10.",,,"Wikidata, Q490, revision 2529555790. https://www.wikidata.org/wiki/Q490. Accessed 2026-09-10.",https://www.wikidata.org/wiki/Q490
src-f759e12e59f82b74,external,"Lione Pascoli, Vite de’ pittori, scultori, ed architetti moderni, vol.1 (Roma: Antonio de’ Rossi, 1730), pp.177–184, especially pp.179–181. Getty Research Institute scan, https://archive.org/details/vitedepittoriscu01pasc. Accessed 2026-09-11.",,,"Lione Pascoli, Vite de’ pittori, scultori, ed architetti moderni, vol.1 (Roma: Antonio de’ Rossi, 1730), pp.177–184, especially pp.179–181. Getty Research Institute scan, https://archive.org/details/vitedepittoriscu01pasc. Accessed 2026-09-11.",https://archive.org/details/vitedepittoriscu01pasc
src-f77bfd2512df8ba1,external,"Palais Fesch—musée des beaux-arts, “Portrait du cardinal Scipione Borghese,” inventory MFA 852.1.265. https://www.musee-fesch.com/peintures-du-xviieme-siecle/portrait-du-cardinal-scipione-borghese-576250. Accessed 2026-09-25.",,,"Palais Fesch—musée des beaux-arts, “Portrait du cardinal Scipione Borghese,” inventory MFA 852.1.265. https://www.musee-fesch.com/peintures-du-xviieme-siecle/portrait-du-cardinal-scipione-borghese-576250. Accessed 2026-09-25.",https://www.musee-fesch.com/peintures-du-xviieme-siecle/portrait-du-cardinal-scipione-borghese-576250
src-f7a93f30297236d2,external,"Wikipedia (en), Benvenuto Cellini, revision 1372874984. https://en.wikipedia.org/wiki/Benvenuto_Cellini. Accessed 2026-09-10.",,,"Wikipedia (en), Benvenuto Cellini, revision 1372874984. https://en.wikipedia.org/wiki/Benvenuto_Cellini. Accessed 2026-09-10.",https://en.wikipedia.org/wiki/Benvenuto_Cellini
src-f7b44f242d4c1ac9,external,"Wikidata, Q610738, revision 2531928598. https://www.wikidata.org/wiki/Q610738. Accessed 2026-09-10.",,,"Wikidata, Q610738, revision 2531928598. https://www.wikidata.org/wiki/Q610738. Accessed 2026-09-10.",https://www.wikidata.org/wiki/Q610738
src-f7f971a299b1bd52,external,"Wikidata, Q5563896, revision 2515925055. https://www.wikidata.org/wiki/Q5563896. Accessed 2026-09-11.",,,"Wikidata, Q5563896, revision 2515925055. https://www.wikidata.org/wiki/Q5563896. Accessed 2026-09-11.",https://www.wikidata.org/wiki/Q5563896
src-f824bd2dccae23a2,external,"Procura Generale dell’Oratorio di San Filippo Neri, Statuti Generali. https://www.oratoriosanfilippo.org/introduzione/statuti-generali/ . Accessed 2026-09-10.",,,"Procura Generale dell’Oratorio di San Filippo Neri, Statuti Generali. https://www.oratoriosanfilippo.org/introduzione/statuti-generali/ . Accessed 2026-09-10.",https://www.oratoriosanfilippo.org/introduzione/statuti-generali/
src-f82d3d7db09788d0,external,"University of Cambridge Museums, Finch and Baines. https://www.museums.cam.ac.uk/magic/finch-and-baines. Accessed 2026-09-14.",,,"University of Cambridge Museums, Finch and Baines. https://www.museums.cam.ac.uk/magic/finch-and-baines. Accessed 2026-09-14.",https://www.museums.cam.ac.uk/magic/finch-and-baines
src-f892bd648bbe13ce,external,"Wikidata, Q256486, revision 2539061103. https://www.wikidata.org/wiki/Q256486. Accessed 2026-09-11.",,,"Wikidata, Q256486, revision 2539061103. https://www.wikidata.org/wiki/Q256486. Accessed 2026-09-11.",https://www.wikidata.org/wiki/Q256486
src-f8ac6346b9076491,external,"Wikipedia (en), Art dealer, revision 1370147549. https://en.wikipedia.org/wiki/Art_dealer. Accessed 2026-09-10.",,,"Wikipedia (en), Art dealer, revision 1370147549. https://en.wikipedia.org/wiki/Art_dealer. Accessed 2026-09-10.",https://en.wikipedia.org/wiki/Art_dealer
src-f981751bacbb85f6,external,"Wikipedia (en), Young Sick Bacchus, revision 1365220229. https://en.wikipedia.org/wiki/Young_Sick_Bacchus. Accessed 2026-09-12.",,,"Wikipedia (en), Young Sick Bacchus, revision 1365220229. https://en.wikipedia.org/wiki/Young_Sick_Bacchus. Accessed 2026-09-12.",https://en.wikipedia.org/wiki/Young_Sick_Bacchus
src-f9db678858a7af44,external,"Wikipedia (it), Giovanni Perugini, revision 151632575. https://it.wikipedia.org/wiki/Giovanni_Perugini. Accessed 2026-09-10.",,,"Wikipedia (it), Giovanni Perugini, revision 151632575. https://it.wikipedia.org/wiki/Giovanni_Perugini. Accessed 2026-09-10.",https://it.wikipedia.org/wiki/Giovanni_Perugini
src-fa29e995589e9d80,external,"Judy Nadler and Miriam Schulman, Favoritism, Cronyism, and Nepotism, Markkula Center for Applied Ethics, Santa Clara University. https://www.scu.edu/government-ethics/resources/a-primer-on-government-ethics/favoritism-cronyism-and-nepotism/. Accessed 2026-09-10.",,,"Judy Nadler and Miriam Schulman, Favoritism, Cronyism, and Nepotism, Markkula Center for Applied Ethics, Santa Clara University. https://www.scu.edu/government-ethics/resources/a-primer-on-government-ethics/favoritism-cronyism-and-nepotism/. Accessed 2026-09-10.",https://www.scu.edu/government-ethics/resources/a-primer-on-government-ethics/favoritism-cronyism-and-nepotism/
src-fa504d3f08b567b1,external,"Wikipedia (en), Pope Urban VIII, revision 1362440731. https://en.wikipedia.org/wiki/Pope_Urban_VIII. Accessed 2026-09-10.",,,"Wikipedia (en), Pope Urban VIII, revision 1362440731. https://en.wikipedia.org/wiki/Pope_Urban_VIII. Accessed 2026-09-10.",https://en.wikipedia.org/wiki/Pope_Urban_VIII
src-fa8a2b7e3f98e75e,external,"Wikipedia (en), Gubbio, revision 1372832933. https://en.wikipedia.org/wiki/Gubbio. Accessed 2026-09-10.",,,"Wikipedia (en), Gubbio, revision 1372832933. https://en.wikipedia.org/wiki/Gubbio. Accessed 2026-09-10.",https://en.wikipedia.org/wiki/Gubbio
src-fabd9031bda686f1,external,"Basilica di Santa Maria Gloriosa dei Frari, “Monumenti.” https://www.basilicadeifrari.it/monumenti/. Accessed 2026-09-25.",,,"Basilica di Santa Maria Gloriosa dei Frari, “Monumenti.” https://www.basilicadeifrari.it/monumenti/. Accessed 2026-09-25.",https://www.basilicadeifrari.it/monumenti/
src-fafe4eafb969bdd5,external,"Wikipedia (en), Ferdinando Gonzaga, Duke of Mantua, revision 1352963309. https://en.wikipedia.org/wiki/Ferdinando_Gonzaga,_Duke_of_Mantua. Accessed 2026-09-11.",,,"Wikipedia (en), Ferdinando Gonzaga, Duke of Mantua, revision 1352963309. https://en.wikipedia.org/wiki/Ferdinando_Gonzaga,_Duke_of_Mantua. Accessed 2026-09-11.","https://en.wikipedia.org/wiki/Ferdinando_Gonzaga,_Duke_of_Mantua"
src-fb13b194394126de,external,"Wikidata, Q42207, revision 2541730229. https://www.wikidata.org/wiki/Q42207. Accessed 2026-09-10.",,,"Wikidata, Q42207, revision 2541730229. https://www.wikidata.org/wiki/Q42207. Accessed 2026-09-10.",https://www.wikidata.org/wiki/Q42207
src-fb18c0105a801fdd,external,"Wikidata, Q15286493. https://www.wikidata.org/wiki/Q15286493. Accessed 2026-09-13.",,,"Wikidata, Q15286493. https://www.wikidata.org/wiki/Q15286493. Accessed 2026-09-13.",https://www.wikidata.org/wiki/Q15286493
src-fb2c699981edc44f,external,"Wikipedia (en), Rome, revision 1374040757. https://en.wikipedia.org/wiki/Rome. Accessed 2026-09-10.",,,"Wikipedia (en), Rome, revision 1374040757. https://en.wikipedia.org/wiki/Rome. Accessed 2026-09-10.",https://en.wikipedia.org/wiki/Rome
src-fb5bd5817b443522,external,"Rossella Vodret, “FERRI, Ciro,” Dizionario Biografico degli Italiani, Treccani. https://www.treccani.it/enciclopedia/ciro-ferri_(Dizionario-Biografico)/. Accessed 2026-09-11.",,,"Rossella Vodret, “FERRI, Ciro,” Dizionario Biografico degli Italiani, Treccani. https://www.treccani.it/enciclopedia/ciro-ferri_(Dizionario-Biografico)/. Accessed 2026-09-11.",https://www.treccani.it/enciclopedia/ciro-ferri_(Dizionario-Biografico)/
src-fb60d43faa041a17,external,"Wikidata, Q534683, revision 2522316305. https://www.wikidata.org/wiki/Q534683. Accessed 2026-09-10.",,,"Wikidata, Q534683, revision 2522316305. https://www.wikidata.org/wiki/Q534683. Accessed 2026-09-10.",https://www.wikidata.org/wiki/Q534683
src-fb74f3c4cc45d95a,external,"Wikipedia (it), Bozzetto, revision 148597322. https://it.wikipedia.org/wiki/Bozzetto. Accessed 2026-09-11.",,,"Wikipedia (it), Bozzetto, revision 148597322. https://it.wikipedia.org/wiki/Bozzetto. Accessed 2026-09-11.",https://it.wikipedia.org/wiki/Bozzetto
src-fb7b628f7cf149f2,external,"The Holy See, Paolo V. https://www.vatican.va/content/vatican/it/holy-father/paolo-v.html. Accessed 2026-09-10.",,,"The Holy See, Paolo V. https://www.vatican.va/content/vatican/it/holy-father/paolo-v.html. Accessed 2026-09-10.",https://www.vatican.va/content/vatican/it/holy-father/paolo-v.html
src-fb8721a01671483f,external,"Wikipedia (en), Augusta, Sicily, revision 1371652037. https://en.wikipedia.org/wiki/Augusta%2C_Sicily. Accessed 2026-09-10.",,,"Wikipedia (en), Augusta, Sicily, revision 1371652037. https://en.wikipedia.org/wiki/Augusta%2C_Sicily. Accessed 2026-09-10.",https://en.wikipedia.org/wiki/Augusta%2C_Sicily
src-fb8c5accc4b97f5c,external,"Wikipedia (en), Paolo Borghese (1622–1646), revision 741237361. https://en.wikipedia.org/wiki/Paolo_Borghese_(1622%E2%80%931646). Accessed 2026-09-12.",,,"Wikipedia (en), Paolo Borghese (1622–1646), revision 741237361. https://en.wikipedia.org/wiki/Paolo_Borghese_(1622%E2%80%931646). Accessed 2026-09-12.",https://en.wikipedia.org/wiki/Paolo_Borghese_(1622%E2%80%931646)
src-fbbc44b3f65f486c,external,"Wikipedia (en), Andrea Sacchi, revision 1365392306. https://en.wikipedia.org/wiki/Andrea_Sacchi. Accessed 2026-09-11.",,,"Wikipedia (en), Andrea Sacchi, revision 1365392306. https://en.wikipedia.org/wiki/Andrea_Sacchi. Accessed 2026-09-11.",https://en.wikipedia.org/wiki/Andrea_Sacchi
src-fbccb6d806b4bf4e,external,"Accademia dei Virtuosi al Pantheon, “Storia.” https://www.accademiavirtuosi.it/storia. Accessed 2026-09-25.",,,"Accademia dei Virtuosi al Pantheon, “Storia.” https://www.accademiavirtuosi.it/storia. Accessed 2026-09-25.",https://www.accademiavirtuosi.it/storia
src-fbe1f8422a28fc20,external,"Wikidata, Q2293936, https://www.wikidata.org/wiki/Q2293936. Accessed 2026-09-12.",,,"Wikidata, Q2293936, https://www.wikidata.org/wiki/Q2293936. Accessed 2026-09-12.",https://www.wikidata.org/wiki/Q2293936
src-fc2d6178f3046b06,external,"Wikipedia, “Francesco Maggiotto.” https://en.wikipedia.org/wiki/Francesco_Maggiotto. Accessed 2026-09-25.",,,"Wikipedia, “Francesco Maggiotto.” https://en.wikipedia.org/wiki/Francesco_Maggiotto. Accessed 2026-09-25.",https://en.wikipedia.org/wiki/Francesco_Maggiotto
src-fc5e0284234efd86,external,"Wikipedia (en), Christ on the Mount of Olives (Caravaggio), revision 1361247669. https://en.wikipedia.org/wiki/Christ_on_the_Mount_of_Olives_(Caravaggio). Accessed 2026-09-12.",,,"Wikipedia (en), Christ on the Mount of Olives (Caravaggio), revision 1361247669. https://en.wikipedia.org/wiki/Christ_on_the_Mount_of_Olives_(Caravaggio). Accessed 2026-09-12.",https://en.wikipedia.org/wiki/Christ_on_the_Mount_of_Olives_(Caravaggio)
src-fc95e55da84a8858,external,"Wikidata, Q2715302, https://www.wikidata.org/wiki/Q2715302. Accessed 2026-09-12.",,,"Wikidata, Q2715302, https://www.wikidata.org/wiki/Q2715302. Accessed 2026-09-12.",https://www.wikidata.org/wiki/Q2715302
src-fca72d34924face6,external,"Wikidata Q1396468, revision 2521722844. https://www.wikidata.org/wiki/Q1396468. Accessed 2026-09-11.",,,"Wikidata Q1396468, revision 2521722844. https://www.wikidata.org/wiki/Q1396468. Accessed 2026-09-11.",https://www.wikidata.org/wiki/Q1396468
src-fca74bfd15e0104a,external,"Wikipedia (en), Capitoline Museums. https://en.wikipedia.org/wiki/Capitoline_Museums. Accessed 2026-09-13.",,,"Wikipedia (en), Capitoline Museums. https://en.wikipedia.org/wiki/Capitoline_Museums. Accessed 2026-09-13.",https://en.wikipedia.org/wiki/Capitoline_Museums
src-fcbaa28cc3e29f8f,external,"Stefano Colombo, The Rhetoric of Celebration in Seventeenth-Century Venetian Funerary Monuments, PhD thesis, University of Warwick, 2016. https://wrap.warwick.ac.uk/id/eprint/94209/1/WRAP_Theses_Colombo_2016.pdf. Accessed 2026-09-25.",,,"Stefano Colombo, The Rhetoric of Celebration in Seventeenth-Century Venetian Funerary Monuments, PhD thesis, University of Warwick, 2016. https://wrap.warwick.ac.uk/id/eprint/94209/1/WRAP_Theses_Colombo_2016.pdf. Accessed 2026-09-25.",https://wrap.warwick.ac.uk/id/eprint/94209/1/WRAP_Theses_Colombo_2016.pdf
src-fd119b575f2ecbd3,external,"Wikipedia (en), Ultramarine, revision 1373556039. https://en.wikipedia.org/wiki/Ultramarine. Accessed 2026-09-10.",,,"Wikipedia (en), Ultramarine, revision 1373556039. https://en.wikipedia.org/wiki/Ultramarine. Accessed 2026-09-10.",https://en.wikipedia.org/wiki/Ultramarine
src-fd507df0a868aefd,external,"Constitution of the Italian Republic, Presidency of the Republic official text. https://www.quirinale.it/allegati_statici/costituzione/costituzione.pdf. Accessed 2026-09-25.",,,"Constitution of the Italian Republic, Presidency of the Republic official text. https://www.quirinale.it/allegati_statici/costituzione/costituzione.pdf. Accessed 2026-09-25.",https://www.quirinale.it/allegati_statici/costituzione/costituzione.pdf
src-fd63a75fd5cd2e37,external,"Wikidata, “Alexander VII” (Q127254). https://www.wikidata.org/wiki/Q127254. Accessed 2026-09-25.",,,"Wikidata, “Alexander VII” (Q127254). https://www.wikidata.org/wiki/Q127254. Accessed 2026-09-25.",https://www.wikidata.org/wiki/Q127254
src-fd8cce6e75e7b840,external,"Wikidata, Q192110, revision 2525864132. https://www.wikidata.org/wiki/Q192110. Accessed 2026-09-10.",,,"Wikidata, Q192110, revision 2525864132. https://www.wikidata.org/wiki/Q192110. Accessed 2026-09-10.",https://www.wikidata.org/wiki/Q192110
src-fdc16559073471d6,external,"Museum Boijmans Van Beuningen, Caricature Portrait of Cassiano dal Pozzo, I 135 (PK). https://www.boijmans.nl/en/collection/artworks/58489/caricature-portarit-of-cassiano-dal-pozzo. Accessed 2026-09-14.",,,"Museum Boijmans Van Beuningen, Caricature Portrait of Cassiano dal Pozzo, I 135 (PK). https://www.boijmans.nl/en/collection/artworks/58489/caricature-portarit-of-cassiano-dal-pozzo. Accessed 2026-09-14.",https://www.boijmans.nl/en/collection/artworks/58489/caricature-portarit-of-cassiano-dal-pozzo
src-fdd4641ff96cc925,external,"Wikipedia (en), Plague of Ashdod (Poussin), revision 1354362812. https://en.wikipedia.org/wiki/Plague_of_Ashdod_(Poussin). Accessed 2026-09-10.",,,"Wikipedia (en), Plague of Ashdod (Poussin), revision 1354362812. https://en.wikipedia.org/wiki/Plague_of_Ashdod_(Poussin). Accessed 2026-09-10.",https://en.wikipedia.org/wiki/Plague_of_Ashdod_(Poussin)
src-fdda047f050cac94,external,"Wikipedia (en), Pope Paul V, revision 1362444318. https://en.wikipedia.org/wiki/Pope_Paul_V. Accessed 2026-09-10.",,,"Wikipedia (en), Pope Paul V, revision 1362444318. https://en.wikipedia.org/wiki/Pope_Paul_V. Accessed 2026-09-10.",https://en.wikipedia.org/wiki/Pope_Paul_V
src-fe540237b60ebee4,external,"Treccani, Vocabolario, “gentiluomo”. https://www.treccani.it/vocabolario/gentiluomo/ Accessed 2026-09-11.",,,"Treccani, Vocabolario, “gentiluomo”. https://www.treccani.it/vocabolario/gentiluomo/ Accessed 2026-09-11.",https://www.treccani.it/vocabolario/gentiluomo/
src-fe70c1e669882798,external,"Wikidata, Q153619, revision 2517434979. https://www.wikidata.org/wiki/Q153619. Accessed 2026-09-11.",,,"Wikidata, Q153619, revision 2517434979. https://www.wikidata.org/wiki/Q153619. Accessed 2026-09-11.",https://www.wikidata.org/wiki/Q153619
src-fe72a6b445760648,external,"Wikipedia (en), Mario Minniti, revision 1370410521. https://en.wikipedia.org/wiki/Mario_Minniti. Accessed 2026-09-10.",,,"Wikipedia (en), Mario Minniti, revision 1370410521. https://en.wikipedia.org/wiki/Mario_Minniti. Accessed 2026-09-10.",https://en.wikipedia.org/wiki/Mario_Minniti
src-fe7a8149f38809c1,external,"Wikidata, Q620030, revision 2542632360. https://www.wikidata.org/wiki/Q620030. Accessed 2026-09-10.",,,"Wikidata, Q620030, revision 2542632360. https://www.wikidata.org/wiki/Q620030. Accessed 2026-09-10.",https://www.wikidata.org/wiki/Q620030
src-fe7f37a6cf5a7671,external,"Wikidata, Paolo Borghese, Q7132152, revision 2335367728. https://www.wikidata.org/wiki/Q7132152. Accessed 2026-09-12.",,,"Wikidata, Paolo Borghese, Q7132152, revision 2335367728. https://www.wikidata.org/wiki/Q7132152. Accessed 2026-09-12.",https://www.wikidata.org/wiki/Q7132152
src-fe8713eb4962f73c,external,"Catalogo generale dei Beni Culturali, Crocifissione di San Pietro, 1200182974. https://catalogo.beniculturali.it/detail/HistoricOrArtisticProperty/1200182974. Accessed 2026-09-11.",,,"Catalogo generale dei Beni Culturali, Crocifissione di San Pietro, 1200182974. https://catalogo.beniculturali.it/detail/HistoricOrArtisticProperty/1200182974. Accessed 2026-09-11.",https://catalogo.beniculturali.it/detail/HistoricOrArtisticProperty/1200182974
src-feb2e33c0b247a45,external,"Wikipedia (en), Spain, revision 1373326506. https://en.wikipedia.org/wiki/Spain. Accessed 2026-09-10.",,,"Wikipedia (en), Spain, revision 1373326506. https://en.wikipedia.org/wiki/Spain. Accessed 2026-09-10.",https://en.wikipedia.org/wiki/Spain
src-fec809ede605e80a,external,"UNESCO World Heritage Centre, ""Historic Centre of Naples,"" no. 726. https://whc.unesco.org/en/list/726/. Accessed 2026-09-09.",,,"UNESCO World Heritage Centre, ""Historic Centre of Naples,"" no. 726. https://whc.unesco.org/en/list/726/. Accessed 2026-09-09.",https://whc.unesco.org/en/list/726/
src-fedba998734042c0,external,"Fondazione Musei Civici di Venezia, “Sagredo Zaccaria, procuratore - Ritratti - Acquaforte,” Museo Correr catalogue, https://www.archiviodellacomunicazione.it/Sicap/Stampe/4984/?WEB=MuseiVe. Accessed 2026-09-25.",,,"Fondazione Musei Civici di Venezia, “Sagredo Zaccaria, procuratore - Ritratti - Acquaforte,” Museo Correr catalogue, https://www.archiviodellacomunicazione.it/Sicap/Stampe/4984/?WEB=MuseiVe. Accessed 2026-09-25.",https://www.archiviodellacomunicazione.it/Sicap/Stampe/4984/?WEB=MuseiVe
src-fef346c780e3de39,external,"Staatliche Museen zu Berlin, Gemäldegalerie, Der Evangelist Matthäus, Ident. 365, ObjID 870411. https://id.smb.museum/object/870411. Record updated 2025-12-15; accessed 2026-09-11.",,,"Staatliche Museen zu Berlin, Gemäldegalerie, Der Evangelist Matthäus, Ident. 365, ObjID 870411. https://id.smb.museum/object/870411. Record updated 2025-12-15; accessed 2026-09-11.",https://id.smb.museum/object/870411
src-ff896b9c5c9f5d93,external,"Wikipedia (en), Valentin de Boulogne, revision 1365070292. https://en.wikipedia.org/wiki/Valentin_de_Boulogne. Accessed 2026-09-11.",,,"Wikipedia (en), Valentin de Boulogne, revision 1365070292. https://en.wikipedia.org/wiki/Valentin_de_Boulogne. Accessed 2026-09-11.",https://en.wikipedia.org/wiki/Valentin_de_Boulogne
src-ff9d98720aab16b0,external,"Wikidata, Q140106. https://www.wikidata.org/wiki/Q140106. Accessed 2026-09-13.",,,"Wikidata, Q140106. https://www.wikidata.org/wiki/Q140106. Accessed 2026-09-13.",https://www.wikidata.org/wiki/Q140106
src-ffa7335ee0fbe8f9,external,"Marcello Sacchetti, Italian Wikipedia. https://it.wikipedia.org/wiki/Marcello_Sacchetti. Accessed 2026-09-10.",,,"Marcello Sacchetti, Italian Wikipedia. https://it.wikipedia.org/wiki/Marcello_Sacchetti. Accessed 2026-09-10.",https://it.wikipedia.org/wiki/Marcello_Sacchetti
src-ffa7d5cf39fb6be2,external,"Wikipedia (en), Kunsthistorisches Museum. https://en.wikipedia.org/wiki/Kunsthistorisches_Museum. Accessed 2026-09-13.",,,"Wikipedia (en), Kunsthistorisches Museum. https://en.wikipedia.org/wiki/Kunsthistorisches_Museum. Accessed 2026-09-13.",https://en.wikipedia.org/wiki/Kunsthistorisches_Museum
src-ffd3b497253d5dbb,external,"Wikipedia (en), Virgil, revision 1371712636. https://en.wikipedia.org/wiki/Virgil Accessed 2026-09-11.",,,"Wikipedia (en), Virgil, revision 1371712636. https://en.wikipedia.org/wiki/Virgil Accessed 2026-09-11.",https://en.wikipedia.org/wiki/Virgil
src-fff0c7a7404438b2,external,"Wikidata, Q2734679, https://www.wikidata.org/wiki/Q2734679. Accessed 2026-09-12.",,,"Wikidata, Q2734679, https://www.wikidata.org/wiki/Q2734679. Accessed 2026-09-12.",https://www.wikidata.org/wiki/Q2734679
src-fff97153335346c4,external,"Wikidata, Q52937, revision 2522239786. https://www.wikidata.org/wiki/Q52937. Accessed 2026-09-11.",,,"Wikidata, Q52937, revision 2522239786. https://www.wikidata.org/wiki/Q52937. Accessed 2026-09-11.",https://www.wikidata.org/wiki/Q52937
