candidate_id,index_entry_id,canonical_name,index_page_range,suggested_type,status
cand-0001,A.csv#0,Accademia Albrizziana,334,,open
cand-0002,A.csv#1,Accademia degli Umoristi,118,,open
cand-0003,A.csv#2,Accademia dei Lincei,"33, 99",,open
cand-0004,A.csv#3,Accademia del Disegno,241,,open
cand-0005,A.csv#4,Accademia di Pittura e Scultura,"329, 330, 363",,open
cand-0006,A.csv#5,Accademia di Pittura e Scultura,331,,open
cand-0007,A.csv#6,Accademia di S. Luca,"17, 18, 53, 121, 126, 141, 142, 150, 158, 160, 191",,open
cand-0008,A.csv#7,Accademia di S. Luca,17,,open
cand-0009,A.csv#8,Accademia di S. Luca,"17, 18, 20, 121",,open
cand-0010,A.csv#9,"Acqua, Cristoforo dall'",327,,open
cand-0011,A.csv#10,"Adam, James","302, 310, 392",,open
cand-0012,A.csv#11,"Adam, Robert","301, 310n, 392",,open
cand-0013,A.csv#12,"Adam, Robert",336,,open
cand-0014,A.csv#13,"Adami, Luigi",,,open
cand-0015,A.csv#14,"Adami, Luigi",158,,open
cand-0016,A.csv#15,"Adamo, Giovanni",10,,open
cand-0017,A.csv#16,"Adda, Cardinal d'",166n,,open
cand-0018,A.csv#17,"Agucchi, Giovanni Battista","28, 159, 397-398",,open
cand-0019,A.csv#18,"Aix-la-Chapelle, Peace of",318,,open
cand-0020,A.csv#19,"Albani, Cardinal Annibale",166n,,open
cand-0021,A.csv#20,"Albani, Francesco","131, 141, 169, 178",,open
cand-0022,A.csv#21,"Albani, Gianfrancesco (Pope Clement XI)","xviii, 19, 129, 163, 222",,open
cand-0023,A.csv#22,"Albergati-Capacelli, Francesco",336,,open
cand-0024,A.csv#23,"Albrizzi, Almorò",334,,open
cand-0025,A.csv#24,"Albrizzi, Giambattista","334, 335, 336, 343, 345",,open
cand-0026,A.csv#25,"Albrizzi, Giambattista","334, 335",,open
cand-0027,A.csv#26,"Albrizzi, Giambattista","334, 335, 336",,open
cand-0028,A.csv#27,"Albrizzi, Giambattista",334,,open
cand-0029,A.csv#28,"Albrizzi, Giambattista",336,,open
cand-0030,A.csv#29,"Albrizzi, Giambattista","337, 344",,open
cand-0031,A.csv#30,"Aldobrandini, Ippolito (Pope Clement VIII)","25, 26, 67",,open
cand-0032,A.csv#31,"Aldobrandini, Cardinal Pietro (nephew of Pope Clement VIII)","25, 27, 39, 398",,open
cand-0033,A.csv#32,"Aldobrandini, Cardinal Pietro (nephew of Pope Clement VIII)","25, 160, 171",,open
cand-0034,A.csv#35,"Algardi, Alessandro","59, 71, 91, 148, 159, 176, 182, 183, 190",,open
cand-0035,A.csv#36,"Algardi, Alessandro",148,,open
cand-0036,A.csv#37,"Algardi, Alessandro",148,,open
cand-0037,A.csv#38,"Algardi, Alessandro",371,,open
cand-0038,A.csv#39,"Algardi, Alessandro","182, 183",,open
cand-0039,A.csv#40,"Algardi, Alessandro",148,,open
cand-0040,A.csv#41,"Algarotti, Bonomo","293, 347, 348, 350n, 355, 356, 357, 361",,open
cand-0041,A.csv#42,"Algarotti, Francesco","256n, 264, 266, 267, 293n, 300, 303, 307, 309, 330, 331, 343, 363, 373, 407, 408, 409",,open
cand-0042,A.csv#43,"Algarotti, Francesco",363,,open
cand-0043,A.csv#44,"Algarotti, Francesco","347, 349, 357",,open
cand-0044,A.csv#45,"Algarotti, Francesco",357,,open
cand-0045,A.csv#46,"Algarotti, Francesco",353,,open
cand-0046,A.csv#47,"Algarotti, Francesco","319, 320",,open
cand-0047,A.csv#48,"Algarotti, Francesco","349, 356, 357",,open
cand-0048,A.csv#49,"Algarotti, Francesco",321,,open
cand-0049,A.csv#50,"Algarotti, Francesco","356, 357, 358",,open
cand-0050,A.csv#51,"Algarotti, Francesco","348, 358",,open
cand-0051,A.csv#52,"Algarotti, Francesco",355,,open
cand-0052,A.csv#53,"Algarotti, Francesco","347, 349, 351, 352, 353, 354, 355, 357, 359, 360",,open
cand-0053,A.csv#54,"Algarotti, Francesco",354,,open
cand-0054,A.csv#55,"Algarotti, Francesco","354, 359",,open
cand-0055,A.csv#56,"Algarotti, Francesco",359,,open
cand-0056,A.csv#57,"Algarotti, Francesco","350, 351",,open
cand-0057,A.csv#58,"Algarotti, Francesco",356,,open
cand-0058,A.csv#59,"Algarotti, Francesco","357, 358, 359",,open
cand-0059,A.csv#60,"Algarotti, Francesco","354, 355, 359",,open
cand-0060,A.csv#61,"Algarotti, Francesco",361,,open
cand-0061,A.csv#62,"Algarotti, Francesco",348,,open
cand-0062,A.csv#63,"Algarotti, Francesco",354,,open
cand-0063,A.csv#64,"Algarotti, Francesco",356,,open
cand-0064,A.csv#65,"Algarotti, Francesco",355,,open
cand-0065,A.csv#66,"Algarotti, Francesco","349, 356, 357",,open
cand-0066,A.csv#67,"Algarotti, Francesco",358,,open
cand-0067,A.csv#68,"Algarotti, Francesco",354,,open
cand-0068,A.csv#69,"Algarotti, Francesco",348,,open
cand-0069,A.csv#70,"Algarotti, Francesco",360,,open
cand-0070,A.csv#71,"Algarotti, Francesco","349, 350, 355",,open
cand-0071,A.csv#72,"Algarotti, Francesco","350, 351, 352",,open
cand-0072,A.csv#73,"Algarotti, Francesco","350, 351, 352",,open
cand-0073,A.csv#74,"Algarotti, Francesco","294, 295, 298, 349, 356",,open
cand-0074,A.csv#75,"Algarotti, Francesco",354n,,open
cand-0075,A.csv#76,"Algarotti, Francesco",350,,open
cand-0076,A.csv#77,"Algarotti, Francesco","358, 359",,open
cand-0077,A.csv#78,"Algarotti, Francesco",360,,open
cand-0078,A.csv#79,"Algarotti, Francesco",360n,,open
cand-0079,A.csv#80,"Algarotti, Francesco","359, 360",,open
cand-0080,A.csv#81,"Algarotti, Francesco",349,,open
cand-0081,A.csv#82,"Algarotti, Francesco",349,,open
cand-0082,A.csv#83,"Algarotti, Francesco","352, 353, 354, 355, 356",,open
cand-0083,A.csv#84,"Algarotti, Francesco",357,,open
cand-0084,A.csv#85,"Allegrini, Francesco",157,,open
cand-0085,A.csv#86,"Altham, James",197,,open
cand-0086,A.csv#87,Alticchiero (Querini villa),"369, 370, 371, 372",,open
cand-0087,A.csv#88,"Altieri, Emilio (Pope Clement X)","118, 161, 162",,open
cand-0088,A.csv#89,"Altieri, Emilio (Pope Clement X)",162,,open
cand-0089,A.csv#90,"Altieri, Don Gasparo",161,,open
cand-0090,A.csv#91,Altieri palace,"118, 156, 161",,open
cand-0091,A.csv#92,"Amelot de la Houssaye, A. N.",247n,,open
cand-0092,A.csv#93,"Ameyden, Dirk","41, 94, 137n",,open
cand-0093,A.csv#94,"Ameyden, Dirk","4n, 137n",,open
cand-0094,A.csv#95,"Amigoni, Jacopo","251, 271, 286, 295, 297, 340, 351, 405",,open
cand-0095,A.csv#96,"Amigoni, Jacopo",316,,open
cand-0096,A.csv#97,"Amigoni, Jacopo",287,,open
cand-0097,A.csv#98,"Amigoni, Jacopo",316,,open
cand-0098,A.csv#99,"Amigoni, Jacopo",393,,open
cand-0099,A.csv#100,"Amigoni, Jacopo",315,,open
cand-0100,A.csv#101,"Amigoni, Jacopo",316,,open
cand-0101,A.csv#102,"Amigoni, Jacopo",316,,open
cand-0102,A.csv#103,"Amigoni, Jacopo","286, 287, 292",,open
cand-0103,A.csv#104,"Andreosi, Francesco",,,open
cand-0104,A.csv#105,"Andreosi, Francesco",366,,open
cand-0105,A.csv#106,"Angeli, Filippo d' (Napoletano)","29, 50, 95",,open
cand-0106,A.csv#107,"Angeli, Giuseppe",274,,open
cand-0107,A.csv#108,"Angeloni, Francesco","53n, 114, 158",,open
cand-0108,A.csv#109,"Animuccia, Giovanni",70,,open
cand-0109,A.csv#110,"Anne of Austria, Regent of France",182,,open
cand-0110,A.csv#111,"Anne, Queen of England","196, 197",,open
cand-0111,A.csv#112,Anti-papal satire in reign of Alexander VII,"153, 154",,open
cand-0112,A.csv#113,"Antonazzi, Antonio Maria",116n,,open
cand-0113,A.csv#114,"Aquaviva, Claudio",67,,open
cand-0114,A.csv#115,"Arcadia, Society of","19, 161, 317, 318",,open
cand-0115,A.csv#116,"Arconato, Galeazzo",106,,open
cand-0116,A.csv#117,Ariosto,339,,open
cand-0117,A.csv#118,Ariosto,"103, 336",,open
cand-0118,A.csv#119,"Arlington, Lord",195,,open
cand-0119,A.csv#120,"Armanni, G. A.","374, 380",,open
cand-0120,A.csv#121,"Armanni, Vincenzo",9n,,open
cand-0121,A.csv#122,"Arpino, Cavaliere d'","27, 30, 56, 95",,open
cand-0122,A.csv#123,"Arrighi-Landini, Orazio",,,open
cand-0123,A.csv#124,"Arrighi-Landini, Orazio",301n,,open
cand-0124,A.csv#125,Arrighini,194,,open
cand-0125,A.csv#126,Art dealers,"120, 121, 122, 123, 124, 125, 150",,open
cand-0126,A.csv#127,Art dealers,"265, 306, 312, 346, 373, 374, 375, 376, 377, 378",,open
cand-0127,A.csv#128,Art exhibitions,,,open
cand-0128,A.csv#129,Art exhibitions,"240, 241",,open
cand-0129,A.csv#130,Art exhibitions,,,open
cand-0130,A.csv#131,Art exhibitions,"129, 130",,open
cand-0131,A.csv#132,Art exhibitions,"126, 127",,open
cand-0132,A.csv#133,Art exhibitions,125,,open
cand-0133,A.csv#134,Art exhibitions,"127, 128",,open
cand-0134,A.csv#135,Art exhibitions,"128, 129, 211",,open
cand-0135,A.csv#136,Art exhibitions,,,open
cand-0136,A.csv#137,Art exhibitions,331,,open
cand-0137,A.csv#138,Art exhibitions,330,,open
cand-0138,A.csv#139,Art exhibitions,"240, 331, 363",,open
cand-0139,A.csv#140,"'Artistic temperament', development of concept","21, 22, 23",,open
cand-0140,A.csv#141,"Artist's position in society, Andrea Memmo on","330, 394, 395",,open
cand-0141,A.csv#142,"Artists, status of in 17th-century Rome","16, 17, 18, 19, 20, 21, 22, 23, 220",,open
cand-0142,A.csv#143,"Arundel, Lord","3, 97, 177, 179, 341",,open
cand-0143,A.csv#144,"Assereto, Gioacchino",197,,open
cand-0144,A.csv#145,"Astalli (Pamfili), Camillo",148,,open
cand-0145,A.csv#146,"Audran, Benoit",370,,open
cand-0146,A.csv#147,"Augustus II of Poland (Frederick Augustus I, Elector of Saxony)","266, 278, 294",,open
cand-0147,A.csv#148,"Augustus II of Poland (Frederick Augustus I, Elector of Saxony)",294,,open
cand-0148,A.csv#149,"Augustus III of Poland (Frederick Augustus II, Elector of Saxony)","277, 294, 295, 298, 307, 344, 349, 350, 351",,open
cand-0149,A.csv#150,"Augustus III of Poland (Frederick Augustus II, Elector of Saxony)","294, 295, 298, 349, 350, 351, 353, 355",,open
cand-0150,A.csv#151,"Augustus III of Poland (Frederick Augustus II, Elector of Saxony)",295,,open
cand-0151,A.csv#152,"Augustus III of Poland (Frederick Augustus II, Elector of Saxony)","294, 295, 350, 351",,open
cand-0152,A.csv#153,"Augustus III of Poland (Frederick Augustus II, Elector of Saxony)",294,,open
cand-0153,A.csv#154,"Azzolini, Cardinal",128,,open
cand-0154,B.csv#1,Baccinelli,195,,open
cand-0155,B.csv#2,"Bacon, Sir Francis","107n, 320, 370",,open
cand-0156,B.csv#3,"Baglione, Giovanni","66, 84, 127, 159, 175",,open
cand-0157,B.csv#4,"Baglione, Giovanni",127,,open
cand-0158,B.csv#5,"Baglione, Giovanni",66,,open
cand-0159,B.csv#6,Baglioni collection,"214, 260n",,open
cand-0160,B.csv#7,"Bagnara, Duchess of",209,,open
cand-0161,B.csv#8,"Bagutti, Pietro Martire",281,,open
cand-0162,B.csv#9,"Baines, Sir Thomas",197,,open
cand-0163,B.csv#10,"Baker, Thomas","17, 37, 179",,open
cand-0164,B.csv#11,"Balbi, Paolo Battista",203,,open
cand-0165,B.csv#12,"Baldi, Lazzaro",60,,open
cand-0166,B.csv#13,"Baldinucci, Filippo","17, 23, 102, 154, 158",,open
cand-0167,B.csv#14,"Baldoini, Giovanni Gasparo",6n,,open
cand-0168,B.csv#15,"Balestra, Antonio","194, 221n, 225, 227, 251, 271, 282, 351",,open
cand-0169,B.csv#16,"Balestra, Antonio",289n,,open
cand-0170,B.csv#17,"Balestrieri, Gabriele",177n,,open
cand-0171,B.csv#18,"Bambini, Niccolò","247, 249, 251, 252, 270",,open
cand-0172,B.csv#19,"Bambini, Niccolò",249,,open
cand-0173,B.csv#20,Bamboccianti,"132, 133, 134, 135, 136, 137, 138, 140, 384",,open
cand-0174,B.csv#21,Bamboccianti,"132, 140, 141, 142, 143, 150",,open
cand-0175,B.csv#22,Bamboccianti,"133, 134",,open
cand-0176,B.csv#23,Bamboccianti,"133, 134, 137, 138, 139, 140",,open
cand-0177,B.csv#24,Bamboccianti,141,,open
cand-0178,B.csv#25,Bamboccianti,"136, 137",,open
cand-0179,B.csv#26,"Bandinelli, Baccio",103,,open
cand-0180,B.csv#27,"Bandino, Cardinal",86,,open
cand-0181,B.csv#28,"Baratta, Francesco",149,,open
cand-0182,B.csv#29,"Barbarigo, Caterina",333,,open
cand-0183,B.csv#30,"Barbarigo, Pietro",254,,open
cand-0184,B.csv#31,"Barbaro, Antonio","248, 249, 253",,open
cand-0185,B.csv#32,"Barbaro, Antonio","248, 249",,open
cand-0186,B.csv#33,"Barberini, Cardinal Antonio (brother to Urban VIII) (Cardinal di S. Onofrio)","31, 42, 43, 52",,open
cand-0187,B.csv#34,"Barberini, Cardinal Antonio (nephew to Urban VIII)","7, 31, 43, 51, 54, 55, 56, 59, 60, 62, 64, 104, 131, 180",,open
cand-0188,B.csv#35,"Barberini, Cardinal Antonio (nephew to Urban VIII)",60,,open
cand-0189,B.csv#36,"Barberini, Cardinal Antonio (nephew to Urban VIII)",54,,open
cand-0190,B.csv#37,"Barberini, Cardinal Antonio (nephew to Urban VIII)",60,,open
cand-0191,B.csv#38,"Barberini, Cardinal Antonio (nephew to Urban VIII)","55, 56",,open
cand-0192,B.csv#39,"Barberini, Cardinal Antonio (nephew to Urban VIII)","54, 55, 56",,open
cand-0193,B.csv#40,"Barberini, Cardinal Antonio (nephew to Urban VIII)","59, 60",,open
cand-0194,B.csv#41,"Barberini, Carlo (brother to Urban VIII)","26, 31",,open
cand-0195,B.csv#42,"Barberini, Carlo (brother to Urban VIII)",41,,open
cand-0196,B.csv#43,"Barberini, Carlo (brother to Urban VIII)",31,,open
cand-0197,B.csv#44,"Barberini, Carlo (brother to Urban VIII)",41,,open
cand-0198,B.csv#45,Barberini family,"396, 403",,open
cand-0199,B.csv#46,"Barberini, Cardinal Francesco (nephew to Urban VIII)","11, 17, 31, 43, 44, 45, 46, 50, 51, 53, 54, 57, 59, 60, 61, 62, 99, 100, 108, 109, 112, 116, 164, 181, 397",,open
cand-0200,B.csv#47,"Barberini, Cardinal Francesco (nephew to Urban VIII)",44,,open
cand-0201,B.csv#48,"Barberini, Cardinal Francesco (nephew to Urban VIII)","44, 45",,open
cand-0202,B.csv#49,"Barberini, Cardinal Francesco (nephew to Urban VIII)","44, 45, 46",,open
cand-0203,B.csv#50,"Barberini, Cardinal Francesco (nephew to Urban VIII)","53, 54",,open
cand-0204,B.csv#51,"Barberini, Cardinal Francesco (nephew to Urban VIII)","59, 181",,open
cand-0205,B.csv#52,"Barberini, Cardinal Francesco (nephew to Urban VIII)","43, 44, 56, 61",,open
cand-0206,B.csv#53,"Barberini, Cardinal Francesco (nephew to Urban VIII)",46,,open
cand-0207,B.csv#54,"Barberini, Cardinal Francesco (nephew to Urban VIII)","43, 44",,open
cand-0208,B.csv#55,"Barberini, Monsignor Francesco (uncle to Urban VIII)","24, 25",,open
cand-0209,B.csv#56,"Barberini, Maffeo (Pope Urban VIII)","3, 4, 10, 13n, 17, 19, 24, 25, 26, 27, 28, 29, 30, 31, 32, 33, 34, 35, 36, 37, 38, 39, 40, 41, 42, 43, 44, 45, 46, 47, 48, 49, 50, 51, 52, 53, 54, 55, 56, 57, 58, 59, 60, 61, 62, 72, 96, 98, 112, 146, 149, 176, 177, 179, 181, 184, 396, 397",,open
cand-0210,B.csv#57,"Barberini, Maffeo (Pope Urban VIII)",33,,open
cand-0211,B.csv#58,"Barberini, Maffeo (Pope Urban VIII)","54, 55",,open
cand-0212,B.csv#59,"Barberini, Maffeo (Pope Urban VIII)",64,,open
cand-0213,B.csv#60,"Barberini, Maffeo (Pope Urban VIII)","42, 43",,open
cand-0214,B.csv#61,"Barberini, Maffeo (Pope Urban VIII)","26, 34, 35, 36",,open
cand-0215,B.csv#62,"Barberini, Maffeo (Pope Urban VIII)",26,,open
cand-0216,B.csv#63,"Barberini, Maffeo (Pope Urban VIII)",26,,open
cand-0217,B.csv#64,"Barberini, Maffeo (Pope Urban VIII)",27,,open
cand-0218,B.csv#65,"Barberini, Maffeo (Pope Urban VIII)",27,,open
cand-0219,B.csv#66,"Barberini, Maffeo (Pope Urban VIII)","25, 26, 30",,open
cand-0220,B.csv#67,"Barberini, Maffeo (Pope Urban VIII)","40, 41",,open
cand-0221,B.csv#68,"Barberini, Maffeo (Pope Urban VIII)","59, 112",,open
cand-0222,B.csv#69,"Barberini, Maffeo (Pope Urban VIII)","40, 85",,open
cand-0223,B.csv#70,"Barberini, Maffeo (Pope Urban VIII)",31,,open
cand-0224,B.csv#71,"Barberini, Maffeo (Pope Urban VIII)","4, 34",,open
cand-0225,B.csv#72,"Barberini, Maffeo (Pope Urban VIII)",33,,open
cand-0226,B.csv#73,"Barberini, Maffeo (Pope Urban VIII)",40,,open
cand-0227,B.csv#74,"Barberini, Maffeo (Pope Urban VIII)","34, 35, 36, 37, 176, 177",,open
cand-0228,B.csv#75,"Barberini, Maffeo (Pope Urban VIII)",49,,open
cand-0229,B.csv#76,"Barberini, Maffeo (Pope Urban VIII)","38, 39, 40",,open
cand-0230,B.csv#77,"Barberini, Maffeo (Pope Urban VIII)","24, 40, 85",,open
cand-0231,B.csv#78,"Barberini, Maffeo (Pope Urban VIII)",25,,open
cand-0232,B.csv#79,"Barberini, Maffeo (Pope Urban VIII)","40, 41",,open
cand-0233,B.csv#80,"Barberini, Maffeo (Pope Urban VIII)",31,,open
cand-0234,B.csv#81,"Barberini, Maffeo (Pope Urban VIII)","31, 32",,open
cand-0235,B.csv#82,"Barberini, Maffeo (Pope Urban VIII)","60, 61",,open
cand-0236,B.csv#83,"Barberini, Maffeo (Pope Urban VIII)","41, 42, 59",,open
cand-0237,B.csv#84,"Barberini, Maffeo (Pope Urban VIII)",25,,open
cand-0238,B.csv#85,"Barberini, Prince Maffeo (son of Taddeo Barberini)",61,,open
cand-0239,B.csv#86,"Barberini, Taddeo (nephew to Urban VIII)","31, 43, 46, 47, 48, 49, 51, 54, 56, 59, 146, 147",,open
cand-0240,B.csv#87,Barberini palace,"46, 47, 48, 49, 50, 51, 52, 53",,open
cand-0241,B.csv#88,Barberini palace,"56, 57, 58",,open
cand-0242,B.csv#89,"Barelli, Agostino",,,open
cand-0243,B.csv#90,"Barelli, Agostino",193,,open
cand-0244,B.csv#91,"Barelli, Agostino",193,,open
cand-0245,B.csv#92,"Baretti, Giuseppe","318, 328",,open
cand-0246,B.csv#93,Barnabotti,325,,open
cand-0247,B.csv#94,"Barocci, Federico","26, 69, 71, 94, 268",,open
cand-0248,B.csv#95,"Barocci, Federico",69,,open
cand-0249,B.csv#96,"Baroni, Leonora","96, 180, 181",,open
cand-0250,B.csv#97,"Baronio, Cardinal",71,,open
cand-0251,B.csv#98,"Bartoli, Pietro Santo","117, 118",,open
cand-0252,B.csv#99,"Bartolommeo, Fra",348,,open
cand-0253,B.csv#100,"Bartolommeo, Fra",231,,open
cand-0254,B.csv#101,"Basadonna, Cardinal Pietro",162,,open
cand-0255,B.csv#102,"Bassanino, Virgilio",,,open
cand-0256,B.csv#103,"Bassanino, Virgilio",232,,open
cand-0257,B.csv#104,"Bassano, Jacopo","134, 222, 231, 262, 340, 376",,open
cand-0258,B.csv#105,"Bassano, Jacopo",313,,open
cand-0259,B.csv#106,"Bassi, Francesco (il Cremonese)","227, 228, 233",,open
cand-0260,B.csv#107,"Batoni, Pompeo","xvii, 259, 298",,open
cand-0261,B.csv#108,"Batoni, Pompeo",357,,open
cand-0262,B.csv#109,"Batoni, Pompeo","259, 357, 381",,open
cand-0263,B.csv#110,"Batoni, Pompeo",259,,open
cand-0264,B.csv#111,"Beccari, Dr",203,,open
cand-0265,B.csv#112,"Beccaria, Cesare","318, 328, 337, 369",,open
cand-0266,B.csv#113,"Beccaria, Cesare","318, 337, 369",,open
cand-0267,B.csv#114,"Bedford, John, 4th Duke of",305,,open
cand-0268,B.csv#115,"Bella, Stefano della","176, 183",,open
cand-0269,B.csv#116,"Bellini, Gentile",198,,open
cand-0270,B.csv#117,"Bellini, Giovanni","380, 410",,open
cand-0271,B.csv#118,"Belloni, Giovanni Antonio",203,,open
cand-0272,B.csv#119,"Bellori, Gian Pietro","73, 114, 117, 134, 158, 159, 160, 161, 189, 396, 402",,open
cand-0273,B.csv#120,"Bellori, Gian Pietro","160, 161",,open
cand-0274,B.csv#121,"Bellori, Gian Pietro",159,,open
cand-0275,B.csv#122,"Bellori, Gian Pietro",159,,open
cand-0276,B.csv#123,"Bellori, Gian Pietro",160,,open
cand-0277,B.csv#124,"Bellori, Gian Pietro","158, 159, 189",,open
cand-0278,B.csv#125,"Bellotti, Pietro",193,,open
cand-0279,B.csv#126,"Bellotto, Bernardo",295,,open
cand-0280,B.csv#127,"Bellotto, Bernardo",295,,open
cand-0281,B.csv#128,"Bellotto, Bernardo",298,,open
cand-0282,B.csv#129,"Bellucci, Antonio","227, 278, 280, 281, 283, 284, 294, 405, 406",,open
cand-0283,B.csv#130,"Bellucci, Antonio",281,,open
cand-0284,B.csv#131,"Bellucci, Antonio",281,,open
cand-0285,B.csv#132,"Bellucci, Giovanni Battista",203,,open
cand-0286,B.csv#133,"Bencovich, Federico",278,,open
cand-0287,B.csv#134,Benedictines,271n,,open
cand-0288,B.csv#135,"Benefial, Marco",294,,open
cand-0289,B.csv#136,"Bentinck, William",280,,open
cand-0290,B.csv#137,"Bentivoglio, Enzo","48, 49, 50, 55, 182",,open
cand-0291,B.csv#138,"Bentivoglio, Cardinal Guido","48, 49, 50, 55, 56, 64, 398",,open
cand-0292,B.csv#139,"Bentivoglio, Cardinal Guido",49,,open
cand-0293,B.csv#140,"Bentivoglio, Ippotilo",48,,open
cand-0294,B.csv#141,"Bernini, Domenico","58n, 85, 191",,open
cand-0295,B.csv#142,"Bernini, Gian Lorenzo","16, 17, 19, 28, 30, 37, 59, 61, 62, 64, 65, 75, 96, 97, 100, 103, 104, 123, 142, 159, 161, 162, 176, 177, 181, 191, 192, 348, 384, 396, 397, 399, 401",,open
cand-0296,B.csv#143,"Bernini, Gian Lorenzo","48, 58",,open
cand-0297,B.csv#144,"Bernini, Gian Lorenzo","80, 81, 82",,open
cand-0298,B.csv#145,"Bernini, Gian Lorenzo","85, 86, 87",,open
cand-0299,B.csv#146,"Bernini, Gian Lorenzo","37, 38",,open
cand-0300,B.csv#147,"Bernini, Gian Lorenzo",161,,open
cand-0301,B.csv#148,"Bernini, Gian Lorenzo",30,,open
cand-0302,B.csv#149,"Bernini, Gian Lorenzo","34, 35, 36",,open
cand-0303,B.csv#150,"Bernini, Gian Lorenzo",103,,open
cand-0304,B.csv#151,"Bernini, Gian Lorenzo",179,,open
cand-0305,B.csv#152,"Bernini, Gian Lorenzo",188,,open
cand-0306,B.csv#153,"Bernini, Gian Lorenzo",176,,open
cand-0307,B.csv#154,"Bernini, Gian Lorenzo","40, 41",,open
cand-0308,B.csv#155,"Bernini, Gian Lorenzo",100,,open
cand-0309,B.csv#156,"Bernini, Gian Lorenzo","151, 152, 153",,open
cand-0310,B.csv#157,"Bernini, Gian Lorenzo","148, 188",,open
cand-0311,B.csv#158,"Bernini, Gian Lorenzo",30,,open
cand-0312,B.csv#159,"Bernini, Gian Lorenzo","147, 148",,open
cand-0313,B.csv#160,"Bernini, Gian Lorenzo",153,,open
cand-0314,B.csv#161,"Bernini, Gian Lorenzo",34,,open
cand-0315,B.csv#162,"Bernini, Gian Lorenzo",17,,open
cand-0316,B.csv#163,"Bernini, Gian Lorenzo",188,,open
cand-0317,B.csv#164,"Bernini, Gian Lorenzo",148,,open
cand-0318,B.csv#165,"Bernini, Gian Lorenzo",191,,open
cand-0319,B.csv#166,"Bernini, Gian Lorenzo","96, 97, 387, 388, 389",,open
cand-0320,B.csv#167,"Bernini, Gian Lorenzo","176, 177",,open
cand-0321,B.csv#168,"Bernini, Gian Lorenzo",58,,open
cand-0322,B.csv#169,"Bernini, Gian Lorenzo","82, 151",,open
cand-0323,B.csv#170,"Bernini, Gian Lorenzo",362,,open
cand-0324,B.csv#171,"Bernini, Gian Lorenzo",154,,open
cand-0325,B.csv#172,"Bernini, Gian Lorenzo","34, 35, 36, 37, 176, 177",,open
cand-0326,B.csv#173,"Bernini, Gian Lorenzo",58,,open
cand-0327,B.csv#174,"Bernini, Gian Lorenzo","80, 81, 82, 85, 86",,open
cand-0328,B.csv#175,"Bernini, Gian Lorenzo",36,,open
cand-0329,B.csv#176,"Bernini, Gian Lorenzo",162,,open
cand-0330,B.csv#177,"Bernini, Gian Lorenzo",147,,open
cand-0331,B.csv#178,"Bernini, Gian Lorenzo",147,,open
cand-0332,B.csv#179,"Bernini, Gian Lorenzo",151,,open
cand-0333,B.csv#180,"Bernini, Gian Lorenzo",36,,open
cand-0334,B.csv#181,"Bernini, Gian Lorenzo","41, 42, 59",,open
cand-0335,B.csv#182,"Bernini, Gian Lorenzo","36, 37, 61, 62, 147, 148, 162",,open
cand-0336,B.csv#183,"Bernini, Gian Lorenzo","153, 187, 188",,open
cand-0337,B.csv#184,"Bernini, Gian Lorenzo",188,,open
cand-0338,B.csv#185,"Bernini, Gian Lorenzo","151, 152, 153",,open
cand-0339,B.csv#186,"Bernini, Pietro","30, 34",,open
cand-0340,B.csv#187,"Bermis, Cardinal de","245n, 271n, 369n",,open
cand-0341,B.csv#188,"Berreguete, Pedro",54,,open
cand-0342,B.csv#189,"Berrettini, Pietro (Pietro da Cortona)","xviii, 7, 11, 12n, 33, 34, 35, 36, 37, 38, 39, 40, 43, 45, 54, 56, 59, 60, 61, 62, 64, 65, 75, 83, 84, 91, 94, 101n, 103, 114, 127, 136, 147, 157, 176, 190, 197, 217, 384, 400, 401",,open
cand-0343,B.csv#190,"Berrettini, Pietro (Pietro da Cortona)",77,,open
cand-0344,B.csv#191,"Berrettini, Pietro (Pietro da Cortona)","103, 118n",,open
cand-0345,B.csv#192,"Berrettini, Pietro (Pietro da Cortona)",91,,open
cand-0346,B.csv#193,"Berrettini, Pietro (Pietro da Cortona)",75,,open
cand-0347,B.csv#194,"Berrettini, Pietro (Pietro da Cortona)",77,,open
cand-0348,B.csv#195,"Berrettini, Pietro (Pietro da Cortona)",185,,open
cand-0349,B.csv#196,"Berrettini, Pietro (Pietro da Cortona)","38, 39",,open
cand-0350,B.csv#197,"Berrettini, Pietro (Pietro da Cortona)","51, 52, 53, 62, 77, 161",,open
cand-0351,B.csv#198,"Berrettini, Pietro (Pietro da Cortona)",185,,open
cand-0352,B.csv#199,"Berrettini, Pietro (Pietro da Cortona)",33,,open
cand-0353,B.csv#200,"Berrettini, Pietro (Pietro da Cortona)","77, 148, 149",,open
cand-0354,B.csv#201,"Berrettini, Pietro (Pietro da Cortona)",103,,open
cand-0355,B.csv#202,"Berrettini, Pietro (Pietro da Cortona)",187,,open
cand-0356,B.csv#203,"Berrettini, Pietro (Pietro da Cortona)","11, 39",,open
cand-0357,B.csv#204,"Berrettini, Pietro (Pietro da Cortona)",39,,open
cand-0358,B.csv#205,"Berrettini, Pietro (Pietro da Cortona)",75,,open
cand-0359,B.csv#206,"Berrettini, Pietro (Pietro da Cortona)",149,,open
cand-0360,B.csv#207,"Berrettini, Pietro (Pietro da Cortona)",185,,open
cand-0361,B.csv#208,"Berrettini, Pietro (Pietro da Cortona)",56,,open
cand-0362,B.csv#209,"Berrettini, Pietro (Pietro da Cortona)",39,,open
cand-0363,B.csv#210,"Berrettini, Pietro (Pietro da Cortona)","38, 39",,open
cand-0364,B.csv#211,"Berrettini, Pietro (Pietro da Cortona)","76, 77, 78",,open
cand-0365,B.csv#212,"Berrettini, Pietro (Pietro da Cortona)",77,,open
cand-0366,B.csv#213,"Berrettini, Pietro (Pietro da Cortona)",59,,open
cand-0367,B.csv#214,"Berrettoni, Niccolò","161, 191, 192",,open
cand-0368,B.csv#215,"Bertos, Francesco",312,,open
cand-0369,B.csv#216,"Bettinelli, Saverio","320, 334",,open
cand-0370,B.csv#217,"Bettinelli, Saverio",320,,open
cand-0371,B.csv#218,"Bianconi, G. L.",21n,,open
cand-0372,B.csv#219,"Bianchi, Isidoro",371n,,open
cand-0373,B.csv#220,"Biffi, Giambattista","262n, 328, 360",,open
cand-0374,B.csv#221,"Bigari, Vittorio",,,open
cand-0375,B.csv#222,"Bigari, Vittorio",222,,open
cand-0376,B.csv#223,"Bingley, Lord",290,,open
cand-0377,B.csv#224,"Bizoni, Bernardo",301,,open
cand-0378,B.csv#225,"Blainville, Monsieur de",245n,,open
cand-0379,B.csv#226,"Blunt, Sir Anthony",264n,,open
cand-0380,B.csv#227,"Boccage, Mme de",302,,open
cand-0381,B.csv#228,Bologna,"203, 204",,open
cand-0382,B.csv#229,Bologna,203,,open
cand-0383,B.csv#230,Bombelli Sebastiano,"227, 278",,open
cand-0384,B.csv#231,Bombelli Sebastiano,227,,open
cand-0385,B.csv#232,"Bonati, Giovanni",6n,,open
cand-0386,B.csv#233,"Boncampagni, Ugo (Pope Gregory XIII)","67, 68",,open
cand-0387,B.csv#234,Bonfiglioli collection,266,,open
cand-0388,B.csv#235,"Boni, Giacomo Antonio","201, 214n",,open
cand-0389,B.csv#236,"Boni, Giacomo Antonio",201,,open
cand-0390,B.csv#237,Book illustration,"332, 333, 334, 335, 336, 337, 338, 339",,open
cand-0391,B.csv#238,"Bordone, Paris",241,,open
cand-0392,B.csv#239,"Bordoni, Francesco",174,,open
cand-0393,B.csv#240,"Borghese, Camillo (Pope Paul V)","3, 16, 17, 21, 25, 26, 27, 28, 30, 64, 72",,open
cand-0394,B.csv#241,"Borghese, Cardinal Scipione","27, 28, 30, 49, 76n, 123, 183, 398",,open
cand-0395,B.csv#242,"Borghese, Cardinal Scipione",37,,open
cand-0396,B.csv#243,"Borghese, Cardinal Scipione","27, 28",,open
cand-0397,B.csv#244,"Borghese, Cardinal Scipione",27,,open
cand-0398,B.csv#245,Borghese Palace,49,,open
cand-0399,B.csv#246,"Borgognone, Giacomo (Jacques Courtois)","78, 79, 87, 89, 91, 136, 137, 143, 207, 264",,open
cand-0400,B.csv#247,"Borgognone, Giacomo (Jacques Courtois)",79,,open
cand-0401,B.csv#248,"Borgognone, Guglielmo (Guillaume Courtois)","7n, 79, 87",,open
cand-0402,B.csv#249,"Borgognone, Guglielmo (Guillaume Courtois)",87,,open
cand-0403,B.csv#250,"Borromeo, Cardinal Federico",151,,open
cand-0404,B.csv#251,"Borromini, Francesco","48, 59, 61, 75, 76, 86, 104, 147, 148, 348, 397",,open
cand-0405,B.csv#252,"Borromini, Francesco","75, 76",,open
cand-0406,B.csv#253,"Borromini, Francesco","147, 148",,open
cand-0407,B.csv#254,"Borromini, Francesco","75, 76",,open
cand-0408,B.csv#255,"Borromini, Francesco",75,,open
cand-0409,B.csv#256,"Borromini, Francesco",75,,open
cand-0410,B.csv#257,"Borzone, Francesco",189,,open
cand-0411,B.csv#258,"Boscarati, Felice","326, 327, 408",,open
cand-0412,B.csv#259,"Boschini, Marco",,,open
cand-0413,B.csv#260,"Boschini, Marco",345,,open
cand-0414,B.csv#261,"Boscovich, P.",363n,,open
cand-0415,B.csv#262,"Bossuet, Jacques-Bénigne","334, 335",,open
cand-0416,B.csv#263,"Both, Jan",172,,open
cand-0417,B.csv#264,"Bottari, Giovanni",348,,open
cand-0418,B.csv#265,"Botti, Francesco",233n,,open
cand-0419,B.csv#266,"Bouchard, Jean-Jacques","56, 57, 107, 108",,open
cand-0420,B.csv#267,"Bouchardon, Edmé",356,,open
cand-0421,B.csv#268,"Boucher, François","257, 291, 335, 351, 354",,open
cand-0422,B.csv#269,"Boucher, François",293,,open
cand-0423,B.csv#270,"Boucher, François",291,,open
cand-0424,B.csv#271,"Bracci, Pietro",,,open
cand-0425,B.csv#272,"Bracci, Pietro",93n,,open
cand-0426,B.csv#273,"Bracciano, Duke of","7n, 97n",,open
cand-0427,B.csv#274,"Bracciano, Paolo Giordano I Orsini, Duke of",98n,,open
cand-0428,B.csv#275,"Bracciano, Paolo Giordona II Orsini, Duke of","95, 96, 97, 98, 99, 401",,open
cand-0429,B.csv#276,"Bracciano, Paolo Giordona II Orsini, Duke of",97,,open
cand-0430,B.csv#277,"Bracciano, Paolo Giordona II Orsini, Duke of",97,,open
cand-0431,B.csv#278,"Bracciano, Paolo Giordona II Orsini, Duke of",97,,open
cand-0432,B.csv#279,"Bracciano, Paolo Giordona II Orsini, Duke of",97,,open
cand-0433,B.csv#280,"Bracciano, Paolo Giordona II Orsini, Duke of","96, 97",,open
cand-0434,B.csv#281,"Bracciano, Paolo Giordona II Orsini, Duke of","387, 388, 389",,open
cand-0435,B.csv#282,"Bracciano, Paolo Giordona II Orsini, Duke of","97, 98",,open
cand-0436,B.csv#283,"Bracciano, Paolo Giordona II Orsini, Duke of",96,,open
cand-0437,B.csv#284,"Bracciano, Paolo Giordona II Orsini, Duke of","95, 96, 97",,open
cand-0438,B.csv#285,"Bracciano, Paolo Giordona II Orsini, Duke of",97,,open
cand-0439,B.csv#286,"Bracciano, Paolo Giordona II Orsini, Duke of",96,,open
cand-0440,B.csv#287,"Bracciolini, Francesco","51, 52, 53, 57",,open
cand-0441,B.csv#288,"Bracciolini, Francesco",52,,open
cand-0442,B.csv#289,"Bracciolini, Francesco","52, 53",,open
cand-0443,B.csv#290,"Bramante, Donato",103,,open
cand-0444,B.csv#291,"Bramer, Leonard",206,,open
cand-0445,B.csv#292,"Brand, Johannes Christian",342,,open
cand-0446,B.csv#293,"Brandi, Giacinto","12, 18, 80, 88, 122, 136, 197, 207, 210",,open
cand-0447,B.csv#294,"Brandi, Giacinto","386, 387",,open
cand-0448,B.csv#295,"Breughel, Abram",210,,open
cand-0449,B.csv#296,"Breughel, Velvet",206,,open
cand-0450,B.csv#297,"Breuil, Toussaint du",173,,open
cand-0451,B.csv#298,"Breval, John","222, 266, 301, 306, 307",,open
cand-0452,B.csv#299,"Brienne, Lomenie de","181, 184, 185, 186",,open
cand-0453,B.csv#300,"Brill, Paul",206,,open
cand-0454,B.csv#301,"Brosse, Salomon de",174,,open
cand-0455,B.csv#302,"Brosses, Président Charles De","245, 260, 311n",,open
cand-0456,B.csv#303,"Brugiori, Domenico",,,open
cand-0457,B.csv#304,"Brugiori, Domenico",227,,open
cand-0458,B.csv#305,"Brühl, Count","294, 295, 352, 353",,open
cand-0459,B.csv#306,"Brunelleschi, Filippo",103,,open
cand-0460,B.csv#307,"Brusasorci, Felice",216,,open
cand-0461,B.csv#308,"Brusoni, Girolamo",149n,,open
cand-0462,B.csv#309,"Brusoni, Girolamo",149n,,open
cand-0463,B.csv#310,"Brustolon, Andrea","337, 340",,open
cand-0464,B.csv#312,"Buckingham, Charles Villiers, Duke of",178,,open
cand-0465,B.csv#313,"Buckingham, John Sheffield, Duke of","280, 281",,open
cand-0466,B.csv#314,"Buonaccorsi, Count Orlando",223n,,open
cand-0467,B.csv#315,"Buonaccorsi, Raimondo","223, 224, 225, 404",,open
cand-0468,B.csv#316,"Buonaccorsi, Raimondo","224, 225",,open
cand-0469,B.csv#317,"Buonaccorsi, Cardinal Simone",223,,open
cand-0470,B.csv#318,"Burlington, Lord","280, 286, 308, 309, 356",,open
cand-0471,B.csv#319,"Burlington, Lord","280, 356",,open
cand-0472,B.csv#320,"Burnacini, Lodovico Ottavio",193,,open
cand-0473,B.csv#321,"Burrini, Giovanni Antonio",204,,open
cand-0474,B.csv#322,"Bussi, Francesca",223,,open
cand-0475,B.csv#323,"Byng, Admiral",200n,,open
cand-0476,C.csv#0,"Cadani, Stefano",194,,open
cand-0477,C.csv#1,"Cadogan, Lord",284,,open
cand-0478,C.csv#2,"Cagnacci, Guido","195, 241",,open
cand-0479,C.csv#3,"Cagnacci, Guido",241,,open
cand-0480,C.csv#4,Caime,337,,open
cand-0481,C.csv#5,"Calandrucci, Giacinto","192, 197",,open
cand-0482,C.csv#6,"Callot, Jacques","95, 133, 343",,open
cand-0483,C.csv#7,"Callot, Jacques",213,,open
cand-0484,C.csv#8,"Camassei, Andrea","10n, 50, 51, 56, 57, 61, 121, 131",,open
cand-0485,C.csv#9,"Camassei, Andrea",50,,open
cand-0486,C.csv#10,"Camassei, Andrea",50,,open
cand-0487,C.csv#11,"Camassei, Andrea","50, 51",,open
cand-0488,C.csv#12,"Cambiaso, Luca",29,,open
cand-0489,C.csv#13,"Camerata, Giuseppe",260n,,open
cand-0490,C.csv#14,"Camerino, Giovanni Angelo da",55n,,open
cand-0491,C.csv#15,"Campanella, Tommaso",40n,,open
cand-0492,C.csv#16,"Campbell, Colen",,,open
cand-0493,C.csv#17,"Campbell, Colen",309,,open
cand-0494,C.csv#18,"Campione, Giovanni da",215,,open
cand-0495,C.csv#19,"Canal, Fabio",254n,,open
cand-0496,C.csv#20,"Canal, Gerolamo",304,,open
cand-0497,C.csv#21,"Canale, Procuratore",214n,,open
cand-0498,C.csv#22,Canaletto,"226, 228, 262, 265, 270, 288, 289, 293, 314, 315, 319, 322, 330n, 342, 351, 355, 361, 374, 375, 377, 382n, 384, 392, 393, 407",,open
cand-0499,C.csv#23,Canaletto,"347, 349, 357",,open
cand-0500,C.csv#24,Canaletto,357,,open
cand-0501,C.csv#25,Canaletto,"291, 292",,open
cand-0502,C.csv#26,Canaletto,310,,open
cand-0503,C.csv#27,Canaletto,340,,open
cand-0504,C.csv#28,Canaletto,277n,,open
cand-0505,C.csv#29,Canaletto,277n,,open
cand-0506,C.csv#30,Canaletto,"308, 309",,open
cand-0507,C.csv#31,Canaletto,"315, 316",,open
cand-0508,C.csv#32,Canaletto,,,open
cand-0509,C.csv#33,Canaletto,305,,open
cand-0510,C.csv#34,Canaletto,305,,open
cand-0511,C.csv#35,Canaletto,305,,open
cand-0512,C.csv#36,Canaletto,289n,,open
cand-0513,C.csv#37,Canaletto,262,,open
cand-0514,C.csv#38,Canaletto,"304, 305, 306, 307, 308",,open
cand-0515,C.csv#39,Canaletto,308,,open
cand-0516,C.csv#40,Canaletto,"307, 308",,open
cand-0517,C.csv#41,Canaletto,305,,open
cand-0518,C.csv#42,Canaletto,"307, 308",,open
cand-0519,C.csv#43,Canaletto,308,,open
cand-0520,C.csv#44,Canaletto,307,,open
cand-0521,C.csv#45,Canaletto,305,,open
cand-0522,C.csv#46,Canaletto,265,,open
cand-0523,C.csv#47,Canaletto,289n,,open
cand-0524,C.csv#48,Canaletto,289n,,open
cand-0525,C.csv#49,Canaletto,312,,open
cand-0526,C.csv#50,Canaletto,316,,open
cand-0527,C.csv#51,Canaletto,316,,open
cand-0528,C.csv#52,Canaletto,292,,open
cand-0529,C.csv#53,Candiani,187,,open
cand-0530,C.csv#54,"Canini, Giovanni Angelo","154, 161, 187n, 197n",,open
cand-0531,C.csv#55,Canons (Duke of Chandos),281,,open
cand-0532,C.csv#56,"Canova, Antonio","363, 364, 367, 371, 374",,open
cand-0533,C.csv#57,"Canova, Antonio","371, 372n",,open
cand-0534,C.csv#58,"Canova, Antonio",367,,open
cand-0535,C.csv#59,"Canova, Antonio",377,,open
cand-0536,C.csv#60,"Canova, Antonio",367,,open
cand-0537,C.csv#61,"Cappello, Antonio",367,,open
cand-0538,C.csv#62,"Caprara, Marshal",201,,open
cand-0539,C.csv#63,Capuchins,271,,open
cand-0540,C.csv#64,"Caraboli, Giacomo",394,,open
cand-0541,C.csv#65,"Caracciolo, Giovanni Battista",205,,open
cand-0542,C.csv#66,"Carandini, Count Camillo",137,,open
cand-0543,C.csv#67,"Carandini, Marchesa Elisa",137,,open
cand-0544,C.csv#68,"Caravaggio, Michelangelo da","10, 11, 25, 27, 28, 29, 30, 46, 64, 70, 71, 95, 101, 120, 130, 134, 159, 170, 222, 396",,open
cand-0545,C.csv#69,"Caravaggio, Michelangelo da","10, 29, 30",,open
cand-0546,C.csv#70,"Caravaggio, Michelangelo da",11,,open
cand-0547,C.csv#71,"Caravaggio, Michelangelo da",125,,open
cand-0548,C.csv#72,"Caravaggio, Michelangelo da",127,,open
cand-0549,C.csv#73,"Caravaggio, Michelangelo da",70,,open
cand-0550,C.csv#74,"Caravaggio, Michelangelo da",11,,open
cand-0551,C.csv#75,"Caravaggio, Michelangelo da",25,,open
cand-0552,C.csv#76,"Caravaggio, Michelangelo da",25,,open
cand-0553,C.csv#77,"Caravaggio, Polidoro da","124, 210",,open
cand-0554,C.csv#78,"Carlevarijs, Luca","227, 250, 260, 276, 314, 375, 376",,open
cand-0555,C.csv#79,"Carlevarijs, Luca",332,,open
cand-0556,C.csv#80,"Carlevarijs, Luca",277n,,open
cand-0557,C.csv#81,"Carlevarijs, Luca",277n,,open
cand-0558,C.csv#82,"Carlevarijs, Luca",277n,,open
cand-0559,C.csv#83,"Carlisle, Earl of","279, 305",,open
cand-0560,C.csv#84,"Carlo, Ferrante","123, 124, 402",,open
cand-0561,C.csv#85,"Carlone, Carlo",201,,open
cand-0562,C.csv#86,"Carlone, Gianandrea","21, 85, 122",,open
cand-0563,C.csv#87,Carmelites,270,,open
cand-0564,C.csv#88,"Caroselli, Angelo",179,,open
cand-0565,C.csv#89,"Carpaccio, Vittore",410,,open
cand-0566,C.csv#90,"Carpaccio, Vittore",376,,open
cand-0567,C.csv#91,"Carpegna, Count","137, 143",,open
cand-0568,C.csv#92,"Carpi, Ugo da",343,,open
cand-0569,C.csv#93,"Carpio, Marchese Del","10, 118, 190, 191, 192",,open
cand-0570,C.csv#94,"Carpio, Marchese Del",191,,open
cand-0571,C.csv#95,"Carpio, Marchese Del","191, 192",,open
cand-0572,C.csv#96,"Carpio, Marchese Del",192,,open
cand-0573,C.csv#97,"Carpio, Marchese Del","190, 191",,open
cand-0574,C.csv#98,"Carpio, Marchese Del","190, 191",,open
cand-0575,C.csv#99,"Carpioni, Giulio",393,,open
cand-0576,C.csv#100,"Carracci, Annibale","4, 28, 29, 30, 39, 95, 105, 114, 124, 128, 131, 134, 158, 159, 170, 172, 203, 222, 263n, 283, 342, 348, 362",,open
cand-0577,C.csv#101,"Carracci, Annibale",134,,open
cand-0578,C.csv#102,"Carracci, Annibale",266,,open
cand-0579,C.csv#103,"Carracci, Annibale",222,,open
cand-0580,C.csv#104,"Carracci, Ludovico","123n, 241, 398",,open
cand-0581,C.csv#105,"Carriera, Rosalba","228, 258, 262, 267, 276, 277, 282, 291, 292, 293, 296, 304, 313, 315, 335, 336, 341, 342, 343, 344, 374, 392",,open
cand-0582,C.csv#106,"Carriera, Rosalba",295,,open
cand-0583,C.csv#107,"Carriera, Rosalba",285,,open
cand-0584,C.csv#108,"Carriera, Rosalba",376,,open
cand-0585,C.csv#109,"Carriera, Rosalba",228,,open
cand-0586,C.csv#110,"Carriera, Rosalba",262,,open
cand-0587,C.csv#111,"Carriera, Rosalba",303,,open
cand-0588,C.csv#112,"Carriera, Rosalba",303,,open
cand-0589,C.csv#113,"Carriera, Rosalba","284, 285",,open
cand-0590,C.csv#114,"Cars, Laurence",291,,open
cand-0591,C.csv#115,"Casanova de Seingalt, Jacques","274, 364, 367, 375",,open
cand-0592,C.csv#116,"Cassana, Giovanni Agostino",227,,open
cand-0593,C.csv#117,"Cassana, Niccolò","197, 232, 234, 240, 265n, 276n",,open
cand-0594,C.csv#118,"Cassana, Niccolò",232,,open
cand-0595,C.csv#119,"Cassana, Niccolò",234,,open
cand-0596,C.csv#120,"Cassana, Niccolò",234,,open
cand-0597,C.csv#121,"Cassana, Niccolò",234,,open
cand-0598,C.csv#122,"Cassana, Niccolò","234, 240",,open
cand-0599,C.csv#123,"Cassana, Niccolò",241,,open
cand-0600,C.csv#124,"Cassana, Niccolò",234,,open
cand-0601,C.csv#125,"Castelli, Matteo",25,,open
cand-0602,C.csv#126,"Castiglione, Giovanni Benedetto","114, 124, 207, 267, 309, 312, 341, 343, 350, 354",,open
cand-0603,C.csv#127,"Castiglione, Giovanni Benedetto",266,,open
cand-0604,C.csv#128,"Castiglione, Giovanni Benedetto","266, 267",,open
cand-0605,C.csv#129,"Castiglione, Giovanni Benedetto",124n,,open
cand-0606,C.csv#130,"Castro, Jacomo di",160,,open
cand-0607,C.csv#131,"Castro, First and Second Wars of","58, 59, 146, 149, 153",,open
cand-0608,C.csv#132,"Catalano, Francesco",135n,,open
cand-0609,C.csv#133,Catherine the Great of Russia,298,,open
cand-0610,C.csv#134,"Cattaneo, Giovanni de",339n,,open
cand-0611,C.csv#135,"Cavagna, Giampaolo",215,,open
cand-0612,C.csv#136,Cavalieri di Santo Stefano,211,,open
cand-0613,C.csv#137,"Cavallino, Bernardo",208,,open
cand-0614,C.csv#138,"Cavazza, Conte",269,,open
cand-0615,C.csv#139,"Caylus, Comte de","319, 360",,open
cand-0616,C.csv#140,Cebes,,,open
cand-0617,C.csv#141,Cebes,157,,open
cand-0618,C.csv#142,"Celesti, Andrea",374,,open
cand-0619,C.csv#143,"Celle, Georg Wilhelm Duke of",194,,open
cand-0620,C.csv#144,"Cellini, Benvenuto",,,open
cand-0621,C.csv#145,"Cellini, Benvenuto",348,,open
cand-0622,C.csv#146,"Celotti, Abate Luigi",377,,open
cand-0623,C.csv#147,"Cerato, Abate",365,,open
cand-0624,C.csv#148,"Ceresa, Carlo",219,,open
cand-0625,C.csv#149,"Cerquozzi, Michelangelo","18, 19, 78, 136, 137, 138, 139, 140, 141, 142, 143, 204n, 210, 324",,open
cand-0626,C.csv#150,"Cerquozzi, Michelangelo",139,,open
cand-0627,C.csv#151,"Cerquozzi, Michelangelo",140,,open
cand-0628,C.csv#152,"Cerquozzi, Michelangelo",138,,open
cand-0629,C.csv#153,"Cerquozzi, Michelangelo","139, 140",,open
cand-0630,C.csv#154,"Cerquozzi, Michelangelo","138, 139",,open
cand-0631,C.csv#155,"Cerquozzi, Michelangelo",137,,open
cand-0632,C.csv#156,"Cerquozzi, Michelangelo",139,,open
cand-0633,C.csv#157,"Cerquozzi, Michelangelo","138, 139",,open
cand-0634,C.csv#158,"Cerquozzi, Michelangelo","136, 137",,open
cand-0635,C.csv#159,"Cerquozzi, Michelangelo",140,,open
cand-0636,C.csv#160,"Cerquozzi, Michelangelo","139, 140",,open
cand-0637,C.csv#161,"Ceruti, Giacomo","312, 314",,open
cand-0638,C.csv#162,"Cervelli, Federico",219,,open
cand-0639,C.csv#163,"Cesi, Bishop Angelo","69, 70, 400",,open
cand-0640,C.csv#164,"Cesi, Cardinal Pier Donato","69, 70",,open
cand-0641,C.csv#165,"Cesi, Prince Federico",99,,open
cand-0642,C.csv#166,"Ceva, Cardinal",86,,open
cand-0643,C.csv#167,"Champaigne, Philippe de",175,,open
cand-0644,C.csv#168,"Chandos, Grey Brydges, 5th Lord",63,,open
cand-0645,C.csv#169,"Chandos, Grey Brydges, 5th Lord",63,,open
cand-0646,C.csv#170,"Chandos, Grey Brydges, 5th Lord",63,,open
cand-0647,C.csv#171,"Chandos, James Brydges, 1st Duke of",281,,open
cand-0648,C.csv#172,"Chantelou, Paul-Fréart de","106, 146, 176",,open
cand-0649,C.csv#173,"Chardin, Jean Baptiste Siméon",384,,open
cand-0650,C.csv#174,Charles I of England,"37, 177, 178, 179, 184, 193, 196",,open
cand-0651,C.csv#175,Charles I of England,"177, 178",,open
cand-0652,C.csv#176,Charles I of England,179,,open
cand-0653,C.csv#177,Charles I of England,177,,open
cand-0654,C.csv#178,Charles I of England,"184, 185",,open
cand-0655,C.csv#179,Charles I of England,179,,open
cand-0656,C.csv#180,Charles II of England,"195, 196",,open
cand-0657,C.csv#181,Charles II of Spain,163,,open
cand-0658,C.csv#182,"Charles V, Holy Roman Emperor","19, 170",,open
cand-0659,C.csv#183,Charles XII of Sweden,311,,open
cand-0660,C.csv#184,"Chi soffre, speri",58,,open
cand-0661,C.csv#185,"Chiari, Giuseppe and Tommaso","xviii, 159",,open
cand-0662,C.csv#186,"Chiarini, Marcantonio","200, 201",,open
cand-0663,C.csv#187,"Chigi, Agostino 'il Magnifico'",150,,open
cand-0664,C.csv#188,"Chigi, Agostino (nephew to Alexander VII)",154,,open
cand-0665,C.csv#189,"Chigi, Fabio (Pope Alexander VII)","77, 86, 112, 116, 117, 120n, 124, 139, 150, 151, 152, 153, 154, 155, 401",,open
cand-0666,C.csv#190,"Chigi, Fabio (Pope Alexander VII)","151, 152, 153",,open
cand-0667,C.csv#191,"Chigi, Fabio (Pope Alexander VII)",153,,open
cand-0668,C.csv#192,"Chigi, Fabio (Pope Alexander VII)",161,,open
cand-0669,C.csv#193,"Chigi, Fabio (Pope Alexander VII)",152,,open
cand-0670,C.csv#194,"Chigi, Fabio (Pope Alexander VII)",151,,open
cand-0671,C.csv#195,"Chigi, Cardinal Flavio (nephew to Pope Alexander VII)","8n, 139, 140, 154, 155",,open
cand-0672,C.csv#196,"Chigi, Cardinal Flavio (nephew to Pope Alexander VII)","139, 140",,open
cand-0673,C.csv#197,"Chigi, Cardinal Flavio (nephew to Pope Alexander VII)","140, 154",,open
cand-0674,C.csv#198,"Chigi, Don Mario (brother to Pope Alexander VII)",154,,open
cand-0675,C.csv#199,"Christina, Queen of Sweden","19, 97, 98, 127, 160, 161, 402",,open
cand-0676,C.csv#200,"Christina, Queen of Sweden","97, 98",,open
cand-0677,C.csv#201,"Christina, Queen of Sweden","160, 161",,open
cand-0678,C.csv#202,"Christina, Queen of Sweden",127,,open
cand-0679,C.csv#203,"Christina, Queen of Sweden","97, 98, 193",,open
cand-0680,C.csv#204,Churches of religious orders,"5, 65, 66, 67, 68, 69, 70, 71, 72, 73, 74, 75, 76, 77, 78, 79, 80, 81, 82, 83, 84, 85, 86, 87, 88, 89, 90, 91, 92, 93",,open
cand-0681,C.csv#205,Churches,221n,,open
cand-0682,C.csv#206,Churches,"215, 216, 217, 218, 219, 220, 221",,open
cand-0683,C.csv#207,Churches,248n,,open
cand-0684,C.csv#208,Churches,212,,open
cand-0685,C.csv#209,Churches,317,,open
cand-0686,C.csv#210,Churches,325,,open
cand-0687,C.csv#211,Churches,186,,open
cand-0688,C.csv#212,Churches,249,,open
cand-0689,C.csv#213,Churches,"12, 55, 64, 65, 66, 78, 79, 80, 81, 82, 83, 84, 85, 156, 160, 161, 163, 398, 400",,open
cand-0690,C.csv#214,Churches,"91, 92, 93",,open
cand-0691,C.csv#215,Churches,66,,open
cand-0692,C.csv#216,Churches,144,,open
cand-0693,C.csv#217,Churches,"12, 149, 186",,open
cand-0694,C.csv#218,Churches,"60, 67, 68, 85, 86, 87, 88, 149",,open
cand-0695,C.csv#219,Churches,"386, 387",,open
cand-0696,C.csv#220,Churches,"67, 68",,open
cand-0697,C.csv#221,Churches,"5, 25, 26, 65, 71, 72, 76, 78, 193",,open
cand-0698,C.csv#222,Churches,125,,open
cand-0699,C.csv#223,Churches,"37, 38, 39",,open
cand-0700,C.csv#224,Churches,76n,,open
cand-0701,C.csv#225,Churches,"75, 76",,open
cand-0702,C.csv#226,Churches,131,,open
cand-0703,C.csv#227,Churches,"65, 73, 74, 88, 89, 90, 91",,open
cand-0704,C.csv#228,Churches,"147, 148, 163",,open
cand-0705,C.csv#229,Churches,223,,open
cand-0706,C.csv#230,Churches,60,,open
cand-0707,C.csv#231,Churches,151,,open
cand-0708,C.csv#232,Churches,"42, 43",,open
cand-0709,C.csv#233,Churches,151,,open
cand-0710,C.csv#234,Churches,"68, 69, 70, 71, 75, 76, 77, 78, 400",,open
cand-0711,C.csv#235,Churches,147,,open
cand-0712,C.csv#236,Churches,"5, 27, 84, 162",,open
cand-0713,C.csv#237,Churches,"27, 34, 35, 36",,open
cand-0714,C.csv#238,Churches,"44, 45",,open
cand-0715,C.csv#239,Churches,151,,open
cand-0716,C.csv#240,Churches,"34, 35",,open
cand-0717,C.csv#241,Churches,151,,open
cand-0718,C.csv#242,Churches,"34, 35, 36",,open
cand-0719,C.csv#243,Churches,84,,open
cand-0720,C.csv#244,Churches,"128, 129, 211",,open
cand-0721,C.csv#245,Churches,71,,open
cand-0722,C.csv#246,Churches,"66, 67",,open
cand-0723,C.csv#247,Churches,183,,open
cand-0724,C.csv#248,Churches,"67, 68, 399",,open
cand-0725,C.csv#249,Churches,"67, 68",,open
cand-0726,C.csv#250,Churches,248n,,open
cand-0727,C.csv#251,Churches,313,,open
cand-0728,C.csv#252,Churches,"272, 273",,open
cand-0729,C.csv#253,Churches,270,,open
cand-0730,C.csv#254,Churches,274,,open
cand-0731,C.csv#255,Churches,"274, 275",,open
cand-0732,C.csv#256,Churches,313,,open
cand-0733,C.csv#257,Churches,270,,open
cand-0734,C.csv#258,Churches,"251, 268, 272",,open
cand-0735,C.csv#259,Churches,270,,open
cand-0736,C.csv#260,Churches,"248, 249",,open
cand-0737,C.csv#261,Churches,"270, 271, 272",,open
cand-0738,C.csv#262,Churches,"268, 269, 270",,open
cand-0739,C.csv#263,Churches,269,,open
cand-0740,C.csv#264,Churches,269n,,open
cand-0741,C.csv#265,Churches,269,,open
cand-0742,C.csv#266,Churches,269,,open
cand-0743,C.csv#267,Churches,313,,open
cand-0744,C.csv#268,"Ciampelli, Agostino","38, 39, 66",,open
cand-0745,C.csv#269,"Ciarpi, Baccio",43,,open
cand-0746,C.csv#270,Cibo palace,"221, 223",,open
cand-0747,C.csv#271,Cicero,"101, 320",,open
cand-0748,C.csv#272,"Cignani, Carlo","189, 194, 195, 203, 219, 220, 223, 226, 251, 282, 302, 304, 310, 337",,open
cand-0749,C.csv#273,"Cignani, Carlo",219,,open
cand-0750,C.csv#274,"Cignani, Carlo",195,,open
cand-0751,C.csv#275,"Cignani, Carlo",220,,open
cand-0752,C.csv#276,"Cignani, Carlo",282n,,open
cand-0753,C.csv#277,"Cignani, Carlo",282n,,open
cand-0754,C.csv#278,"Cignaroli, Giambettino","262, 268, 271",,open
cand-0755,C.csv#279,"Cignaroli, Giambettino",262n,,open
cand-0756,C.csv#280,"Cigoli, Ludovico",102,,open
cand-0757,C.csv#281,"Cigoli, Ludovico",231,,open
cand-0758,C.csv#282,"Cimaroli, Giovan Battista","266, 288, 293, 314",,open
cand-0759,C.csv#283,"Cimaroli, Giovan Battista",,,open
cand-0760,C.csv#284,"Cimaroli, Giovan Battista",289n,,open
cand-0761,C.csv#285,"Cimaroli, Giovan Battista",289n,,open
cand-0762,C.csv#286,"Cimaroli, Giovan Battista",289n,,open
cand-0763,C.csv#287,"Cimaroli, Giovan Battista",289n,,open
cand-0764,C.csv#288,"Cimaroli, Giovan Battista",289n,,open
cand-0765,C.csv#289,Cinelli,211n,,open
cand-0766,C.csv#290,"Città di Castello, Matteo da","68, 69",,open
cand-0767,C.csv#291,Claude Lorrain,"14, 41, 49, 57, 95, 97, 111n, 116, 118, 119, 121, 124, 125, 138, 155, 156, 162, 172, 173, 350",,open
cand-0768,C.csv#292,Claude Lorrain,"155, 156",,open
cand-0769,C.csv#293,Claude Lorrain,"116, 118",,open
cand-0770,C.csv#294,Claude Lorrain,"172, 173",,open
cand-0771,C.csv#295,Claude Lorrain,49,,open
cand-0772,C.csv#296,Claude Lorrain,116,,open
cand-0773,C.csv#297,Claude Lorrain,156,,open
cand-0774,C.csv#298,Claude Lorrain,49,,open
cand-0775,C.csv#299,Claude Lorrain,116,,open
cand-0776,C.csv#300,Claude Lorrain,118,,open
cand-0777,C.csv#301,Claude Lorrain,156,,open
cand-0778,C.csv#302,Claude Lorrain,182,,open
cand-0779,C.csv#303,Claude Lorrain,162,,open
cand-0780,C.csv#304,Claude Lorrain,156,,open
cand-0781,C.csv#305,Claude Lorrain,49n,,open
cand-0782,C.csv#306,Claude Lorrain,14,,open
cand-0783,C.csv#307,Claude Lorrain,162,,open
cand-0784,C.csv#308,Claude Lorrain,49n,,open
cand-0785,C.csv#309,Claude Lorrain,"41n, 42, 49n",,open
cand-0786,C.csv#310,Claude Lorrain,97,,open
cand-0787,C.csv#311,Claude Lorrain,118,,open
cand-0788,C.csv#312,"Clemens August, Archbishop-Elector of Cologne","295, 296",,open
cand-0789,C.csv#313,"Clement, Abbé",344,,open
cand-0790,C.csv#320,Clerici Palace,273n,,open
cand-0791,C.csv#321,"Clostermann, John",198,,open
cand-0792,C.csv#322,"Cocchi, Ottavio",216,,open
cand-0793,C.csv#323,"Cochin, Charles-Nicolas","257, 291",,open
cand-0794,C.csv#324,"Codazzi, Viviano","102, 139, 140, 204, 207",,open
cand-0795,C.csv#325,"Codazzi, Viviano",140,,open
cand-0796,C.csv#326,"Codazzi, Viviano",207n,,open
cand-0797,C.csv#327,"Codazzi, Viviano",207n,,open
cand-0798,C.csv#328,"Codazzi, Viviano",140,,open
cand-0799,C.csv#329,"Coke, Mr",21n,,open
cand-0800,C.csv#330,"Colbert, Jean-Baptiste","153, 186, 187, 188, 189, 403",,open
cand-0801,C.csv#331,"Cole, Christian",276,,open
cand-0802,C.csv#332,"Coli, Giovanni",156,,open
cand-0803,C.csv#333,"Coli, Giovanni",156,,open
cand-0804,C.csv#334,"Colonna, Angelo Michele",190,,open
cand-0805,C.csv#335,"Colonna, Anna",32,,open
cand-0806,C.csv#336,"Colonna, Filippo",155,,open
cand-0807,C.csv#337,"Colonna, Prince Francesco",21n,,open
cand-0808,C.csv#338,"Colonna, Prince Francesco",31,,open
cand-0809,C.csv#339,"Colonna, Girolamo","155, 180",,open
cand-0810,C.csv#340,"Colonna, Don Giuliano",207n,,open
cand-0811,C.csv#341,"Colonna, Lorenzo Onofrio","155, 156",,open
cand-0812,C.csv#342,"Colonna, Lorenzo Onofrio",156,,open
cand-0813,C.csv#343,"Colonna, Lorenzo Onofrio",155,,open
cand-0814,C.csv#344,"Colonna, Marc'Antonio",156,,open
cand-0815,C.csv#345,Colonna palace,156,,open
cand-0816,C.csv#346,Colonna palace,"140n, 154",,open
cand-0817,C.csv#347,Competitions,"73, 220, 273, 274, 381",,open
cand-0818,C.csv#348,"Conca, Sebastiano","xvii, xviii, 165, 223",,open
cand-0819,C.csv#349,"Concina, Padre Daniele",271,,open
cand-0820,C.csv#350,"Conduitt, John","290n, 291n, 304n",,open
cand-0821,C.csv#351,Congregazione dei Virtuosi,126,,open
cand-0822,C.csv#352,"Constable, John",360,,open
cand-0823,C.csv#353,"Contarini, Pietro",32,,open
cand-0824,C.csv#354,Contarini family,255,,open
cand-0825,C.csv#355,Contarini villa,357,,open
cand-0826,C.csv#356,"Conti, Antonio","318, 319, 320, 322, 348, 408",,open
cand-0827,C.csv#357,"Conti, Antonio","319, 320",,open
cand-0828,C.csv#358,"Conti, Antonio","318, 319",,open
cand-0829,C.csv#359,"Conti, Antonio","319, 320",,open
cand-0830,C.csv#360,"Conti, Antonio",319,,open
cand-0831,C.csv#361,"Conti, Antonio",319,,open
cand-0832,C.csv#362,"Conti, Michaelangelo (Pope Innocent XIII)",19,,open
cand-0833,C.csv#363,"Conti, Stefano","226, 227, 228, 265n, 405",,open
cand-0834,C.csv#364,"Conti, Stefano",389,,open
cand-0835,C.csv#365,"Contini, Giovanni Battista",224,,open
cand-0836,C.csv#366,"Contini, Giovanni Battista",224,,open
cand-0837,C.csv#367,Contracts,"8, 9, 10, 11, 12, 13, 14, 15, 21, 71, 80, 217, 218, 219, 220, 221, 255",,open
cand-0838,C.csv#368,Contracts,8,,open
cand-0839,C.csv#369,Contracts,"9, 15",,open
cand-0840,C.csv#370,Contracts,"8, 9, 10, 11, 12",,open
cand-0841,C.csv#371,Contracts,12,,open
cand-0842,C.csv#372,"Cordellina, Carlo","256, 405",,open
cand-0843,C.csv#373,"Corelli, Arcangelo",165n,,open
cand-0844,C.csv#374,"Corner, Flaminio","214n, 274, 275",,open
cand-0845,C.csv#375,"Corner, Flaminio",274,,open
cand-0846,C.csv#376,"Corner, Flaminio",275,,open
cand-0847,C.csv#377,Corner family,255,,open
cand-0848,C.csv#378,Corner family,252,,open
cand-0849,C.csv#379,"Corradini, Antonio","241, 265, 312",,open
cand-0850,C.csv#380,"Corradini, Antonio",246n,,open
cand-0851,C.csv#381,"Corradini, Antonio",265,,open
cand-0852,C.csv#382,Correggio,"30, 56, 160, 175, 184, 222, 283, 312",,open
cand-0853,C.csv#383,Correggio,227,,open
cand-0854,C.csv#384,Correggio,185,,open
cand-0855,C.csv#385,Correggio,12n,,open
cand-0856,C.csv#386,"Correr, Fra Francesco Antonio",271,,open
cand-0857,C.csv#387,"Correr, Teodoro","381, 382, 383",,open
cand-0858,C.csv#388,"Correr, Teodoro","382, 383",,open
cand-0859,C.csv#389,"Correr, Teodoro",382,,open
cand-0860,C.csv#390,"Correr, Teodoro",382,,open
cand-0861,C.csv#391,"Corsini, Marchese Filippo",137n,,open
cand-0862,C.csv#392,"Corsini, Lorenzo (Pope Clement XII)",317,,open
cand-0863,C.csv#393,Corsini family,142,,open
cand-0864,C.csv#395,"Costa, Lorenzo",175,,open
cand-0865,C.csv#396,"Costaguti, Marchese",21,,open
cand-0866,C.csv#399,"Coypel, Antoine",285,,open
cand-0867,C.csv#400,"Cozza, Francesco",131,,open
cand-0868,C.csv#402,"Crequi, Duc de",153,,open
cand-0869,C.csv#403,"Crescenzi, Giovanni Battista",173,,open
cand-0870,C.csv#404,"Crescenzi, Pietro Paolo",173,,open
cand-0871,C.csv#405,"Crespi, Giuseppe Maria","xvii, 166, 169, 170, 199, 201, 203, 204, 214, 222, 225, 226, 227, 228, 229, 230, 231, 232, 233, 234, 235, 236, 237, 238, 239, 240, 241, 242, 243, 244, 245, 263n, 265, 341, 342, 351, 384, 405",,open
cand-0872,C.csv#406,"Crespi, Giuseppe Maria",204,,open
cand-0873,C.csv#407,"Crespi, Giuseppe Maria","237, 238, 239, 390, 391",,open
cand-0874,C.csv#408,"Crespi, Giuseppe Maria",238,,open
cand-0875,C.csv#409,"Crespi, Giuseppe Maria",238,,open
cand-0876,C.csv#410,"Crespi, Giuseppe Maria",166,,open
cand-0877,C.csv#411,"Crespi, Giuseppe Maria",237n,,open
cand-0878,C.csv#412,"Crespi, Giuseppe Maria",238,,open
cand-0879,C.csv#413,"Crespi, Giuseppe Maria",228,,open
cand-0880,C.csv#414,"Crespi, Giuseppe Maria",225,,open
cand-0881,C.csv#415,"Crespi, Giuseppe Maria",204n,,open
cand-0882,C.csv#416,"Crespi, Giuseppe Maria","237, 238",,open
cand-0883,C.csv#417,"Crespi, Giuseppe Maria",238,,open
cand-0884,C.csv#418,"Crespi, Giuseppe Maria",238,,open
cand-0885,C.csv#419,"Crespi, Giuseppe Maria",238,,open
cand-0886,C.csv#420,"Crespi, Giuseppe Maria",238,,open
cand-0887,C.csv#421,"Crespi, Giuseppe Maria",238,,open
cand-0888,C.csv#422,"Crespi, Giuseppe Maria",221n,,open
cand-0889,C.csv#423,"Creti, Donato","189, 222, 223, 288, 351",,open
cand-0890,C.csv#424,"Creti, Donato",223,,open
cand-0891,C.csv#425,"Creti, Donato","222, 223",,open
cand-0892,C.csv#426,"Critics, Roman","158, 159, 160, 161",,open
cand-0893,C.csv#427,"Croissy, M. de",162,,open
cand-0894,C.csv#428,"Crozat, Pierre","200n, 277, 284, 285, 341, 343n, 349, 384",,open
cand-0895,C.csv#429,"Crozat, Pierre","284, 285",,open
cand-0896,C.csv#430,"Curli, Girolamo",357n,,open
cand-0897,C.csv#431,Customs duty on pictures,"228, 374",,open
cand-0898,D.csv#0,"Damini, Vincenzo",281,,open
cand-0899,D.csv#1,"Dandini, Pietro",233n,,open
cand-0900,D.csv#2,Dante,339,,open
cand-0901,D.csv#3,Daphnis and Chloe,"341, 370",,open
cand-0902,D.csv#4,"Dardani, Antonio",224,,open
cand-0903,D.csv#5,"Dardani, Antonio",224,,open
cand-0904,D.csv#6,"Dartmouth, Lord",276n,,open
cand-0905,D.csv#7,"Dati, Carlo","100n, 108",,open
cand-0906,D.csv#8,"Daun, Count",,,open
cand-0907,D.csv#9,"Daun, Count",200,,open
cand-0908,D.csv#10,"Daun, Count",200,,open
cand-0909,D.csv#11,"David, Ludovico","88, 220",,open
cand-0910,D.csv#12,"David, Ludovico",88,,open
cand-0911,D.csv#13,"David, Ludovico",220,,open
cand-0912,D.csv#14,"David, Ludovico",88,,open
cand-0913,D.csv#15,"David, Ludovico",88,,open
cand-0914,D.csv#16,"den Einden, Ferdinand van","207n, 208",,open
cand-0915,D.csv#17,"den Einden, Jan van","207n, 208",,open
cand-0916,D.csv#18,"den Hecke, Jan van",97,,open
cand-0917,D.csv#19,"der Bos, Gerard van",206,,open
cand-0918,D.csv#20,"Devonshire, Duke of",343n,,open
cand-0919,D.csv#21,"Diderot, Denis","356, 409",,open
cand-0920,D.csv#22,"Dietrich, Christian",342,,open
cand-0921,D.csv#23,"Dingley, Robert",303,,open
cand-0922,D.csv#24,"Diziani, Gaspare","165, 266, 270, 278, 294",,open
cand-0923,D.csv#25,"Dolci, Carlo","197, 212, 268",,open
cand-0924,D.csv#26,"Dolci, Carlo",211,,open
cand-0925,D.csv#27,"Dolfin, Caterina","245n, 318",,open
cand-0926,D.csv#28,"Dolfin, Daniele (Archbishop of Udine)",253n,,open
cand-0927,D.csv#29,"Dolfin, Daniele III","252, 253",,open
cand-0928,D.csv#30,"Dolfin, Daniele IV",252,,open
cand-0929,D.csv#31,"Dolfin, Dionisio","252, 253",,open
cand-0930,D.csv#32,Dolfin family,,,open
cand-0931,D.csv#33,Dolfin family,"252, 253",,open
cand-0932,D.csv#34,Domenichino (Domenico Zampieri),"4, 13, 27, 28, 39, 43, 53, 72, 73, 74, 78, 131n, 158, 159, 171, 172, 234, 348",,open
cand-0933,D.csv#35,Domenichino (Domenico Zampieri),"4, 27",,open
cand-0934,D.csv#36,Domenichino (Domenico Zampieri),"4, 28, 72, 73, 74",,open
cand-0935,D.csv#37,Domenichino (Domenico Zampieri),171,,open
cand-0936,D.csv#38,Domenichino (Domenico Zampieri),171,,open
cand-0937,D.csv#39,Domenichino (Domenico Zampieri),27,,open
cand-0938,D.csv#40,Domenichino (Domenico Zampieri),13,,open
cand-0939,D.csv#41,Domenichino (Domenico Zampieri),72,,open
cand-0940,D.csv#42,Domenichino (Domenico Zampieri),76n,,open
cand-0941,D.csv#43,Dominicans,"270, 271, 272",,open
cand-0942,D.csv#44,"Dominici, Bernardo de",207,,open
cand-0943,D.csv#45,"Doni, Giovanni Battista","133, 134",,open
cand-0944,D.csv#46,"Dorigny, Louis","201, 250, 251, 268, 270",,open
cand-0945,D.csv#47,"Dorigny, Louis",268,,open
cand-0946,D.csv#48,"Douglas, Hamilton, Marquis of",375n,,open
cand-0947,D.csv#49,Dresden,"294, 295",,open
cand-0948,D.csv#50,"Dubois, Ambrose",173,,open
cand-0949,D.csv#51,"Dughet, Gaspard (Gaspard Poussin)","12, 67, 113, 137, 143, 155",,open
cand-0950,D.csv#52,"Dughet, Jean",57n,,open
cand-0951,D.csv#53,"Dupuy, Christophe",108,,open
cand-0952,D.csv#54,"Duquesnoy, François","36, 104, 176, 179",,open
cand-0953,D.csv#55,"Durazzo, Marchese Girolamo",213,,open
cand-0954,D.csv#56,"Dürer, Albrecht","98, 211",,open
cand-0955,D.csv#57,Dusseldorf,"281, 282, 283, 284",,open
cand-0956,D.csv#58,Dutch artists,20,,open
cand-0957,D.csv#59,"Duyvelant, Jacques",206,,open
cand-0958,D.csv#60,"Dyck, Sir Anthony Van","48, 49, 64, 84, 91, 177, 222, 262, 279, 283, 398",,open
cand-0959,D.csv#61,"Dyck, Sir Anthony Van",49,,open
cand-0960,D.csv#62,"Dyck, Sir Anthony Van",64,,open
cand-0961,D.csv#63,"Dyck, Sir Anthony Van",49,,open
cand-0962,D.csv#64,"Dyck, Sir Anthony Van",206,,open
cand-0963,D.csv#65,"Dyck, Sir Anthony Van",206,,open
cand-0964,D.csv#66,"Dyck, Sir Anthony Van","37, 179",,open
cand-0965,E.csv#0,"Edwards, Pietro","261n, 380, 395",,open
cand-0966,E.csv#1,"Effetti, Antonio degli","156, 157",,open
cand-0967,E.csv#2,"Effetti, Antonio degli",157,,open
cand-0968,E.csv#3,"Emo, Procurator",245n,,open
cand-0969,E.csv#4,English patronage,,,open
cand-0970,E.csv#5,English patronage,"177, 178, 195, 196, 197, 198, 199",,open
cand-0971,E.csv#6,English patronage,"278, 279, 280, 281, 286, 287, 288, 289, 290, 291",,open
cand-0972,E.csv#7,English patronage,286,,open
cand-0973,E.csv#8,English tourists in Italy,197,,open
cand-0974,E.csv#9,Enlightenment in Italy,"317, 318, 319, 320, 321, 322, 323, 324, 325, 326, 327, 328, 329, 330, 331",,open
cand-0975,E.csv#10,Enlightenment in Italy,"317, 318, 319",,open
cand-0976,E.csv#11,Enlightenment in Italy,"318, 326, 327",,open
cand-0977,E.csv#12,Epicurus,370,,open
cand-0978,E.csv#13,"Erlach, Fischer von",201,,open
cand-0979,E.csv#14,"Errard, Charles",106,,open
cand-0980,E.csv#15,"Essex, Lord",31n,,open
cand-0981,E.csv#16,"Este, Azzo, Marchese d'",366,,open
cand-0982,E.csv#17,"Este, Isabella d'",175,,open
cand-0983,E.csv#18,"Estrées, Duc d'",200,,open
cand-0984,E.csv#20,"Exeter, 5th Lord","197, 198, 211",,open
cand-0985,F.csv#0,"Fabriano, Gentile da",148,,open
cand-0986,F.csv#1,"Facciolati, Abate","301, 322",,open
cand-0987,F.csv#2,"Falcone, Aniello",206,,open
cand-0988,F.csv#3,"Faldoni, Giovanni Antonio",343,,open
cand-0989,F.csv#4,"Fanelli, Francesco","178, 179",,open
cand-0990,F.csv#5,"Fanelli, Francesco",178,,open
cand-0991,F.csv#6,"Fanelli, Francesco",178,,open
cand-0992,F.csv#7,Fantasy and reason,"318, 320",,open
cand-0993,F.csv#8,"Fanti, Gaetano",201,,open
cand-0994,F.csv#9,"Fanzago, Cosimo",172,,open
cand-0995,F.csv#10,"Farnese, Cardinal Alessandro","65, 66, 69, 78, 84, 137, 398, 399, 400",,open
cand-0996,F.csv#11,"Farnese, Odoardo, Duke of Parma","58, 146",,open
cand-0997,F.csv#12,"Farnese, Ranuccio II, Duke of Parma","19, 84, 92",,open
cand-0998,F.csv#13,"Farnese, Ranuccio II, Duke of Parma","79, 80, 81",,open
cand-0999,F.csv#14,Farnese Palace,250,,open
cand-1000,F.csv#15,"Farsetti, Anton Francesco",364,,open
cand-1001,F.csv#16,"Farsetti, Daniele","363, 364",,open
cand-1002,F.csv#17,"Farsetti, Filippo","322, 361, 362, 363, 364, 368, 373",,open
cand-1003,F.csv#18,"Farsetti, Filippo",363,,open
cand-1004,F.csv#19,"Farsetti, Filippo",362,,open
cand-1005,F.csv#20,"Farsetti, Filippo",362,,open
cand-1006,F.csv#21,"Farsetti, Filippo",362,,open
cand-1007,F.csv#22,"Farsetti, Filippo","362, 363",,open
cand-1008,F.csv#23,"Farsetti, Filippo",363,,open
cand-1009,F.csv#24,"Farsetti, Filippo",363,,open
cand-1010,F.csv#25,"Farsetti, Filippo",363,,open
cand-1011,F.csv#26,"Farsetti, Filippo",363,,open
cand-1012,F.csv#27,"Farsetti, Filippo",364,,open
cand-1013,F.csv#28,"Farsetti, Tommaso Giuseppe","235n, 362n, 364",,open
cand-1014,F.csv#29,"Fedini, Domenico","388, 389",,open
cand-1015,F.csv#30,"Félibien, André","114, 115",,open
cand-1016,F.csv#31,"Ferdinand Maria, Elector of Bavaria",193,,open
cand-1017,F.csv#32,Ferrara,"25, 48, 49, 221, 222",,open
cand-1018,F.csv#33,Ferrara,"221, 222",,open
cand-1019,F.csv#34,Ferrara,48,,open
cand-1020,F.csv#35,"Ferrari, Giovanni",367,,open
cand-1021,F.csv#36,"Ferrari, Gregorio de",200,,open
cand-1022,F.csv#37,"Ferrata, Ercole",149,,open
cand-1023,F.csv#38,"Ferrerio, Andrea",,,open
cand-1024,F.csv#39,"Ferrerio, Andrea",221,,open
cand-1025,F.csv#40,"Ferrerio, Andrea","221, 222",,open
cand-1026,F.csv#41,"Ferretti, Gian Domenico",299,,open
cand-1027,F.csv#42,"Ferri, Ciro","12, 13n, 18, 23n, 60, 65, 80, 217, 218",,open
cand-1028,F.csv#43,"Ferri, Ciro",12n,,open
cand-1029,F.csv#44,"Ferri, Ciro",12,,open
cand-1030,F.csv#45,"Ferri, Ciro",187,,open
cand-1031,F.csv#46,"Ferri, Ciro",218,,open
cand-1032,F.csv#47,"Festari, Girolamo",369,,open
cand-1033,F.csv#48,"Feti, Domenico","175, 262, 385, 393",,open
cand-1034,F.csv#49,"Fiammeri, Giovanni Battista",67,,open
cand-1035,F.csv#50,"Fielding, Henry",287,,open
cand-1036,F.csv#51,"Filomarino, Cardinal",139n,,open
cand-1037,F.csv#52,"Finch, John",197,,open
cand-1038,F.csv#53,"Finelli, Giuliano","171, 172, 190",,open
cand-1039,F.csv#54,"Fiori, Mario de' (Mario Nuzzi)","8n, 20, 143",,open
cand-1040,F.csv#55,Flemish artists in Rome,"26, 206",,open
cand-1041,F.csv#56,Florence,"210, 211, 212, 213, 229, 230, 231, 232, 233, 234, 235, 236, 237, 238, 239, 240, 241",,open
cand-1042,F.csv#57,Florence,241,,open
cand-1043,F.csv#58,"Foggini, Giovan Battista","233n, 283n",,open
cand-1044,F.csv#59,"Fontana, Carlo",165,,open
cand-1045,F.csv#60,"Fontana, Domenico",24,,open
cand-1046,F.csv#61,"Fontana, Conte Francesco",17n,,open
cand-1047,F.csv#62,"Fontebasso, Francesco","272, 297, 339, 361",,open
cand-1048,F.csv#63,"Fontebasso, Francesco",272,,open
cand-1049,F.csv#64,"Fontebasso, Francesco",272,,open
cand-1050,F.csv#65,Fontenelle,318,,open
cand-1051,F.csv#66,Fontenelle,291n,,open
cand-1052,F.csv#67,"Forabosco, Girolamo",169,,open
cand-1053,F.csv#68,"Foscarini, Marco","258, 259, 260, 357, 369, 381",,open
cand-1054,F.csv#69,"Foscarini, Marco",259,,open
cand-1055,F.csv#70,"Foscarini, Marco","258, 259",,open
cand-1056,F.csv#71,"Foscarini, Pietro","259, 273n",,open
cand-1057,F.csv#72,Foscarini family,,,open
cand-1058,F.csv#73,Foscarini family,261,,open
cand-1059,F.csv#74,Foscarini palace,259,,open
cand-1060,F.csv#75,"Fountaine, Sir Andrew","279, 343n",,open
cand-1061,F.csv#76,"Fountaine, Sir Andrew",279,,open
cand-1062,F.csv#77,"Fouquet, Nicolas",186,,open
cand-1063,F.csv#78,"Fragonard, Jean Honoré",332,,open
cand-1064,F.csv#79,"Francavilla, Pietro","174, 178",,open
cand-1065,F.csv#80,"Francavilla, Pietro",174,,open
cand-1066,F.csv#81,"Franceschini, Baldassare","187, 231, 403",,open
cand-1067,F.csv#82,"Franceschini, Baldassare",187,,open
cand-1068,F.csv#83,"Franceschini, Baldassare",231,,open
cand-1069,F.csv#84,"Franceschini, Marcantonio","192n, 194, 199, 223, 225, 227, 282",,open
cand-1070,F.csv#85,"Franceschini, Marcantonio",389,,open
cand-1071,F.csv#86,"Franceschini, Marcantonio",225n,,open
cand-1072,F.csv#87,"Franceschini, Marcantonio",282n,,open
cand-1073,F.csv#88,"Franceschini, Marcantonio",282n,,open
cand-1074,F.csv#89,"Franchi, Antonio","227, 231n, 233n",,open
cand-1075,F.csv#90,François I of France,170,,open
cand-1076,F.csv#91,"Fratta, D. M.",290,,open
cand-1077,F.csv#92,Frederick III (Holy Roman Emperor),19n,,open
cand-1078,F.csv#93,Frederick IV of Denmark,277,,open
cand-1079,F.csv#96,Frederick the Great,"295, 211, 349, 360",,open
cand-1080,F.csv#97,Frederick the Great,"349, 356, 357, 360",,open
cand-1081,F.csv#98,French Academy in Rome,"189, 257",,open
cand-1082,F.csv#99,French hostility to Italian art in the 17th century,188,,open
cand-1083,F.csv#100,French patronage,,,open
cand-1084,F.csv#101,French patronage,"173, 174, 175, 176, 177, 180, 181, 182, 183, 184, 185, 186, 187, 188, 189, 200",,open
cand-1085,F.csv#102,French patronage,"277, 284, 285, 292, 293",,open
cand-1086,F.csv#103,"Frescobaldi, Gerolamo",95,,open
cand-1087,F.csv#104,"Fumiani, Giannantonio","227, 232",,open
cand-1088,F.csv#105,"Fumiani, Giannantonio",234,,open
cand-1089,F.csv#106,"Fumiani, Giannantonio",195,,open
cand-1090,F.csv#107,"Fumiani, Giannantonio",234,,open
cand-1091,F.csv#108,"Furlani, Ventura",362,,open
cand-1092,F.csv#109,"Furnaletto, Lodovico",340,,open
cand-1093,G.csv#0,"Gabbiani, Anton Domenico","231, 233, 404",,open
cand-1094,G.csv#1,"Gabbiani, Anton Domenico",233,,open
cand-1095,G.csv#2,"Gabbiani, Anton Domenico",240,,open
cand-1096,G.csv#3,"Gabrieli, Lodovico",299n,,open
cand-1097,G.csv#4,"Gabburri, Francesco","211n, 241n, 266n",,open
cand-1098,G.csv#5,"Gagliardi, Bernardino",157,,open
cand-1099,G.csv#6,"Gai, Antonio","293, 341",,open
cand-1100,G.csv#7,"Galeotti, Sebastiano",233,,open
cand-1101,G.csv#8,"Galgario, Fra (Vittore Ghislandi)","165, 200, 201",,open
cand-1102,G.csv#9,"Galiani, Abate",,,open
cand-1103,G.csv#10,"Galiani, Abate",318,,open
cand-1104,G.csv#11,"Galilei, Alessandro",286,,open
cand-1105,G.csv#12,"Galilei, Galileo","33, 40n, 74, 98, 99, 102, 103, 108, 317, 320, 366",,open
cand-1106,G.csv#13,"Galilei, Galileo",102,,open
cand-1107,G.csv#14,"Galilei, Galileo",317,,open
cand-1108,G.csv#15,"Galilei, Galileo",103,,open
cand-1109,G.csv#16,"Gallacini, Teofilo",,,open
cand-1110,G.csv#17,"Gallacini, Teofilo",309,,open
cand-1111,G.csv#18,"Galli, Agnolo",105n,,open
cand-1112,G.csv#19,"Galli-Bibiena, Ferdinando",201,,open
cand-1113,G.csv#20,"Gambarini, Giuseppe","203, 225",,open
cand-1114,G.csv#21,"Garganego, Girolamo",324n,,open
cand-1115,G.csv#22,"Garzi, Luigi",224,,open
cand-1116,G.csv#23,"Gaudenzi, Paganino",109,,open
cand-1117,G.csv#24,"Gaulli, Giovanni Battista (Baciccio)","12, 17, 87, 88, 122, 160, 165, 197, 399, 400",,open
cand-1118,G.csv#25,"Gaulli, Giovanni Battista (Baciccio)","84, 89",,open
cand-1119,G.csv#26,"Gaulli, Giovanni Battista (Baciccio)",88,,open
cand-1120,G.csv#27,"Gaulli, Giovanni Battista (Baciccio)",82,,open
cand-1121,G.csv#28,"Gaulli, Giovanni Battista (Baciccio)",83,,open
cand-1122,G.csv#29,"Gaulli, Giovanni Battista (Baciccio)","17, 88",,open
cand-1123,G.csv#30,"Gaulli, Giovanni Battista (Baciccio)","80, 81, 82, 83, 84, 85, 156",,open
cand-1124,G.csv#31,"Gavasetti, Camillo","9n, 13n",,open
cand-1125,G.csv#32,"Gay, John",280,,open
cand-1126,G.csv#33,Gazzeta Veneta,323,,open
cand-1127,G.csv#34,"Gennari, Benedetto","189, 196",,open
cand-1128,G.csv#35,"Gennari, Benedetto",196,,open
cand-1129,G.csv#36,"Gennari, Benedetto",196,,open
cand-1130,G.csv#37,"Gennari, Giuseppe",222n,,open
cand-1131,G.csv#38,Genoa,"200, 203, 213, 214",,open
cand-1132,G.csv#39,Genoa,203,,open
cand-1133,G.csv#40,"Genovesi, Antonio",318,,open
cand-1134,G.csv#41,"Gentileschi, Artemisia","13n, 178",,open
cand-1135,G.csv#42,"Gentileschi, Orazio","49, 127, 174, 175, 178, 179",,open
cand-1136,G.csv#43,"Gentileschi, Orazio",175,,open
cand-1137,G.csv#44,"Gentileschi, Orazio",178,,open
cand-1138,G.csv#45,"Gentileschi, Orazio","174, 175",,open
cand-1139,G.csv#46,"Geoffrin, Mme",384,,open
cand-1140,G.csv#47,"George I, King of England",288n,,open
cand-1141,G.csv#48,"George III, King of England","292, 300, 303, 309, 361, 393, 406",,open
cand-1142,G.csv#49,"Gerbault, Francesco",336,,open
cand-1143,G.csv#50,"Gerini, Marchese Andrea",241n,,open
cand-1144,G.csv#51,German patronage,,,open
cand-1145,G.csv#52,German patronage,"193, 194, 195",,open
cand-1146,G.csv#53,German patronage,"278, 293, 294, 295, 296",,open
cand-1147,G.csv#54,"German princes, taste in art",194,,open
cand-1148,G.csv#55,"German princes, taste in art","194, 195",,open
cand-1149,G.csv#56,"Gesualdo, Cardinal",71,,open
cand-1150,G.csv#57,Gesuati,"270, 271",,open
cand-1151,G.csv#58,Gesuati,271,,open
cand-1152,G.csv#59,"Gherardi, Antonio",161,,open
cand-1153,G.csv#60,"Gherardi, Filippo",156,,open
cand-1154,G.csv#61,"Gherardi, Filippo",156,,open
cand-1155,G.csv#62,"Gherardi, Abate Pietro Ercole","236n, 261n, 271, 272, 275n, 300n, 302n, 336n",,open
cand-1156,G.csv#63,"Gherardini, Alessandro",233,,open
cand-1157,G.csv#64,"Ghezzi, Giuseppe","19, 77, 125, 128, 129, 191, 211n",,open
cand-1158,G.csv#65,"Ghibbesio, Jacopo",94,,open
cand-1159,G.csv#66,"Ghisolfi, Giovanni",235n,,open
cand-1160,G.csv#67,Giambologna,"174, 178, 251",,open
cand-1161,G.csv#68,Giambologna,174,,open
cand-1162,G.csv#69,Giambologna,363,,open
cand-1163,G.csv#70,"Giampiccoli, Giuliano",327,,open
cand-1164,G.csv#71,"Giannone, Pietro",318,,open
cand-1165,G.csv#72,"Giaquinto, Corrado","xvii, 192, 223, 225, 297n",,open
cand-1166,G.csv#73,"Gibbon, Edward",245n,,open
cand-1167,G.csv#74,"Gibbons, Grinling",196,,open
cand-1168,G.csv#75,"Gigli, Giacinto","131, 122n",,open
cand-1169,G.csv#76,"Gimignani, Lodovico","6n, 18, 57, 197",,open
cand-1170,G.csv#77,"Gini, Onorato",11n,,open
cand-1171,G.csv#78,"Ginnasi, Cardinal","35, 45",,open
cand-1172,G.csv#79,"Giordano, Luca","12, 145, 189, 191, 194, 197, 199n, 204, 207, 208, 219, 220, 223, 235, 241, 282",,open
cand-1173,G.csv#80,"Giordano, Luca",214n,,open
cand-1174,G.csv#81,"Giordano, Luca",207,,open
cand-1175,G.csv#82,"Giordano, Luca","212, 213, 214",,open
cand-1176,G.csv#83,"Giordano, Luca",219,,open
cand-1177,G.csv#84,"Giordano, Luca",214,,open
cand-1178,G.csv#85,"Giordano, Luca","212, 213",,open
cand-1179,G.csv#86,"Giordano, Luca",223,,open
cand-1180,G.csv#87,"Giordano, Luca",214,,open
cand-1181,G.csv#88,"Giordano, Luca","212, 213",,open
cand-1182,G.csv#89,"Giordano, Luca",250,,open
cand-1183,G.csv#90,"Giordano, Luca",214,,open
cand-1184,G.csv#91,"Giordano, Luca",214,,open
cand-1185,G.csv#92,"Giordano, Luca",192,,open
cand-1186,G.csv#93,"Giordano, Luca","219, 223",,open
cand-1187,G.csv#94,"Giordano, Luca",219,,open
cand-1188,G.csv#95,Giorgione,"180, 222, 312, 340, 354, 373",,open
cand-1189,G.csv#96,Giorgione,"381, 410",,open
cand-1190,G.csv#97,"Giori, Angelo","41, 59",,open
cand-1191,G.csv#98,Giotto,"212, 325",,open
cand-1192,G.csv#99,Giovanelli collection,"214n, 262",,open
cand-1193,G.csv#100,"Girardon, François",188,,open
cand-1194,G.csv#101,Giulio Romano,"30, 124, 312",,open
cand-1195,G.csv#102,"Giustiniani, Andrea",95,,open
cand-1196,G.csv#103,"Giustiniani, Benedetto",29,,open
cand-1197,G.csv#104,Giustiniani family,254,,open
cand-1198,G.csv#105,"Giustiniani, Girolamo Ascanio",370,,open
cand-1199,G.csv#106,"Giustiniani, Abbate Michele",94n,,open
cand-1200,G.csv#107,"Giustiniani, Marchese Vincenzo","10, 29, 30, 94, 95, 101, 115, 119, 130, 131, 135",,open
cand-1201,G.csv#108,"Giustiniani, Marchese Vincenzo","29, 30",,open
cand-1202,G.csv#109,"Giustiniani, Marchese Vincenzo",95,,open
cand-1203,G.csv#110,"Giustiniani, Marchese Vincenzo","29, 30, 94",,open
cand-1204,G.csv#111,"Gloucester, William Henry, 1st Duke of",366,,open
cand-1205,G.csv#112,"Goldoni, Carlo","247, 256, 324n",,open
cand-1206,G.csv#113,"Goldoni, Carlo",323,,open
cand-1207,G.csv#114,"Goldoni, Carlo","300, 301",,open
cand-1208,G.csv#115,"Goldoni, Carlo",212n,,open
cand-1209,G.csv#116,"Goldoni, Carlo",256,,open
cand-1210,G.csv#117,"Goldoni, Carlo","337, 338",,open
cand-1211,G.csv#118,"Goldoni, Carlo",339,,open
cand-1212,G.csv#119,Gondi palace,174,,open
cand-1213,G.csv#121,"Gonzalez, Tirso","91, 92",,open
cand-1214,G.csv#122,"Gori, A. F.","299, 301, 306, 328n, 342n, 344",,open
cand-1215,G.csv#123,"Gori, A. F.",299,,open
cand-1216,G.csv#124,"Goya, Francisco","192, 297n",,open
cand-1217,G.csv#125,"Gozadini, Bonisezio",13n,,open
cand-1218,G.csv#126,"Gozzadini, Cardinal",166n,,open
cand-1219,G.csv#127,"Gozzi, Carlo","256, 323",,open
cand-1220,G.csv#128,"Gozzi, Gasparo","247, 321, 323, 324, 325, 326, 333",,open
cand-1221,G.csv#129,"Gozzi, Gasparo","323, 324",,open
cand-1222,G.csv#130,"Gozzi, Gasparo","328, 329",,open
cand-1223,G.csv#131,"Gozzi, Gasparo",326,,open
cand-1224,G.csv#132,"Gozzi, Gasparo","324, 325",,open
cand-1225,G.csv#133,"Grande, Antonio del",148,,open
cand-1226,G.csv#134,"Grassi, Orazio",74,,open
cand-1227,G.csv#135,Grassi collection,262,,open
cand-1228,G.csv#136,Grassi family,"254, 255",,open
cand-1229,G.csv#137,"Graziani, Ercole",237n,,open
cand-1230,G.csv#140,"Greiffenklau, Karl Philip von",296,,open
cand-1231,G.csv#141,"Grill, Angelica",212n,,open
cand-1232,G.csv#142,"Grimaldi, Giovanni Francesco","57, 155, 182, 183, 191",,open
cand-1233,G.csv#143,"Grimani, Cardinal",129,,open
cand-1234,G.csv#144,"Grimani, Doge",272,,open
cand-1235,G.csv#145,"Grosley, Pierre Jean","301n, 332",,open
cand-1236,G.csv#146,"Gruppello, Gabriel",282,,open
cand-1237,G.csv#147,"Guarana, Giacomo","260, 297, 340, 361",,open
cand-1238,G.csv#148,"Guarana, Giacomo",297,,open
cand-1239,G.csv#149,"Guardi, Francesco","247n, 313n, 361, 373, 375, 376, 380, 382n",,open
cand-1240,G.csv#150,"Guardi, Francesco",375,,open
cand-1241,G.csv#151,"Guardi, Francesco",316,,open
cand-1242,G.csv#152,"Guardi, Francesco",336,,open
cand-1243,G.csv#153,"Guardi, Francesco",376,,open
cand-1244,G.csv#154,"Guardi, Francesco",374,,open
cand-1245,G.csv#155,"Guardi, Gian Antonio","258, 312, 315, 383",,open
cand-1246,G.csv#156,"Guardi, Gian Antonio",383,,open
cand-1247,G.csv#157,"Guardi, Gian Antonio",313,,open
cand-1248,G.csv#158,"Guardi, Gian Antonio",383,,open
cand-1249,G.csv#159,"Guardi, Gian Antonio",316,,open
cand-1250,G.csv#160,"Guardi, Gian Antonio",336,,open
cand-1251,G.csv#161,"Guardi, Gian Antonio",313,,open
cand-1252,G.csv#162,"Guardi, Gian Antonio",313,,open
cand-1253,G.csv#163,"Guardi, Gian Antonio",313,,open
cand-1254,G.csv#164,"Guardi, Gian Antonio",313,,open
cand-1255,G.csv#165,"Guardi, Gian Antonio",313,,open
cand-1256,G.csv#166,"Guardi, Gian Antonio",313,,open
cand-1257,G.csv#167,"Guardi, Gian Antonio",313,,open
cand-1258,G.csv#168,Guercino (Francesco Barbieri),"xvii, 9, 14, 28, 56, 73, 98, 176, 177, 178, 196, 203, 207, 209, 210, 216, 217, 222, 241, 262",,open
cand-1259,G.csv#169,Guercino (Francesco Barbieri),73,,open
cand-1260,G.csv#170,Guercino (Francesco Barbieri),182,,open
cand-1261,G.csv#171,Guercino (Francesco Barbieri),9,,open
cand-1262,G.csv#172,Guercino (Francesco Barbieri),185,,open
cand-1263,G.csv#173,Guercino (Francesco Barbieri),172,,open
cand-1264,G.csv#174,Guercino (Francesco Barbieri),227,,open
cand-1265,G.csv#175,Guercino (Francesco Barbieri),14,,open
cand-1266,G.csv#176,Guercino (Francesco Barbieri),209,,open
cand-1267,G.csv#177,Guercino (Francesco Barbieri),178,,open
cand-1268,G.csv#178,Guercino (Francesco Barbieri),182,,open
cand-1269,G.csv#179,Guercino (Francesco Barbieri),238,,open
cand-1270,G.csv#180,Guercino (Francesco Barbieri),185,,open
cand-1271,G.csv#181,Guercino (Francesco Barbieri),"177, 178n",,open
cand-1272,G.csv#182,Guercino (Francesco Barbieri),182,,open
cand-1273,G.csv#183,Guercino (Francesco Barbieri),185,,open
cand-1274,G.csv#184,Guercino (Francesco Barbieri),"14, 209, 210",,open
cand-1275,G.csv#185,"Guicciardini, Francesco",,,open
cand-1276,G.csv#186,"Guicciardini, Francesco",299,,open
cand-1277,G.csv#187,"Guidi, Domenico","189, 198",,open
cand-1278,G.csv#188,"Guidi, Domenico",198,,open
cand-1279,G.csv#189,"Guidi, Domenico",189,,open
cand-1280,G.csv#190,"Guidi, Domenico",189,,open
cand-1281,G.csv#191,"Guidiccioni, Lelio",121,,open
cand-1282,G.csv#192,"Guidotti, Paolo",14,,open
cand-1283,G.csv#193,Gustavus III of Sweden,366,,open
cand-1284,G.csv#194,Gustavus Adolphus of Sweden,193,,open
cand-1285,H.csv#0,"Haen, David de",206,,open
cand-1286,H.csv#1,"Halifax, Earl of",286,,open
cand-1287,H.csv#2,"Hamen, Juan van der",400,,open
cand-1288,H.csv#3,"Handel, George Frederick",281,,open
cand-1289,H.csv#4,Hapsburg collections from Prague,"97, 98, 193",,open
cand-1290,H.csv#5,Hapsburg patronage of Venetian artists,278,,open
cand-1291,H.csv#7,"Harrach, Count",200,,open
cand-1292,H.csv#8,"Harris, Enriqueta",190n,,open
cand-1293,H.csv#9,"Helmbrecker, Theodor",158,,open
cand-1294,H.csv#10,Henri III of France,255,,open
cand-1295,H.csv#11,Henri IV of France,"26, 33, 53, 173, 174",,open
cand-1296,H.csv#12,"Henrietta Maria, Queen of England",179,,open
cand-1297,H.csv#13,"Hervey, Sir Robert",305,,open
cand-1298,H.csv#14,"Hervey, Lord",349,,open
cand-1299,H.csv#15,"Hildebrandt, Lucas von",201,,open
cand-1300,H.csv#16,"Hill, Samuel","290n, 304n",,open
cand-1301,H.csv#17,"Hogarth, William",279,,open
cand-1302,H.csv#18,"Honthorst, Gerrit van",95,,open
cand-1303,H.csv#19,Horace,360,,open
cand-1304,H.csv#20,"Houdon, Jean-Antoine",,,open
cand-1305,H.csv#21,"Houdon, Jean-Antoine",369,,open
cand-1306,H.csv#22,"Huber, Jean",,,open
cand-1307,H.csv#23,"Huber, Jean",370,,open
cand-1308,H.csv#24,"Hume, A.",375n,,open
cand-1309,I.csv#0,"Ignatius, St",64,,open
cand-1310,I.csv#1,Illustrated books,"332, 333, 334, 335, 336, 337, 338, 339, 340",,open
cand-1311,I.csv#2,Imago primi saeculi,64,,open
cand-1312,I.csv#3,"Imperiali, Francesco",288n,,open
cand-1313,I.csv#4,Indecency and the erotic,"127, 140, 162, 175, 183, 184, 194, 195n, 212, 213n, 217, 239, 257, 258, 381",,open
cand-1314,I.csv#5,Indecency in art,162,,open
cand-1315,I.csv#10,"Isham, Sir Thomas","197, 403",,open
cand-1316,J，K.csv#0,"Jabach, Everard",184,,open
cand-1317,J，K.csv#1,James II of England,"196, 280, 286",,open
cand-1318,J，K.csv#2,James III of England,203,,open
cand-1319,J，K.csv#3,Jesuits,"90, 91, 93, 398, 399, 400",,open
cand-1320,J，K.csv#4,Jesuits,"63, 67, 79, 82, 83",,open
cand-1321,J，K.csv#5,Jesuits,"63, 64, 65, 66, 67, 68, 73n, 78, 79, 80, 81, 82, 83, 84, 85, 86, 87, 88, 89, 90, 91, 92, 93, 99n, 161, 163",,open
cand-1322,J，K.csv#6,Jesuits,"267, 271, 272",,open
cand-1323,J，K.csv#7,Jesuits,271,,open
cand-1324,J，K.csv#8,Johann Georg III of Saxony,194,,open
cand-1325,J，K.csv#9,"Johann Wilhelm, Elector Palatinate","277, 281, 282, 283, 284, 293",,open
cand-1326,J，K.csv#10,"Johann Wilhelm, Elector Palatinate",283,,open
cand-1327,J，K.csv#11,"Johann Wilhelm, Elector Palatinate",283,,open
cand-1328,J，K.csv#12,"Johann Wilhelm, Elector Palatinate",283,,open
cand-1329,J，K.csv#13,"Johann Wilhelm, Elector Palatinate",282,,open
cand-1330,J，K.csv#14,"Johann Wilhelm, Elector Palatinate",282,,open
cand-1331,J，K.csv#15,"Johann Wilhelm, Elector Palatinate",283,,open
cand-1332,J，K.csv#16,"John Sobieski, King of Poland",129,,open
cand-1333,J，K.csv#17,"Johnson, Samuel",328,,open
cand-1334,J，K.csv#18,"Joli, Antonio",314,,open
cand-1335,J，K.csv#19,"Jones, Inigo","178, 309",,open
cand-1336,J，K.csv#20,Julian the Apostate,"109, 196",,open
cand-1337,J，K.csv#21,Justinus,118,,open
cand-1338,J，K.csv#22,Justus of Ghent,54,,open
cand-1339,J，K.csv#23,"Juvarra, Filippo","164, 165, 202, 296, 297",,open
cand-1340,J，K.csv#24,"Juvarra, Filippo","296, 297",,open
cand-1341,J，K.csv#25,"Juvarra, Filippo",297,,open
cand-1342,J，K.csv#26,"Killigrew, Thomas",197,,open
cand-1343,L.csv#0,"La Fosse, Charles de",284,,open
cand-1344,L.csv#1,La Harpe,,,open
cand-1345,L.csv#2,La Harpe,328,,open
cand-1346,L.csv#3,"La Tour, Georges de","133, 384",,open
cand-1347,L.csv#4,"La Vrillière, Louis Phélipeaux de","184, 185",,open
cand-1348,L.csv#5,Labia collection,"214n, 250, 251, 262",,open
cand-1349,L.csv#6,Labia family,250,,open
cand-1350,L.csv#7,"Labia, Maria",257,,open
cand-1351,L.csv#8,"Laer, Pieter Van","18n, 20, 102, 132, 134, 135, 136, 137, 138, 141, 207",,open
cand-1352,L.csv#9,"Laer, Pieter Van",135,,open
cand-1353,L.csv#10,"Laer, Pieter Van",135,,open
cand-1354,L.csv#11,"Laer, Pieter Van",135,,open
cand-1355,L.csv#12,"Lancellotti, Abate",,,open
cand-1356,L.csv#13,"Lancellotti, Abate",311,,open
cand-1357,L.csv#14,"Landi, Stefano",58,,open
cand-1358,L.csv#15,"Landscapes, varying reactions to","105, 111, 143, 155, 172, 173, 378",,open
cand-1359,L.csv#16,"Lanfranco, Giovanni","7, 11, 13, 15, 43, 45, 56, 72, 77, 78, 123, 171, 237n",,open
cand-1360,L.csv#17,"Lanfranco, Giovanni",72,,open
cand-1361,L.csv#18,"Lanfranco, Giovanni",13,,open
cand-1362,L.csv#19,"Lanfranco, Giovanni",171,,open
cand-1363,L.csv#20,"Langetti, Giovanni Battista",234n,,open
cand-1364,L.csv#21,"Laparelli, Annibale",13,,open
cand-1365,L.csv#22,"Lattre, Pierre de",74,,open
cand-1366,L.csv#23,"Lauri, Filippo","19, 122n, 197",,open
cand-1367,L.csv#24,"Law, John","284, 285",,open
cand-1368,L.csv#25,"Lazzarini, Gregorio","166n, 194, 195, 199, 225, 227n, 246n, 248, 250, 251, 255, 266, 270, 302, 393",,open
cand-1369,L.csv#26,"Lazzarini, Gregorio",225n,,open
cand-1370,L.csv#27,"Lazzarini, Gregorio",357n,,open
cand-1371,L.csv#28,"Lazzarini, Gregorio",357n,,open
cand-1372,L.csv#29,"Lazzarini, Gregorio",225n,,open
cand-1373,L.csv#30,"Lazzarini, Gregorio",248,,open
cand-1374,L.csv#31,"Lazzarini, Gregorio",221n,,open
cand-1375,L.csv#32,"LeBlon, Jakob Christoffel",408,,open
cand-1376,L.csv#33,"Le Brun, Charles","62, 189, 195",,open
cand-1377,L.csv#34,"Le Nain, Louis","122, 184",,open
cand-1378,L.csv#35,"Le Vau, Louis",187,,open
cand-1379,L.csv#36,"Legros, Pierre","92, 93, 400",,open
cand-1380,L.csv#37,"Legros, Pierre",93n,,open
cand-1381,L.csv#38,"Legros, Pierre",92,,open
cand-1382,L.csv#39,"Legros, Pierre",93,,open
cand-1383,L.csv#40,"Lelli, Ercole",351,,open
cand-1384,L.csv#41,"Lely, Sir Peter",122n,,open
cand-1385,L.csv#42,"Lemaire, Jean","105, 176",,open
cand-1386,L.csv#43,"Lena, Eusebio della",375,,open
cand-1387,L.csv#44,"Lena, Abate Giacomo della","375, 376, 410",,open
cand-1388,L.csv#45,"Lena, Abate Giacomo della",375,,open
cand-1389,L.csv#46,"Lena, Innocenzo della",375,,open
cand-1390,L.csv#47,Leonardo da Vinci,"100, 106, 113",,open
cand-1391,L.csv#48,Leonardo da Vinci,100,,open
cand-1392,L.csv#49,Leonardo da Vinci,100,,open
cand-1393,L.csv#50,Leonardo da Vinci,"106, 113",,open
cand-1394,L.csv#51,"Leoni, Giacomo","281, 286",,open
cand-1395,L.csv#52,"Leoni, Ottavio","96, 100n",,open
cand-1396,L.csv#53,"Leoni, Ottavio",96,,open
cand-1397,L.csv#54,"Leopold I, Grand Duke of Tuscany","366, 371",,open
cand-1398,L.csv#55,"Leopold I, Holy Roman Emperor",193,,open
cand-1399,L.csv#56,"Leopold Wilhelm, Archduke",193,,open
cand-1400,L.csv#57,"Letterini, Bartolommeo",275n,,open
cand-1401,L.csv#58,"Liberi, Pietro","193, 197, 217, 393",,open
cand-1402,L.csv#59,"Liberi, Pietro",217,,open
cand-1403,L.csv#60,"Liberi, Pietro",217,,open
cand-1404,L.csv#61,"Liberi, Pietro",217,,open
cand-1405,L.csv#62,"Liechtenstein, Prince Wenzel of","169, 194, 195, 234n, 345",,open
cand-1406,L.csv#63,Liechtenstein family,"194, 403, 406",,open
cand-1407,L.csv#64,Liechtenstein family,201,,open
cand-1408,L.csv#65,"Ligari, Gian Pietro",323n,,open
cand-1409,L.csv#66,"Locatelli, Andrea",297n,,open
cand-1410,L.csv#67,"Locke, John",288,,open
cand-1411,L.csv#68,"Lodoli, Padre Carlo","300, 301, 320, 321, 322, 323, 337, 338, 340, 350, 361, 362, 370, 373, 381, 408",,open
cand-1412,L.csv#69,"Lodoli, Padre Carlo",321,,open
cand-1413,L.csv#70,"Lodoli, Padre Carlo",367,,open
cand-1414,L.csv#71,"Lodoli, Padre Carlo","320n, 367",,open
cand-1415,L.csv#72,"Lodoli, Padre Carlo",320,,open
cand-1416,L.csv#73,"Lodoli, Padre Carlo","364, 367, 368",,open
cand-1417,L.csv#74,"Lodoli, Padre Carlo",322,,open
cand-1418,L.csv#75,"Lodoli, Padre Carlo",368,,open
cand-1419,L.csv#76,"Lodoli, Padre Carlo",320,,open
cand-1420,L.csv#77,"Lodoli, Padre Carlo",321,,open
cand-1421,L.csv#78,"Lodoli, Padre Carlo",322,,open
cand-1422,L.csv#79,London,"286, 287, 292",,open
cand-1423,L.csv#80,"Longhena, Baldassare",269,,open
cand-1424,L.csv#81,"Longhi, Alessandro","322, 324n, 336, 361, 382",,open
cand-1425,L.csv#82,"Longhi, Alessandro",322,,open
cand-1426,L.csv#83,"Longhi, Alessandro",373n,,open
cand-1427,L.csv#84,"Longhi, Martino, the Elder","69, 400",,open
cand-1428,L.csv#85,"Longhi, Martino, the Younger",183,,open
cand-1429,L.csv#86,"Longhi, Pietro","260, 265, 322, 323, 324, 338, 340, 361",,open
cand-1430,L.csv#87,"Longhi, Pietro",323,,open
cand-1431,L.csv#88,"Longhi, Pietro",265,,open
cand-1432,L.csv#89,"Longhi, Pietro","323, 324",,open
cand-1433,L.csv#90,"Longhi, Pietro",382,,open
cand-1434,L.csv#91,"Longhi, Pietro",393,,open
cand-1435,L.csv#92,"Longo, Antonio","256, 257",,open
cand-1436,L.csv#93,"Lorca, Bernardino",135n,,open
cand-1437,L.csv#94,"Loredan, Antonio",256,,open
cand-1438,L.csv#95,"Loredan, Pietro",256,,open
cand-1439,L.csv#96,"Lorenzi, Francesco",255n,,open
cand-1440,L.csv#97,Lorenzini,229,,open
cand-1441,L.csv#99,"Lorraine, Duke of",267,,open
cand-1442,L.csv#100,"Loth, Johann Karl","233, 265n",,open
cand-1443,L.csv#101,"Loth, Johann Karl",233,,open
cand-1444,L.csv#102,"Loth, Johann Karl",233,,open
cand-1445,L.csv#103,Lot and his Daughters,195,,open
cand-1446,L.csv#104,Louis XIII,"44, 181",,open
cand-1447,L.csv#105,Louis XIV,"118, 153, 155, 182, 186, 187, 188, 189, 195, 284, 285, 402, 403",,open
cand-1448,L.csv#106,Louis XV,"285, 236",,open
cand-1449,L.csv#107,"Louisa Ulrika, Queen of Sweden",344,,open
cand-1450,L.csv#108,Louvre,153,,open
cand-1451,L.csv#109,Louvre,"187, 188",,open
cand-1452,L.csv#110,"Lovisa, Domenico","332, 333",,open
cand-1453,L.csv#111,"Lovisa, Domenico",332,,open
cand-1454,L.csv#112,Lucca,"214, 226, 227, 228",,open
cand-1455,L.csv#113,"Ludovisi, Alessandro (Pope Gregory XV)","3, 4, 17, 28, 30, 49, 64, 72, 73",,open
cand-1456,L.csv#114,"Ludovisi, Ludovico (nephew to Pope Gregory XV)","4, 28, 64, 72, 73, 74, 86, 101, 397",,open
cand-1457,L.csv#115,"Ludovisi, Ludovico (nephew to Pope Gregory XV)",72,,open
cand-1458,L.csv#116,"Ludovisi, Ludovico (nephew to Pope Gregory XV)","73, 74",,open
cand-1459,L.csv#117,"Ludovisi, Ludovico (nephew to Pope Gregory XV)","4, 72, 73, 74",,open
cand-1460,L.csv#118,"Luti, Benedetto","231, 194",,open
cand-1461,L.csv#119,"Luxembourg, Palais du",174,,open
cand-1462,L.csv#120,"Lyss, Jan",235n,,open
cand-1463,M.csv#0,"Maccarani, Paolo",183,,open
cand-1464,M.csv#1,Machiavelli,,,open
cand-1465,M.csv#2,Machiavelli,41,,open
cand-1466,M.csv#3,"McSwiny, Owen","287, 288, 289, 290, 291, 292, 405, 406",,open
cand-1467,M.csv#4,"McSwiny, Owen","291, 292",,open
cand-1468,M.csv#5,"McSwiny, Owen",291,,open
cand-1469,M.csv#6,"McSwiny, Owen",287,,open
cand-1470,M.csv#7,"McSwiny, Owen","287, 288, 289, 290, 291",,open
cand-1471,M.csv#8,"McSwiny, Owen","288, 289, 290, 291",,open
cand-1472,M.csv#9,"McSwiny, Owen",289n,,open
cand-1473,M.csv#10,"McSwiny, Owen",288n,,open
cand-1474,M.csv#11,"McSwiny, Owen","289n, 290, 291",,open
cand-1475,M.csv#12,Macerata,"223, 224, 225",,open
cand-1476,M.csv#13,Macerata,"223, 224, 225",,open
cand-1477,M.csv#14,"Maderno, Carlo","27, 34, 47, 48, 71, 74, 75, 396",,open
cand-1478,M.csv#15,"Maderno, Carlo",34,,open
cand-1479,M.csv#16,"Maderno, Carlo","47, 48",,open
cand-1480,M.csv#17,"Maderno, Carlo",71,,open
cand-1481,M.csv#18,Madrid,,,open
cand-1482,M.csv#19,Madrid,190,,open
cand-1483,M.csv#20,Madrid,"172, 173",,open
cand-1484,M.csv#21,Madrid,297,,open
cand-1485,M.csv#22,"Madrid, Venetian artists in",297,,open
cand-1486,M.csv#23,"Maffei, Francesco","232, 248",,open
cand-1487,M.csv#24,"Maffei, Scipione","230, 272, 320",,open
cand-1488,M.csv#25,"Magalotti, Cardinal Lorenzo","31, 42",,open
cand-1489,M.csv#26,"Maggiotto, Francesco","325, 340, 408, 409",,open
cand-1490,M.csv#27,"Maggiotto, Francesco",325n,,open
cand-1491,M.csv#28,"Maggiotto, Francesco",340,,open
cand-1492,M.csv#29,"Magnasco, Alessandro",404,,open
cand-1493,M.csv#30,"Magni, Pietro",216,,open
cand-1494,M.csv#31,"Mahon, Denis",392,,open
cand-1495,M.csv#32,"Maidalchini, Francesco",147,,open
cand-1496,M.csv#33,"Maidalchini, Donna Olimpia","78, 147, 150, 122",,open
cand-1497,M.csv#34,"Maidalchini, Donna Olimpia",148,,open
cand-1498,M.csv#35,"Maidalchini, Donna Olimpia",116,,open
cand-1499,M.csv#36,"Malebranche, Nicolas de",318,,open
cand-1500,M.csv#37,"Malpighi, Marcello",203,,open
cand-1501,M.csv#38,"Malvasia, Carlo Cesare","16, 21, 141, 189",,open
cand-1502,M.csv#39,"Malvasia, Carlo Cesare",189,,open
cand-1503,M.csv#40,"Manaigo, Silvestro",266,,open
cand-1504,M.csv#41,"Manchester, Lord","276, 278",,open
cand-1505,M.csv#42,"Manchester, Lord",279,,open
cand-1506,M.csv#43,"Mancini, Francesco",351,,open
cand-1507,M.csv#44,"Mancini, Giulio","14, 123, 124, 396",,open
cand-1508,M.csv#45,"Mancini, Giulio","124, 130",,open
cand-1509,M.csv#46,"Mancini, Maria",155,,open
cand-1510,M.csv#47,"Mander, Carel van",170,,open
cand-1511,M.csv#48,"Manfredi, Eustachio",347,,open
cand-1512,M.csv#49,"Manfrin, Girolamo","379, 380, 381, 410",,open
cand-1513,M.csv#50,"Manfrin, Girolamo","380, 381",,open
cand-1514,M.csv#51,"Manfrin, Girolamo",381,,open
cand-1515,M.csv#52,"Manfrin, Girolamo",395,,open
cand-1516,M.csv#53,Mannerist painting,"28, 30, 38, 102, 103",,open
cand-1517,M.csv#54,"Manin, Doge Lodovico",251,,open
cand-1518,M.csv#55,Manin country house,251,,open
cand-1519,M.csv#56,Manin family,"251, 268",,open
cand-1520,M.csv#57,Manin palace,251,,open
cand-1521,M.csv#58,"Mansart, François",184,,open
cand-1522,M.csv#59,"Mantegna, Andrea","175, 380",,open
cand-1523,M.csv#60,"Mantua, Ferdinando, Duke of","10, 14, 175",,open
cand-1524,M.csv#61,"Mantua, Ferdinando Carlo, Duke of","267, 312",,open
cand-1525,M.csv#62,"Mantua, Marquis of",216,,open
cand-1526,M.csv#63,"Maratta, Carlo","17, 18, 57, 60, 80, 85, 88, 118, 155, 157, 159, 160, 161, 162, 163, 164, 189, 191, 194, 197, 198, 199, 210, 282",,open
cand-1527,M.csv#64,"Maratta, Carlo","156, 161",,open
cand-1528,M.csv#65,"Maratta, Carlo","118, 161",,open
cand-1529,M.csv#66,"Maratta, Carlo",189,,open
cand-1530,M.csv#67,"Maratta, Carlo",185,,open
cand-1531,M.csv#68,"Maratta, Carlo",195,,open
cand-1532,M.csv#69,"Maratta, Carlo","386, 387",,open
cand-1533,M.csv#70,"Maratta, Carlo",17,,open
cand-1534,M.csv#71,"Maratta, Carlo",161,,open
cand-1535,M.csv#72,"Maratta, Carlo",60,,open
cand-1536,M.csv#73,"Maratta, Carlo",88,,open
cand-1537,M.csv#75,Marchands-amateurs,"123, 124, 125",,open
cand-1538,M.csv#76,"Marchesi, Raffaelo",136,,open
cand-1539,M.csv#77,"Marchesini, Alessandro","265n, 270n",,open
cand-1540,M.csv#78,"Marchesini, Alessandro","226, 227, 228",,open
cand-1541,M.csv#79,"Marchiori, Giovanni",356,,open
cand-1542,M.csv#80,"Marcotti, Sebastiano",205n,,open
cand-1543,M.csv#81,"Mari, Cosimo",409,,open
cand-1544,M.csv#82,"Maria, Francesco di",208,,open
cand-1545,M.csv#83,"Maria Teresa, Holy Roman Empress",335,,open
cand-1546,M.csv#84,"Marieschi, Michele","314, 332, 376, 393",,open
cand-1547,M.csv#85,"Mariette, Pierre-Jean","165, 284n, 285, 331, 341, 343n, 361",,open
cand-1548,M.csv#87,"Marino, Giambattista","38, 44, 96, 104, 115, 118, 122, 318, 348, 398",,open
cand-1549,M.csv#88,"Marino, Giambattista",115,,open
cand-1550,M.csv#89,"Marino, Giambattista",38,,open
cand-1551,M.csv#90,"Marino, Giambattista",38,,open
cand-1552,M.csv#91,"Marlborough, Duchess of",278,,open
cand-1553,M.csv#92,"Martinelli, Domenico",201,,open
cand-1554,M.csv#93,"Marucelli, Francesco","157, 158, 235",,open
cand-1555,M.csv#94,"Marucelli, Francesco",158,,open
cand-1556,M.csv#95,"Marucelli, Francesco",158,,open
cand-1557,M.csv#96,"Marucelli, Orazio",235n,,open
cand-1558,M.csv#97,Marucelli Palace,"235, 236",,open
cand-1559,M.csv#98,"Masaniello, Revolt of","139, 205, 206",,open
cand-1560,M.csv#99,"Mascardi, Agostino",157,,open
cand-1561,M.csv#100,"Masini, Lorenzo",306n,,open
cand-1562,M.csv#101,"Massari, Giorgio","270, 272, 321",,open
cand-1563,M.csv#102,"Massimi, Camillo (the Elder)",115,,open
cand-1564,M.csv#103,"Massimi, Cardinal Camillo (Carlo)","114, 115, 116, 117, 118, 119, 138, 161, 190",,open
cand-1565,M.csv#104,"Massimi, Cardinal Camillo (Carlo)","116, 118",,open
cand-1566,M.csv#105,"Massimi, Cardinal Camillo (Carlo)",118,,open
cand-1567,M.csv#106,"Massimi, Cardinal Camillo (Carlo)","115, 117, 118",,open
cand-1568,M.csv#107,"Massimi, Cardinal Camillo (Carlo)","116, 117",,open
cand-1569,M.csv#108,"Massimi, Cardinal Camillo (Carlo)",118,,open
cand-1570,M.csv#109,"Massimi, Cardinal Camillo (Carlo)","116, 117",,open
cand-1571,M.csv#110,"Massimi, Cardinal Camillo (Carlo)",117,,open
cand-1572,M.csv#111,"Massimi, Cardinal Camillo (Carlo)",118,,open
cand-1573,M.csv#112,"Massimi, Cardinal Camillo (Carlo)",118,,open
cand-1574,M.csv#113,"Massimi, Cardinal Camillo (Carlo)",117,,open
cand-1575,M.csv#114,"Massimi, Cardinal Camillo (Carlo)",118,,open
cand-1576,M.csv#115,"Massimo, Padre",216,,open
cand-1577,M.csv#116,Mastelletta,395,,open
cand-1578,M.csv#117,"Matina, L.",408,,open
cand-1579,M.csv#118,"Mattei, Tommaso",,,open
cand-1580,M.csv#119,"Mattei, Tommaso",221,,open
cand-1581,M.csv#120,"Matteis, Paolo de","191, 198, 199, 200, 224n",,open
cand-1582,M.csv#121,"Matteis, Paolo de",198,,open
cand-1583,M.csv#122,"Matteis, Paolo de","198, 199",,open
cand-1584,M.csv#123,"Mattielli, Lorenzo","201, 353",,open
cand-1585,M.csv#124,"Maupertuis, Pierre-Louis",349,,open
cand-1586,M.csv#125,"Max Emmanuel, Elector of Bavaria","193, 278",,open
cand-1587,M.csv#126,"Maximilian, Prince, Elector of Bavaria",277,,open
cand-1588,M.csv#127,"Mazarin, Cardinal","139, 155, 175, 176, 180, 181, 182, 183, 184, 185, 186, 187, 402",,open
cand-1589,M.csv#128,"Mazarin, Cardinal","180, 181",,open
cand-1590,M.csv#129,"Mazarin, Cardinal",181,,open
cand-1591,M.csv#130,"Mazarin, Cardinal","181, 182",,open
cand-1592,M.csv#131,"Mazarin, Cardinal",180,,open
cand-1593,M.csv#132,"Mazarin, Cardinal",180,,open
cand-1594,M.csv#133,"Mazarin, Cardinal","176, 177, 181",,open
cand-1595,M.csv#134,"Mazarin, Cardinal","182, 183",,open
cand-1596,M.csv#135,"Mazarin, Cardinal","185, 186",,open
cand-1597,M.csv#136,"Mazarin, Cardinal",184,,open
cand-1598,M.csv#137,"Mazarin, Cardinal",183,,open
cand-1599,M.csv#138,"Mazarin, Cardinal",183,,open
cand-1600,M.csv#139,"Mazarin, Cardinal","184, 185",,open
cand-1601,M.csv#140,"Mazenta, Ambrogio",106,,open
cand-1602,M.csv#141,"Mazza, Giuseppe","222, 251",,open
cand-1603,M.csv#143,"Mazzoni, Nicola",337n,,open
cand-1604,M.csv#144,"Mead, Dr Richard","118, 301, 343n, 357",,open
cand-1605,M.csv#145,"Mecklenburg, Christian Louis, Duke of",277,,open
cand-1606,M.csv#146,"Medici, Anna Maria Ludovica de' (wife of Johann Wilhelm, Elector Palatinate)",282,,open
cand-1607,M.csv#147,"Medici, Cosimo III de'","229, 404",,open
cand-1608,M.csv#148,"Medici, Ferdinando II de', Grand Duke of Tuscany","76, 178, 403",,open
cand-1609,M.csv#149,"Medici, Grand Prince Ferdinand de'","213, 229, 230, 231, 232, 233, 234, 235, 236, 237, 238, 239, 240, 241, 384, 385, 403, 404",,open
cand-1610,M.csv#150,"Medici, Grand Prince Ferdinand de'","240, 241",,open
cand-1611,M.csv#151,"Medici, Grand Prince Ferdinand de'","237, 238, 239, 390, 391",,open
cand-1612,M.csv#152,"Medici, Grand Prince Ferdinand de'",239,,open
cand-1613,M.csv#153,"Medici, Grand Prince Ferdinand de'",234,,open
cand-1614,M.csv#154,"Medici, Grand Prince Ferdinand de'",233,,open
cand-1615,M.csv#155,"Medici, Grand Prince Ferdinand de'",233,,open
cand-1616,M.csv#156,"Medici, Grand Prince Ferdinand de'",240,,open
cand-1617,M.csv#157,"Medici, Grand Prince Ferdinand de'","235, 236, 390",,open
cand-1618,M.csv#158,"Medici, Grand Prince Ferdinand de'",231,,open
cand-1619,M.csv#159,"Medici, Grand Prince Ferdinand de'","230, 231, 232, 233",,open
cand-1620,M.csv#160,"Medici, Grand Prince Ferdinand de'","239, 240",,open
cand-1621,M.csv#161,"Medici, Grand Prince Ferdinand de'","232, 234",,open
cand-1622,M.csv#162,"Medici, Grand Prince Ferdinand de'","232, 233, 234, 235, 236, 237, 238, 239",,open
cand-1623,M.csv#163,"Medici, Grand Prince Ferdinand de'","232, 234, 236",,open
cand-1624,M.csv#164,"Medici, Grand Prince Ferdinand de'",230,,open
cand-1625,M.csv#165,"Medici, Grand Prince Ferdinand de'",232,,open
cand-1626,M.csv#166,"Medici, Francesco Maria de'",229,,open
cand-1627,M.csv#167,"Medici, Grand Duke Gian Gastone de'",229,,open
cand-1628,M.csv#168,"Medici, Isabella de' (Duchess of Bracciano)",98n,,open
cand-1629,M.csv#169,"Medici, Cardinal Leopoldo de'","14, 231, 241, 375, 403, 404",,open
cand-1630,M.csv#170,"Medici, Don Lorenzo de'",403,,open
cand-1631,M.csv#171,"Medici, Marie de","53, 173, 174, 175",,open
cand-1632,M.csv#172,"Mehus, Livio","213, 235n, 240",,open
cand-1633,M.csv#173,"Mei, Bernardino",154,,open
cand-1634,M.csv#174,"Mei, Bernardino",154,,open
cand-1635,M.csv#175,"Mei, Bernardino",154,,open
cand-1636,M.csv#176,"Melanconici, Niccolò","220, 221",,open
cand-1637,M.csv#177,"Melanconici, Niccolò","220, 221",,open
cand-1638,M.csv#178,"Melanconici, Niccolò",221,,open
cand-1639,M.csv#179,"Melanconici, Niccolò","220, 221",,open
cand-1640,M.csv#180,"Melanconici, Niccolò",221,,open
cand-1641,M.csv#181,"Mellino, Cardinal",49n,,open
cand-1642,M.csv#182,"Memmo, Andrea","300, 309, 320, 322, 325, 364, 365, 366, 367, 368, 369, 373",,open
cand-1643,M.csv#183,"Memmo, Andrea","364, 367, 368",,open
cand-1644,M.csv#184,"Memmo, Andrea",367,,open
cand-1645,M.csv#185,"Memmo, Andrea",394,,open
cand-1646,M.csv#186,"Memmo, Andrea",368,,open
cand-1647,M.csv#187,"Memmo, Andrea","320n, 367",,open
cand-1648,M.csv#188,"Memmo, Andrea",364,,open
cand-1649,M.csv#189,"Memmo, Andrea","330, 394, 395",,open
cand-1650,M.csv#190,"Memmo, Andrea","365, 366, 367, 368",,open
cand-1651,M.csv#191,"Memmo, Andrea",367,,open
cand-1652,M.csv#192,"Mengs, Anton Rafael","297, 348, 368n",,open
cand-1653,M.csv#193,"Menzini, Benedetto",230,,open
cand-1654,M.csv#194,"Mercati, Giovanni Battista",121n,,open
cand-1655,M.csv#195,Messina,"209, 210",,open
cand-1656,M.csv#196,"Messina, Antonello da",,,open
cand-1657,M.csv#197,"Messina, Antonello da",382,,open
cand-1658,M.csv#198,Miani family,260n,,open
cand-1659,M.csv#199,"Metastasio, Pietro",339,,open
cand-1660,M.csv#200,Michelangelo,"16, 37, 103, 174n",,open
cand-1661,M.csv#201,Michelangelo,362,,open
cand-1662,M.csv#202,"Miel, Jan","126, 127, 137, 140, 207",,open
cand-1663,M.csv#203,"Mieris, Frans van",307,,open
cand-1664,M.csv#204,"Migliori, Francesco",294,,open
cand-1665,M.csv#205,"Milizia, Francesco",371n,,open
cand-1666,M.csv#206,"Miller, Dwight",223n,,open
cand-1667,M.csv#207,"Millet, Jean-François",325,,open
cand-1668,M.csv#208,"Milton, John","58, 96",,open
cand-1669,M.csv#209,"Mingardi, Francesco",366n,,open
cand-1670,M.csv#210,"Mingardi, Giovanni Battista",380,,open
cand-1671,M.csv#211,"Minitti, Mario",9n,,open
cand-1672,M.csv#212,"Mitelli, Agostino",190,,open
cand-1673,M.csv#213,"Mocenigo, Doge Alvise",269n,,open
cand-1674,M.csv#214,Modelli,"11, 12, 97, 104, 213, 232, 233, 222n, 273n, 352, 353, 374",,open
cand-1675,M.csv#215,"Modena, Duke of","143, 177n",,open
cand-1676,M.csv#216,"Mola, Pier Francesco","6n, 7n, 9, 13, 19, 80n, 111, 114, 143, 149, 160, 187, 401",,open
cand-1677,M.csv#217,"Mola, Pier Francesco",9,,open
cand-1678,M.csv#218,"Mola, Pier Francesco",12n,,open
cand-1679,M.csv#219,"Molinari, Antonio","129, 294",,open
cand-1680,M.csv#220,"Molinos, Miguel de","81, 82, 83",,open
cand-1681,M.csv#221,"Molinos, Miguel de",82,,open
cand-1682,M.csv#222,"Monaco, Pietro","342n, 345",,open
cand-1683,M.csv#223,"Monaco, Pietro",345,,open
cand-1684,M.csv#224,"Monari, Cristofano",233n,,open
cand-1685,M.csv#225,"Monconys, Balthasar de",124,,open
cand-1686,M.csv#227,"Monnot, Pierre",197,,open
cand-1687,M.csv#228,"Montagu, Jennifer","52n, 56n",,open
cand-1688,M.csv#229,"Montagu, Lady Mary Wortley","302, 349",,open
cand-1689,M.csv#230,"Montaigne, Michel de",370,,open
cand-1690,M.csv#231,Montanari palace,249n,,open
cand-1691,M.csv#232,"Monte, Cardinal Francesco del","25, 28, 29, 45, 73, 120, 397",,open
cand-1692,M.csv#233,"Montefeltre, Federigo da",54,,open
cand-1693,M.csv#234,"Monterey, Count of","126, 171, 172",,open
cand-1694,M.csv#235,"Monterey, Count of",172,,open
cand-1695,M.csv#236,"Monterey, Count of",171,,open
cand-1696,M.csv#237,Montesquieu,"320, 326",,open
cand-1697,M.csv#238,"Monteverdi, Claudio",96,,open
cand-1698,M.csv#239,"Monti, Francesco","214n, 288, 348",,open
cand-1699,M.csv#240,"Montorsoli, Giovanni",330,,open
cand-1700,M.csv#241,"Morandi, Giammaria",18,,open
cand-1701,M.csv#242,"Morelli, Jacopo",371n,,open
cand-1702,M.csv#243,"Morice, Sir William",290,,open
cand-1703,M.csv#244,"Morlaiter, Michelangelo",312,,open
cand-1704,M.csv#245,"Moroni, Giovanni Battista",264n,,open
cand-1705,M.csv#246,"Morosini, Francesco","246, 248, 249",,open
cand-1706,M.csv#247,Morosini family,250,,open
cand-1707,M.csv#248,"Morris, Roger",309,,open
cand-1708,M.csv#249,"Moscheni, Pietro",322,,open
cand-1709,M.csv#250,"Moschini, Abate G. A.","260, 266, 375",,open
cand-1710,M.csv#251,"Moscow, Venetian painting in",297,,open
cand-1711,M.csv#252,"Motteux, Pierre",279,,open
cand-1712,M.csv#253,"Mour, Jean-Baptiste Van",313,,open
cand-1713,M.csv#254,"Mulier, Pietro","7n, 97n",,open
cand-1714,M.csv#255,"Munich, patronage in 17th century",193,,open
cand-1715,M.csv#256,"Munich, Nymphenburg palace","193, 278",,open
cand-1716,M.csv#257,"Mura, Francesco de",351,,open
cand-1717,M.csv#258,"Muratori, L. A.","261n, 274, 275n, 300n, 302n, 318, 336n, 350",,open
cand-1718,M.csv#259,"Muratori, L. A.",318,,open
cand-1719,M.csv#260,"Murray, John",302,,open
cand-1720,M.csv#261,"Muziano, Girolamo",66,,open
cand-1721,N.csv#0,"Nadal, Jerome",399,,open
cand-1722,N.csv#1,Naples,"171, 172, 190, 191, 192, 203, 204, 205, 206, 207, 208",,open
cand-1723,N.csv#2,Naples,203,,open
cand-1724,N.csv#4,"Nappi, P. Gerolamo",74n,,open
cand-1725,N.csv#5,Nationalism and art,"7, 34, 183n, 187, 188",,open
cand-1726,N.csv#6,"Naudé, Gabriel","33n, 107, 108",,open
cand-1727,N.csv#7,"Nazari, Bartolommeo","287, 293, 295, 312, 314, 322, 345",,open
cand-1728,N.csv#8,"Nazari, Bartolommeo",322,,open
cand-1729,N.csv#9,"Neapolitan painting, diffusion of","210, 211, 212, 213, 214",,open
cand-1730,N.csv#10,"Negri, Paolo",211n,,open
cand-1731,N.csv#11,"Negri, Pietro","219, 294",,open
cand-1732,N.csv#12,"Negroni, Cardinal Giovan Francesco","84, 85",,open
cand-1733,N.csv#13,"Negroni, Cardinal Giovan Francesco","84, 85",,open
cand-1734,N.csv#14,Nepotism in Rome,"4, 31, 147, 154n, 161",,open
cand-1735,N.csv#15,"Neri, Vincenzo",136,,open
cand-1736,N.csv#16,"Neumann, Balthasar",296,,open
cand-1737,N.csv#17,"Newcastle, William Cavendish, Duke of",178,,open
cand-1738,N.csv#18,"Newcastle, Thomas Pelham-Holles, Duke of",300n,,open
cand-1739,N.csv#19,"Newton, Sir Isaac","288, 301, 318, 319, 320, 408",,open
cand-1740,N.csv#20,"Nickel, Goswin","78, 91",,open
cand-1741,N.csv#21,"Nicolson, Benedict",94n,,open
cand-1742,N.csv#22,"Noailles, Maréchal de",200,,open
cand-1743,N.csv#23,"Nogari, Giuseppe","260, 293, 295, 309, 314, 342",,open
cand-1744,N.csv#24,"Nogari, Giuseppe",316,,open
cand-1745,N.csv#25,"Nogari, Giuseppe",316,,open
cand-1746,N.csv#26,"Nogari, Giuseppe",316,,open
cand-1747,N.csv#27,"Nogari, Giuseppe",316,,open
cand-1748,N.csv#28,"Nollet, Abbé",338,,open
cand-1749,N.csv#29,"Nomé, François ('Monsù Desiderio')",213,,open
cand-1750,N.csv#30,"Nomé, François ('Monsù Desiderio')",213,,open
cand-1751,N.csv#31,"Nomé, François ('Monsù Desiderio')",213,,open
cand-1752,N.csv#32,"Non, Dominique De (Dominique Vivant-Denon)",371,,open
cand-1753,N.csv#33,"Non, Dominique De (Dominique Vivant-Denon)",371,,open
cand-1754,N.csv#34,"Nordiall, John",344n,,open
cand-1755,N.csv#35,"Novaroli, P. Octavio",67n,,open
cand-1756,N.csv#36,"Novelli, Francesco",371,,open
cand-1757,N.csv#37,"Novelli, Pietro ('il Monrealese')",210,,open
cand-1758,N.csv#38,"Novelli, Pietro Antonio","254, 255n, 260, 298, 336",,open
cand-1759,N.csv#39,"Novelli, Pietro Antonio",298,,open
cand-1760,N.csv#40,"Novelli, Pietro Antonio",338,,open
cand-1761,N.csv#41,"Novelli, Pietro Antonio",339,,open
cand-1762,N.csv#42,"Novelli, Pietro Antonio",337,,open
cand-1763,N.csv#43,"Noyelle, Charles de",91,,open
cand-1764,N.csv#44,"Noyers, François Sublet de",112,,open
cand-1765,N.csv#45,"Nuzzi, Mario (Mario de' Fiori)","8n, 20, 143",,open
cand-1766,O.csv#0,"Odazzi, Giovanni","xviii, 12",,open
cand-1767,O.csv#1,"Oderisi, Roberto",107,,open
cand-1768,O.csv#2,"Odescalchi, Benedetto (Pope Innocent XI)","162, 163",,open
cand-1769,O.csv#3,"Odescalchi, Livio",98,,open
cand-1770,O.csv#4,"Olina, P.",104n,,open
cand-1771,O.csv#5,"Oliva, Gian Paolo","64, 78, 79, 80, 81, 82, 83, 84, 85, 86, 153",,open
cand-1772,O.csv#6,"Oliva, Gian Paolo","85, 86",,open
cand-1773,O.csv#7,"Oliva, Gian Paolo","78, 79",,open
cand-1774,O.csv#8,"Oliva, Gian Paolo","79, 80, 81",,open
cand-1775,O.csv#9,"Oliva, Gian Paolo","80, 81",,open
cand-1776,O.csv#10,"Oliva, Gian Paolo","84, 85",,open
cand-1777,O.csv#11,"Olivarez, Count Duke",171,,open
cand-1778,O.csv#12,"Olivieri, Monsignor",129,,open
cand-1779,O.csv#13,"Olivieri, Pietro Paolo",71,,open
cand-1780,O.csv#14,Opera in Rome,"56, 57, 58, 164",,open
cand-1781,O.csv#15,"Oppenord, Gilles-Marie",285,,open
cand-1782,O.csv#16,Oratorians,"64, 68, 69, 70, 71, 75, 76, 77, 78, 400",,open
cand-1783,O.csv#17,Oratorians,271,,open
cand-1784,O.csv#18,Oratorio,"75, 76",,open
cand-1785,O.csv#19,"Orleans, Margherite d'",229,,open
cand-1786,O.csv#20,"Orleans, Philippe d', Regent","200n, 341, 370",,open
cand-1787,O.csv#21,"Orleans, Philippe d', Regent","341, 370, 384",,open
cand-1788,O.csv#22,"Orsini, Alessandro",99,,open
cand-1789,O.csv#24,"Ortes, Abate Giuseppe Maria","321n, 375",,open
cand-1790,O.csv#25,"Osimo, Don Cesare Leopardi di",169n,,open
cand-1791,O.csv#26,Osservatore Veneto,323,,open
cand-1792,O.csv#27,"Ottini, Andrea",122,,open
cand-1793,O.csv#28,"Ottley, William Young",377n,,open
cand-1794,O.csv#29,"Ottoboni, Pietro (Pope Alexander VIII)",7,,open
cand-1795,O.csv#30,"Ottoboni, Cardinal Pietro (nephew to Pope Alexander VIII)","88, 129, 164, 165, 166",,open
cand-1796,O.csv#31,"Ottoboni, Cardinal Pietro (nephew to Pope Alexander VIII)","164, 165",,open
cand-1797,O.csv#32,"Ottoboni, Cardinal Pietro (nephew to Pope Alexander VIII)",165,,open
cand-1798,O.csv#33,"Ottoboni, Cardinal Pietro (nephew to Pope Alexander VIII)",164,,open
cand-1799,O.csv#34,"Ottoboni, Cardinal Pietro (nephew to Pope Alexander VIII)",164,,open
cand-1800,O.csv#35,"Ottonelli, Padre","64, 400",,open
cand-1801,O.csv#36,"Oxford, Robert Harley, Earl of",288,,open
cand-1802,P.csv#0,"Paciaudi, Abate Paolo Maria",360n,,open
cand-1803,P.csv#2,Padua,,,open
cand-1804,P.csv#3,Padua,"365, 366, 367, 368",,open
cand-1805,P.csv#4,"Painting, social significance of","328, 329",,open
cand-1806,P.csv#5,Palazzo Ducale,248,,open
cand-1807,P.csv#6,"Palladio, Andrea","103, 278, 348, 356, 357, 407",,open
cand-1808,P.csv#7,"Palladio, Andrea",357,,open
cand-1809,P.csv#8,"Pallavicini, Marchese Niccolò Maria","8n, 166n",,open
cand-1810,P.csv#9,"Pallavicino, Sforza",397,,open
cand-1811,P.csv#10,"Palma, Jacopo (il Giovane)","231, 340",,open
cand-1812,P.csv#11,"Palmerston, Lady",375,,open
cand-1813,P.csv#12,"Paltronieri, Pietro ('il Mirandolese')",289n,,open
cand-1814,P.csv#13,"Pamfili, Prince Camillo (nephew to Pope Innocent X)","6n, 7n, 9, 13, 80, 86, 87, 88, 116, 147, 148, 149, 150, 182",,open
cand-1815,P.csv#14,"Pamfili, Prince Camillo (nephew to Pope Innocent X)","86, 87, 149, 150",,open
cand-1816,P.csv#15,"Pamfili, Prince Camillo (nephew to Pope Innocent X)",148,,open
cand-1817,P.csv#16,"Pamfili, Prince Camillo (nephew to Pope Innocent X)",148,,open
cand-1818,P.csv#17,"Pamfili (Astalli), Camillo",148,,open
cand-1819,P.csv#18,"Pamfili, Gianbattista (Pope Innocent X)","19, 59, 77, 78, 86, 95, 112, 115, 116, 122, 139, 146, 147, 148, 149, 150, 182n, 401",,open
cand-1820,P.csv#19,"Pamfili, Gianbattista (Pope Innocent X)","147, 148",,open
cand-1821,P.csv#20,"Pamfili, Gianbattista (Pope Innocent X)",150,,open
cand-1822,P.csv#21,"Pamfili, Gianbattista (Pope Innocent X)",122,,open
cand-1823,P.csv#22,"Pamfili, Giulia",95,,open
cand-1824,P.csv#23,Pamfili palace (Piazza Navona),"147, 148, 149",,open
cand-1825,P.csv#24,"Panciatichi, Senator Francesco",212n,,open
cand-1826,P.csv#25,"Panfi, Romolo",233n,,open
cand-1827,P.csv#26,"Pannini, Giovanni Paolo","297n, 307, 308, 351, 357, 358, 393",,open
cand-1828,P.csv#27,"Pannini, Giovanni Paolo",357,,open
cand-1829,P.csv#28,"Paolini, Pietro",,,open
cand-1830,P.csv#29,"Paolini, Pietro",139,,open
cand-1831,P.csv#30,Papal states,,,open
cand-1832,P.csv#31,Papal states,"149, 150, 152, 161, 162",,open
cand-1833,P.csv#32,Papal states,32,,open
cand-1834,P.csv#33,"Pareja, Juan de",222,,open
cand-1835,P.csv#34,"Parigi, Giulio",95,,open
cand-1836,P.csv#35,"Paris, Venetian 18th-century artists in","284, 285",,open
cand-1837,P.csv#36,"Paris, Venetian 18th-century artists in",,,open
cand-1838,P.csv#37,"Parma, Academy",385,,open
cand-1839,P.csv#39,"Parmigianino, Francesco","30, 103, 222, 341, 343",,open
cand-1840,P.csv#40,"Parmigianino, Francesco",222,,open
cand-1841,P.csv#41,"Parodi, Domenico","200, 201",,open
cand-1842,P.csv#42,"Pascoli, Lione",324,,open
cand-1843,P.csv#43,"Pasinelli, Lorenzo",197,,open
cand-1844,P.csv#44,"Pasquali, Giambattista","299, 301, 306, 320, 334, 336, 337, 338, 394",,open
cand-1845,P.csv#45,"Pasquali, Giambattista","337, 338",,open
cand-1846,P.csv#46,"Pasquali, Giambattista",337,,open
cand-1847,P.csv#47,"Pasquali, Giambattista",337,,open
cand-1848,P.csv#48,"Pasquali, Giambattista",337,,open
cand-1849,P.csv#49,"Pasquali, Giambattista",337,,open
cand-1850,P.csv#50,"Pasquali, Giambattista",337,,open
cand-1851,P.csv#51,"Pasquali, Giambattista","337, 338",,open
cand-1852,P.csv#52,"Pasquali, Giambattista",338,,open
cand-1853,P.csv#53,"Pasquetti, Leonardo",346,,open
cand-1854,P.csv#54,"Passante, Bartolommeo",206,,open
cand-1855,P.csv#55,"Passarowitz, Peace of",246,,open
cand-1856,P.csv#56,"Passeri, Giambattista","3, 7, 19, 26, 27, 73, 134, 138, 145, 149",,open
cand-1857,P.csv#57,"Passignani, Domenico","26, 30, 94",,open
cand-1858,P.csv#58,"Patriarch, Gaspare","323n, 360n",,open
cand-1859,P.csv#59,Patron-artist relation,"6, 7, 8",,open
cand-1860,P.csv#61,"Pedozzi, Padre Jacopo",270,,open
cand-1861,P.csv#62,"Peiresc, Nicolas-Claude-Fabri de","30, 100, 107n",,open
cand-1862,P.csv#63,"Pellegrini, Giovanni Antonio","251, 258, 276, 282n, 283, 307, 335, 341, 345, 346",,open
cand-1863,P.csv#64,"Pellegrini, Giovanni Antonio","284, 285",,open
cand-1864,P.csv#65,"Pellegrini, Giovanni Antonio",283,,open
cand-1865,P.csv#66,"Pellegrini, Giovanni Antonio","284, 285, 292",,open
cand-1866,P.csv#67,"Pellegrini, Giovanni Antonio",284,,open
cand-1867,P.csv#68,"Pellegrini, Giovanni Antonio",284,,open
cand-1868,P.csv#69,"Pellegrini, Giovanni Antonio","293, 294",,open
cand-1869,P.csv#70,"Pellegrini, Giovanni Antonio",284,,open
cand-1870,P.csv#71,"Pellegrini, Giovanni Antonio","278, 279, 281, 284",,open
cand-1871,P.csv#72,"Pellegrini, Giovanni Antonio","284, 285",,open
cand-1872,P.csv#73,Pepoli palace,238,,open
cand-1873,P.csv#74,"Pepusch, Dr",281,,open
cand-1874,P.csv#75,"Peretti, Felice (Pope Sixtus V)","4, 15, 24, 25",,open
cand-1875,P.csv#76,"Peretti, Prince",42,,open
cand-1876,P.csv#77,"Peretti-Montalto, Cardinal Alessandro","4, 5, 6, 71, 72",,open
cand-1877,P.csv#78,"Peretti-Montalto, Cardinal Alessandro","71, 72",,open
cand-1878,P.csv#79,"Peri, Pellegrino",122,,open
cand-1879,P.csv#80,"Permoser, Balthasar",,,open
cand-1880,P.csv#81,"Permoser, Balthasar",201,,open
cand-1881,P.csv#82,"Perrot, Joseph",291n,,open
cand-1882,P.csv#83,"Perugini, Giovanni","21, 219",,open
cand-1883,P.csv#84,"Perugino, Pietro","56, 175",,open
cand-1884,P.csv#85,"Perusini, Giovanni",122n,,open
cand-1885,P.csv#86,"Pesaro, Leonardo",249,,open
cand-1886,P.csv#87,Pesaro palace,249,,open
cand-1887,P.csv#88,"Pesci, Prospero","357n, 358, 359",,open
cand-1888,P.csv#89,"Pesne, Antoine",,,open
cand-1889,P.csv#90,"Pesne, Antoine",316,,open
cand-1890,P.csv#91,"Petau, P. Denis",109,,open
cand-1891,P.csv#92,"Peterborough, 3rd Earl of",200n,,open
cand-1892,P.csv#93,Petrarch,339,,open
cand-1893,P.csv#94,Petrarch,366,,open
cand-1894,P.csv#95,"Petty, William","97, 179",,open
cand-1895,P.csv#96,Philip II of Spain,170,,open
cand-1896,P.csv#97,Philip IV of Spain,"172, 173, 384",,open
cand-1897,P.csv#98,Philip IV of Spain,174n,,open
cand-1898,P.csv#99,"Philip Neri, St","24, 64, 69, 77",,open
cand-1899,P.csv#100,"Pian, Giovanni del",376,,open
cand-1900,P.csv#101,"Piastrini, G. D.",xviii,,open
cand-1901,P.csv#102,"Piazzetta, Giovanni Battista","262, 264, 265, 266, 268, 269n, 270, 271, 273, 288, 293, 304, 312, 315, 324, 333, 337n, 340, 345, 351, 375, 376, 377n, 407",,open
cand-1902,P.csv#103,"Piazzetta, Giovanni Battista",355,,open
cand-1903,P.csv#104,"Piazzetta, Giovanni Battista",265,,open
cand-1904,P.csv#105,"Piazzetta, Giovanni Battista","262, 263n, 265",,open
cand-1905,P.csv#106,"Piazzetta, Giovanni Battista",296,,open
cand-1906,P.csv#107,"Piazzetta, Giovanni Battista",314,,open
cand-1907,P.csv#108,"Piazzetta, Giovanni Battista","334, 335, 336",,open
cand-1908,P.csv#109,"Piazzetta, Giovanni Battista",314,,open
cand-1909,P.csv#110,"Piazzetta, Giovanni Battista",355,,open
cand-1910,P.csv#111,"Piazzetta, Giovanni Battista",355n,,open
cand-1911,P.csv#112,"Piazzetta, Giovanni Battista",314,,open
cand-1912,P.csv#113,"Piazzetta, Giovanni Battista",270,,open
cand-1913,P.csv#114,"Piazzetta, Giovanni Battista","335, 336",,open
cand-1914,P.csv#115,"Piazzetta, Giovanni Battista",270,,open
cand-1915,P.csv#116,"Piazzetta, Giovanni Battista",289n,,open
cand-1916,P.csv#117,"Piazzetta, Giovanni Battista",355n,,open
cand-1917,P.csv#118,"Piazzetta, Giovanni Battista",314,,open
cand-1918,P.csv#119,"Piazzetta, Giovanni Battista","312, 313, 314",,open
cand-1919,P.csv#120,"Piazzetta, Giovanni Battista",262,,open
cand-1920,P.csv#121,"Piazzetta, Giovanni Battista",335n,,open
cand-1921,P.csv#122,"Piazzetta, Giovanni Battista",336,,open
cand-1922,P.csv#123,"Piazzetta, Giovanni Battista",273,,open
cand-1923,P.csv#124,"Piazzetta, Giovanni Battista",295,,open
cand-1924,P.csv#125,"Piazzetta, Giovanni Battista",271,,open
cand-1925,P.csv#126,"Picart, Bernard",370,,open
cand-1926,P.csv#127,"Piccino, Jacopo",408,,open
cand-1927,P.csv#128,"Piccolomini d'Aragona, Donna Costanza",71,,open
cand-1928,P.csv#129,"Pietri, Pietro di",xviii,,open
cand-1929,P.csv#130,"Pignatelli, Antonio (Pope Innocent XII)","221, 222",,open
cand-1930,P.csv#131,"Pilati, Carlo Antonio","318, 336",,open
cand-1931,P.csv#132,"Pinacci, Giuseppe","191, 233n",,open
cand-1932,P.csv#133,"Pinelli, Maffeo","339, 340, 408",,open
cand-1933,P.csv#134,"Pio, Cardinal",6n,,open
cand-1934,P.csv#135,"Pio, Prince",128,,open
cand-1935,P.csv#136,"Piola, Paolo Girolamo","xvii, 8n, 10, 166n, 197",,open
cand-1936,P.csv#137,"Piola, Paolo Girolamo",195,,open
cand-1937,P.csv#138,"Piranesi, Francesco",366,,open
cand-1938,P.csv#139,"Piranesi, Giovanni Battista","309, 358, 370",,open
cand-1939,P.csv#140,"Pisa, Treaty of",153,,open
cand-1940,P.csv#141,"Pisanello, Antonio",148,,open
cand-1941,P.csv#142,"Pisani, Almorò","260, 261",,open
cand-1942,P.csv#143,"Pisani, Giorgio","325, 326, 327, 408",,open
cand-1943,P.csv#144,"Pisani, Giorgio",327,,open
cand-1944,P.csv#145,"Pisani, Giorgio",326,,open
cand-1945,P.csv#146,"Pisani, Giorgio","326, 328",,open
cand-1946,P.csv#147,Pisani palace,"254, 255",,open
cand-1947,P.csv#148,"Pitt, William, the Elder","310n, 356, 409",,open
cand-1948,P.csv#149,"Pitteri, Marco","260, 312, 222n",,open
cand-1949,P.csv#150,Pitti Palace,"174, 217, 235, 239, 240",,open
cand-1950,P.csv#151,"Pittoni, Giovan Battista","214, 260n, 288, 296, 297, 315n, 345, 351, 361, 374",,open
cand-1951,P.csv#152,"Pittoni, Giovan Battista",294,,open
cand-1952,P.csv#153,"Pittoni, Giovan Battista",313,,open
cand-1953,P.csv#154,"Pittoni, Giovan Battista",313,,open
cand-1954,P.csv#155,"Pittoni, Giovan Battista",,,open
cand-1955,P.csv#156,"Pittoni, Giovan Battista",289n,,open
cand-1956,P.csv#157,"Pittoni, Giovan Battista",289n,,open
cand-1957,P.csv#158,"Pittoni, Giovan Battista",289n,,open
cand-1958,P.csv#159,"Pittoni, Giovan Battista",289n,,open
cand-1959,P.csv#160,"Pittoni, Giovan Battista",294,,open
cand-1960,P.csv#161,Platnerus,,,open
cand-1961,P.csv#162,Platnerus,336,,open
cand-1962,P.csv#163,Plutarch,143,,open
cand-1963,P.csv#164,"Po, Giacomo del","200, 201",,open
cand-1964,P.csv#165,"Podestà, Andrea","97, 105, 184n",,open
cand-1965,P.csv#166,"Poelenburgh, Cornelius",206,,open
cand-1966,P.csv#167,Poggio a Caiano,"235, 236, 240",,open
cand-1967,P.csv#168,"Polazzo, Francesco",260n,,open
cand-1968,P.csv#169,"Poleni, Marchese Giovanni","201, 367",,open
cand-1969,P.csv#170,"Pöllnitz, Baron de",283,,open
cand-1970,P.csv#171,"Pomarance, Niccolò Circignani dalle","67, 399",,open
cand-1971,P.csv#173,Pommersfelden,194,,open
cand-1972,P.csv#174,"Pompeati, Domenico",394,,open
cand-1973,P.csv#175,"Poore, Edward",374,,open
cand-1974,P.csv#176,"Pöppelmann, Matthes Daniel",294,,open
cand-1975,P.csv#177,"Pordenone, Giovanni Antonio da",241,,open
cand-1976,P.csv#178,"Porta, Giacomo della","71, 91",,open
cand-1977,P.csv#179,"Porta, Guglielmo della",,,open
cand-1978,P.csv#180,"Porta, Guglielmo della","41, 103",,open
cand-1979,P.csv#181,"Portland, Henry, first Duke of","279, 280",,open
cand-1980,P.csv#182,"Portland, Henry, first Duke of",280,,open
cand-1981,P.csv#183,"Portland, Henry, first Duke of",280,,open
cand-1982,P.csv#184,"Portland, Henry, first Duke of",280,,open
cand-1983,P.csv#185,"Pourbus, Franz, the Younger",174,,open
cand-1984,P.csv#187,"Poussin, Nicolas","15, 28, 44, 45, 46, 57, 95, 101n, 110, 113, 114, 115n, 120, 121n, 124, 128, 142, 146, 159, 166, 172, 173, 175, 176, 180, 181, 197, 341, 353, 354, 384, 401",,open
cand-1985,P.csv#188,"Poussin, Nicolas",120,,open
cand-1986,P.csv#189,"Poussin, Nicolas","45, 46",,open
cand-1987,P.csv#190,"Poussin, Nicolas","106, 112",,open
cand-1988,P.csv#191,"Poussin, Nicolas",38,,open
cand-1989,P.csv#192,"Poussin, Nicolas","112, 117, 118",,open
cand-1990,P.csv#193,"Poussin, Nicolas","46n, 104, 105, 106, 107, 114",,open
cand-1991,P.csv#194,"Poussin, Nicolas",120n,,open
cand-1992,P.csv#195,"Poussin, Nicolas",118,,open
cand-1993,P.csv#196,"Poussin, Nicolas",,,open
cand-1994,P.csv#197,"Poussin, Nicolas",117,,open
cand-1995,P.csv#198,"Poussin, Nicolas",57,,open
cand-1996,P.csv#199,"Poussin, Nicolas","95, 105",,open
cand-1997,P.csv#200,"Poussin, Nicolas",105,,open
cand-1998,P.csv#201,"Poussin, Nicolas",175,,open
cand-1999,P.csv#202,"Poussin, Nicolas",185,,open
cand-2000,P.csv#203,"Poussin, Nicolas","44, 46n",,open
cand-2001,P.csv#204,"Poussin, Nicolas","45, 46n",,open
cand-2002,P.csv#205,"Poussin, Nicolas",117,,open
cand-2003,P.csv#206,"Poussin, Nicolas","45, 46n",,open
cand-2004,P.csv#207,"Poussin, Nicolas",180,,open
cand-2005,P.csv#208,"Poussin, Nicolas",114n,,open
cand-2006,P.csv#209,"Poussin, Nicolas",105,,open
cand-2007,P.csv#210,"Poussin, Nicolas",106,,open
cand-2008,P.csv#211,"Poussin, Nicolas",180,,open
cand-2009,P.csv#212,"Poussin, Nicolas",117,,open
cand-2010,P.csv#213,"Poussin, Nicolas",114n,,open
cand-2011,P.csv#214,"Poussin, Nicolas",48n,,open
cand-2012,P.csv#215,"Poussin, Nicolas",46n,,open
cand-2013,P.csv#216,"Poussin, Nicolas",114n,,open
cand-2014,P.csv#217,"Poussin, Nicolas",105,,open
cand-2015,P.csv#218,"Poussin, Nicolas",120n,,open
cand-2016,P.csv#219,"Poussin, Nicolas","10n, 95",,open
cand-2017,P.csv#220,"Poussin, Nicolas",115,,open
cand-2018,P.csv#221,"Poussin, Nicolas",114,,open
cand-2019,P.csv#222,"Poussin, Nicolas",15,,open
cand-2020,P.csv#223,"Poussin, Nicolas",176,,open
cand-2021,P.csv#224,"Poussin, Nicolas",113n,,open
cand-2022,P.csv#225,"Poussin, Nicolas",57n,,open
cand-2023,P.csv#226,"Poussin, Nicolas",105,,open
cand-2024,P.csv#227,"Poussin, Nicolas","45, 46n",,open
cand-2025,P.csv#228,"Poussin, Nicolas","106, 107, 109, 110, 114",,open
cand-2026,P.csv#229,"Poussin, Nicolas",155,,open
cand-2027,P.csv#230,"Poussin, Nicolas","112, 113, 114",,open
cand-2028,P.csv#231,"Poussin, Nicolas",175,,open
cand-2029,P.csv#232,"Poussin, Nicolas",57,,open
cand-2030,P.csv#233,"Poussin, Nicolas",46n,,open
cand-2031,P.csv#234,"Powis, Lord",286,,open
cand-2032,P.csv#235,"Pozzi, Luigi",362,,open
cand-2033,P.csv#236,"Pozzo, Andrea","93n, 201, 223n",,open
cand-2034,P.csv#237,"Pozzo, Andrea","88, 89, 90, 91, 92",,open
cand-2035,P.csv#238,"Pozzo, Carlo Antonio dal","100, 101n, 104, 113",,open
cand-2036,P.csv#239,"Pozzo, Cassiano dal","44, 45, 46, 59n, 78n, 98, 99, 100, 101, 102, 103, 104, 105, 106, 107, 108, 109, 110, 111, 112, 113, 114, 115, 116, 117, 119, 123, 135, 166, 384, 400, 401",,open
cand-2037,P.csv#240,"Pozzo, Cassiano dal",99,,open
cand-2038,P.csv#241,"Pozzo, Cassiano dal","103, 104",,open
cand-2039,P.csv#242,"Pozzo, Cassiano dal",104,,open
cand-2040,P.csv#243,"Pozzo, Cassiano dal",103,,open
cand-2041,P.csv#244,"Pozzo, Cassiano dal","104, 105, 106, 107, 114",,open
cand-2042,P.csv#245,"Pozzo, Cassiano dal","110, 111, 112",,open
cand-2043,P.csv#246,"Pozzo, Cassiano dal",102,,open
cand-2044,P.csv#247,"Pozzo, Cassiano dal",100,,open
cand-2045,P.csv#248,"Pozzo, Cassiano dal",106,,open
cand-2046,P.csv#249,"Pozzo, Cassiano dal",114,,open
cand-2047,P.csv#250,"Pozzo, Cassiano dal","101, 102, 104",,open
cand-2048,P.csv#251,"Pozzo, Cassiano dal",105,,open
cand-2049,P.csv#252,"Pozzo, Cassiano dal","100, 101",,open
cand-2050,P.csv#253,"Pozzo, Cassiano dal","101, 102, 111, 113n",,open
cand-2051,P.csv#254,"Pozzo, Cassiano dal","107, 108, 109, 110",,open
cand-2052,P.csv#255,"Pozzo, Cassiano dal","98, 99",,open
cand-2053,P.csv#256,"Pozzo, Cassiano dal",113,,open
cand-2054,P.csv#257,"Pozzo, Cassiano dal",44,,open
cand-2055,P.csv#258,"Prati, Monsignor Ottaviano",121n,,open
cand-2056,P.csv#259,"Preti, Mattia","13n, 57, 78, 122, 149, 150, 189, 207, 208, 210, 212n",,open
cand-2057,P.csv#260,"Preti, Mattia",208,,open
cand-2058,P.csv#261,"Preti, Mattia",208,,open
cand-2059,P.csv#262,"Preti, Mattia","207, 208",,open
cand-2060,P.csv#263,"Preti, Mattia","207, 208",,open
cand-2061,P.csv#264,"Preti, Mattia",208,,open
cand-2062,P.csv#265,Prices paid to artists,"12n, 14, 16, 17, 88, 131, 135, 137, 170, 209, 218, 219, 220, 221, 226, 262, 273",,open
cand-2063,P.csv#266,"Procaccini, Andrea","18, 20n",,open
cand-2064,P.csv#267,"Procaccini, Ercole",216,,open
cand-2065,P.csv#268,"Professional classes, patronage by","203, 204",,open
cand-2066,P.csv#269,Provincial centres of art patronage,"199, 203-241",,open
cand-2067,P.csv#270,Provincial centres of art patronage,215,,open
cand-2068,P.csv#271,Publishers in Venice,"332, 333, 334, 335, 336, 337, 338, 339, 340",,open
cand-2069,P.csv#272,"Pufendorf, Samuel",320,,open
cand-2070,P.csv#273,"Puget, Pierre",,,open
cand-2071,P.csv#274,"Puget, Pierre",312,,open
cand-2072,P.csv#275,"Pulzone, Scipione",66,,open
cand-2073,Q-R.csv#0,"Quaini, Luigi",189,,open
cand-2074,Q-R.csv#1,"Querini, Andrea",245n,,open
cand-2075,Q-R.csv#2,"Querini, Angelo","258, 259, 320, 322, 325, 336, 368, 369, 370, 371, 372, 373",,open
cand-2076,Q-R.csv#3,"Querini, Angelo",371,,open
cand-2077,Q-R.csv#4,"Querini, Angelo",369,,open
cand-2078,Q-R.csv#5,"Querini, Angelo",368,,open
cand-2079,Q-R.csv#6,"Querini, Angelo",369,,open
cand-2080,Q-R.csv#7,"Querini, Angelo","369, 370, 371, 372",,open
cand-2081,Q-R.csv#8,"Querini, Angelo",370,,open
cand-2082,Q-R.csv#9,"Querini, Angelo",372,,open
cand-2083,Q-R.csv#10,"Querini, Angelo","258, 259",,open
cand-2084,Q-R.csv#11,"Querini, Angelo","370, 371",,open
cand-2085,Q-R.csv#12,"Querini, Angelo","371, 372",,open
cand-2086,Q-R.csv#13,"Querini, Angelo",369,,open
cand-2087,Q-R.csv#14,"Querini, Giacomo",152,,open
cand-2088,Q-R.csv#15,Quirinal,"151, 152",,open
cand-2089,Q-R.csv#16,"Radicchio, Don Vincenzo",366,,open
cand-2090,Q-R.csv#17,"Raggi, Ferdinando",140n,,open
cand-2091,Q-R.csv#18,"Raggi, Monsignor",137,,open
cand-2092,Q-R.csv#19,"Rainaldi, Carlo",187,,open
cand-2093,Q-R.csv#20,"Rainaldi, Girolamo","147, 148",,open
cand-2094,Q-R.csv#21,"Rambaldi, Carlo Antonio",224,,open
cand-2095,Q-R.csv#22,"Rambaldi, Carlo Antonio",224,,open
cand-2096,Q-R.csv#23,"Ranuzzi, Vincenzo","390, 391",,open
cand-2097,Q-R.csv#24,"Rapaccioli, Cardinal",137,,open
cand-2098,Q-R.csv#25,Raphael,"27, 28, 30, 38, 39, 54n, 98, 128, 131, 150, 159, 160, 165, 197, 222, 283, 312, 354, 362n",,open
cand-2099,Q-R.csv#26,Raphael,27,,open
cand-2100,Q-R.csv#27,Raphael,38,,open
cand-2101,Q-R.csv#28,Raphael,131,,open
cand-2102,Q-R.csv#29,Raphael,231,,open
cand-2103,Q-R.csv#30,Raphael,348,,open
cand-2104,Q-R.csv#31,Raphael,185,,open
cand-2105,Q-R.csv#32,Raphael,348,,open
cand-2106,Q-R.csv#33,Raphael,185,,open
cand-2107,Q-R.csv#34,"Rapparini, Giorgio Maria","282, 283",,open
cand-2108,Q-R.csv#35,"Rapparini, Giorgio Maria",282n,,open
cand-2109,Q-R.csv#36,"Rastatt, Treaty of",200,,open
cand-2110,Q-R.csv#37,Reason and fantasy,"318, 320",,open
cand-2111,Q-R.csv#38,"Recurti, Giovanni Battista",335,,open
cand-2112,Q-R.csv#39,"Redi, Francesco","229, 230",,open
cand-2113,Q-R.csv#40,"Religious orders, patronage by",,,open
cand-2114,Q-R.csv#41,"Religious orders, patronage by",63-93,,open
cand-2115,Q-R.csv#42,"Religious orders, patronage by","64, 65",,open
cand-2116,Q-R.csv#43,"Religious orders, patronage by",267-274,,open
cand-2117,Q-R.csv#44,Rembrandt,"17, 209, 210, 266, 283, 314, 316, 343, 371, 384",,open
cand-2118,Q-R.csv#45,Rembrandt,210,,open
cand-2119,Q-R.csv#46,Rembrandt,"209, 210",,open
cand-2120,Q-R.csv#47,Rembrandt,210,,open
cand-2121,Q-R.csv#48,Rembrandt,307,,open
cand-2122,Q-R.csv#49,Remondini,392,,open
cand-2123,Q-R.csv#50,Remondini,340,,open
cand-2124,Q-R.csv#51,"Reni, Guido","14, 21, 28, 30, 43, 45, 49, 56, 71, 78, 95, 162, 197, 222, 262, 283, 321, 348",,open
cand-2125,Q-R.csv#52,"Reni, Guido",172,,open
cand-2126,Q-R.csv#53,"Reni, Guido",43,,open
cand-2127,Q-R.csv#54,"Reni, Guido",141,,open
cand-2128,Q-R.csv#55,"Reni, Guido","49n, 57n, 183",,open
cand-2129,Q-R.csv#56,"Reni, Guido",179,,open
cand-2130,Q-R.csv#57,"Reni, Guido",10n,,open
cand-2131,Q-R.csv#58,"Reni, Guido",184,,open
cand-2132,Q-R.csv#59,"Reni, Guido",203,,open
cand-2133,Q-R.csv#60,"Renier, Paolo","247n, 257, 371, 372",,open
cand-2134,Q-R.csv#61,"Resta, Padre Sebastiano","77, 135n, 155, 211n",,open
cand-2135,Q-R.csv#62,"Reynolds, Sir Joshua",301,,open
cand-2136,Q-R.csv#63,"Rezzonico, Aurelio",254,,open
cand-2137,Q-R.csv#64,"Rezzonico, Carlo (Pope Clement XIII)","254, 323",,open
cand-2138,Q-R.csv#65,"Rezzonico, Lodovico",254,,open
cand-2139,Q-R.csv#66,"Ribera, Don Ferdinando Afan de",136,,open
cand-2140,Q-R.csv#67,"Ribera, Giuseppe","95, 120, 171, 172, 205, 210, 213n",,open
cand-2141,Q-R.csv#68,"Ribera, Giuseppe",172,,open
cand-2142,Q-R.csv#69,"Ribera, Giuseppe",205,,open
cand-2143,Q-R.csv#70,"Ribera, Giuseppe",205,,open
cand-2144,Q-R.csv#71,"Ribera, Giuseppe",205n,,open
cand-2145,Q-R.csv#72,Riccardi palace,"212, 213",,open
cand-2146,Q-R.csv#73,"Ricchini, Francesco Maria",215,,open
cand-2147,Q-R.csv#74,"Ricci, Giovanni","204, 238",,open
cand-2148,Q-R.csv#75,"Ricci, Giovanni",204,,open
cand-2149,Q-R.csv#76,"Ricci, Marco","228, 235, 241, 276, 278, 279, 294, 296, 297n, 300n, 304, 310, 314, 315, 341, 342, 376, 392, 393",,open
cand-2150,Q-R.csv#77,"Ricci, Marco",,,open
cand-2151,Q-R.csv#78,"Ricci, Marco","289n, 290",,open
cand-2152,Q-R.csv#79,"Ricci, Marco","289n, 290",,open
cand-2153,Q-R.csv#80,"Ricci, Marco",303,,open
cand-2154,Q-R.csv#81,"Ricci, Sebastiano","9n, 165, 199, 214, 226, 228, 251, 269n, 270, 271, 273, 276n, 279, 284, 286, 293, 295, 296, 297, 304, 311, 313, 315, 337, 341, 342, 374, 376, 377, 394, 405, 407",,open
cand-2155,Q-R.csv#82,"Ricci, Sebastiano",235,,open
cand-2156,Q-R.csv#83,"Ricci, Sebastiano",284,,open
cand-2157,Q-R.csv#84,"Ricci, Sebastiano","280, 294",,open
cand-2158,Q-R.csv#85,"Ricci, Sebastiano",293,,open
cand-2159,Q-R.csv#86,"Ricci, Sebastiano",280,,open
cand-2160,Q-R.csv#87,"Ricci, Sebastiano",235,,open
cand-2161,Q-R.csv#88,"Ricci, Sebastiano",236,,open
cand-2162,Q-R.csv#89,"Ricci, Sebastiano",236,,open
cand-2163,Q-R.csv#90,"Ricci, Sebastiano",342n,,open
cand-2164,Q-R.csv#91,"Ricci, Sebastiano",165n,,open
cand-2165,Q-R.csv#92,"Ricci, Sebastiano",236,,open
cand-2166,Q-R.csv#93,"Ricci, Sebastiano",165,,open
cand-2167,Q-R.csv#94,"Ricci, Sebastiano",235n,,open
cand-2168,Q-R.csv#95,"Ricci, Sebastiano",280,,open
cand-2169,Q-R.csv#96,"Ricci, Sebastiano",345,,open
cand-2170,Q-R.csv#97,"Ricci, Sebastiano",,,open
cand-2171,Q-R.csv#98,"Ricci, Sebastiano","289n, 290",,open
cand-2172,Q-R.csv#99,"Ricci, Sebastiano","289n, 290",,open
cand-2173,Q-R.csv#100,"Ricci, Sebastiano",236,,open
cand-2174,Q-R.csv#101,"Ricci, Sebastiano",271,,open
cand-2175,Q-R.csv#102,"Ricci, Sebastiano","280n, 342n",,open
cand-2176,Q-R.csv#103,"Ricci, Sebastiano",393,,open
cand-2177,Q-R.csv#104,"Ricci, Sebastiano",280n,,open
cand-2178,Q-R.csv#105,"Ricci, Sebastiano",280,,open
cand-2179,Q-R.csv#106,"Ricci, Sebastiano","235, 236, 237, 240, 390",,open
cand-2180,Q-R.csv#107,"Ricci, Sebastiano",280,,open
cand-2181,Q-R.csv#108,"Ricci, Sebastiano",280,,open
cand-2182,Q-R.csv#109,"Ricci, Sebastiano",221n,,open
cand-2183,Q-R.csv#110,"Ricci, Sebastiano","302, 303",,open
cand-2184,Q-R.csv#111,"Ricci, Sebastiano","252, 296, 297, 302",,open
cand-2185,Q-R.csv#112,"Ricci, Sebastiano","279, 280, 281",,open
cand-2186,Q-R.csv#113,"Ricci, Sebastiano","235, 236",,open
cand-2187,Q-R.csv#114,"Ricciardi, Giambattista","144, 145, 169",,open
cand-2188,Q-R.csv#115,"Richard, Abbé",335,,open
cand-2189,Q-R.csv#116,"Richelieu, Cardinal","33, 37, 175, 176, 181, 384, 402",,open
cand-2190,Q-R.csv#117,"Richelieu, Cardinal","175, 176",,open
cand-2191,Q-R.csv#118,"Richelieu, Cardinal",176,,open
cand-2192,Q-R.csv#119,"Richeôme, Louis","67, 68",,open
cand-2193,Q-R.csv#120,"Richmond, Duke of",287,,open
cand-2194,Q-R.csv#121,"Richmond, Duke of","289, 290, 291",,open
cand-2195,Q-R.csv#122,"Richmond, Duke of",289n,,open
cand-2196,Q-R.csv#123,"Richter, Giovanni",293,,open
cand-2197,Q-R.csv#124,"Ridolfi, Carlo",19,,open
cand-2198,Q-R.csv#125,"Rigaud, Hyacinthe",285,,open
cand-2199,Q-R.csv#126,"Rigaud, Hyacinthe",280,,open
cand-2200,Q-R.csv#127,Riminaldi,,,open
cand-2201,Q-R.csv#128,Riminaldi,231,,open
cand-2202,Q-R.csv#129,"Ripa, Cesare",,,open
cand-2203,Q-R.csv#130,"Ripa, Cesare",273,,open
cand-2204,Q-R.csv#131,"Riviera, Lazzaro","326, 327n",,open
cand-2205,Q-R.csv#132,"Roccatagliata, Giovanni Stefano",121n,,open
cand-2206,Q-R.csv#133,"Rockingham, Lord",211n,,open
cand-2207,Q-R.csv#134,"Rode, Bernhard",410,,open
cand-2208,Q-R.csv#135,"Romanelli, Giovan Francesco","53, 54, 59, 60, 94n, 181, 182, 185",,open
cand-2209,Q-R.csv#136,"Romanelli, Giovan Francesco",53,,open
cand-2210,Q-R.csv#137,"Romanelli, Giovan Francesco",182,,open
cand-2211,Q-R.csv#138,"Romanelli, Giovan Francesco",60,,open
cand-2212,Q-R.csv#139,"Romanelli, Giovan Francesco",182,,open
cand-2213,Q-R.csv#140,"Romanelli, Giovan Francesco",60,,open
cand-2214,Q-R.csv#141,"Romanelli, Giovan Francesco",182,,open
cand-2215,Q-R.csv#142,"Romanelli, Giovan Francesco",182,,open
cand-2216,Q-R.csv#143,"Romanelli, Giovan Francesco","181, 182",,open
cand-2217,Q-R.csv#144,"Romanelli, Giovan Francesco",185,,open
cand-2218,Q-R.csv#145,"Roncalli, Cristoforo (Pomerancio)","30, 69, 94n",,open
cand-2219,Q-R.csv#146,"Roncalli, Cristoforo (Pomerancio)",69,,open
cand-2220,Q-R.csv#147,"Roncalli, Cristoforo (Pomerancio)",30,,open
cand-2221,Q-R.csv#148,"Roncalli, Cristoforo (Pomerancio)",69,,open
cand-2222,Q-R.csv#149,"Roncalli, Cristoforo (Pomerancio)",69,,open
cand-2223,Q-R.csv#150,"Roomer, Gaspar","205, 206, 207, 208, 211, 212",,open
cand-2224,Q-R.csv#151,"Roomer, Gaspar",206,,open
cand-2225,Q-R.csv#152,"Roomer, Gaspar","207, 208",,open
cand-2226,Q-R.csv#153,"Roomer, Gaspar",207,,open
cand-2227,Q-R.csv#154,"Roomer, Gaspar","206, 207",,open
cand-2228,Q-R.csv#155,"Roomer, Gaspar",205,,open
cand-2229,Q-R.csv#156,"Roomer, Gaspar",205,,open
cand-2230,Q-R.csv#157,"Roomer, Gaspar","205, 206",,open
cand-2231,Q-R.csv#158,"Roomer, Gaspar","205, 206, 208",,open
cand-2232,Q-R.csv#159,"Roomer, Gaspar",207,,open
cand-2233,Q-R.csv#160,"Roomer, Gaspar",208,,open
cand-2234,Q-R.csv#161,"Roomer, Gaspar",206,,open
cand-2235,Q-R.csv#162,"Rosa, Paceco de",213n,,open
cand-2236,Q-R.csv#163,"Rosa, Salvator","11, 15, 111, 120, 124, 126, 127, 128, 134, 137, 142, 143, 144, 145, 152, 153, 155, 183, 187, 190, 197n, 210, 234n, 354, 384",,open
cand-2237,Q-R.csv#164,"Rosa, Salvator",144,,open
cand-2238,Q-R.csv#165,"Rosa, Salvator","124n, 126, 142",,open
cand-2239,Q-R.csv#166,"Rosa, Salvator","134, 142",,open
cand-2240,Q-R.csv#167,"Rosa, Salvator",187n,,open
cand-2241,Q-R.csv#168,"Rosa, Salvator",169,,open
cand-2242,Q-R.csv#169,"Rosa, Salvator","144, 153, 154",,open
cand-2243,Q-R.csv#170,"Rosa, Salvator",154,,open
cand-2244,Q-R.csv#171,"Rosa, Salvator",142,,open
cand-2245,Q-R.csv#172,"Rosa, Salvator",11,,open
cand-2246,Q-R.csv#173,"Rosa, Salvator",184,,open
cand-2247,Q-R.csv#174,"Rosa, Salvator",15,,open
cand-2248,Q-R.csv#175,"Rosa, Salvator",144,,open
cand-2249,Q-R.csv#176,"Rosa, Salvator",22,,open
cand-2250,Q-R.csv#177,"Rosa, Salvator",142,,open
cand-2251,Q-R.csv#178,"Rosa, Salvator",143,,open
cand-2252,Q-R.csv#179,"Rosa, Salvator",144,,open
cand-2253,Q-R.csv#180,"Rosa, Salvator",187,,open
cand-2254,Q-R.csv#181,"Rosa, Salvator",144,,open
cand-2255,Q-R.csv#182,"Rosa, Salvator",142n,,open
cand-2256,Q-R.csv#183,"Rosa, Salvator","142, 143, 144",,open
cand-2257,Q-R.csv#184,"Rosa, Salvator",142n,,open
cand-2258,Q-R.csv#185,"Rosa, Salvator","22, 23",,open
cand-2259,Q-R.csv#186,"Rosenberg, Count",369,,open
cand-2260,Q-R.csv#188,'Rosichino',52n,,open
cand-2261,Q-R.csv#189,"Rosis, Giuseppe de",23,,open
cand-2262,Q-R.csv#190,"Rospigliosi, Camillo",127,,open
cand-2263,Q-R.csv#191,"Rospigliosi, Giulio (Pope Clement IX)","6n, 57, 58, 59, 161, 401",,open
cand-2264,Q-R.csv#192,"Rospigliosi, Giulio (Pope Clement IX)",161,,open
cand-2265,Q-R.csv#193,"Rospigliosi, Giulio (Pope Clement IX)","57, 58, 59",,open
cand-2266,Q-R.csv#194,"Rospigliosi, Giulio (Pope Clement IX)","57, 58",,open
cand-2267,Q-R.csv#195,"Rossano, Princess of",131,,open
cand-2268,Q-R.csv#196,"Rossi, Carlo de'","143, 144, 153, 190",,open
cand-2269,Q-R.csv#197,"Rossi, Carlo de'","143, 144",,open
cand-2270,Q-R.csv#198,"Rossi, Domenico",251,,open
cand-2271,Q-R.csv#199,"Rossi, Luigi de'",143,,open
cand-2272,Q-R.csv#200,"Rossi, Mattia de'","87, 89",,open
cand-2273,Q-R.csv#201,"Rossi, Pellegrino de'",122,,open
cand-2274,Q-R.csv#202,"Rossi, Ventura and Lorenzo",294,,open
cand-2275,Q-R.csv#203,"Rosso, Andrea del","210, 211, 212, 213, 241, 403, 404",,open
cand-2276,Q-R.csv#204,"Rosso, Andrea del","212, 213",,open
cand-2277,Q-R.csv#205,"Rosso, Andrea del",212,,open
cand-2278,Q-R.csv#206,"Rosso, Andrea del",213,,open
cand-2279,Q-R.csv#207,"Rosso, Andrea del (grandfather of Andrea, Lorenzo, and Ottavio del Rosso)","211, 212",,open
cand-2280,Q-R.csv#208,"Rosso, Antonio del",211n,,open
cand-2281,Q-R.csv#209,"Rosso, Giovanni Battista del",211n,,open
cand-2282,Q-R.csv#210,"Rosso, Lorenzo del","210, 211, 212, 213",,open
cand-2283,Q-R.csv#211,"Rosso, Lorenzo del","212, 213",,open
cand-2284,Q-R.csv#212,"Rosso, Lorenzo del",213,,open
cand-2285,Q-R.csv#213,"Rosso, Nicola del","211, 212n",,open
cand-2286,Q-R.csv#214,"Rosso, Ottavio del","210, 211, 212, 213, 241",,open
cand-2287,Q-R.csv#215,"Rota, Giovanni Battista",312,,open
cand-2288,Q-R.csv#216,"Rotari, Pietro","295n, 297",,open
cand-2289,Q-R.csv#217,"Rousseau, Jean Jacques","328, 369, 372",,open
cand-2290,Q-R.csv#218,"Rovere, Vittoria della",54,,open
cand-2291,Q-R.csv#219,"Rowlandson, Thomas",292,,open
cand-2292,Q-R.csv#220,Royal Collection,"300, 303, 309, 361, 391, 392, 393, 394",,open
cand-2293,Q-R.csv#221,"Rubens, Peter Paul","11, 12, 28, 44, 95, 125, 160, 172, 177, 178, 192, 196, 222, 232, 257, 262, 264n, 283",,open
cand-2294,Q-R.csv#222,"Rubens, Peter Paul","70, 71",,open
cand-2295,Q-R.csv#223,"Rubens, Peter Paul","206, 208",,open
cand-2296,Q-R.csv#224,"Rubens, Peter Paul","53, 174, 175",,open
cand-2297,Q-R.csv#225,"Ruffo, Don Antonio","14n, 22, 23n, 122n, 160n, 169, 209, 210, 214, 221",,open
cand-2298,Q-R.csv#226,"Ruffo, Don Antonio",210,,open
cand-2299,Q-R.csv#227,"Ruffo, Don Antonio","209, 210",,open
cand-2300,Q-R.csv#228,"Ruffo, Don Antonio",210,,open
cand-2301,Q-R.csv#229,"Ruffo, Don Antonio",209,,open
cand-2302,Q-R.csv#230,"Ruffo, Don Antonio",209,,open
cand-2303,Q-R.csv#231,"Ruffo, Don Antonio","209, 210",,open
cand-2304,Q-R.csv#232,"Ruffo, Cardinal Tommaso","221, 222, 223",,open
cand-2305,Q-R.csv#233,"Ruffo, Cardinal Tommaso","222, 223",,open
cand-2306,Q-R.csv#234,"Ruffo, Cardinal Tommaso","221, 222",,open
cand-2307,Q-R.csv#235,"Ruffo, Cardinal Tommaso","222, 223, 224",,open
cand-2308,Q-R.csv#236,"Ruffo, Cardinal Tommaso",223,,open
cand-2309,Q-R.csv#237,"Rughesi, Fausto",69,,open
cand-2310,Q-R.csv#238,"Ruoppolo, Giovan Battista",208,,open
cand-2311,Q-R.csv#239,"Ruspoli, Marchese","128, 129",,open
cand-2312,S.csv#0,"Sacchetti, Giovanni Francesco",180,,open
cand-2313,S.csv#1,"Sacchetti, Giulio","38, 39, 45, 59, 179",,open
cand-2314,S.csv#2,"Sacchetti, Marcello","7, 38n, 44, 45, 46, 98, 104, 111, 127, 179, 403",,open
cand-2315,S.csv#3,"Sacchetti, Marcello",39,,open
cand-2316,S.csv#4,"Sacchetti, Marcello","38, 39",,open
cand-2317,S.csv#5,"Sacchetti, Marcello",39,,open
cand-2318,S.csv#6,"Sacchi, Andrea","7, 12n, 29, 39, 41, 43, 45, 46, 55, 56, 60, 62, 64, 104, 141, 159, 207, 210, 397",,open
cand-2319,S.csv#7,"Sacchi, Andrea",55,,open
cand-2320,S.csv#8,"Sacchi, Andrea","50, 51",,open
cand-2321,S.csv#9,"Sacchi, Andrea",141,,open
cand-2322,S.csv#10,"Sacchi, Andrea","12n, 55, 104",,open
cand-2323,S.csv#11,"Sacchi, Andrea","7, 51, 54, 55, 56, 60",,open
cand-2324,S.csv#12,"Sacchi, Andrea","50, 51, 53, 54",,open
cand-2325,S.csv#13,"Sacconi, Marco","233, 240",,open
cand-2326,S.csv#14,"Sagredo, Gherardo",263,,open
cand-2327,S.csv#15,"Sagredo, Niccolò","152, 263, 264",,open
cand-2328,S.csv#16,"Sagredo, Stefano",263n,,open
cand-2329,S.csv#17,"Sagredo, Zaccaria","263, 264, 265, 266, 267, 343n, 346, 361",,open
cand-2330,S.csv#18,"Sagredo, Zaccaria",265,,open
cand-2331,S.csv#19,"Sagredo, Zaccaria",265,,open
cand-2332,S.csv#20,"Sagredo, Zaccaria","263n, 266",,open
cand-2333,S.csv#21,"Sagredo, Zaccaria","266, 267",,open
cand-2334,S.csv#22,"Sagredo, Zaccaria",266,,open
cand-2335,S.csv#23,"Sagredo, Zaccaria",263n,,open
cand-2336,S.csv#24,"Sagredo, Zaccaria",264,,open
cand-2337,S.csv#25,"Sagredo, Zaccaria",264,,open
cand-2338,S.csv#26,"Sagredo, Zaccaria",263,,open
cand-2339,S.csv#27,"Sagredo, Zaccaria","264, 265",,open
cand-2340,S.csv#28,"Sagrestani, Giovan Camillo",233,,open
cand-2341,S.csv#29,"Saint-Non, Abbé de",,,open
cand-2342,S.csv#30,"Saint-Non, Abbé de",371,,open
cand-2343,S.csv#31,"St Petersburg, Venetian artists in","297, 298",,open
cand-2344,S.csv#32,"Saint-Sauveur, Monsieur de",107n,,open
cand-2345,S.csv#33,"Salimbeni, Felice",409,,open
cand-2346,S.csv#34,"Saluzzi, Alessandro",236n,,open
cand-2347,S.csv#35,"Salvi, Nicola",223,,open
cand-2348,S.csv#36,Salviati family,142,,open
cand-2349,S.csv#37,"San Giovanni, Giovanni da","49, 95",,open
cand-2350,S.csv#38,"San Giovanni, Giovanni da",49n,,open
cand-2351,S.csv#39,"San Rocco, Scuola di",334,,open
cand-2352,S.csv#40,Sandi palace,256,,open
cand-2353,S.csv#41,"Sandrart, Joachim von",29,,open
cand-2354,S.csv#42,"Sansovino, Jacopo",251,,open
cand-2355,S.csv#43,"Sansovino, Jacopo",362,,open
cand-2356,S.csv#44,"Santi, Giovan Gioseffo",237n,,open
cand-2357,S.csv#45,"Santi, Tommaso de'",263,,open
cand-2358,S.csv#46,"Saraceni, Carlo",206,,open
cand-2359,S.csv#47,"Saracini, Gherardo",109,,open
cand-2360,S.csv#48,"Sardi, Giuseppe","248, 269",,open
cand-2361,S.csv#49,"Sarto, Andrea del","30, 251",,open
cand-2362,S.csv#50,"Sarto, Andrea del","231, 235",,open
cand-2363,S.csv#51,"Sartori, Felicita","295, 344n",,open
cand-2364,S.csv#52,"Sasso, Giuseppe Maria","266n, 268n, 373, 374, 375, 376, 380, 410",,open
cand-2365,S.csv#53,"Sasso, Giuseppe Maria",373n,,open
cand-2366,S.csv#54,"Sasso, Giuseppe Maria",373n,,open
cand-2367,S.csv#55,"Sasso, Giuseppe Maria","373, 374",,open
cand-2368,S.csv#56,"Sasso, Giuseppe Maria","374, 375",,open
cand-2369,S.csv#57,Sassoferrato (Giovan Battista Salvi),"130, 131",,open
cand-2370,S.csv#58,Sassoferrato (Giovan Battista Salvi),131,,open
cand-2371,S.csv#59,Sassoferrato (Giovan Battista Salvi),131n,,open
cand-2372,S.csv#60,Sassoferrato (Giovan Battista Salvi),131,,open
cand-2373,S.csv#61,Sassoferrato (Giovan Battista Salvi),131,,open
cand-2374,S.csv#62,Sassoferrato (Giovan Battista Salvi),131,,open
cand-2375,S.csv#63,"Savelli, Cardinal",91,,open
cand-2376,S.csv#64,"Savelli, Prince Giulio",92,,open
cand-2377,S.csv#65,"Savini, Saverio",9n,,open
cand-2378,S.csv#66,"Savorgnan, Faustina",254,,open
cand-2379,S.csv#67,Savoy,"202, 296, 297",,open
cand-2380,S.csv#68,"Savoy, Adelaide Enrichetta of",193n,,open
cand-2381,S.csv#69,"Savoy, Anne Marie of",341n,,open
cand-2382,S.csv#70,"Savoy, Carlo Emmanuele III of",201n,,open
cand-2383,S.csv#71,"Savoy, Duchess of",65,,open
cand-2384,S.csv#72,"Savoy, Prince Eugene of","311, 341, 403",,open
cand-2385,S.csv#73,"Savoy, Prince Eugene of",201,,open
cand-2386,S.csv#74,"Savoy, Prince Eugene of",201,,open
cand-2387,S.csv#75,"Savoy, Cardinal Maurizio of",6n,,open
cand-2388,S.csv#76,"Savoy, Vittorio Amedeo II, Duke of","89, 200, 202",,open
cand-2389,S.csv#77,Scalzi,"269, 270",,open
cand-2390,S.csv#78,"Scaramuccia, Luigi",,,open
cand-2391,S.csv#79,"Scaramuccia, Luigi",124,,open
cand-2392,S.csv#80,"Scarselli, Abate",357n,,open
cand-2393,S.csv#81,"Scarlatti, Alessandro","230, 278",,open
cand-2394,S.csv#82,"Schedoni, Bartolommeo",241,,open
cand-2395,S.csv#83,"Schiavone, Andrea","241, 262",,open
cand-2396,S.csv#84,"Schmidt, Georg Friedrich",409,,open
cand-2397,S.csv#85,"Schönborn, Friedrich Karl","293n, 296",,open
cand-2398,S.csv#86,"Schönborn, Johann Philip Franz",293n,,open
cand-2399,S.csv#87,"Schönborn, Lothar Franz von",195,,open
cand-2400,S.csv#88,Schönborn family,"163, 194",,open
cand-2401,S.csv#89,"Schulenburg, Marshal Johann Matthias","267, 310, 311, 312, 313, 314, 315, 316, 335, 341, 361, 407",,open
cand-2402,S.csv#90,"Schulenburg, Marshal Johann Matthias",312,,open
cand-2403,S.csv#91,"Schulenburg, Marshal Johann Matthias","312, 313",,open
cand-2404,S.csv#92,"Schulenburg, Marshal Johann Matthias",315,,open
cand-2405,S.csv#93,"Schulenburg, Marshal Johann Matthias",311,,open
cand-2406,S.csv#94,"Schulenburg, Marshal Johann Matthias",314,,open
cand-2407,S.csv#95,"Schulenburg, Marshal Johann Matthias",313,,open
cand-2408,S.csv#96,"Schulenburg, Marshal Johann Matthias",312,,open
cand-2409,S.csv#97,"Schulenburg, Marshal Johann Matthias","313, 314",,open
cand-2410,S.csv#98,"Schulenburg, Marshal Johann Matthias","312, 313",,open
cand-2411,S.csv#99,"Schulenburg, Marshal Johann Matthias",312,,open
cand-2412,S.csv#100,"Schulenburg, Marshal Johann Matthias",312,,open
cand-2413,S.csv#101,"Schulenburg, Marshal Johann Matthias","314, 315",,open
cand-2414,S.csv#102,"Schulenburg, Marshal Johann Matthias",314,,open
cand-2415,S.csv#103,"Schut, Corneille",206,,open
cand-2416,S.csv#104,Scuola Grande dei Carmini,"270, 273, 274",,open
cand-2417,S.csv#105,"Segala, Giovanni",227,,open
cand-2418,S.csv#106,Seneca,"101, 143",,open
cand-2419,S.csv#107,"Serlio, Sebastiano",103,,open
cand-2420,S.csv#108,"Serra, Mgr Giacomo","70, 71",,open
cand-2421,S.csv#109,"Serra, Mgr Giacomo",70,,open
cand-2422,S.csv#110,"Servient, Abbé de",162n,,open
cand-2423,S.csv#111,Servizio particolare,"6, 7, 8",,open
cand-2424,S.csv#112,"Sfondrato, Cardinal",123,,open
cand-2425,S.csv#113,"Shaftesbury, 1st Earl of",196,,open
cand-2426,S.csv#114,"Shaftesbury, 3rd Earl of","142, 157, 196, 198, 199",,open
cand-2427,S.csv#115,"Shaftesbury, 3rd Earl of","198, 199",,open
cand-2428,S.csv#116,"Shaftesbury, 3rd Earl of","198, 199",,open
cand-2429,S.csv#117,"Shaftesbury, 3rd Earl of",199,,open
cand-2430,S.csv#118,"Shaftesbury, 3rd Earl of",198,,open
cand-2431,S.csv#119,"Shaftesbury, 3rd Earl of",142n,,open
cand-2432,S.csv#120,Shakespeare,319,,open
cand-2433,S.csv#121,"Silva, Don Carlo","237n, 238",,open
cand-2434,S.csv#122,"Simonelli, Niccolò","124, 126, 135, 142",,open
cand-2435,S.csv#123,"Simonini, Francesco",312,,open
cand-2436,S.csv#125,"Skala, Giovanni Dubravio",367,,open
cand-2437,S.csv#126,"Skippe, John",375n,,open
cand-2438,S.csv#127,"Skippon, Philip",104n,,open
cand-2439,S.csv#128,"Sleter, Francesco","281, 287",,open
cand-2440,S.csv#129,"Smith, Joseph","236n, 252, 264, 266, 290n, 299, 300, 301, 302, 303, 304, 305, 306, 307, 308, 309, 310, 311, 318, 320, 322, 328, 335, 341, 343n, 346, 352, 355, 357, 361, 364, 369, 406, 407",,open
cand-2441,S.csv#130,"Smith, Joseph","304, 305, 306, 307, 308, 309, 310",,open
cand-2442,S.csv#131,"Smith, Joseph",303,,open
cand-2443,S.csv#132,"Smith, Joseph",291,,open
cand-2444,S.csv#133,"Smith, Joseph","303, 310",,open
cand-2445,S.csv#134,"Smith, Joseph","308, 309",,open
cand-2446,S.csv#135,"Smith, Joseph","302, 303, 306, 310",,open
cand-2447,S.csv#136,"Smith, Joseph","300, 309, 361, 391, 392, 393, 394",,open
cand-2448,S.csv#137,"Smith, Joseph",306,,open
cand-2449,S.csv#138,"Smith, Joseph",301,,open
cand-2450,S.csv#139,"Smith, Joseph","212, 394",,open
cand-2451,S.csv#140,"Smith, Joseph",394,,open
cand-2452,S.csv#141,"Smith, Joseph",394,,open
cand-2453,S.csv#142,"Smith, Joseph","308, 309",,open
cand-2454,S.csv#143,"Smith, Joseph",315,,open
cand-2455,S.csv#144,"Smith, Joseph","301, 302",,open
cand-2456,S.csv#145,"Smith, Joseph","299, 300, 301",,open
cand-2457,S.csv#146,"Smith, Joseph","304, 310",,open
cand-2458,S.csv#147,"Smith, Joseph",337,,open
cand-2459,S.csv#148,"Smith, Joseph","302, 303",,open
cand-2460,S.csv#149,"Smith, Joseph","393, 394",,open
cand-2461,S.csv#150,"Smith, Joseph",302,,open
cand-2462,S.csv#151,"Smith, Joseph",306n,,open
cand-2463,S.csv#152,"Smith, Joseph",309,,open
cand-2464,S.csv#153,"Smith, Joseph","302, 303, 304, 309, 310",,open
cand-2465,S.csv#154,"Smith, Joseph",309,,open
cand-2466,S.csv#155,"Smith, Joseph",309,,open
cand-2467,S.csv#156,"Smith, Joseph",307,,open
cand-2468,S.csv#157,"Smith, Joseph","264n, 266",,open
cand-2469,S.csv#158,"Smith, Joseph",306,,open
cand-2470,S.csv#159,"Smith, Joseph",310,,open
cand-2471,S.csv#160,"Smith, Joseph","300, 303n, 309, 361, 391, 392, 393, 394",,open
cand-2472,S.csv#161,"Smith, Joseph","307n, 317",,open
cand-2473,S.csv#162,"Smith, Joseph",393,,open
cand-2474,S.csv#163,"Smith, Joseph","299, 306, 337",,open
cand-2475,S.csv#164,"Smith, Joseph",300,,open
cand-2476,S.csv#165,"Smith, Joseph","301, 391",,open
cand-2477,S.csv#166,Social position of the artist,"15, 16, 17, 18, 19, 20, 21, 22, 23",,open
cand-2478,S.csv#167,Soderini family,"254, 255",,open
cand-2479,S.csv#168,"Soldani, Massimiliano",283n,,open
cand-2480,S.csv#169,"Sole, Giovan Gioseffo dal","200n, 201, 214n, 223, 225, 227, 237n, 282",,open
cand-2481,S.csv#170,"Sole, Giovan Gioseffo dal",225,,open
cand-2482,S.csv#171,"Sole, Giovan Gioseffo dal",282n,,open
cand-2483,S.csv#172,"Sole, Giovan Gioseffo dal",282n,,open
cand-2484,S.csv#173,"Solimena, Francesco","xvii, 165, 166, 194, 199, 200, 201, 204, 214, 223, 224, 225, 288, 351",,open
cand-2485,S.csv#174,"Solimena, Francesco",214,,open
cand-2486,S.csv#175,"Solimena, Francesco","224, 225",,open
cand-2487,S.csv#176,"Solimena, Francesco",214,,open
cand-2488,S.csv#177,"Solimena, Francesco",214,,open
cand-2489,S.csv#178,"Solimena, Francesco",223,,open
cand-2490,S.csv#179,"Solimena, Francesco",223,,open
cand-2491,S.csv#180,"Solimena, Francesco",214,,open
cand-2492,S.csv#181,"Solimena, Francesco",224,,open
cand-2493,S.csv#182,"Spada, Cardinal Bernardino","75n, 139",,open
cand-2494,S.csv#183,"Spada, Virgilio","75, 139",,open
cand-2495,S.csv#184,"Spadaro, Micco","139n, 204n",,open
cand-2496,S.csv#185,"Spadaro, Micco",207n,,open
cand-2497,S.csv#186,"Spadaro, Micco",139,,open
cand-2498,S.csv#187,"Spadaro, Micco",207n,,open
cand-2499,S.csv#188,Spanish patronage,,,open
cand-2500,S.csv#189,Spanish patronage,"136, 170, 171, 172, 173, 189, 190, 191, 192, 400, 402",,open
cand-2501,S.csv#190,Spanish patronage,297,,open
cand-2502,S.csv#191,"Spanish Succession, War of",200,,open
cand-2503,S.csv#192,"Spectator, The",323,,open
cand-2504,S.csv#193,"Stael, Cornelius de",122,,open
cand-2505,S.csv#194,"Stanislas Poniatowski, King of Poland","298, 366",,open
cand-2506,S.csv#195,"Stanzione, Massimo","205, 210",,open
cand-2507,S.csv#196,'Status-seeking' by artists in 17th-century Rome,"18, 19, 20, 21, 220",,open
cand-2508,S.csv#197,"Stazio, Andrea",269n,,open
cand-2509,S.csv#198,Stendhal,138,,open
cand-2510,S.csv#199,Stoicism in 17th century,"142, 143, 144",,open
cand-2511,S.csv#200,"Stone, Nicholas",37,,open
cand-2512,S.csv#201,"Storer, Cristoforo",,,open
cand-2513,S.csv#202,"Storer, Cristoforo",216,,open
cand-2514,S.csv#203,"Strada, Famiano",,,open
cand-2515,S.csv#204,"Strada, Famiano",137,,open
cand-2516,S.csv#205,"Strange, John","366n, 393",,open
cand-2517,S.csv#206,"Strange, John","373, 374, 375",,open
cand-2518,S.csv#207,"Strange, John",374,,open
cand-2519,S.csv#208,"Streit, Sigismund","315, 316",,open
cand-2520,S.csv#209,"Streit, Sigismund",315,,open
cand-2521,S.csv#210,"Streit, Sigismund",316,,open
cand-2522,S.csv#211,"Streit, Sigismund",315,,open
cand-2523,S.csv#212,"Streit, Sigismund","315, 316",,open
cand-2524,S.csv#213,"Streit, Sigismund",316,,open
cand-2525,S.csv#214,"Streit, Sigismund",316,,open
cand-2526,S.csv#215,"Streit, Sigismund",316,,open
cand-2527,S.csv#216,Strozzi,393,,open
cand-2528,S.csv#217,"Strozzi, Abate Luigi",403,,open
cand-2529,S.csv#218,"Strudel, Peter",195,,open
cand-2530,S.csv#219,"Strudel, Peter",195,,open
cand-2531,S.csv#220,"Styles, Benjamin","286, 287",,open
cand-2532,S.csv#221,"Subleyras, Giuseppe",366,,open
cand-2533,S.csv#222,Superstition in Rome,"22, 40",,open
cand-2534,S.csv#223,"Swajer, Amadeo","376, 377",,open
cand-2535,S.csv#224,"Swanevelt, Hermann",135,,open
cand-2536,S.csv#225,"Sweerts, Michael",133,,open
cand-2537,T.csv#0,"Tacca, Pietro","97, 174, 178",,open
cand-2538,T.csv#1,"Tacca, Pietro","387, 389",,open
cand-2539,T.csv#2,"Talbot, Bruno",197,,open
cand-2540,T.csv#3,"Tankerville, Lord",286,,open
cand-2541,T.csv#4,"Tarso, Archbishop of",113,,open
cand-2542,T.csv#5,"Tassi, Agostino","49, 56",,open
cand-2543,T.csv#6,"Tassis, Count",273,,open
cand-2544,T.csv#7,"Tasso, Torquato","103, 318, 339",,open
cand-2545,T.csv#8,"Tasso, Torquato","335, 336",,open
cand-2546,T.csv#9,"Temanza, Tommaso",361n,,open
cand-2547,T.csv#10,"Temanza, Tommaso",165n,,open
cand-2548,T.csv#11,"Tencala, Cristoforo",219,,open
cand-2549,T.csv#12,"Teniers, David",358,,open
cand-2550,T.csv#13,"Teodoli, Marchese",143,,open
cand-2551,T.csv#14,"Tesi, Mauro","358, 359, 360, 409",,open
cand-2552,T.csv#15,"Tessin, Count Carl Gustav","292, 293, 304",,open
cand-2553,T.csv#16,"Tessin, Count Carl Gustav","293, 342",,open
cand-2554,T.csv#17,"Tessin, Count Carl Gustav","341, 342",,open
cand-2555,T.csv#18,"Tessin, Nicodemus, the Younger","56n, 406",,open
cand-2556,T.csv#19,"Testa, Pietro","95, 100n, 101n, 110, 111, 112, 114, 124, 135",,open
cand-2557,T.csv#20,"Testa, Pietro","110, 111, 112",,open
cand-2558,T.csv#21,"Testa, Pietro",124n,,open
cand-2559,T.csv#22,"Testa, Pietro",112,,open
cand-2560,T.csv#23,"Testi, Fulvio","17n, 348",,open
cand-2561,T.csv#24,"Teti, Girolamo","52n, 56",,open
cand-2562,T.csv#25,Theatines,,,open
cand-2563,T.csv#26,Theatines,193,,open
cand-2564,T.csv#27,Theatines,186,,open
cand-2565,T.csv#28,Theatines,"71, 72, 76, 78",,open
cand-2566,T.csv#29,"Théodon, Jean Baptiste","92, 400",,open
cand-2567,T.csv#30,"Théodon, Jean Baptiste",92,,open
cand-2568,T.csv#31,"Thornhill, Sir James",286,,open
cand-2569,T.csv#32,"Tiepolo, Giambattista","xvii, 192, 214, 246, 248, 250, 252, 254, 255, 256, 262, 264, 265, 266, 267, 268, 269n, 270, 271, 272, 276, 279, 293, 296, 297, 302, 309, 315, 322, 323, 332, 333, 342, 343, 344, 345, 361, 374, 376, 377, 383n, 393, 405n, 406, 409",,open
cand-2570,T.csv#33,"Tiepolo, Giambattista",267,,open
cand-2571,T.csv#34,"Tiepolo, Giambattista",297,,open
cand-2572,T.csv#35,"Tiepolo, Giambattista","347, 349, 351, 352, 353, 354, 355, 357, 359, 360",,open
cand-2573,T.csv#36,"Tiepolo, Giambattista",354,,open
cand-2574,T.csv#37,"Tiepolo, Giambattista",359,,open
cand-2575,T.csv#38,"Tiepolo, Giambattista",273,,open
cand-2576,T.csv#39,"Tiepolo, Giambattista",254,,open
cand-2577,T.csv#40,"Tiepolo, Giambattista","256, 257, 298, 352, 353",,open
cand-2578,T.csv#41,"Tiepolo, Giambattista","352, 353",,open
cand-2579,T.csv#42,"Tiepolo, Giambattista",353,,open
cand-2580,T.csv#43,"Tiepolo, Giambattista",354,,open
cand-2581,T.csv#44,"Tiepolo, Giambattista","246, 257",,open
cand-2582,T.csv#45,"Tiepolo, Giambattista",252n,,open
cand-2583,T.csv#46,"Tiepolo, Giambattista",256,,open
cand-2584,T.csv#47,"Tiepolo, Giambattista",293,,open
cand-2585,T.csv#48,"Tiepolo, Giambattista",345,,open
cand-2586,T.csv#49,"Tiepolo, Giambattista",260n,,open
cand-2587,T.csv#50,"Tiepolo, Giambattista",252,,open
cand-2588,T.csv#51,"Tiepolo, Giambattista",273,,open
cand-2589,T.csv#52,"Tiepolo, Giambattista",256,,open
cand-2590,T.csv#53,"Tiepolo, Giambattista",353,,open
cand-2591,T.csv#54,"Tiepolo, Giambattista",257,,open
cand-2592,T.csv#55,"Tiepolo, Giambattista",253,,open
cand-2593,T.csv#56,"Tiepolo, Giambattista","257, 262",,open
cand-2594,T.csv#57,"Tiepolo, Giambattista",258,,open
cand-2595,T.csv#58,"Tiepolo, Giambattista",253,,open
cand-2596,T.csv#59,"Tiepolo, Giambattista","270, 273",,open
cand-2597,T.csv#60,"Tiepolo, Giambattista",353,,open
cand-2598,T.csv#61,"Tiepolo, Giambattista",262,,open
cand-2599,T.csv#62,"Tiepolo, Giambattista",293,,open
cand-2600,T.csv#63,"Tiepolo, Giambattista",246,,open
cand-2601,T.csv#64,"Tiepolo, Giambattista",273,,open
cand-2602,T.csv#65,"Tiepolo, Giambattista",256,,open
cand-2603,T.csv#66,"Tiepolo, Giambattista",262,,open
cand-2604,T.csv#67,"Tiepolo, Giambattista",357,,open
cand-2605,T.csv#68,"Tiepolo, Giambattista",271,,open
cand-2606,T.csv#69,"Tiepolo, Giambattista",271,,open
cand-2607,T.csv#70,"Tiepolo, Giambattista",271,,open
cand-2608,T.csv#71,"Tiepolo, Giambattista",377,,open
cand-2609,T.csv#72,"Tiepolo, Giambattista",254,,open
cand-2610,T.csv#73,"Tiepolo, Giambattista",256,,open
cand-2611,T.csv#74,"Tiepolo, Giambattista",272,,open
cand-2612,T.csv#75,"Tiepolo, Giambattista","344, 380",,open
cand-2613,T.csv#76,"Tiepolo, Giambattista",253,,open
cand-2614,T.csv#77,"Tiepolo, Giambattista",246,,open
cand-2615,T.csv#78,"Tiepolo, Giambattista",273n,,open
cand-2616,T.csv#79,"Tiepolo, Giambattista",252,,open
cand-2617,T.csv#80,"Tiepolo, Giambattista","252, 253",,open
cand-2618,T.csv#81,"Tiepolo, Giambattista",258,,open
cand-2619,T.csv#82,"Tiepolo, Giambattista",296,,open
cand-2620,T.csv#83,"Tiepolo, Giambattista",296,,open
cand-2621,T.csv#84,"Tiepolo, Giambattista",296,,open
cand-2622,T.csv#85,"Tiepolo, Giambattista",296,,open
cand-2623,T.csv#86,"Tiepolo, Giambattista",296,,open
cand-2624,T.csv#87,"Tiepolo, Gian Domenico","253n, 323, 374, 377, 380",,open
cand-2625,T.csv#88,"Tiepolo, Gian Domenico",325,,open
cand-2626,T.csv#89,"Tiepolo, Gian Domenico",323,,open
cand-2627,T.csv#90,Tintoretto,"241, 248, 313, 373",,open
cand-2628,T.csv#91,Tintoretto,313,,open
cand-2629,T.csv#92,Tintoretto,313,,open
cand-2630,T.csv#93,Titian,"19, 38, 39, 54, 56, 97, 114, 128, 160, 181, 184, 192, 222, 231, 241, 262, 283, 340, 348, 354, 359, 373, 374, 401",,open
cand-2631,T.csv#94,Titian,25,,open
cand-2632,T.csv#95,Titian,171,,open
cand-2633,T.csv#96,Titian,25,,open
cand-2634,T.csv#97,Titian,38,,open
cand-2635,T.csv#98,Titian,233,,open
cand-2636,T.csv#99,Titian,185,,open
cand-2637,T.csv#100,Titian,"25, 105, 171",,open
cand-2638,T.csv#101,Titles granted to artists,19,,open
cand-2639,T.csv#102,"Tofts, Katherine",302,,open
cand-2640,T.csv#103,"Toni, Don Pietro Antonio","345, 346",,open
cand-2641,T.csv#104,"Toni, Don Pietro Antonio",345,,open
cand-2642,T.csv#105,"Toni, Don Pietro Antonio",345,,open
cand-2643,T.csv#106,"Toninotto, Padre Giuseppe",376,,open
cand-2644,T.csv#107,"Torcellan, Gianfranco",394,,open
cand-2645,T.csv#108,"Torelli, Felice","203, 227, 348",,open
cand-2646,T.csv#109,"Torelli, Felice",389,,open
cand-2647,T.csv#110,"Torelli, Giacomo","182, 183",,open
cand-2648,T.csv#111,"Torelli, Giuseppe",389,,open
cand-2649,T.csv#112,"Torresani, Andrea",266,,open
cand-2650,T.csv#113,"Trevisani, Francesco","7, 129, 164, 194, 227, 233n, 282",,open
cand-2651,T.csv#114,"Trevisani, Francesco",164n,,open
cand-2652,T.csv#115,"Trevisani, Francesco",164,,open
cand-2653,T.csv#116,"Triga, G.",xviii,,open
cand-2654,T.csv#117,"Triva, Antonio",193,,open
cand-2655,T.csv#118,"Tron, Caterina Dolfin",318,,open
cand-2656,T.csv#119,"Troy, François de",285,,open
cand-2657,T.csv#120,"Tubeuf, Jacques",181,,open
cand-2658,T.csv#121,"Tura, Cosimo",,,open
cand-2659,T.csv#122,"Tura, Cosimo",382,,open
cand-2660,T.csv#123,"Turchi, Alessandro",,,open
cand-2661,T.csv#124,"Turchi, Alessandro",185,,open
cand-2662,T.csv#125,Turin,,,open
cand-2663,T.csv#126,Turin,202,,open
cand-2664,T.csv#127,Turin,"296, 297",,open
cand-2665,UVWXYZ.csv#0,"Uccelli, Ferdinando",391,,open
cand-2666,UVWXYZ.csv#1,Udine,"252, 253, 268",,open
cand-2667,UVWXYZ.csv#2,"Udine, Giovanni da",251,,open
cand-2668,UVWXYZ.csv#3,"Udney, John",264,,open
cand-2669,UVWXYZ.csv#5,"Urbino, devolution to Papacy","25, 54",,open
cand-2670,UVWXYZ.csv#6,"Urbino, devolution to Papacy","54, 55n",,open
cand-2671,UVWXYZ.csv#7,"Urbino, Francesco Maria della Rovere, Duke of",54,,open
cand-2672,UVWXYZ.csv#8,"Utrecht, Treaty of",200,,open
cand-2673,UVWXYZ.csv#9,"Vaccaro, Andrea",210,,open
cand-2674,UVWXYZ.csv#10,"Vacchelli, Giuliano",328n,,open
cand-2675,UVWXYZ.csv#11,Vaduz,194,,open
cand-2676,UVWXYZ.csv#12,"Valentin, art dealer",120,,open
cand-2677,UVWXYZ.csv#13,Valentin de Boulogne,"11, 46, 206",,open
cand-2678,UVWXYZ.csv#14,Valentin de Boulogne,46,,open
cand-2679,UVWXYZ.csv#15,"Valeriani, Domenico and Giuseppe",406,,open
cand-2680,UVWXYZ.csv#16,"Valeriani, Domenico and Giuseppe",,,open
cand-2681,UVWXYZ.csv#17,"Valeriani, Domenico and Giuseppe",289n,,open
cand-2682,UVWXYZ.csv#18,"Valeriani, Domenico and Giuseppe",289n,,open
cand-2683,UVWXYZ.csv#19,"Valeriano, Padre",66,,open
cand-2684,UVWXYZ.csv#20,"Valguarnera, Don Fabrizio","15, 121n, 123",,open
cand-2685,UVWXYZ.csv#21,"Valle, Filippo della",93n,,open
cand-2686,UVWXYZ.csv#22,"Valletta, Giuseppe",204,,open
cand-2687,UVWXYZ.csv#23,"Vallisnieri, Antonio",363n,,open
cand-2688,UVWXYZ.csv#24,Valmarana family,405,,open
cand-2689,UVWXYZ.csv#25,"Valmarana, Leonardo",258,,open
cand-2690,UVWXYZ.csv#26,"Vanbrugh, Sir John","278, 279, 309",,open
cand-2691,UVWXYZ.csv#27,"Vandeneynde, Jan",206,,open
cand-2692,UVWXYZ.csv#28,"Vandières, Marquis de (later Marquis de Marigny)",257,,open
cand-2693,UVWXYZ.csv#29,"Vanetti, Valerio",37n,,open
cand-2694,UVWXYZ.csv#30,"Vannini, Ottavio",,,open
cand-2695,UVWXYZ.csv#31,"Vannini, Ottavio",212,,open
cand-2696,UVWXYZ.csv#32,"Vannini, Ottavio",212,,open
cand-2697,UVWXYZ.csv#33,"Vannini, Ottavio",212,,open
cand-2698,UVWXYZ.csv#34,"Vannini, Ottavio",212,,open
cand-2699,UVWXYZ.csv#35,"Vannini, Ottavio",212,,open
cand-2700,UVWXYZ.csv#36,"Varda, Salvator",264n,,open
cand-2701,UVWXYZ.csv#37,"Varotari, Alessandro ('il Padovanino')","100n, 105",,open
cand-2702,UVWXYZ.csv#38,"Vasari, Giorgio","21, 159, 330",,open
cand-2703,UVWXYZ.csv#39,"Vassalli, Alessandro",6n,,open
cand-2704,UVWXYZ.csv#40,Vatican palace,,,open
cand-2705,UVWXYZ.csv#41,Vatican palace,151,,open
cand-2706,UVWXYZ.csv#42,"Vecchi, Giovanni de'","66, 80",,open
cand-2707,UVWXYZ.csv#43,"Vecchia, Pietro della","193, 340, 376",,open
cand-2708,UVWXYZ.csv#44,"Veith, Giovanni Adalbertho",367,,open
cand-2709,UVWXYZ.csv#45,Velasquez,"60, 113, 116, 119, 126, 122, 136, 158, 172, 190, 192, 385, 400",,open
cand-2710,UVWXYZ.csv#46,Velasquez,190,,open
cand-2711,UVWXYZ.csv#47,Velasquez,126,,open
cand-2712,UVWXYZ.csv#48,Velasquez,"116, 190",,open
cand-2713,UVWXYZ.csv#49,Velasquez,"116, 190",,open
cand-2714,UVWXYZ.csv#50,Velasquez,126,,open
cand-2715,UVWXYZ.csv#51,Velasquez,"116, 126",,open
cand-2716,UVWXYZ.csv#52,Velasquez,190,,open
cand-2717,UVWXYZ.csv#53,"Venezia, Padre Antonio da",,,open
cand-2718,UVWXYZ.csv#54,"Venezia, Padre Antonio da",252n,,open
cand-2719,UVWXYZ.csv#55,Venice,245-383,,open
cand-2720,UVWXYZ.csv#56,Venice,247-267,,open
cand-2721,UVWXYZ.csv#57,Venice,"254, 255",,open
cand-2722,UVWXYZ.csv#58,Venice,251,,open
cand-2723,UVWXYZ.csv#59,Venice,"245, 318, 332, 337",,open
cand-2724,UVWXYZ.csv#60,Venice,"247, 267-274",,open
cand-2725,UVWXYZ.csv#61,Venice,276,,open
cand-2726,UVWXYZ.csv#62,Venice,247,,open
cand-2727,UVWXYZ.csv#63,Venice,261,,open
cand-2728,UVWXYZ.csv#64,Venice,247,,open
cand-2729,UVWXYZ.csv#65,Venice,261,,open
cand-2730,UVWXYZ.csv#66,Venice,"246, 251",,open
cand-2731,UVWXYZ.csv#67,Venice,276-316,,open
cand-2732,UVWXYZ.csv#68,Venice,"245, 276",,open
cand-2733,UVWXYZ.csv#69,Venice,267,,open
cand-2734,UVWXYZ.csv#70,Venice,248,,open
cand-2735,UVWXYZ.csv#71,Venice,268,,open
cand-2736,UVWXYZ.csv#72,Venice,247,,open
cand-2737,UVWXYZ.csv#73,Venice,"257, 258",,open
cand-2738,UVWXYZ.csv#74,Venice,246,,open
cand-2739,UVWXYZ.csv#75,Venice,"247, 249",,open
cand-2740,UVWXYZ.csv#76,Venice,"249, 250, 251, 262",,open
cand-2741,UVWXYZ.csv#77,Venice,262,,open
cand-2742,UVWXYZ.csv#78,Venice,245,,open
cand-2743,UVWXYZ.csv#79,Venice,262,,open
cand-2744,UVWXYZ.csv#80,Venice,271,,open
cand-2745,UVWXYZ.csv#81,Venice,255,,open
cand-2746,UVWXYZ.csv#82,Venice,256,,open
cand-2747,UVWXYZ.csv#83,Venice,"246, 247, 329, 330",,open
cand-2748,UVWXYZ.csv#84,Venice,256,,open
cand-2749,UVWXYZ.csv#85,Venice,"261, 262",,open
cand-2750,UVWXYZ.csv#86,"Venier, Leonardo",367,,open
cand-2751,UVWXYZ.csv#87,"Venturi, Professor Franco",262n,,open
cand-2752,UVWXYZ.csv#88,"Vermeer, Johannes","307, 384",,open
cand-2753,UVWXYZ.csv#89,"Vermeer, Johannes",307,,open
cand-2754,UVWXYZ.csv#90,"Vernet, Joseph",358,,open
cand-2755,UVWXYZ.csv#91,"Veronese, Paolo","160, 178, 207, 216, 231, 232, 241, 246, 248, 262, 279n, 283, 340, 348, 353, 354, 355, 359, 373",,open
cand-2756,UVWXYZ.csv#92,"Veronese, Paolo",313,,open
cand-2757,UVWXYZ.csv#93,"Veronese, Paolo",313,,open
cand-2758,UVWXYZ.csv#94,"Verri, Pietro",328,,open
cand-2759,UVWXYZ.csv#95,"Verrio, Antonio","195, 196, 198, 403",,open
cand-2760,UVWXYZ.csv#96,"Verrio, Antonio",196,,open
cand-2761,UVWXYZ.csv#97,"Verrio, Antonio","195, 196",,open
cand-2762,UVWXYZ.csv#98,"Verrio, Antonio","195, 196",,open
cand-2763,UVWXYZ.csv#99,"Verrio, Antonio","196, 198",,open
cand-2764,UVWXYZ.csv#100,"Vianello, Dr Giovanni",376,,open
cand-2765,UVWXYZ.csv#101,"Vianello, Dr Giovanni",376,,open
cand-2766,UVWXYZ.csv#102,"Vianello, Dr Giovanni",376,,open
cand-2767,UVWXYZ.csv#103,"Vianello, Dr Giovanni",376,,open
cand-2768,UVWXYZ.csv#104,"Viani, Domenico Maria","xvii, 166n",,open
cand-2769,UVWXYZ.csv#105,Vicenza,"249n, 258",,open
cand-2770,UVWXYZ.csv#106,"Vico, Giambattista",,,open
cand-2771,UVWXYZ.csv#107,"Vico, Giambattista",320,,open
cand-2772,UVWXYZ.csv#108,Vienna,"193, 199, 200, 201",,open
cand-2773,UVWXYZ.csv#109,"Viero, Teodoro","340, 345, 368",,open
cand-2774,UVWXYZ.csv#110,"Vigarani, Gaspare",185,,open
cand-2775,UVWXYZ.csv#111,"Vignola, Giacomo Barozzi da","65, 103, 338, 398",,open
cand-2776,UVWXYZ.csv#112,"Viola, Domenico",136,,open
cand-2777,UVWXYZ.csv#113,Virgil,"118, 258",,open
cand-2778,UVWXYZ.csv#114,Virgil,"224, 225",,open
cand-2779,UVWXYZ.csv#115,Virgil,201,,open
cand-2780,UVWXYZ.csv#116,"Virtuosi, Congregazione dei",126,,open
cand-2781,UVWXYZ.csv#117,"Visconti, Antonio Maria",121n,,open
cand-2782,UVWXYZ.csv#118,"Visconti, Pietro","259n, 323n",,open
cand-2783,UVWXYZ.csv#119,"Visentini, Antonio","301n, 306, 309, 322, 338",,open
cand-2784,UVWXYZ.csv#120,"Visentini, Antonio",305,,open
cand-2785,UVWXYZ.csv#121,"Visentini, Antonio",308,,open
cand-2786,UVWXYZ.csv#122,Vitruvius,322,,open
cand-2787,UVWXYZ.csv#123,"Vittrice, Alessandro",70,,open
cand-2788,UVWXYZ.csv#125,"Viviani, Vincenzo",229,,open
cand-2789,UVWXYZ.csv#126,"Vleughels, Nicolas","285, 343n",,open
cand-2790,UVWXYZ.csv#127,"Volpato, Giovanni",392,,open
cand-2791,UVWXYZ.csv#128,Voltaire,"318, 349, 350, 369",,open
cand-2792,UVWXYZ.csv#129,"Vouet, Simon","45, 46, 97, 102, 114, 175, 206, 235n",,open
cand-2793,UVWXYZ.csv#130,"Vouet, Simon",97,,open
cand-2794,UVWXYZ.csv#131,"Wael, Cornelius de",122,,open
cand-2795,UVWXYZ.csv#132,"Wael, Jean-Baptiste de",208,,open
cand-2796,UVWXYZ.csv#133,"Wagner, Joseph",340,,open
cand-2797,UVWXYZ.csv#134,"Waldstein, Count of",367,,open
cand-2798,UVWXYZ.csv#135,"Walpole, Horace","264, 301, 356",,open
cand-2799,UVWXYZ.csv#136,"Walpole, Horace",284n,,open
cand-2800,UVWXYZ.csv#137,"Wals, Goffredo","125, 206",,open
cand-2801,UVWXYZ.csv#138,"Wars of late 17th century, influence on art patronage",200,,open
cand-2802,UVWXYZ.csv#139,"Waterhouse, E. K.","12n, 56n",,open
cand-2803,UVWXYZ.csv#140,"Watson, F. J. B.",313n,,open
cand-2804,UVWXYZ.csv#141,"Watteau, Antoine","277, 284, 285, 292, 384",,open
cand-2805,UVWXYZ.csv#142,"Webster, John",,,open
cand-2806,UVWXYZ.csv#143,"Webster, John",98n,,open
cand-2807,UVWXYZ.csv#144,"Weenix, Jan",283,,open
cand-2808,UVWXYZ.csv#145,"Werff, Adrian van der",283,,open
cand-2809,UVWXYZ.csv#146,"Werff, Adrian van der",283,,open
cand-2810,UVWXYZ.csv#147,"White Hill, Battle of",33,,open
cand-2811,UVWXYZ.csv#148,Widmann country house,250,,open
cand-2812,UVWXYZ.csv#149,Widmann family,"254, 255",,open
cand-2813,UVWXYZ.csv#150,Widmann palace,"214n, 250",,open
cand-2814,UVWXYZ.csv#151,William III of England,"196, 280",,open
cand-2815,UVWXYZ.csv#152,"Wilson, Richard",301,,open
cand-2816,UVWXYZ.csv#153,"Winckelmann, J. J.","348, 358, 371",,open
cand-2817,UVWXYZ.csv#154,"Witte, Peter de",206,,open
cand-2818,UVWXYZ.csv#155,"Wittkower, Rudolf",12,,open
cand-2819,UVWXYZ.csv#156,"Worsley, Sir Richard",375,,open
cand-2820,UVWXYZ.csv#157,"Wouwermans, Philips","358, 359",,open
cand-2821,UVWXYZ.csv#158,"Wren, Sir Christopher",196,,open
cand-2822,UVWXYZ.csv#159,Würzburg Residenz,296,,open
cand-2823,UVWXYZ.csv#160,"Wyatt, James",301,,open
cand-2824,UVWXYZ.csv#161,"Wynne, Giustiniana (Mme Rosenberg)","300, 302, 364, 369, 370, 371",,open
cand-2825,UVWXYZ.csv#162,"Wynne, Giustiniana (Mme Rosenberg)","369, 370, 371",,open
cand-2826,UVWXYZ.csv#163,"Xavier, St Francis",64,,open
cand-2827,UVWXYZ.csv#164,"Young, Edward",,,open
cand-2828,UVWXYZ.csv#165,"Young, Edward",370,,open
cand-2829,UVWXYZ.csv#166,"Zaguri, Pietro",368,,open
cand-2830,UVWXYZ.csv#167,"Zais, Giuseppe","261, 309, 328, 336, 345, 361, 376, 393",,open
cand-2831,UVWXYZ.csv#168,"Zambeccari, Marchesa Eleonora",237n,,open
cand-2832,UVWXYZ.csv#169,Zambelli family,260n,,open
cand-2833,UVWXYZ.csv#170,"Zambelli, Dr Paola",211n,,open
cand-2834,UVWXYZ.csv#171,"Zanchi, Antonio","218, 251, 294",,open
cand-2835,UVWXYZ.csv#172,"Zanchi, Antonio","218, 219",,open
cand-2836,UVWXYZ.csv#173,"Zanchi, Antonio","218, 219",,open
cand-2837,UVWXYZ.csv#174,"Zanchi, Antonio",218,,open
cand-2838,UVWXYZ.csv#175,"Zanetti, A. M., the Elder","266, 284, 293n, 300, 303, 306, 320, 328, 337, 341, 342, 343, 344, 361, 371, 407, 408",,open
cand-2839,UVWXYZ.csv#176,"Zanetti, A. M., the Elder",341,,open
cand-2840,UVWXYZ.csv#177,"Zanetti, A. M., the Elder",341,,open
cand-2841,UVWXYZ.csv#178,"Zanetti, A. M., the Elder",341,,open
cand-2842,UVWXYZ.csv#179,"Zanetti, A. M., the Elder",341,,open
cand-2843,UVWXYZ.csv#180,"Zanetti, A. M., the Elder","341, 342",,open
cand-2844,UVWXYZ.csv#181,"Zanetti, A. M., the Elder",342,,open
cand-2845,UVWXYZ.csv#182,"Zanetti, A. M., the Elder",344,,open
cand-2846,UVWXYZ.csv#183,"Zanetti, A. M., the Elder","343, 344",,open
cand-2847,UVWXYZ.csv#184,"Zanetti, A. M., the Elder",344,,open
cand-2848,UVWXYZ.csv#185,"Zanetti, A. M., the Elder",342,,open
cand-2849,UVWXYZ.csv#186,"Zanetti, A. M., the Elder",344,,open
cand-2850,UVWXYZ.csv#187,"Zanetti, A. M., the Elder","342, 343",,open
cand-2851,UVWXYZ.csv#188,"Zanetti, A. M., the Elder",341,,open
cand-2852,UVWXYZ.csv#189,"Zanetti, A. M., the Elder",343,,open
cand-2853,UVWXYZ.csv#190,"Zanetti, A. M., the Elder",343,,open
cand-2854,UVWXYZ.csv#191,"Zanetti, A. M., the Younger",,,open
cand-2855,UVWXYZ.csv#192,"Zanetti, A. M., the Younger",345,,open
cand-2856,UVWXYZ.csv#193,"Zanetti, A. M., the Younger",343,,open
cand-2857,UVWXYZ.csv#194,"Zanetti, A. M., the Younger",329,,open
cand-2858,UVWXYZ.csv#195,"Zanetti, A. M., the Younger",345,,open
cand-2859,UVWXYZ.csv#196,"Zanetti, A. M., the Younger",345,,open
cand-2860,UVWXYZ.csv#197,"Zanetti, Domenico",284n,,open
cand-2861,UVWXYZ.csv#198,"Zanetti, Girolamo","268n, 306, 360n",,open
cand-2862,UVWXYZ.csv#199,"Zanetti, Girolamo",276n,,open
cand-2863,UVWXYZ.csv#200,"Zanotti, Eustachio","347, 354n",,open
cand-2864,UVWXYZ.csv#201,"Zanotti, F. M.",348,,open
cand-2865,UVWXYZ.csv#202,"Zatta, Antonio","335, 338, 339",,open
cand-2866,UVWXYZ.csv#203,"Zatta, Antonio",339,,open
cand-2867,UVWXYZ.csv#204,"Zatta, Antonio",338,,open
cand-2868,UVWXYZ.csv#205,"Zen, Procurator Alessandro",253,,open
cand-2869,UVWXYZ.csv#206,"Zeno, Apostolo","230, 300",,open
cand-2870,UVWXYZ.csv#207,Zenobio family,"260n, 405",,open
cand-2871,UVWXYZ.csv#208,Zenobio palace,250,,open
cand-2872,UVWXYZ.csv#209,"Zocchi, Giuseppe",,,open
cand-2873,UVWXYZ.csv#210,"Zocchi, Giuseppe",382n,,open
cand-2874,UVWXYZ.csv#211,"Zompini, Gaetano","273, 274, 339",,open
cand-2875,UVWXYZ.csv#212,"Zompini, Gaetano",344,,open
cand-2876,UVWXYZ.csv#213,"Zompini, Gaetano","344, 374",,open
cand-2877,UVWXYZ.csv#214,"Zompini, Gaetano",344,,open
cand-2878,UVWXYZ.csv#215,"Zuccalli, Enrico",193,,open
cand-2879,UVWXYZ.csv#216,"Zuccarelli, Francesco","262, 292, 309, 310, 314, 316, 336, 342, 361, 362, 392, 393",,open
cand-2880,UVWXYZ.csv#217,"Zuccarelli, Francesco",328,,open
cand-2881,UVWXYZ.csv#218,"Zuccarelli, Francesco",351,,open
cand-2882,UVWXYZ.csv#219,"Zuccarelli, Francesco",308,,open
cand-2883,UVWXYZ.csv#220,"Zuccarelli, Francesco",308,,open
cand-2884,UVWXYZ.csv#221,"Zuccarelli, Francesco",292,,open
cand-2885,UVWXYZ.csv#222,"Zuccari, Federigo","17, 30, 66",,open
cand-2886,UVWXYZ.csv#223,"Zucchi, Andrea",265,,open
cand-2887,UVWXYZ.csv#224,"Zucchi, Antonio",294,,open
cand-2888,UVWXYZ.csv#225,"Zugno, Francesco",361,,open
