chapter,segment_id,disposition,migration_status,source_line_ranges,note
chp-10,chp-10:10_CHP-10_intro:l1-1,excluded,complete,L1-1,Generated Markdown filename heading only; not printed book content and contains no claim or entity mention.
chp-10,chp-10:10_CHP-10_intro:l114-119,reviewed,complete,L114-119,no_semantic_content: rotated Plate 51 OCR is reversed; inspected CHP-10.pdf physical p.8 and represented the printed caption in derived visual transcription l9-10. OCR and PDF remain unchanged.
chp-10,chp-10:10_CHP-10_intro:l121-123,reviewed,complete,L121-123,no_semantic_content: Plate 52 OCR reverses caption order and runs lines together; inspected CHP-10.pdf physical p.9 and represented the printed heading and captions in derived visual transcription l12-15. OCR and PDF remain unchanged.
chp-10,chp-10:10_CHP-10_intro:l125-139,reviewed,complete,L126-139,"Printed p.281 body read against CHP-10.pdf physical page 10. Completed the Prince Eugene characterization begun at p.280 L61; recorded Sheffield's favour under Queen Anne, retirement and social position; Bellucci's Sheffield-mansion decorations; James Brydges/Canons, its London house and chapel, Handel/Pepusch concerts, Bellucci-Bagutti-Sleter decoration and the Canons canvas programme; the English patronage context, Pellegrini/Ricci/Bellucci assessment, Düsseldorf-London movements, Damini and Leoni, and Johann Wilhelm's Palatinate rule. OCR corrections recorded in S2 only: L126 'Arme'->'Anne' and 'andesteemed'->'and esteemed'; L137 'tfie-more'->'the more'; S0 remains unchanged. Footnote 1 at L128 and footnote 2 at L133 point to p.281 notes at source L518-L519 in the queued consolidated notes segment L491-634; note content remains pending. L139's revolt sentence was closed using p.282 L142 in the existing statement; the revolt remains unnamed and cross-page provenance is retained. P.281 footnote 1 at L518 and footnote 2 at L519 are now linked to the consolidated notes segment."
chp-10,chp-10:10_CHP-10_intro:l141-149,reviewed,complete,L142-149,"Printed p.282 body and footer read against CHP-10.pdf physical page 11. Closed the p.281 accession/revolt sentence; recorded Johann Wilhelm's 1708-1714 political influence and qualified Palatinate great-power prospect, artist adulation, Rapparini's nested praise and aesthetic writing, Gruppello's equestrian statue, collecting and patronage, marriage context, Italian works and commissions, and unsuccessful invitations to Balestra and Carriera. S2-only scan corrections: L142 Giorgio MariaRapparini->Giorgio Maria Rapparini; L143 Dusseldorf->Düsseldorf; L148 Rosalba Camera->Rosalba Carriera and Dusseldorf->Düsseldorf; S0 unchanged. Notes 1-3 point to consolidated notes L520-522 and remain pending. L149's unnumbered footer fragment ending 'refused regular' continues at p.283 L163-164 ('employment under him'); both artist-specific refusal statements are now recorded with the cross-page span. The footnote number remains unidentified."
chp-10,chp-10:10_CHP-10_intro:l15-24,reviewed,complete,L15-24,"Printed p.277 body read against CHP-10.pdf physical page 2. The unfinished contrast at L24 is now closed by p.278 L27 and linked to st-chp10-p278-taste-divergence-closure; the page body is complete. Printed p.277 notes 1-5 remain pending in canonical L495-499. Preserve the printed unusual 'not-an.' punctuation and the S2-only removal of the stray OCR apostrophe at L21. Index/body identity decisions remain for S3. Printed p.277 footnotes 1-4 at canonical L495-L498 are now migrated; citations remain unverified, and the location in note 2 is book-era only. Note 5 at L499 remains pending. Printed p.277 note 5 at L499 is now migrated: it identifies three entry pictures and reports their book-era locations. The citations remain unverified; do not infer ambassador commissions."
chp-10,chp-10:10_CHP-10_intro:l151-165,reviewed,complete,L151-165; p.284 L168,Printed p.283 body and footer read against CHP-10.pdf physical page 12. The Bellucci sentence ending 'but' is closed by p.284 L168 and cross-linked. The p.282 unnumbered footer fragment is also closed at p.283 L163-164. Notes 1-2 remain pending in the consolidated notes segment. S0 OCR is unchanged.
chp-10,chp-10:10_CHP-10_intro:l167-176,reviewed,complete,L168-176; p.285 L179,Printed p.284 was read against physical page 13. Its Mississippi Gallery programme sentence closes at p.285 L179; continuation is cross-linked. The page's notes 1-5 remain pending in the consolidated notes segment.
chp-10,chp-10:10_CHP-10_intro:l178-188,reviewed,complete,L179-188; p.286 L191,Printed p.285 was read against physical page 14. Its subsection-opening sentence closes at p.286 L191; the continuation is cross-linked. Notes 1-4 in the consolidated notes segment remain pending.
chp-10,chp-10:10_CHP-10_intro:l190-204,reviewed,complete,L191-204; p.287 L207,"Printed p.286 was read against CHP-10.pdf physical page 15. Its final Moor Park assignment sentence closes at p.287 L207, naming Amigoni and Francesco Sleter; continuation is cross-linked. Notes 1-3 remain pending in the consolidated notes segment."
chp-10,chp-10:10_CHP-10_intro:l206-216,reviewed,complete,L207-216; p.288 L219,Printed p.287 was read against physical page 16. Its final wealth-and-peace sentence closes at p.288 L219; continuation is cross-linked. Inline note 2 was migrated with its cited sources retained as unresolved.
chp-10,chp-10:10_CHP-10_intro:l218-227,reviewed,complete,L219-227; p.289 L230,"Printed p.288 was read against physical page 17. Its final career sentence closes at p.289 L230; Haskell says Canaletto was as yet almost unknown. Notes 1-3 are a separate consolidated notes segment (L540-542) and are tracked there, not duplicated in this body segment."
chp-10,chp-10:10_CHP-10_intro:l229-238,reviewed,complete,L230-238; p.290 L241,"Printed p.289 body segment checked against CHP-10.pdf physical p.18. L230-232 narrative and its p.290 L241 continuation were already migrated; this pass completes L234-236 note 1 prose and L237-238 note 2 continuation. L233 'Pittoni' is a duplicate OCR tail of the note 1 table, not an additional mention. The note 1 table rows are anchored in the companion visual transcription; the note 2 list and its 'probably' explanation preserve source attribution and uncertainty."
chp-10,chp-10:10_CHP-10_intro:l240-251,reviewed,complete,L241-251,"Printed p.290 was checked against CHP-10.pdf physical page 19. Closed p.289's Memento Mori sentence at L241. Recorded the 1729 client letter and critique with the two altered picture versions and Lord Bingley's reported possession; Haskell's Goodwood display appraisal and the written meaning-description; his judgement about the heritage of 1688; McSwiny's quoted iconographic rationale for the Marlborough monument; reported acquisitions by Richmond and Morice; and the engraving/drawing and proposed subscription volume project. Iconographic roles Brutus and Roman Admiral remain type-undecided; names, version identities, purchase claims and footnote evidence retain attribution and pending-note limits. The printed title reads 'The Gierusaleme Liberata'; OCR form matches the scan. Notes 1-6 are in the separate consolidated notes segment and are linked to their body statements; they are not duplicated in this body segment."
chp-10,chp-10:10_CHP-10_intro:l253-266,reviewed,complete,L254-266,Printed p.291 was checked against CHP-10.pdf physical page 20. The final McSwiny commission sentence is now closed by p.292 L269 and recorded as a cross-segment statement; the p.292 continuation is linked. Footnotes 1-3 at L551-L553 are migrated in the consolidated notes segment and linked to their body statements; their text is not duplicated into the body tables.
chp-10,chp-10:10_CHP-10_intro:l26-41,reviewed,complete,L26-41,"Printed p.278 body read against CHP-10.pdf physical page 3. Closed p.277 L24's taste-divergence contrast at L27. Recorded German-court purchases and artist recruitment; Hapsburg summons/employment; Bencovich's ambiguous 'them'; Diziani's Dresden work; Amigoni at Munich/Nymphenburg; the English/Whig comparison; Manchester's 1709 embassy, social circle and architect-patronage context; the Duchess's nested music letter; and the assignment of Pellegrini/Ricci to Scarlatti's Pyrrhus and Demetrius. The p.276 'a year later' departure chronology and p.278 1709 embassy chronology remain unreconciled. The OCR marker after 'poets' is 6, but the scan prints 5; correction is recorded in S2 only. Printed p.278 notes 1-6 remain pending at canonical L500-505. The sentence ending 'and then to' is closed by p.279 L44."
chp-10,chp-10:10_CHP-10_intro:l268-277,reviewed,complete,L268-277,"Printed p.292 body is complete; its final Tessin clause closes at p.293 L280, now linked from the statement. Footnotes 1-6 at L554-L557 are migrated in the consolidated notes segment and linked to the body statements; their text is not duplicated into the body tables."
chp-10,chp-10:10_CHP-10_intro:l279-290,reviewed,complete,L280-290,"Printed p.293 body is complete; the open 'And in-1725' fragment at L290 is closed by p.294 L293, now linked from statement st-chp10-p294-pellegrini-dresden-1725. P.293 note 1's Sirén locator at L290 is now represented once and linked to its two body statements; notes 2-4 at L558-L560 are migrated from the consolidated notes segment."
chp-10,chp-10:10_CHP-10_intro:l292-302,reviewed,complete,L293-302,Printed p.294 final Algarotti sentence opened at L302 and closes at p.295 L305; closure is linked from st-chp10-p294-algarotti-return-open. The p.294 body is complete; notes 1-3 at L561-L563 are migrated and linked to the corresponding body statements. The p.295 marker 1 footnote at L564 is now migrated and linked.
chp-10,chp-10:10_CHP-10_intro:l3-13,reviewed,complete,L3-13,Printed p.276 opening body read against CHP-10.pdf physical p.1. L3-L5 are page/title/section navigation; narrative is L6-L13. The p.276 footnotes are consolidated at L492-L494 in this canonical file and remain assigned to their later source segment; the full-chapter OCR is comparison only. Note 1 at canonical L492 is now semantically migrated and linked to the Cole-Carriera statement. S2 image comparison also found that source L13's Cole supplement is absent from the CHP-10.pdf physical p.1 scan; the supplied text and its existing statements are retained pending source-discrepancy review. Notes 2-3 at L493-L494 are now migrated: note 2 supplies a book-era holding report and note 3 is citation-only. The L13 scan discrepancy remains for handoff audit.
chp-10,chp-10:10_CHP-10_intro:l304-316,reviewed,complete,L305-316,Printed p.295 body and its notes 1-5 are complete. The p.296 Residenz claim's marker 1 is linked to note L567; continuation and remaining p.296 footnotes are recorded in adjacent coverage.
chp-10,chp-10:10_CHP-10_intro:l318-330,reviewed,complete,L319-330,Printed p.296 body is complete after p.297 closes the Juvarra/Ricci commission sentence. P.296 notes 2-3 at L568-L569 and p.297 note 1 at L343/L570 are migrated and linked to the Juvarra/Ricci statement.
chp-10,chp-10:10_CHP-10_intro:l332-343,reviewed,complete,L333-343,Printed p.297 body and footnotes 1-6 have been read against CHP-10.pdf physical page 26. L343 is the canonical OCR excerpt containing the full printed note 1 continuation; composite-note L570 repeats only its Gabrielli opening. The p.296 Juvarra/Ricci commission sentence is closed and its marker 1 linked; markers 2-6 also link to note statements. No duplicate claims were created from the parallel whole-chapter OCR. Haskell's 1739 Amigoni passage and note 3's 1753 Giaquinto follow-up remain distinct.
chp-10,chp-10:10_CHP-10_intro:l345-352,reviewed,complete,L346-352,"Printed p.298 body L346-352 checked against CHP-10.pdf physical page 27. Recorded Catherine the Great's 1762 accession, taste and policy; Bellotto's planned St Petersburg journey, redirection to Warsaw and Warsaw view group; Novelli's 1772 Creusa picture, Batoni comparison and declined Russian invitation; Catherine's purchase of Tiepolo's Banquet of Cleopatra, its earlier acquisition for Augustus III by Algarotti and transfer to St Petersburg; and Haskell's account of Venetian artistic movement, foreign settlement and the dominant foreigner/native genius contrast. Reused page-indexed candidates for Catherine, Bellotto, Stanislas Poniatowski, Novelli, Batoni, Tiepolo, Algarotti, Augustus III and named cities; added distinct candidates for Warsaw, Russia, named work groups, mythological referents and conceptual categories without resolving cross-chapter identity. Scan-only S2 corrections: OCR 'S t Petersburg' reads 'St Petersburg'; 'Diisseldorf' reads 'Düsseldorf'; 'landowners-could' reads 'landowners could'. Footnotes 1-3 are not in this body segment and remain pending in the consolidated notes segment."
chp-10,chp-10:10_CHP-10_intro:l354-366,reviewed,complete,L354-366,Printed p.299 body and footnotes 1-4 checked against CHP-10.pdf physical page 28. Footnote 4 continues at L366 in the canonical body OCR; that line is linked to the consolidated note at L581. P.299 consular sentence closes at p.300 L369. All page body ranges and footnote markers are now migrated.
chp-10,chp-10:10_CHP-10_intro:l368-380,reviewed,complete,L369-380,"Printed p.300 body and the two scattered footnote continuations at L379–380 checked against CHP-10.pdf physical page 29. P.300 footnotes 1–7 are now linked. L379 continues note 1 with Archivio di Stato, Esposizione Principi, Reg.112; scan spelling is Archivio (S0 OCR 'Arcbivio'). L380 continues note 7 with Add. MSS. 32,802, f.182, missing from canonical OCR L588. The body sentence closes on p.301; S0 remains unchanged."
chp-10,chp-10:10_CHP-10_intro:l382-389,reviewed,complete,L383-389,"Printed p.301 body checked against CHP-10.pdf physical page 30; notes 1–7 are now linked to their corresponding body statements. The p.301 sentence ending in 'Lady' closes with Mary Wortley Montagu at p.302, already reviewed and cross-linked. Scan-only OCR correction: p.301 note 5 is printed as 5, not the OCR 6 at L593; S0 unchanged."
chp-10,chp-10:10_CHP-10_intro:l391-400,reviewed,complete,L391-399,P.302's final Ricci claim closes at p.303 L403; both statements cross-reference the adjacent source segment.
chp-10,chp-10:10_CHP-10_intro:l402-409,reviewed,complete,L403-409,P.303's final location clause closes at p.304 L412; both statements cross-reference the adjacent source segment. Notes excerpt at L409 is separately represented in the consolidated notes segment.
chp-10,chp-10:10_CHP-10_intro:l411-421,reviewed,complete,L412-421,P.304's final clause closes at p.305 L424; both statements cross-reference the adjacent source segment.
chp-10,chp-10:10_CHP-10_intro:l423-433,reviewed,complete,L424-433,P.305's final style comparison closes at p.306 L436; both statements cross-reference the adjacent source segment. Printed p.305 note 1 is linked to L611.
chp-10,chp-10:10_CHP-10_intro:l43-49,reviewed,complete,L43-49,"Printed p.279 body read against CHP-10.pdf physical page 4. Closed p.278 L41's 'and then to' at L44 and recorded Manchester's continued decoration assignment, Vanbrugh's Castle Howard project for Carlisle, Carlisle's employment of Pellegrini/Marco Ricci, and the artists' move to Narford Hall, country seat of Andrew Fountaine. Also recorded Fountaine's profile, Haskell's account of Pellegrini's English-period style, Van Dyck's influence, the Motteux drawing and theatrical circle, the conversation-piece comparison, Marco Ricci's musical groups, the 1712 quarrel/departure, Marco's return with uncle Sebastiano, Sebastiano's patronage/style, and Lord Portland as an early employer. Notes 1-3 remain pending in the later consolidated notes segment. The OCR truncates Plate 47 and inserts punctuation artifacts; the p.279 scan confirms the reading recorded in S2. The Portland sentence continues at p.280 L52, so this segment is partial. Closed its final Portland clause at p.280 L52; the commission to Pellegrini is recorded in the p.280 segment."
chp-10,chp-10:10_CHP-10_intro:l435-443,reviewed,complete,L436-443,P.306's Breval statuette passage closes at p.307 L446; both statements cross-reference the adjacent source segment. P.306 notes are linked.
chp-10,chp-10:10_CHP-10_intro:l445-454,reviewed,complete,L446-454,"Printed p.307 notes 1-4 are linked. Note 1 marker is printed at p.308 L457, where the sentence 'of Palladio' closes."
chp-10,chp-10:10_CHP-10_intro:l456-466,reviewed,complete,L457-466,Printed p.308 notes 1-3 are linked. The p.308 note-1 date explanation at L466 is retained as a page-level OCR continuation; note 1 marker follows 'of Palladio' at L457. P.308 body and cross-page sentence are complete through p.309 L469.
chp-10,chp-10:10_CHP-10_intro:l468-479,reviewed,complete,L469-479,Printed p.309 notes 1-6 are linked. Page image confirms OCR note numbers 6 and 8 at L628-L629 should be printed notes 5 and 6. The final Canaletto sentence closes at p.310 L482.
chp-10,chp-10:10_CHP-10_intro:l481-489,reviewed,complete,L482-489,Printed p.310 notes 1-6 are linked. Page image confirms OCR note numbers 6 and 8 at L634 should be printed notes 5 and 6. Note 4 supports the quoted travel-plan statement; it is not linked to the separate consulship-resignation statement. Note 6 points to Appendix 5.
chp-10,chp-10:10_CHP-10_intro:l491-634,reviewed,complete,L492-634,"Merged notes processed through p.310 note 6 at L634. Printed p.308 notes 1-3, p.309 notes 1-6 and p.310 notes 1-6 are linked to body statements. P.308 note 1 continues at page-level OCR L466; p.309 OCR footnote numbers 6/8 correspond to printed notes 5/6, and p.310 OCR 6/8 likewise correspond to printed 5/6. The Vivian 1963 page range does not match the local 1963 bibliography entry; citation identity remains unresolved."
chp-10,chp-10:10_CHP-10_intro:l51-61,reviewed,complete,L51-61,"Printed p.280 body read against CHP-10.pdf physical page 5. Closed p.279 L49's Lord Portland sentence at L52 and recorded Portland's prior Pellegrini commission; Bentinck/William III and Orange-cause context; Portland's title, Rigaud portrait and attributed contemporary opinion; Ricci's town-house and Bulstrode chapel commissions with four named works; the Catholic-church comparison and Vertue's praise; Ricci/Burlington employment and the 1715 Piccadilly redecoration; Palladianism and Italian-painting preference; Gay's quotation and Ricci's Burlington House paintings/possible later transfer to Chiswick; Ricci's Whig/official patrons, Chelsea Hospital Resurrection fresco, and Bellucci's arrival/patronage; and John Sheffield's Buckingham title, politics, London house and marriage. OCR corrections are recorded in S2 only: William Ill→III, Cathode→Catholic, some'of→some of, footnote marker 8→6 after 'scale', and biave→have; S0 is unchanged. Notes 1-8 remain pending the consolidated notes source segment. The Prince Eugene description begins at L61 and resumes in the p.281 body at canonical L126 after the inserted Plates 49–52, so p.280 remains partial. Closed the Prince Eugene description begun at L61 with its continuation at p.281 L126 after Plates 49-52; the existing statement was completed in place with cross-page provenance retained."
chp-10,chp-10:10_CHP-10_intro:l63-89,reviewed,complete,L63-89,no_semantic_content: rotated Plate 49 OCR is reversed/corrupt; inspected CHP-10.pdf physical p.6 and represented the printed heading and captions in derived visual transcription segments l1-4. OCR and PDF remain unchanged.
chp-10,chp-10:10_CHP-10_intro:l91-112,reviewed,complete,L91-112,no_semantic_content: rotated Plate 50 OCR is reversed/truncated; inspected CHP-10.pdf physical p.7 and represented its editorial grouping title in derived visual transcription l6-7. The image has no independent caption; do not infer a work from the image.
chp-10,chp-10:10_CHP-10_intro_notes_p289_visual-transcription:l1-12,reviewed,complete,L1-12,"Printed p.289 note 1 table checked against CHP-10.pdf physical p.18. L2 is the printed heading; L5-L12 are the eight printed rows. L1 is transcription metadata; L3-L4 are editorial column labels and Markdown separators. Artist names, subject names and parenthetical labels are recorded; question marks on Canaletto? and Cimaroli? are retained. Parenthetical locations/collections are source-time wording, not current-holding verification."
chp-10,chp-10:10_CHP-10_intro_p302_note4_visual-transcription:l1-1,reviewed,complete,L1-1,"Derived visual transcription of the continuation of p.302 footnote 4, absent from canonical OCR L598-L599; checked against CHP-10.pdf physical page 31. Records the Galleria di Minerva VI (1708), p.83 citation and anonymous Cignani quotation. Original OCR asset unchanged."
chp-10,chp-10:10_CHP-10_intro_plates_visual-transcription:l1-4,reviewed,complete,L1-4,"Printed Plate 49 heading and captions inspected on CHP-10.pdf physical p.6. The grouping title is editorial navigation; statements capture only captioned works, artists, named subject/title context, mythological subjects, and place wording. The repeated plate-list entry at L127 is cross-referenced; no commission, ownership, or external attribution is inferred."
chp-10,chp-10:10_CHP-10_intro_plates_visual-transcription:l12-15,reviewed,complete,L12-15,"Printed Plate 52 heading and captions inspected on CHP-10.pdf physical p.9. The heading yields only a person mention, not a patronage claim. Captions preserve all three attributions to Plate 52b and the memorial subject; the Plate 52a spelling McSwiney is retained beside plate-list form McSwiny for S3 review. Cross-references the plate-list entry at L130."
chp-10,chp-10:10_CHP-10_intro_plates_visual-transcription:l6-7,reviewed,complete,L6-7,no_semantic_content: Printed Plate 50 grouping title and plate number inspected on CHP-10.pdf physical p.7. The grouping is editorial navigation; the image itself has no independent caption. Work identity and description remain in the already processed Plate 50 list entry at L128; no visual inference is added. The reversed OCR tail at body-source L517 ('05 setalP ees( /') is the same rotated '(see Plates 50 and 51)' grouping header; reconciled from the merged note segment without duplicating a mention or statement.
chp-10,chp-10:10_CHP-10_intro_plates_visual-transcription:l9-10,reviewed,complete,L9-10,"Printed Plate 51 caption inspected on CHP-10.pdf physical p.8. Reuses the existing caption work, artist, and Badminton candidates and records the printed 1748 with a qualification; cross-references the plate-list entry at L129."
chp-10,chp-10:10_CHP-10_sec_ii:l1-1,excluded,complete,L1,Section-file heading repeats chapter/section metadata and contains no book argument or independently identifiable subject; substantive section heading and prose begin at L3 in the following source segment.
chp-10,chp-10:10_CHP-10_sec_ii:l108-117,reviewed,complete,L109-117; notes L294-297,"Read printed p.316 against CHP-10.pdf physical p.49. Body L109–117 and notes 1–4 at canonical L294–297 are reviewed and linked. The two life-related Canaletto scenes and the further Vigilie scenes remain distinct; Zimmermann’s attribution of the Sala del Maggior Consiglio is recorded as reported, not verified. Amigoni’s Venice chronology and the 1739 portrait date remain Haskell’s claims. Hugh Honour’s photographs are recorded with the referent ‘these paintings’ unresolved."
chp-10,chp-10:10_CHP-10_sec_ii:l119-131,reviewed,complete,L121-131; notes L298-299,"Printed p.317 was checked against CHP-10.pdf physical p.50. Body L121–131 and notes 1–2 at canonical L298–299 are reviewed and linked. Hazard (1935) and Maugain are retained as minimal citation locators; the note lacks full bibliographic details, and neither cited work was consulted."
chp-10,chp-10:10_CHP-10_sec_ii:l133-142,reviewed,complete,"L131,L134-142; notes L300-303","Printed p.318 was checked against CHP-10.pdf physical p.51. Body claims and notes 1–4 at canonical L300–303 are reviewed and linked. Natali, Pierantoni, Brol, Robertson, and Moncallero remain unresolved shorthand citations; the source chronology and attribution are not independently verified."
chp-10,chp-10:10_CHP-10_sec_ii:l144-149,reviewed,complete,L145-149; notes L304-307,"Printed p.319 was checked against CHP-10.pdf physical p.52. Notes 1–4 at canonical L304–307 are reviewed and linked. Conti’s long Italian quotations are recorded as attributed reports, including the unnamed German painter’s account and the conditional ‘if true’ claim. The painter, Leonardo manuscript, Milan library, and Zanetti identity remain unresolved. The painterly-fantasy quotation continues into the next body segment and retains its existing continuation link."
chp-10,chp-10:10_CHP-10_sec_ii:l151-163,reviewed,complete,L152-163; notes L308-310,Printed p.320 body reviewed; notes L308–310 migrated and linked.
chp-10,chp-10:10_CHP-10_sec_ii:l165-173,reviewed,complete,L166-173; notes L311-314,Printed p.321 body reviewed; notes L311–313 plus the p.322 note at L314 migrated and linked.
chp-10,chp-10:10_CHP-10_sec_ii:l17-32,reviewed,complete,L18-32,"Printed p.312 notes 1-5 are linked. The expanded note 2 at L27-32 is recorded as note text, with its short canonical citation header at L280 cross-referenced. The printed note 5 after Guardi's 1745 date is restored; erroneous OCR-derived markers 5 and 6 on preceding statements are removed. The Guardi role sentence closes at p.313 L73."
chp-10,chp-10:10_CHP-10_sec_ii:l175-184,reviewed,complete,L176-184; notes L314-317,Printed p.322 body reviewed; notes L314–317 migrated and linked. The p.322 footnote location conflicts with the Plate 48c caption and remains unresolved.
chp-10,chp-10:10_CHP-10_sec_ii:l186-192,reviewed,complete,L186-192; notes L318-324,Printed p.323 body reviewed; notes L318–324 migrated and linked. Note 5 continues across canonical S0 locations L322 and L192; issue no. 55 is confirmed from print.
chp-10,chp-10:10_CHP-10_sec_ii:l194-201,reviewed,complete,L194-201,"P.324 body, its four footnotes L325-328 and the p.325 continuation at L204 are now semantically linked. Its final sentence closes on p.325; no p.324 body gap remains."
chp-10,chp-10:10_CHP-10_sec_ii:l203-208,reviewed,complete,L203-208,"P.325 body and notes L329-332 are complete; the final comparison with Angelo Querini closes at p.326 L211, with continuation and footnote statements linked."
chp-10,chp-10:10_CHP-10_sec_ii:l210-222,reviewed,complete,L210-222,Printed p.326 body and its page-bottom continuation of note 1 reviewed against CHP-10.pdf physical page 59. The p.325 sentence closes at L211; the final sentence continues at p.327 L225. Notes 1-3 are linked to the consolidated notes and p.327 note continuation.
chp-10,chp-10:10_CHP-10_sec_ii:l224-239,reviewed,complete,L224-239,p.327 main-text continuation closed at p.328; p.327 notes linked.
chp-10,chp-10:10_CHP-10_sec_ii:l241-246,reviewed,complete,L241-246,p.328 unfinished Gozzi argument closes at p.329 L249; p.328 notes linked.
chp-10,chp-10:10_CHP-10_sec_ii:l248-256,reviewed,complete,L248-256,p.329 artist-status sentence closes at p.330 L258; p.329 footnotes 1-3 linked.
chp-10,chp-10:10_CHP-10_sec_ii:l258-267,reviewed,complete,L258-267,p.330 exhibition-location sentence closes at p.331 L270; p.330 footnote 4 items are linked to the consolidated notes and body quotations.
chp-10,chp-10:10_CHP-10_sec_ii:l269-271,reviewed,complete,L269-271,p.331 body complete; p.330 Piazza description closes at L270. No page-specific footnotes; the final OCR apostrophe after 'discussed.' is corrected in S2 only.
chp-10,chp-10:10_CHP-10_sec_ii:l273-349,reviewed,complete,L274-349,The consolidated footnote segment L274–349 is fully reviewed and linked. L308–324 (printed p.320–323 notes) was compared with CHP-10.pdf physical pages 53–56; p.323 note 5 continuation at canonical L192 is linked to L322.
chp-10,chp-10:10_CHP-10_sec_ii:l3-5,reviewed,complete,L3-5,"Printed p.310 section opening checked against the lower portion of CHP-10.pdf physical page 39. The subheading names Marshal Schulenburg; the paragraph contrasts his Venetian collecting and artistic tastes with Joseph Smith, preserves Haskell's 'no record' wording, and does not infer personal closeness or named artist relations."
chp-10,chp-10:10_CHP-10_sec_ii:l34-53,reviewed,complete,L34-53,"OCR segment '[Page 53]' is a plate number, not printed text page 53. Compared with CHP-10.pdf physical page 42, which shows Plate 53 under the heading 'German Patrons in Eighteenth-Century Venice'. Printed captions are 53a 'Piazzetta: Marshal Schulenburg' and 53b 'Amigoni: Sigismund Streit'; the OCR reverses and interleaves caption fragments, so raw offsets are retained and corrected readings recorded in S2. The Streit portrait index candidate is reused; a distinct work candidate is added for the otherwise unitemized Piazzetta portrait."
chp-10,chp-10:10_CHP-10_sec_ii:l55-56,reviewed,complete,L55-56,"Compared with CHP-10.pdf physical page 43: OCR '[Page 54]' is the plate number, and the caption reads 'PIAZZETTA: Idyll'. Reuses the existing Piazzetta and Idyll candidates. The caption supports an artist attribution; the section heading is not used to infer ownership, commission, or patronage."
chp-10,chp-10:10_CHP-10_sec_ii:l58-60,reviewed,complete,L58-60,Compared with CHP-10.pdf physical page 44. '[Page 55]' is the plate number. Printed captions are 55a 'Canaletto: Dedicatory frontispiece to Etchings' and 55b 'Marco Ricci: Village Scene'. Existing person and work candidates are reused; no new candidate is required. The plate's inset dedication is not transcribed separately and no commission or ownership claim is inferred.
chp-10,chp-10:10_CHP-10_sec_ii:l62-70,reviewed,complete,L62-70,"Compared with CHP-10.pdf physical page 45, rotated for reading. '[Page 56]' is the plate number; the printed caption reads 'Marieschi: Picture Exhibition at Church of S. Rocco'. The OCR reverses and fragments the words, splitting the initial 'M' from the rest of the artist's name. Existing Marieschi, work, and church candidates are reused; no new candidate is required."
chp-10,chp-10:10_CHP-10_sec_ii:l7-15,reviewed,complete,L7-15; p.312 L18,Printed p.311 notes 1-6 (L274-278) have been recorded and linked. The final will sentence closes at p.312 L18; all six printed footnotes are linked.
chp-10,chp-10:10_CHP-10_sec_ii:l72-81,reviewed,complete,L72-81; notes L284-287,"Printed p.313 notes 1-4 (canonical L284-287) are transcribed as citation, attribution, and cross-reference claims and linked to their body statements. The L81 fragment remains linked to p.314 L84. Picture-group referents at L76 were corrected from repeated Guardi person candidates to provisional work candidates."
chp-10,chp-10:10_CHP-10_sec_ii:l83-93,reviewed,complete,L83-93; notes L288-291,"Printed p.314 notes 1-4 (canonical L288-291) are linked, including the named artists' picture recommendations and the six artist-specific quantity claims. The L93 sentence remains linked to its p.315 L96 continuation."
chp-10,chp-10:10_CHP-10_sec_ii:l95-106,reviewed,complete,L96-106; notes L292-293,Printed p.315 notes 1-2 (canonical L292-293) are linked. The L106 sentence continues to p.316 L109 and is already closed by its continuation statement.
chp-11,chp-11:11_CHP-11_intro:l1-1,excluded,complete,,排除：仅为Markdown文件名标题，不是原书内容。
chp-11,chp-11:11_CHP-11_intro:l105-115,excluded,complete,,排除：与规范合并源段`chp-10:10_CHP-10_intro:l456-466`的段文本SHA-256完全相同；该行属于CHP-11/12同版扫描的重复切片OCR，保留本文件作校勘对照，不重复计入S2。
chp-11,chp-11:11_CHP-11_intro:l117-128,excluded,complete,,排除：与规范合并源段`chp-10:10_CHP-10_intro:l468-479`的段文本SHA-256完全相同；该行属于CHP-11/12同版扫描的重复切片OCR，保留本文件作校勘对照，不重复计入S2。
chp-11,chp-11:11_CHP-11_intro:l130-138,excluded,complete,,排除：与规范合并源段`chp-10:10_CHP-10_intro:l481-489`的段文本SHA-256完全相同；该行属于CHP-11/12同版扫描的重复切片OCR，保留本文件作校勘对照，不重复计入S2。
chp-11,chp-11:11_CHP-11_intro:l140-197,excluded,complete,,排除：对应正文/脚注文本已由规范合并源段`chp-10:10_CHP-10_intro:l491-634`覆盖；去除非字母数字字符后的文本序列匹配覆盖100%。CHP-11/12与CHP-10对应页图栅格完全一致；本段为同页另一OCR，不重复计入S2。
chp-11,chp-11:11_CHP-11_intro:l17-29,excluded,complete,,排除：与规范合并源段`chp-10:10_CHP-10_intro:l368-380`的段文本SHA-256完全相同；该行属于CHP-11/12同版扫描的重复切片OCR，保留本文件作校勘对照，不重复计入S2。
chp-11,chp-11:11_CHP-11_intro:l3-15,excluded,complete,,排除：对应正文/脚注文本已由规范合并源段`chp-10:10_CHP-10_intro:l354-366`覆盖；去除非字母数字字符后的文本序列匹配覆盖100%。CHP-11/12与CHP-10对应页图栅格完全一致；本段为同页另一OCR，不重复计入S2。
chp-11,chp-11:11_CHP-11_intro:l31-38,excluded,complete,,排除：与规范合并源段`chp-10:10_CHP-10_intro:l382-389`的段文本SHA-256完全相同；该行属于CHP-11/12同版扫描的重复切片OCR，保留本文件作校勘对照，不重复计入S2。
chp-11,chp-11:11_CHP-11_intro:l40-49,excluded,complete,,排除：与规范合并源段`chp-10:10_CHP-10_intro:l391-400`的段文本SHA-256完全相同；该行属于CHP-11/12同版扫描的重复切片OCR，保留本文件作校勘对照，不重复计入S2。
chp-11,chp-11:11_CHP-11_intro:l51-58,excluded,complete,,排除：与规范合并源段`chp-10:10_CHP-10_intro:l402-409`的段文本SHA-256完全相同；该行属于CHP-11/12同版扫描的重复切片OCR，保留本文件作校勘对照，不重复计入S2。
chp-11,chp-11:11_CHP-11_intro:l60-70,excluded,complete,,排除：与规范合并源段`chp-10:10_CHP-10_intro:l411-421`的段文本SHA-256完全相同；该行属于CHP-11/12同版扫描的重复切片OCR，保留本文件作校勘对照，不重复计入S2。
chp-11,chp-11:11_CHP-11_intro:l72-82,excluded,complete,,排除：与规范合并源段`chp-10:10_CHP-10_intro:l423-433`的段文本SHA-256完全相同；该行属于CHP-11/12同版扫描的重复切片OCR，保留本文件作校勘对照，不重复计入S2。
chp-11,chp-11:11_CHP-11_intro:l84-92,excluded,complete,,排除：与规范合并源段`chp-10:10_CHP-10_intro:l435-443`的段文本SHA-256完全相同；该行属于CHP-11/12同版扫描的重复切片OCR，保留本文件作校勘对照，不重复计入S2。
chp-11,chp-11:11_CHP-11_intro:l94-103,excluded,complete,,排除：与规范合并源段`chp-10:10_CHP-10_intro:l445-454`的段文本SHA-256完全相同；该行属于CHP-11/12同版扫描的重复切片OCR，保留本文件作校勘对照，不重复计入S2。
chp-11,chp-11:11_CHP-11_sec_ii:l1-1,excluded,complete,,排除：仅为Markdown文件名标题，不是原书内容。
chp-11,chp-11:11_CHP-11_sec_ii:l108-117,excluded,complete,,排除：与规范合并源段`chp-10:10_CHP-10_sec_ii:l108-117`的段文本SHA-256完全相同；该行属于CHP-11/12同版扫描的重复切片OCR，保留本文件作校勘对照，不重复计入S2。
chp-11,chp-11:11_CHP-11_sec_ii:l119-143,excluded,complete,,排除：对应正文/脚注文本已由规范合并源段`chp-10:10_CHP-10_sec_ii:l273-349`覆盖；去除非字母数字字符后的文本序列匹配覆盖100%。CHP-11/12与CHP-10对应页图栅格完全一致；本段为同页另一OCR，不重复计入S2。
chp-11,chp-11:11_CHP-11_sec_ii:l17-32,excluded,complete,,排除：与规范合并源段`chp-10:10_CHP-10_sec_ii:l17-32`的段文本SHA-256完全相同；该行属于CHP-11/12同版扫描的重复切片OCR，保留本文件作校勘对照，不重复计入S2。
chp-11,chp-11:11_CHP-11_sec_ii:l3-5,excluded,complete,,排除：与规范合并源段`chp-10:10_CHP-10_sec_ii:l3-5`的段文本SHA-256完全相同；该行属于CHP-11/12同版扫描的重复切片OCR，保留本文件作校勘对照，不重复计入S2。
chp-11,chp-11:11_CHP-11_sec_ii:l34-53,excluded,complete,,排除：与规范合并源段`chp-10:10_CHP-10_sec_ii:l34-53`的段文本SHA-256完全相同；该行属于CHP-11/12同版扫描的重复切片OCR，保留本文件作校勘对照，不重复计入S2。
chp-11,chp-11:11_CHP-11_sec_ii:l55-56,excluded,complete,,排除：与规范合并源段`chp-10:10_CHP-10_sec_ii:l55-56`的段文本SHA-256完全相同；该行属于CHP-11/12同版扫描的重复切片OCR，保留本文件作校勘对照，不重复计入S2。
chp-11,chp-11:11_CHP-11_sec_ii:l58-60,excluded,complete,,排除：与规范合并源段`chp-10:10_CHP-10_sec_ii:l58-60`的段文本SHA-256完全相同；该行属于CHP-11/12同版扫描的重复切片OCR，保留本文件作校勘对照，不重复计入S2。
chp-11,chp-11:11_CHP-11_sec_ii:l62-70,excluded,complete,,排除：与规范合并源段`chp-10:10_CHP-10_sec_ii:l62-70`的段文本SHA-256完全相同；该行属于CHP-11/12同版扫描的重复切片OCR，保留本文件作校勘对照，不重复计入S2。
chp-11,chp-11:11_CHP-11_sec_ii:l7-15,excluded,complete,,排除：与规范合并源段`chp-10:10_CHP-10_sec_ii:l7-15`的段文本SHA-256完全相同；该行属于CHP-11/12同版扫描的重复切片OCR，保留本文件作校勘对照，不重复计入S2。
chp-11,chp-11:11_CHP-11_sec_ii:l72-81,excluded,complete,,排除：与规范合并源段`chp-10:10_CHP-10_sec_ii:l72-81`的段文本SHA-256完全相同；该行属于CHP-11/12同版扫描的重复切片OCR，保留本文件作校勘对照，不重复计入S2。
chp-11,chp-11:11_CHP-11_sec_ii:l83-93,excluded,complete,,排除：与规范合并源段`chp-10:10_CHP-10_sec_ii:l83-93`的段文本SHA-256完全相同；该行属于CHP-11/12同版扫描的重复切片OCR，保留本文件作校勘对照，不重复计入S2。
chp-11,chp-11:11_CHP-11_sec_ii:l95-106,excluded,complete,,排除：与规范合并源段`chp-10:10_CHP-10_sec_ii:l95-106`的段文本SHA-256完全相同；该行属于CHP-11/12同版扫描的重复切片OCR，保留本文件作校勘对照，不重复计入S2。
chp-12,chp-12:12_CHP-12_intro:l1-1,excluded,complete,,排除：仅为Markdown文件名标题，不是原书内容。
chp-12,chp-12:12_CHP-12_intro:l108-123,excluded,complete,,排除：与规范合并源段`chp-10:10_CHP-10_sec_ii:l224-239`的段文本SHA-256完全相同；该行属于CHP-11/12同版扫描的重复切片OCR，保留本文件作校勘对照，不重复计入S2。
chp-12,chp-12:12_CHP-12_intro:l125-130,excluded,complete,,排除：与规范合并源段`chp-10:10_CHP-10_sec_ii:l241-246`的段文本SHA-256完全相同；该行属于CHP-11/12同版扫描的重复切片OCR，保留本文件作校勘对照，不重复计入S2。
chp-12,chp-12:12_CHP-12_intro:l132-140,excluded,complete,,排除：与规范合并源段`chp-10:10_CHP-10_sec_ii:l248-256`的段文本SHA-256完全相同；该行属于CHP-11/12同版扫描的重复切片OCR，保留本文件作校勘对照，不重复计入S2。
chp-12,chp-12:12_CHP-12_intro:l142-151,excluded,complete,,排除：与规范合并源段`chp-10:10_CHP-10_sec_ii:l258-267`的段文本SHA-256完全相同；该行属于CHP-11/12同版扫描的重复切片OCR，保留本文件作校勘对照，不重复计入S2。
chp-12,chp-12:12_CHP-12_intro:l153-155,excluded,complete,,排除：与规范合并源段`chp-10:10_CHP-10_sec_ii:l269-271`的段文本SHA-256完全相同；该行属于CHP-11/12同版扫描的重复切片OCR，保留本文件作校勘对照，不重复计入S2。
chp-12,chp-12:12_CHP-12_intro:l157-209,excluded,complete,,排除：对应正文/脚注文本已由规范合并源段`chp-10:10_CHP-10_sec_ii:l273-349`覆盖；去除非字母数字字符后的文本序列匹配覆盖100%。CHP-11/12与CHP-10对应页图栅格完全一致；本段为同页另一OCR，不重复计入S2。
chp-12,chp-12:12_CHP-12_intro:l17-26,excluded,complete,,排除：与规范合并源段`chp-10:10_CHP-10_sec_ii:l133-142`的段文本SHA-256完全相同；该行属于CHP-11/12同版扫描的重复切片OCR，保留本文件作校勘对照，不重复计入S2。
chp-12,chp-12:12_CHP-12_intro:l28-33,excluded,complete,,排除：与规范合并源段`chp-10:10_CHP-10_sec_ii:l144-149`的段文本SHA-256完全相同；该行属于CHP-11/12同版扫描的重复切片OCR，保留本文件作校勘对照，不重复计入S2。
chp-12,chp-12:12_CHP-12_intro:l3-15,excluded,complete,,排除：对应正文/脚注文本已由规范合并源段`chp-10:10_CHP-10_sec_ii:l119-131`覆盖；去除非字母数字字符后的文本序列匹配覆盖100%。CHP-11/12与CHP-10对应页图栅格完全一致；本段为同页另一OCR，不重复计入S2。
chp-12,chp-12:12_CHP-12_intro:l35-47,excluded,complete,,排除：与规范合并源段`chp-10:10_CHP-10_sec_ii:l151-163`的段文本SHA-256完全相同；该行属于CHP-11/12同版扫描的重复切片OCR，保留本文件作校勘对照，不重复计入S2。
chp-12,chp-12:12_CHP-12_intro:l49-57,excluded,complete,,排除：与规范合并源段`chp-10:10_CHP-10_sec_ii:l165-173`的段文本SHA-256完全相同；该行属于CHP-11/12同版扫描的重复切片OCR，保留本文件作校勘对照，不重复计入S2。
chp-12,chp-12:12_CHP-12_intro:l59-68,excluded,complete,,排除：与规范合并源段`chp-10:10_CHP-10_sec_ii:l175-184`的段文本SHA-256完全相同；该行属于CHP-11/12同版扫描的重复切片OCR，保留本文件作校勘对照，不重复计入S2。
chp-12,chp-12:12_CHP-12_intro:l70-76,excluded,complete,,排除：与规范合并源段`chp-10:10_CHP-10_sec_ii:l186-192`的段文本SHA-256完全相同；该行属于CHP-11/12同版扫描的重复切片OCR，保留本文件作校勘对照，不重复计入S2。
chp-12,chp-12:12_CHP-12_intro:l78-85,excluded,complete,,排除：与规范合并源段`chp-10:10_CHP-10_sec_ii:l194-201`的段文本SHA-256完全相同；该行属于CHP-11/12同版扫描的重复切片OCR，保留本文件作校勘对照，不重复计入S2。
chp-12,chp-12:12_CHP-12_intro:l87-92,excluded,complete,,排除：与规范合并源段`chp-10:10_CHP-10_sec_ii:l203-208`的段文本SHA-256完全相同；该行属于CHP-11/12同版扫描的重复切片OCR，保留本文件作校勘对照，不重复计入S2。
chp-12,chp-12:12_CHP-12_intro:l94-106,excluded,complete,,排除：与规范合并源段`chp-10:10_CHP-10_sec_ii:l210-222`的段文本SHA-256完全相同；该行属于CHP-11/12同版扫描的重复切片OCR，保留本文件作校勘对照，不重复计入S2。
chp-13,chp-13:13_CHP-13_intro:l1-1,excluded,complete,L1-1,Excluded: generated Markdown filename heading only; it is not printed book content. The substantive chapter title and text begin in the next segment.
chp-13,chp-13:13_CHP-13_intro:l107-114,reviewed,complete,L107-114,Printed p.343 body and notes 1-4 were checked against CHP-13.pdf physical page 12 and linked to their marked claims. The p.342 note 6 locator is linked across the continuous p.342-343 Zanetti quotation. The final 'In it Zanetti subordinated' clause continues at p.344 L116. OCR corrections are recorded in S2 only; cited pages were not consulted.
chp-13,chp-13:13_CHP-13_intro:l116-122,reviewed,complete,L116-122,"Printed p.344 body and footnotes 1-8 were checked against CHP-13.pdf physical page 13 and linked to marked claims. Footnote 5 continues at L122. The 1752 Zanetti letter quotation continues after the intervening Plate 57 and closes at p.345 L162 (physical page 18), already cross-linked to the p.345 continuation statement. S2-only OCR corrections are recorded; cited sources were not independently consulted."
chp-13,chp-13:13_CHP-13_intro:l124-139,reviewed,complete,L124-139,no_semantic_content: the original OCR segment contains reversed figure-label fragments only; the legible printed captions are represented in the derived visual transcription segment. CHP-13.pdf physical page 14 was inspected upright. Canonical OCR and PDF remain unchanged.
chp-13,chp-13:13_CHP-13_intro:l14-19,reviewed,complete,L14-19,"Printed p.333 body and its printed footnotes were checked against CHP-13.pdf and migrated. Footnote citation statements are linked by statement IDs; note references are locators, not independent verification. S0 OCR remains unchanged."
chp-13,chp-13:13_CHP-13_intro:l141-143,reviewed,complete,L141-143,no_semantic_content: reversed OCR fragments do not preserve the Plate 58 captions legibly. Both captions were checked against CHP-13.pdf physical page 15 and represented in the derived visual transcription; canonical OCR and PDF remain unchanged.
chp-13,chp-13:13_CHP-13_intro:l145-156,reviewed,complete,L145-156,no_semantic_content: reversed OCR fragments do not preserve the Plate 59 captions legibly. Both captions were checked against CHP-13.pdf physical page 16 and represented in the derived visual transcription; canonical OCR and PDF remain unchanged.
chp-13,chp-13:13_CHP-13_intro:l158-159,reviewed,complete,L158-159,"no_semantic_content: the original OCR caption is represented in the derived visual transcription, which preserves its Plate 60 heading and printed caption structure. The OCR and PDF remain unchanged."
chp-13,chp-13:13_CHP-13_intro:l161-171,reviewed,complete,L161-171,"Printed p.345 body and notes 1-3 were checked against CHP-13.pdf physical page 18 and linked to their marked claims. The p.344 Zanetti quotation closes at L162; the Toni dealer/agent sentence closes at p.346 L174-175, both cross-linked. Note 3's continuation at L171 is linked to the Moschini/Novelli manuscript citation. S2-only OCR corrections: L164 Varíe→Varie and Use→life; L166 112?→112; canonical OCR unchanged."
chp-13,chp-13:13_CHP-13_intro:l173-177,reviewed,complete,L173-177,"Printed p.346 was checked against CHP-13.pdf physical page 19. Closed p.345's Toni dealer/agent sentence across the page break; recorded the named collectors with identity limits, Haskell's evaluative description of Venice, and the habitual print-buying narrative involving Leonardo Pasquetti and the unresolved Merceria site. The final anonymity/silence phrase is treated as rhetorical transition, not a separate entity claim. No page-specific footnotes occur here."
chp-13,chp-13:13_CHP-13_intro:l179-251,reviewed,complete,L180-251,Consolidated notes L180-251 (pp.332-345) are migrated and printed notes 1-3 on p.345 are linked to their marked claims. Mirrored OCR at L247-248 duplicates the Plate 57 and Plate 58 captions already recorded in derived visual transcription segments l1-3 and l5-7; no duplicate statements were added. P.344 note 5 continuation at L122 and p.342 note 6 cross-page letter locator remain source-local and linked.
chp-13,chp-13:13_CHP-13_intro:l21-30,reviewed,complete,L21-30,"Printed p.334 body and its printed footnotes were checked against CHP-13.pdf and migrated. Footnote citation statements are linked by statement IDs; note references are locators, not independent verification. S0 OCR remains unchanged."
chp-13,chp-13:13_CHP-13_intro:l3-12,reviewed,complete,L3-12,"Printed p.332 body and its printed footnotes were checked against CHP-13.pdf and migrated. Footnote citation statements are linked by statement IDs; note references are locators, not independent verification. S0 OCR remains unchanged."
chp-13,chp-13:13_CHP-13_intro:l32-39,reviewed,complete,L32-39,Printed p.335 body and its notes were checked against CHP-13.pdf physical page 4. Consolidated notes L192-194 and the Richard citation at OCR L39 are mapped to body claims; L38 is retained as the Recurti/Novelle citation continuation. OCR is unchanged; print corrections remain in S2 qualifiers.
chp-13,chp-13:13_CHP-13_intro:l41-50,reviewed,complete,L41-50,Printed p.336 body checked against CHP-13.pdf physical page 5. Notes 1-8 at L195-202 are migrated and linked; same-OCR-line false footnote assignments to the Platnerus and later exhibition statements are removed. The Gherardi quotation is cross-referenced to p.337.
chp-13,chp-13:13_CHP-13_intro:l52-59,reviewed,complete,L52-59,"Printed p.337 body and visible notes reviewed against CHP-13.pdf physical page 6. Footnotes 1-6 now link to consolidated notes L203-208; printed note 4 is linked only to the English-grammar claim, not the same-line Smith statement. The p.337 Goldoni quotation closes on this page; p.338 continues Haskell’s discussion."
chp-13,chp-13:13_CHP-13_intro:l61-68,reviewed,complete,L61-68,"Printed p.338 body and visible notes reviewed against CHP-13.pdf physical page 7. Footnote 1 links Goldoni’s frontispiece proposal to the cited volume II, page 1; footnote 2 links Zatta’s stated Jesuit support to the two cited letters and Haskell’s interpretation. Same-line OCR carryover markers were removed from the Vignola-dedication and proposed-publication statements. The Zatta cross-page sentence is closed by p.339 L71."
chp-13,chp-13:13_CHP-13_intro:l70-77,reviewed,complete,L70-77,Printed p.339 body and notes 1-6 were checked against CHP-13.pdf physical page 8. The p.338 continuation closes at L71; all six printed note markers now link to their exact body statements and citation records. False same-line note 3/4/5 carryovers were removed. OCR corrections are recorded in S2 only; the referenced archival and printed works were not independently consulted.
chp-13,chp-13:13_CHP-13_intro:l79-88,reviewed,complete,L79-88,Printed p.340 body and notes 1-6 were checked against CHP-13.pdf physical page 9. The split citation in note 3 is linked across notes-segment L219 and body-segment L88 without combining their source-local anchors. Note 4 is linked only to Wagner's limited-commission claim; all six note markers now have statement links. OCR corrections are recorded in S2 only.
chp-13,chp-13:13_CHP-13_intro:l90-96,reviewed,complete,L90-96,"Printed p.341 body and notes 1-4 were checked against CHP-13.pdf physical page 10. All four footnotes are linked to their marked claims; the Tessin sentence closes at p.342 L99. Plate 58a resolves to existing portrait work cand-4048 through the caption segment, checked at physical page 15. OCR corrections Ahecedario->Abecedario and Pncipe->Principe are recorded in S2 only; cited sources/manuscripts remain unconsulted."
chp-13,chp-13:13_CHP-13_intro:l98-105,reviewed,complete,L98-105,"Printed p.342 body and notes 1-7 were checked against CHP-13.pdf physical page 11 and linked to their marked claims. The open L105 quotation closes at p.343 L108; its Annibale dish and Giulio Romano prints are kept as separate items. OCR corrections are recorded in S2 only; cited letters, manuscripts, publications, and artworks were not independently consulted."
chp-14,chp-14:14_CHP-14_intro:l1-1,excluded,complete,L1-1,Generated Markdown filename heading only; not printed book content and contains no claim or entity mention.
chp-14,chp-14:14_CHP-14_intro:l107-116,reviewed,complete,L108-116,Printed p.357 read against CHP-14.pdf physical p.11. L108 closes p.356; footnote 4 at L116 is linked. The L115 scheme clause is complete; its publication/attribution continuation closes at p.358 L119. S0 unchanged.
chp-14,chp-14:14_CHP-14_intro:l118-124,reviewed,complete,L119-124,"Printed p.358 read against CHP-14.pdf physical p.12. L124 is closed by p.359 L127, where Algarotti asks Tiepolo to supplement the architectural painters’ efforts; the continuation is cross-linked. Notes 1–6 at L208–213 remain linked; S0 unchanged."
chp-14,chp-14:14_CHP-14_intro:l126-137,reviewed,complete,L127-137,Printed p.359 read against CHP-14.pdf physical p.13. L137 closes at p.360 L140. Notes 1–3 link to p.359 body markers; p.359 n.4 (Gabbrielli) has no visible body marker located on L127–137 and remains an explicit orphan audit item. Do not link it to p.360 n.4 (Leslie). S2-only print corrections recorded; S0 unchanged.
chp-14,chp-14:14_CHP-14_intro:l139-146,reviewed,complete,L140-146,"Printed p.360 read against CHP-14.pdf physical p.14. Closes the p.359 synthesis sentence; records Haskell’s discussion of Algarotti, Tiepolo, Tesi, Caylus, Constable, and the Frederick/inscription passage. P.360 body notes 1–4 link to L218–220. The Plate 60 pointer cross-references the existing caption without equating its print with the physical monument. OCR/print corrections recorded in S2 only; S0 unchanged."
chp-14,chp-14:14_CHP-14_intro:l14-21,reviewed,complete,L14-21,Printed p.348 read against CHP-14.pdf physical p.2. Its final clause 'He remained less than' is completed by p.349 L24 and linked to st-chp14-p349-rome-to-paris. S0 unchanged; print corrections are in statement qualifiers.
chp-14,chp-14:14_CHP-14_intro:l148-149,reviewed,complete,L148-149,Checked CHP-14.pdf physical p.15 (Plate 61). Linked the visible ‘a. Early version’ subcaption to the existing Plate 61a object and recorded the page heading plus ‘b. Final version’ from the scan because OCR omitted them; did not change S0. Existing front-matter Plate 61a/61b captions retain the work identities.
chp-14,chp-14:14_CHP-14_intro:l151-153,reviewed,complete,L151-153,Checked CHP-14.pdf physical pp.16–17 (Plates 62–63). Plate 62’s Canaletto caption matches the existing plate-list work/site attribution. The Cerato caption is clipped in this image/OCR segment; its visible fragment is preserved and cross-referenced to the separate full Plate 63 entry in the plate list. No title completion was inserted into S0.
chp-14,chp-14:14_CHP-14_intro:l155-166,reviewed,complete,L155-166,Checked CHP-14.pdf physical p.18 (Plate 64). OCR word order is reversed because the caption is rotated; corrected reading is Francesco Guardi: View of John Strange’s villa at Paese near Treviso. Linked to existing front-matter caption statements; S0 unchanged.
chp-14,chp-14:14_CHP-14_intro:l168-220,reviewed,complete,L169-220,Consolidated notes through p.360 n.4 (L220) read and recorded. P.360 notes 1–4 are separately linked to p.360 body markers. P.359 n.4 Gabbrielli citation remains an explicit orphan audit item because no body marker was located on p.359; p.360 n.4 is Leslie and is not linked to it. Cited sources were not independently consulted; S0 unchanged.
chp-14,chp-14:14_CHP-14_intro:l23-33,reviewed,complete,L23-33,Printed p.349 read against CHP-14.pdf physical p.3. Its final inference sentence continues in p.350 L36 and closes with 'native city'; linked to st-chp14-p350-rococo-influence-context. S0 unchanged; print corrections are in statement qualifiers.
chp-14,chp-14:14_CHP-14_intro:l3-12,reviewed,complete,L3-12,Printed p.347 opening page read against CHP-14.pdf physical p.1. The trailing body clause at L11 is closed by p.348 L15 and linked to st-chp14-p348-bonomo-plans-and-gossip; L12 is note 1's continuation linked to L169. Print corrections are in statement qualifiers; S0 unchanged.
chp-14,chp-14:14_CHP-14_intro:l35-44,reviewed,complete,L35-44,"Printed p.350 read against CHP-14.pdf physical p.4. Its L44 sentence, ‘He tried to base his’, is completed by p.351 L47 ‘choice of subjects largely on stylistic considerations’; cross-linked to st-chp14-p351-style-based-subject-choice. S0 unchanged."
chp-14,chp-14:14_CHP-14_intro:l46-53,reviewed,complete,L46-53,Printed p.351 read against CHP-14.pdf physical p.5. Its L53 sentence (‘in a painting’) is completed by p.352 L56 (‘by Tiepolo…ordered by him for the King’); cross-linked to st-chp14-p352-banquet-ordered-for-king. S0 unchanged.
chp-14,chp-14:14_CHP-14_intro:l55-61,reviewed,complete,L56-61,Printed p.352 read against CHP-14.pdf physical p.6. Its comparison sentence continues at p.353 L64 (‘more disciplined’) and is linked to st-chp14-p353-cleopatra-comparison-closed. S0 unchanged.
chp-14,chp-14:14_CHP-14_intro:l63-71,reviewed,complete,L64-71,Printed p.353 sentence ‘As in The’ closes at p.354 L74 (‘Banquet of Cleopatra’); linked to st-chp14-p354-banquet-classicism-and-accuracy. S0 unchanged.
chp-14,chp-14:14_CHP-14_intro:l73-83,reviewed,complete,L74-83,Printed p.354 sentence ‘demands of neo-classical’ closes at p.355 L86 as ‘neo-classical correctness’; the joined claim is cross-linked. S0 unchanged.
chp-14,chp-14:14_CHP-14_intro:l85-95,reviewed,complete,L86-95,Printed p.355 read against CHP-14.pdf physical p.9. L86 closes the p.354 sentence; L95’s Canaletto sentence closes at p.356 L98. Note 1 is linked at p.356 L194; S0 unchanged.
chp-14,chp-14:14_CHP-14_intro:l97-105,reviewed,complete,L98-105,Printed p.356 read against CHP-14.pdf physical p.10. L98 closes the p.355 Canaletto sentence; L105’s ‘supply’ sentence closes at p.357 L108 with Genoa prints. Notes 1–7 at L194–200 are linked; S0 unchanged.
chp-15,chp-15:15_CHP-15_intro:l1-1,excluded,complete,L1-1,Generated Markdown filename heading only; not printed book content and contains no claim or entity mention.
chp-15,chp-15:15_CHP-15_intro:l3-5,reviewed,complete,L3-5,no_semantic_content: printed p.361 chapter title and chapter heading checked against CHP-15.pdf physical p.1; no semantic content to migrate.
chp-15,chp-15:15_CHP-15_intro:l7-9,reviewed,complete,L7-9,"Printed p.361 notes 1–2 read against CHP-15.pdf physical p.1. Both citation trails are recorded; note 1 links to the first paragraph, note 2 links to the Mariette/Zanetti passage. Cited works were not independently consulted."
chp-15,chp-15:15_CHP-15_sec_i:l1-1,excluded,complete,L1-1,Generated Markdown filename heading only; not printed book content and contains no claim or entity mention.
chp-15,chp-15:15_CHP-15_sec_i:l16-25,reviewed,complete,L16-25,Printed p.362 body is now closed by p.363 L28. The column-origin sentence and papal transfer have linked statements; p.362 note 1–2 remain linked to body markers at L17. S0 unchanged.
chp-15,chp-15:15_CHP-15_sec_i:l27-36,reviewed,complete,L27-36,"Printed p.363 body is now closed by p.364 L39, which completes Daniele Farsetti’s continued patronage. Footnote 2 at OCR L36 remains linked to the L28 quotation. S0 unchanged."
chp-15,chp-15:15_CHP-15_sec_i:l3-14,reviewed,complete,L3-14,Printed p.361 body at CHP-15.pdf physical p.1 is closed by the p.362 L17 continuation. The full ‘though it is not surprising…’ sentence is recorded across both source segments; p.362 then opens the Farsetti account. Notes 1–2 are linked to the consolidated note segment. S2-only OCR corrections remain outside S0.
chp-15,chp-15:15_CHP-15_sec_i:l38-41,reviewed,complete,L38-41,Printed p.364 checked against CHP-15.pdf physical p.4. Completes the Daniele Farsetti patronage sentence and processes the end of Haskell’s Farsetti discussion. Notes 1–2 at consolidated L51–52 are linked. OCR corrections are recorded only in S2; Andrea Memmo’s adjacent section begins in the separate sec_ii source and remains queued.
chp-15,chp-15:15_CHP-15_sec_i:l43-56,reviewed,complete,L44-56,"P.362 notes 1–2, p.363 notes 1, 3–6, p.364 Farsetti notes 1–2 and Andrea Memmo notes 3–6 are migrated. The p.364 cross-references to Chapters 11–12 and citations to Molmenti, Torcellan and Tabacco are recorded as citation trails; cited works were not independently consulted."
chp-15,chp-15:15_CHP-15_sec_ii:l1-1,excluded,complete,L1-1,Generated Markdown filename heading only; not printed book content and contains no claim or entity mention.
chp-15,chp-15:15_CHP-15_sec_ii:l14-28,reviewed,complete,L15-28,P.367 L31 closes the p.366 final sentence about Memmo’s reputation and publication of the Elementi. S0 remains unchanged.
chp-15,chp-15:15_CHP-15_sec_ii:l3-4,reviewed,complete,L3-4,P.364 Andrea Memmo opening paragraph is now closed by printed p.365 L7: he continued to enjoy and write about a series of love affairs. Footnote 1 at p.365 L7 is linked to consolidated note L91. S0 unchanged.
chp-15,chp-15:15_CHP-15_sec_ii:l30-36,reviewed,complete,L31-36,P.368 L39 closes the p.367 climate-and-Prà della Valle sentence; print corrections are recorded in S2 only.
chp-15,chp-15:15_CHP-15_sec_ii:l38-47,reviewed,complete,L39-47,Printed p.368 checked against CHP-15.pdf physical p.8; Querini's State Inquisition sentence closes with p.369 L50 'reduce'.
chp-15,chp-15:15_CHP-15_sec_ii:l49-59,reviewed,complete,L50-59,Printed p.369 checked against CHP-15.pdf physical p.9; the final city-plan sentence closes at p.370 L62 with the bathroom's Piranesi prints.
chp-15,chp-15:15_CHP-15_sec_ii:l6-12,reviewed,complete,L7-12,P.366 L15 closes the p.365 representation-eligibility statement; p.365 body is fully migrated. S0 remains unchanged.
chp-15,chp-15:15_CHP-15_sec_ii:l61-67,reviewed,complete,L62-67,Printed p.370 checked against CHP-15.pdf physical p.10; p.369 cross-page sentence closed at L62. Notes 1-2 at consolidated L109-110 are migrated.
chp-15,chp-15:15_CHP-15_sec_ii:l69-83,reviewed,complete,L70-83,Printed p.371 checked against CHP-15.pdf physical p.11. The final Renier/Canova sentence is closed by p.372 L86; the p.371 body and notes 1-2 at L111-112 are fully migrated. Print corrections remain in S2 only; S0 is unchanged.
chp-15,chp-15:15_CHP-15_sec_ii:l85-88,reviewed,complete,L86-88,"Printed p.372 checked against CHP-15.pdf physical p.12. Closes the p.371 Renier/Canova sentence; records Querini's response to Renier's compromise, Haskell's comparisons with Maffei and Winckelmann, the Rousseau interpretation, and the requested burial of Querini's heart."
chp-15,chp-15:15_CHP-15_sec_ii:l90-113,reviewed,complete,L91-113,"Consolidated notes through p.372 note 1 are migrated: p.365 L91-92, p.367 L93-96, p.368 L97-104, p.369 L105-108, p.370 L109-110, p.371 L111-112, and p.372 L113."
chp-16,chp-16:16_CHP-16_intro:l1-1,excluded,complete,L1-1,Excluded: generated Markdown filename heading only; it is not printed book content. The chapter title and text appear in the next source segment.
chp-16,chp-16:16_CHP-16_intro:l16-22,reviewed,complete,L17-22,The Sasso collection list left partial on p.374 L22 is completed by p.375 L25.
chp-16,chp-16:16_CHP-16_intro:l24-36,reviewed,complete,L25-36,CHP-16.pdf physical page 3 is printed p.375; all body text is migrated. OCR layout hyphens and punctuation are recorded in S2 only.
chp-16,chp-16:16_CHP-16_intro:l3-14,reviewed,complete,L4-14,"P.373 L14's unfinished list is closed by p.374 L17; source marker '[Page 2]' remains as transcribed, with print-page mapping documented."
chp-16,chp-16:16_CHP-16_intro:l38-46,reviewed,complete,L39-46,P.376 L46's Swajer manuscripts sentence is completed by the p.377 continuation at L49.
chp-16,chp-16:16_CHP-16_intro:l48-64,reviewed,complete,L49-64,P.377 body L49-59 and the continuation of p.376 note 3 at L60-64 are migrated; page image confirms printed page 377.
chp-16,chp-16:16_CHP-16_intro:l66-67,reviewed,complete,L66-67,P.378's concluding paragraph is migrated; plural anaphora is linked to the p.377 group-level synthesis and its named antecedents.
chp-16,chp-16:16_CHP-16_intro:l69-89,reviewed,complete,L70-89,Merged notes L70-84 were migrated on p.373-376; p.376 note 3 continues at p.377 L60-64; p.377 notes 1-5 at L85-89 are now migrated.
chp-17,chp-17:17_CHP-17_intro:l1-1,excluded,complete,,Generated Markdown filename heading only; not printed book content.
chp-17,chp-17:17_CHP-17_intro:l3-5,reviewed,complete,L4-5,no_semantic_content: Printed chapter number and title were checked against physical page 1 (folio i); '[Page 2]' is an OCR page marker and is not treated as the printed folio.
chp-17,chp-17:17_CHP-17_intro:l7-13,reviewed,complete,L8-13,P.379 footnotes 1-6 were checked against physical page 1 and linked to the body; OCR note markers 8/6/8 were corrected in S2 to printed 3/5/6.
chp-17,chp-17:17_CHP-17_sec_i:l1-1,excluded,complete,,Generated Markdown filename heading only; not printed book content.
chp-17,chp-17:17_CHP-17_sec_i:l22-24,reviewed,complete,L22-24,"Printed p.381 Manfrin body checked against CHP-17.pdf physical page 3. The page’s Correr section begins in sec_ii and is processed there; page-image OCR corrections remain in S2, S0 is unchanged."
chp-17,chp-17:17_CHP-17_sec_i:l26-35,reviewed,complete,L27-35,P.380 notes L27-31 remain as previously migrated; p.381 notes 1-4 at L32-35 were added and linked to sec_i L24 and sec_ii L3. The printed 1468/10 shelfmark omitted from L35 OCR is recorded in S2 from the page image. P.381 note 5 continues in sec_ii L4-5.
chp-17,chp-17:17_CHP-17_sec_i:l3-6,reviewed,complete,L3-6,"Printed folio i body is complete; the trailing 'Indeed, within five years' begins the next sentence, migrated at p.380 L9-L10."
chp-17,chp-17:17_CHP-17_sec_i:l8-20,reviewed,complete,L9-20,Printed page 380 checked against CHP-17.pdf physical page 2; closes p.379 cross-page sentence. OCR corrections are recorded in statement qualifiers; S0 source is unchanged.
chp-17,chp-17:17_CHP-17_sec_ii:l1-1,excluded,complete,L1-L1,Generated Markdown heading ‘# 17 CHP-17 sec ii’; it is not source-book content.
chp-17,chp-17:17_CHP-17_sec_ii:l19-22,reviewed,complete,L20-22,Printed p.383 body checked against CHP-17.pdf physical page 5. L20-21 closes the p.382 cross-page sentence; body claims and printed notes 1-3 are migrated. OCR Libertà and shelfmark corrections are recorded in S2 only.
chp-17,chp-17:17_CHP-17_sec_ii:l24-33,reviewed,complete,L25-33,"P.382 notes 1-3, 5-6 at L25-29 were previously migrated; p.383 notes 1-3 at L30-33 are now migrated and linked to p.383 body claims. Printed note 2 shelfmark is 1468/10 (9a); S0 OCR is unchanged."
chp-17,chp-17:17_CHP-17_sec_ii:l3-5,reviewed,complete,L3-5,"Printed p.381 Teodoro Correr section and note 5 checked against CHP-17.pdf physical page 3. The trailing ‘However, there’ is closed by p.382 L8; p.381 footnote marker 5 and shelfmark correction remain recorded in S2."
chp-17,chp-17:17_CHP-17_sec_ii:l7-17,reviewed,complete,L7-17,Printed p.382 body checked against CHP-17.pdf physical page 4. The final clause at L15 is closed by p.383 L20-21; p.382 body and printed note 4 are fully migrated.
chp-18,chp-18:18_CHP-18Conclusion:l1-1,excluded,complete,L1-1,Generated Markdown filename heading only; not printed book content. Printed conclusion starts at L3; no independent claim or entity is present.
chp-18,chp-18:18_CHP-18Conclusion:l19-23,reviewed,complete,L19-23,Printed p.385 checked against CHP-18Conclusion.pdf physical page 2. Closes p.384 L17; final conclusion claims and S2 OCR correction are recorded. No footnotes appear on either conclusion page.
chp-18,chp-18:18_CHP-18Conclusion:l3-17,reviewed,complete,L3-17,"Printed p.384 checked against CHP-18Conclusion.pdf physical page 1. Conclusion prose, named entities, argument, and OCR corrections are migrated; final clause at L17 closes on printed p.385 L20."
chp-19,chp-19:19_CHP-19Appendix:l1-1,excluded,complete,,Generated Markdown filename heading only; not printed book text and contains no claim or entity mention.
chp-19,chp-19:19_CHP-19Appendix:l109-124,reviewed,complete,L110-124,"Printed p.391 (PDF physical page 6) read against the page image. Closes Ranuzzi's 31 January 1708 letter, including its marginal Crespi identification and Caldari/picture reference; processes Appendix 5 lines 114-124 on Smith's 1762 sale, the 1770 picture list, unresolved alternatives, 1761 will and failed earlier negotiations. Quoted archival materials and cited publications were not independently consulted."
chp-19,chp-19:19_CHP-19Appendix:l126-138,reviewed,complete,L127-138,"Printed p.392 (PDF physical page 7) read against the page image. Processes Haskell's competing evidence about Joseph Smith's 1761–1762 plans, the attributed 1806 account, artists in the King's sale, and two post-1762 letters. Page-image corrections are recorded on statements; cited sources and archival manuscripts were not independently consulted. The 9 April 1768 letter's sentence closes on p.393 L141 and its signature is on L144."
chp-19,chp-19:19_CHP-19Appendix:l140-155,reviewed,complete,L141-155,"Printed p.393 (PDF physical page 8) read against the page image. Closes Smith's 9 April 1768 letter begun on p.392; records Haskell's qualified reports about Zais, Smith's collection, the 1776 Christie's lists, and the 1789 anonymous sale. Page-image corrections include Moschini, '(f)', £20,000, 'lists', and Marieschi; the cited source and sale lists were not independently consulted. The p.155 sentence about Smith's books is closed by the p.394 continuation statement."
chp-19,chp-19:19_CHP-19Appendix:l157-183,reviewed,complete,L158-183,"Printed p.394 (PDF physical page 9) read against the page image. Closes the p.393 sentence on Smith's books, records Haskell's report about the Caraboli/Pompeati book sale, cited notarial dispute, and the 1771/1773 posthumous catalogues, then transcribes Andrea Memmo's preparatory queries. The queries are not treated as resolved facts; C. Veneziano, the Naples/Paris academy references, and the Academy referred to as 'ours' retain their source-level uncertainty. OCR corrections are recorded on statements; cited records were not independently consulted."
chp-19,chp-19:19_CHP-19Appendix:l185-208,reviewed,complete,L186-208,"Printed p.395 (PDF physical page 10) read against the page image. Completes the remaining Appendix 6 notes and transcribes the Appendix 7 Manfrin-to-Edwards letter. Queries, reading marks, the cited Charles VI exemption claim, and the letter's selection/confidentiality terms are distinguished; the letter cross-links to Chapter 17 p.380 and its note 6. Named individuals and institutions are mapped to existing candidates where available; unresolved Cosimo, Paris Academy, and occupational group candidates remain open. Page-image corrections are recorded on statements; cited works and the archival manuscript were not independently consulted."
chp-19,chp-19:19_CHP-19Appendix:l210-211,excluded,complete,L210-211,Excluded as a duplicate OCR extraction of the Giacinto Brandi receipt beginning on printed p.386. The canonical receipt was already semantically processed from the derived visual transcription segment `chp-19:19_CHP-19Appendix_p386_receipt_visual-transcription:l4-4` and its continuation in `chp-19:19_CHP-19Appendix:l22-41`; this appended `Footnotes` block has no separate printed-page anchor.
chp-19,chp-19:19_CHP-19Appendix:l22-41,reviewed,complete,L23-41,"Printed p.387 receipt and Appendix 2 letter were read; the sapphires sentence is now closed by p.388 L44-L47. The letter's print signature on p.388 appears to read Domenico Fedini, while canonical OCR merges it with the following c.140 locator as Domenico Pedini; local identity remains for S3."
chp-19,chp-19:19_CHP-19Appendix:l3-20,reviewed,complete,L4-20,Printed p.386 body read against CHP-19Appendix.pdf physical page 1; the 8 March 1676 dateline/signature is in a separate visual-transcription segment. The receipt opening below it remains a separate queued segment and continues on p.387.
chp-19,chp-19:19_CHP-19Appendix:l43-63,reviewed,complete,L44-63,"Printed p.388 (PDF physical page 3) read against CHP-19Appendix.pdf. Closes Fondo Orsini 171 c.I letter; processes c.140 and 173 c.2 letters signed Domenico Pedini; begins c.463 letter concerning Gioì Paolo Baldi. The c.463 request closes on p.389 and its printed signature reads Dom.o Fedini; the OCR reads Pedini. Use local candidate cand-10766, distinct from indexed cand-1014 pending S3."
chp-19,chp-19:19_CHP-19Appendix:l65-84,reviewed,complete,L66-84,"Printed p.389 (PDF physical page 4) read against CHP-19Appendix.pdf. Closes the p.388 c.463 letter with a signature read as Dom.o Fedini; records the c.306 Pietro Tacca horse-model letter; reads the Appendix 3 heading and two 1705 letters. The image confirms ‘Felice’ where OCR reads ‘Febee’, preserves printed ‘Tona [sic]’, and shows diagram-like marks after all’in sù; no OCR/PDF source asset was changed. Both Appendix 3 letters are linked to the matching p.227 account; manuscript citations were not independently consulted."
chp-19,chp-19:19_CHP-19Appendix:l86-107,reviewed,complete,L87-107,The p.390 Ranuzzi letter continues on p.391; the marginal note 'Gius.e Crespi d.o' and Chapter 8 p.237 note 2 map the p.390 'Spagnuolo Pittore' mention to Crespi. The letter closes at Bologna on 31 January 1708.
chp-19,chp-19:19_CHP-19Appendix_p386_receipt_visual-transcription:l1-2,reviewed,complete,L1-2,Printed p.386 date/signature omitted from canonical OCR; transcribed from CHP-19Appendix.pdf physical page 1 and linked to the preceding Brandi letter. The receipt begins after this signature.
chp-19,chp-19:19_CHP-19Appendix_p386_receipt_visual-transcription:l4-4,reviewed,complete,L4-4,"Receipt opening read against CHP-19Appendix.pdf physical page 1, printed p.386, and joined to its p.387 continuation and Brandi signature. The 200-scudi payment is for three paintings, the vault, and retouchings; individual paintings are not identified."
chp-1,chp-1:01_CHP-1_intro:l1-1,excluded,complete,,分节文件自动生成的标题行，不属于原书来源文本。
chp-1,chp-1:01_CHP-1_intro:l11-13,reviewed,complete,L45-48,脚注提及与引用/书目断言已按 OCR L45-48 迁移；Hervey 保留缩引待核。
chp-1,chp-1:01_CHP-1_intro:l3-5,reviewed,complete,L1-14,章前 Part I / Rome 标题页；Rome 地名提及已迁移，无独立断言。
chp-1,chp-1:01_CHP-1_intro:l7-9,reviewed,complete,L1-14,no_semantic_content: 章名和页码元数据；未含需登记的独立实体提及或断言。
chp-1,chp-1:01_CHP-1_sec_i:l1-1,excluded,complete,,分节OCR文件标题，格式元数据；不含本书实体或断言
chp-1,chp-1:01_CHP-1_sec_i:l15-24,reviewed,complete,L35-44;L53-55;L56-70;L71-83;L84-88;L101-110,逐项复核32条提及、14条断言；覆盖名字、职务称谓、地名派生群体、nepotism 概念和匿名角色边界。引文均锚定原始OCR；L101-110职业路径续文的两条断言放在实际承接文本的 l26-33 段。
chp-1,chp-1:01_CHP-1_sec_i:l26-33,reviewed,complete,L101-141,24 条提及及 L101-141 的 8 条断言已迁移；L147-152 的引文续句归入承载正文的 l35-36。
chp-1,chp-1:01_CHP-1_sec_i:l3-13,reviewed,complete,L15-25;L26-34;L35-44;L53-55,提及与断言已逐项对照原始OCR行 L15-44、L53-55；Pope 职务称谓已补录，泛指复数 Popes/nephews 不作为个体实体提及。
chp-1,chp-1:01_CHP-1_sec_i:l35-36,reviewed,complete,L147-152,Peretti-Montalto 引文续句与新教堂赞助人画像、古教堂中的现代绘画断言已迁移；原引文通过 Panciroli 经 Ortolani 转引。
chp-1,chp-1:01_CHP-1_sec_i:l38-47,reviewed,complete,L89-95;L142-142;L178-185;L186-189,脚注提及及书内断言已按原 OCR 行 L89-95、L142、L178-189 迁移；保留转引链、证词语气、OCR/PDF异文和 Cardinal Pio、Montalto 等未决身份。
chp-1,chp-1:01_CHP-1_sec_ii:l1-1,excluded,complete,,分节OCR文件标题，格式元数据；不含本书实体或断言
chp-1,chp-1:01_CHP-1_sec_ii:l10-17,reviewed,complete,L195-228,逐段提及与断言已迁移至 OCR L195–228；L227–228 的未完句保留片段并交由 l19-26 承接，不将 L242–251 或脚注 L229–237 错挂本段。
chp-1,chp-1:01_CHP-1_sec_ii:l106-116,reviewed,complete,L656-656;L668-698;L704-712,迁移 Bernini、Maratta 与 Gaulli 价格比较和艺术声望论述；Accademia di S. Luca 的社会地位动因、Zuccari 复兴尝试、Paul V/Gregory XV/Urban VIII 措施、Francesco Barberini 保护人与1633征税；另录 Bellori 对 Maratta 的评价。脚注699–703转由脚注段承载，不重复；公共委托排他权的后续撤回归 l118-127。
chp-1,chp-1:01_CHP-1_sec_ii:l118-127,reviewed,complete,L717-752,补入原OCR L717–722 的学院公共委托排他措施撤回、财务利益与成员社会地位论述；并迁移L723–752的早期成员范围、法式教条化、社会礼仪与Maratta委托抱怨。L751–752的未完句续至l129-135；脚注与后续逸事归相应段。
chp-1,chp-1:01_CHP-1_sec_ii:l129-135,reviewed,complete,L763-797,完成 l118-127 的 L751-752 未完句；迁移 Ridolfi/Charles V/Titian 模式、Cardinal Barberini 身份待定的镜像逸事、Innocent X/Mola 与 Queen Christina/Ghezzi 故事，区分象征性与作者认为较可信的叙述。另迁入艺术家荣衔、Lauri 学习、Passeri 职业话语及艺术家自画像解释；保留 Duke of Parma 个人身份未明。
chp-1,chp-1:01_CHP-1_sec_ii:l137-146,reviewed,complete,L811-846,迁移贫困画家与新手入市、bentveughels/Schildersbent组织及1623?日期、学院抗税、Via Margutta/Piazza di Spagna居住、Pieter Van Laer双重成员，以及Andrea Pozzo与Mario de’ Fiori的家庭社会流动例证。Pieter Van Laer被S0边界拆开，Laer续名归 l148-153。L847-853 Procaccini脚注归 l168-239；L858-861的Carlone婚姻例证归 l148-153。
chp-1,chp-1:01_CHP-1_sec_ii:l148-153,reviewed,complete,L858-893,迁移 Carlone 婚姻例证、艺术家家庭传承与 Rome/Venice 地位比较、合同按人物计价和艺术家作为工匠的作者判断、艺术家 temperament 概念及 Paul V/Guido Reni 归语限定、1676年 Perugini 引语。末句 L893 接入下一页 L905；L894-900 脚注归 l168-239。
chp-1,chp-1:01_CHP-1_sec_ii:l155-159,reviewed,complete,L882-893;L905-926;L927-943;L944-947;L952-958,迁移Rosa的传说与历史形象、自我宣传/展览/喝彩者组织、创作独立、拒定金与按成品质量定价；1666年致Antonio Ruffo的引语经Haskell转引。Compagnia della Morte作传说处理；跨页后半句L952-958归l161-166。
chp-1,chp-1:01_CHP-1_sec_ii:l161-166,reviewed,complete,L927-943;L952-958;L959-970,迁移Rosa能力不可预先评估、匿名代理人的评价、Baldinucci后世评价及十九世纪浪漫接受；“无真正追随者”限于改变赞助格局，不抹去Ferri与Luti脚注的局部相似。L927-943承接l155-159。
chp-1,chp-1:01_CHP-1_sec_ii:l168-239,reviewed,complete,L229-237;L278-283;L323-330;L372-377;L415-425;L461-468;L469-472;L503-508;L509-513;L514-523;L562-570;L657-662;L699-703;L753-758;L796-806;L847-853;L894-900;L971-980,脚注语义汇聚段；逐行核对覆盖的OCR脚注范围并补录具名人物、地点、机构、作品、档案与引用来源；L321–322首例归l28-38，L323–330归本段。身份未定保留候选；ibid与章节定位不另造实体。迁移完整不等于独立召回验收。
chp-1,chp-1:01_CHP-1_sec_ii:l19-26,reviewed,complete,L242-277,迁入 OCR L242–277 的职业阶段、独立委托与合同、场所和尺寸协商断言；L274–277 的监督句保留未完状态并续接 l28-38。L224–228 仅作前段语境，不重复归属本段；脚注不在本段。
chp-1,chp-1:01_CHP-1_sec_ii:l28-38,reviewed,complete,L274-277;L288-319;L320-322,迁入委托控制、合同细节、Guercino 祭坛画指示与追问、世俗题材咨询、Mola《四元素》及 Air 图像选择、价格句前半。宗教画控制句承接前段；价格句由 l40-46 续完；脚注首例 L321–322 归本段；余下 L323–330 归脚注汇聚段。分节转录“his to Turnus”依合并 OCR L319 校作“Iris to Turnus”，保留异文说明。
chp-1,chp-1:01_CHP-1_sec_ii:l3-8,reviewed,complete,L153-177,市场中介、展览出售、servitù particolare、资助旅行与宫廷职位断言已迁移；滑动晋升句续文归入 l10-17。
chp-1,chp-1:01_CHP-1_sec_ii:l40-46,reviewed,complete,L320-321;L335-371,迁入前段续来的全身人物计价与 Urban VIII 八人祭坛画，并完成 L339–371 移动画廊市场、Giustiniani 购入 Caravaggio 被拒祭坛画、Adamo 对 Piola 的题材授权，以及曼图亚 Samson 系列与 del Carpio 绘画主题委托。匿名画作、Marchese 身份和 Mantua 公爵身份均保留未决。
chp-1,chp-1:01_CHP-1_sec_ii:l48-60,reviewed,complete,L382-414,迁入艺术家声誉与委托态度、Valentin 匿名画作委托、modello 与素描的监督用途、Caravaggio 1600 设计条款、Rubens 1606 Chiesa Nuova 委托及 Lanfranco 提议展示 in tela il disegno。L413–414 关于博洛尼亚画家 modello 的未完句登记为片段，续文归 l62-71。Valentin 全名、匿名委托者及 Cardinal Barberini 身份不据此推定。
chp-1,chp-1:01_CHP-1_sec_ii:l62-71,reviewed,complete,L430-460,补完 l48-60 中“Pietro da Cortona”未完句，并迁入 modello 在十七世纪后半的传播及 Gaulli/Genoa、Wittkower 对罗马大壁画时段的引文、Ferri 1670 S. Agnese 彩色 modello 条款、Pamfili 家族、草图欣赏与收藏、工期与延误、Ferri/Gaulli 工期、Holy Year、快速画家与奖惩。Gaulli 的引入作用和草图欣赏因果均保留推测语气。
chp-1,chp-1:01_CHP-1_sec_ii:l73-77,reviewed,complete,L478-502,迁入定金、分期付款、尾款与奖金、壁画月付、画布/颜料费用及其变化、脚手架与异地食宿、Pamfili 对 Mola 的 Valmontone 供给、按主要人物计价与 Domenichino/Lanfranco 例证。L498–502 在脚注前的“However”转折登记为未完，后续 L528–552 归下一段；不把 130 ducats 误配给 Lanfranco。
chp-1,chp-1:01_CHP-1_sec_ii:l79-84,reviewed,complete,L528-561,补完主要人物计价句并区分 Domenichino/Lanfranco 报价；迁入客户等级与 Mancini 观点、Mantua/Reni 1617 委托、Guidotti、Claude 报价、Cardinal Leopoldo de’ Medici 经纪人、曼图亚代理人预付款信、Guercino 125/80 ducats 个案，以及 Rome 转为国际中心的片段。Reni 作品未认定完成，Duke of Mantua 和匿名信件双方身份未推定；L553–561 的 Rome 段续文归 l86-94。
chp-1,chp-1:01_CHP-1_sec_ii:l86-94,reviewed,complete,L575-609; L611-612,迁移罗马艺术市场与家族财力风险、工作室存画和议价、Valguarnera 访问 Lanfranco/Poussin 并委托未具名作品、Rosa 待售作品与买家选择、艺术交易及展览兴起。Lanfranco 两幅草图作为待确认作品；Barberini 家族与既有家户机构分开。排除 L610 页间标记及 L613-615 脚注；L611-612 末句续至 l96-104。
chp-1,chp-1:01_CHP-1_sec_ii:l96-104,reviewed,complete,L620-656,迁移 L612 跨页续句、艺术家地位与文艺复兴崇拜、罗马都会结构、Malvasia 对保禄五世的归语、Bernini 的社会权威与艺术家地位转变、Platonism 与 genius 观，以及 L656 的收入段开头。Malvasia 归语保留正文限定；L656 未完句续至 l106-116。
chp-20,chp-20:20_CHP-20Postscript:l1-1,excluded,complete,L1-1,Generated Markdown filename heading only; not printed book content. The printed postscript title and chapter structure begin at L4.
chp-20,chp-20:20_CHP-20Postscript:l110-121,reviewed,complete,L110-121,Printed p.403 is complete with the continuation beginning p.404 L123-125; notes L239-243 remain queued.
chp-20,chp-20:20_CHP-20Postscript:l123-135,reviewed,complete,L123-135,"Printed p.404 (PDF physical page 13) checked against the page image. Closes p.403 continuation and records scholarship on Cosimo III, Grand Prince Ferdinand, and Florentine patronage, followed by Del Rosso and Buonaccorsi updates. Footnotes 1-19 link to queued notes L244-253."
chp-20,chp-20:20_CHP-20Postscript:l137-148,reviewed,complete,L137-148,Printed p.405 (PDF physical page 14) checked against page image; its final Mazza catalogue sentence is closed by p.406 L151-152. Footnote 1 remains linked to queued notes L259.
chp-20,chp-20:20_CHP-20Postscript:l14-24,reviewed,complete,L15-24,"Printed p.397 (PDF physical page 2) read against the page image. Closes p.396’s Lavin quotation; processes Hibbard’s qualification of the baldacchino attribution, tapestry scholarship, Harris/Sacchi, the classical/baroque debate, Ludovisi and Del Monte research, and the opening on Agucchi. The Agucchi sentence continues on p.398, so this segment remains partial. Page-image corrections are recorded on statements; cited publications were not independently consulted. The Agucchi sentence was closed against p.398 statement `st-chp20-p398-agucchi-career-closure`."
chp-20,chp-20:20_CHP-20Postscript:l150-162,reviewed,complete,L150-162,Printed p.406 (PDF physical page 15) checked against page image; the Jeffrey Daniels sentence fragment at L162 is completed by p.407 L165. Footnotes 1-9 remain linked to queued notes L259-263.
chp-20,chp-20:20_CHP-20Postscript:l164-172,reviewed,complete,L164-172,Printed p.407 (PDF physical page 16) checked against page image. Completes the p.406 Jeffrey Daniels sentence. Footnotes 1-6 link to queued notes L264-266; printed footnote 5 is Binion although S0 notes L266 OCR reads 8.
chp-20,chp-20:20_CHP-20Postscript:l174-185,reviewed,complete,L174-185,Printed p.408 (PDF physical page 17) checked against page image. P.409 L188 completes the Parker sentence about Matina's volume and Doge medallions. Footnotes 1-7 link to queued notes L267-270.
chp-20,chp-20:20_CHP-20Postscript:l187-199,reviewed,complete,L187-199,Printed p.409 (PDF physical page 18) checked against page image. P.410 L202 completes the Santifaller attribution sentence; footnotes 1-9 map to queued notes L271-275.
chp-20,chp-20:20_CHP-20Postscript:l201-209,reviewed,complete,L201-209,Printed p.410 (PDF physical page 19) checked against page image. Footnotes 1-5 map to queued notes L276-280; printed note 5 is OCR'd as 6 in L280. Page opens Chapters 16 and 17; Sasso and Manfrin references reuse existing candidates where available.
chp-20,chp-20:20_CHP-20Postscript:l211-280,reviewed,complete,L212-280,"P.396 notes 1-6 (L212-214), p.397 notes 1-12 (L215-220), p.398 notes 1-7 (L221-224), p.399 notes 1-3 (L225), p.400 notes 1-8 (L226-230), p.401 notes 1-8 (L231-234), p.402 notes 1-7 (L235-238), p.403 notes 1-10 (L239-243), and p.404 notes 1-19 (L244-253) are reviewed, transcribed, and linked to body statements; p.400 notes 9-10 are captured at body L57. Cited works were not independently consulted. Printed p.404 notes 5 and 6 were OCR-misnumbered in S0 as 6 and 8; page-image corrections are in note statements, S0 is preserved. P.405 notes 1-9 (L254-258) are reviewed, transcribed, and linked to body statements; printed p.405 footnotes 1-9 agree with their body markers. P.406 notes 1-9 (L259-263) are reviewed, transcribed, and linked to body statements; note 8 is preserved as two semicolon-separated citations. Printed note 5 reads D’Arcais; S0's accent is corrected in that note statement without changing S0. P.407 notes 1-6 (L264-266) are reviewed, transcribed, and linked to body statements. Printed note 5 is Binion; S0 OCR read 8, and the correction is recorded in the note statement without changing S0. P.408 notes 1-7 (L267-270) are reviewed, transcribed, and linked to body statements. Note 1 is represented as separate 1969 and 1976 citations; note 2 reuses the 1969 candidate with its page locator. P.409 notes 1-9 (L271-275) are reviewed, transcribed, and linked to body statements; note 4 contains two citations. Page-image corrections record Matins→Matina, note number 3→2 for Algarotti 1963, and i960→1960 for Levey, without changing S0. P.410 notes 1-5 (L276-280) are reviewed, transcribed, and linked to body statements. Printed note 5 is Fontana; S0 OCR read 6, and the correction is recorded in its citation statement without changing S0."
chp-20,chp-20:20_CHP-20Postscript:l26-36,reviewed,complete,L27-36,"Printed p.398 (PDF physical page 3) read against the page image. Closes p.397’s Agucchi transition; processes the remaining postscript updates and the opening of chapter 3 through Ackerman’s complete quotation. The final Haskell assessment starts at L36 and continues on p.399, so this segment is partial. The page image corrects footnote OCR ‘6 Viola’ to ‘5 Viola’ and ‘Jaffe’ to ‘Jaffé’; cited scholarship was not independently consulted. Haskell’s open assessment was closed against p.399 statement `st-chp20-p399-hibbard-jesuit-control`."
chp-20,chp-20:20_CHP-20Postscript:l3-12,reviewed,complete,L3-12,"Printed p.396 (PDF physical page 1) read against the page image. Processes the second-edition postscript opening, new research references, Lavin and d’Onofrio publications, competing Maffeo portrait claims, and Hibbard/Lavin scholarship. OCR ‘dell’Area’ corrected to printed ‘dell’Arca’ in S2 qualifiers. The final Lavin quotation continues on p.397 and remains partial; cited publications and inventories were not independently consulted. The cross-page Lavin quotation was closed against p.397 statement `st-chp20-p397-lavin-quote-closure`."
chp-20,chp-20:20_CHP-20Postscript:l38-44,reviewed,complete,L39-44,"Printed p.399 (PDF physical page 4) read against the page image. Closes p.398’s Hibbard transition; processes Hibbard, Buser/Nadal, Circignani, S. Vitale, Enggass, and Lavin’s correction of the earlier Gaulli-drawing theory. The text explicitly retracts the Quietism explanation. Cited works remain unconsulted; footnotes are linked to the queued notes segment. Page-image OCR corrections are recorded on statements."
chp-20,chp-20:20_CHP-20Postscript:l46-57,reviewed,complete,L47-57,Printed p.400 (PDF physical page 5) reviewed against the page image; its final journal-publication sentence is closed by p.401 L82. Footnotes 1-8 remain linked to queued notes; p.400 footnotes 9-10 are transcribed in its source segment.
chp-20,chp-20:20_CHP-20Postscript:l59-67,reviewed,complete,L60-67,"Plate 65 (PDF physical page 6) visually read and cross-checked against the PDF text layer. The Markdown OCR reverses and fragments rotated captions; original OCR remains unchanged, while corrected caption text and exact OCR surfaces are recorded in statements and mentions. Plate 65a describes a joint caricature of Simonelli and Mola; Plate 65b depicts Mola painting Pope Alexander VII's portrait."
chp-20,chp-20:20_CHP-20Postscript:l69-70,reviewed,complete,L70-70,Plate 66 (PDF physical page 7) visually checked; caption names Baldassare Franceschini and the Fame/Louis XIV allegory. Reuses the painting candidate from chapter 7 and allegorical entities from the List of Plates; no new candidate was needed.
chp-20,chp-20:20_CHP-20Postscript:l72-76,reviewed,complete,L73-76,Plate 67 (PDF physical page 8) visually checked; raw OCR reverses the title and splits the artist credit. Corrected caption text remains in statement metadata; no new work candidate was created because the index and p.228 text already register it.
chp-20,chp-20:20_CHP-20Postscript:l78-79,reviewed,complete,L79-79,Plate 68 (PDF physical page 9) visually checked. Reuses the existing three-Doge portrait group and caption subjects from the List of Plates. Plate 68b is modeled as a Leonardis engraving distinct from its Tiepolo composition; surname-only artists remain unresolved.
chp-20,chp-20:20_CHP-20Postscript:l81-96,reviewed,complete,L82-96,"Printed p.401 (PDF physical page 10) visually checked. Records the Escorial journal account, qualified Seven Sacraments report, two distinct bust versions and disputed attribution, Plate 65a caricature/friendship, chapter 6 research limitation, Doria-Pamphili documents, Alexander VII diary reports, and Clement IX/Ponte S. Angelo scholarship. Footnotes 1-8 link to queued notes L231-234."
chp-20,chp-20:20_CHP-20Postscript:l98-108,reviewed,complete,L99-108,Printed p.402 (PDF physical page 11) complete; the Alazard commissioned-picture sentence closes on p.403 with the Plate 66 work identified. Footnotes 1-7 link to the queued notes segment L235-238.
chp-21,chp-21:21_CHP-21Bibliography:l1-1,excluded,complete,L1-1,"Generated Markdown filename heading only; not printed bibliography content and contains no bibliographic entry, claim, or entity mention."
chp-21,chp-21:21_CHP-21Bibliography:l1022-1057,reviewed,complete,L1023-1057,Printed p.435: 25 publication records and one See also author cross-reference reviewed; see process/stages.md.
chp-21,chp-21:21_CHP-21Bibliography:l1059-1100,reviewed,complete,L1060-1100,Printed p.436: 26 publication records reviewed; see process/stages.md.
chp-21,chp-21:21_CHP-21Bibliography:l1102-1139,reviewed,complete,L1103-1139,Printed p.437: 25 publication records reviewed; see process/stages.md.
chp-21,chp-21:21_CHP-21Bibliography:l1141-1177,reviewed,complete,L1142-1177,Printed p.438: 30 publication records reviewed; OCR line L1158 split into two page-image-confirmed entries; see process/stages.md.
chp-21,chp-21:21_CHP-21Bibliography:l1179-1218,reviewed,complete,L1180-1218,Printed p.439: 28 publication records reviewed and page-image checked; see process/stages.md.
chp-21,chp-21:21_CHP-21Bibliography:l1220-1259,reviewed,complete,L1221-1259,Printed p.440: 28 publication entries reviewed and page-image checked; Wilhelm entry continues on p.441; see process/stages.md.
chp-21,chp-21:21_CHP-21Bibliography:l1261-1299,reviewed,complete,L1262-1299,Printed p.441: completed the Wilhelm entry continued from p.440 and reviewed 23 further publication entries with page-image checking; see process/stages.md.
chp-21,chp-21:21_CHP-21Bibliography:l129-163,reviewed,complete,L129-163,"Printed p.414 contains 27 S0-visible bibliography entries; the page image supplies the Beckford continuation and a separate Bellori 1664 entry omitted from S0, and confirms OCR corrections. Bibliography entries record cited works, not that their contents were read."
chp-21,chp-21:21_CHP-21Bibliography:l1301-1306,reviewed,complete,L1302-1306,S0 Footnotes block contains seven displaced OCR spans for existing p.413–431 bibliography entries; exact mentions and cross-links added without duplicating publication assertions. L1301 is a structural header.
chp-21,chp-21:21_CHP-21Bibliography:l165-205,reviewed,complete,L165-205,"Printed p.415 contains 25 bibliography entries. PDF comparison confirms S0 entries and supplies OCR corrections for a page range, year, Binion page locator, and the merged word break in Blunt’s Annunciation title; no whole-entry omission found on this page. These are bibliographic references, not evidence that cited contents were read."
chp-21,chp-21:21_CHP-21Bibliography:l207-241,reviewed,complete,L207-241,"Printed p.416 contains 28 publication entries and one bibliographic cross-reference. S0 merges Boyer’s 1934 article ending with Bozzòla’s 1948 entry; separate exact spans are recorded. PDF comparison corrects Bonadonna Russo volume number, two Borroni surnames, and Boyer page range. The final ‘See’ cross-reference is recorded as a catalog pointer, not a formal historical relation."
chp-21,chp-21:21_CHP-21Bibliography:l243-293,reviewed,complete,L243-293,"Printed p.417 contains 30 publications, including two distinct Brugnoli article titles under one shared citation. Reused 16 archive candidates and added 14. Page-image review corrects OCR and restores detached/reordered journal fields; source OCR remains unchanged. The publications were not independently consulted."
chp-21,chp-21:21_CHP-21Bibliography:l295-334,reviewed,complete,L295-334,"Printed p.418 contains 29 publication records and one author cross-reference. Reused 23 archive candidates and added 6; the Carandini-to-Fagiolo author pointer links to existing person/study candidates without an external identity claim. Page-image review restores OCR-split Canova/Cantalamessa entries and corrects names, dates, accents, and stray marks; source OCR remains unchanged. Cited works were not independently consulted."
chp-21,chp-21:21_CHP-21Bibliography:l3-45,reviewed,complete,L3-45,Bibliography purpose/selection statement and manuscript-repository directory reviewed. PDF physical page 1 resolves OCR's interleaved two-column localities; repository names are mentions with locality in notes. This section is not treated as art-historical prose or as proof of any particular manuscript holding.
chp-21,chp-21:21_CHP-21Bibliography:l336-374,reviewed,complete,L336-374,Printed p.419 contains 28 publication records. Reused 15 archive candidates and added 13. The two Coggiola-Pittoni articles are separate records; the two Constable citations merged at S0 L371 are separated using the page image and non-overlapping title mentions. OCR corrections are recorded without changing S0. Cited works were not independently consulted.
chp-21,chp-21:21_CHP-21Bibliography:l376-418,reviewed,complete,L376-418,"Printed p.420 contains 30 publication records and one ‘See also’ bibliographic pointer; L376 is a page marker. Reused 12 archive candidates, added 18, and recorded the cross-reference to the previously recorded L210 joint publication. PDF physical page 10 corrections are in statement qualifiers; source OCR remains unchanged. Cited works were not independently consulted."
chp-21,chp-21:21_CHP-21Bibliography:l420-459,reviewed,complete,L420-459,Printed p.421 contains 31 publication records; the [Page 421] marker is not a record. Reused 24 archive candidates and added 7; two set-level entries are linked to existing volume-specific citation locators for S3 comparison. PDF physical page 11 corrections are in statement qualifiers; source OCR remains unchanged. Cited works were not independently consulted.
chp-21,chp-21:21_CHP-21Bibliography:l461-496,reviewed,complete,L461-496,"Printed p.422 contains 29 bibliography entries, including an exhibition reference; the [Page 422] marker is not a record. Reused 20 archive candidates and added 9. Fantuzzi, Félibien, Vico-edition, and Fleming locator overlaps remain distinct candidates for S3; the bracketed Fontanella byline is unresolved. PDF physical page 12 OCR corrections and two fused-entry splits are recorded in statement qualifiers; S0 remains unchanged. Cited works were not independently consulted."
chp-21,chp-21:21_CHP-21Bibliography:l47-85,reviewed,complete,L47-85,"Printed p.412: section heading, 29 publication entries, and one author cross-reference. Page-image OCR corrections are recorded in statements; cited works were not independently read."
chp-21,chp-21:21_CHP-21Bibliography:l498-536,reviewed,complete,L498-536,"Printed p.423 contains 31 bibliography records: 30 locally represented in L499-536 and one Noemi Gabrieli entry visible on the page image whose OCR is displaced to L1304. The [Page 423] marker is not a record. Reused 18 archive candidates and added 13, including the page-image record; refined 14 candidate labels. Related volume/page locators remain separate for S3. Page-image OCR corrections and the displaced continuation are documented in statements; S0 remains unchanged. Cited works were not independently consulted."
chp-21,chp-21:21_CHP-21Bibliography:l538-575,reviewed,complete,L538-575,Printed p.424 contains 28 bibliography entries; the [Page 424] marker is not a record. Reused 17 archive candidates and added 11. The two Griseri entries fused in S0 L553 are recorded with disjoint mention spans. Grosley’s printed 3-volume/Londres 1764 continuation is displaced to L1305 and will be linked to its existing candidate when that queued segment is reviewed. Page-image OCR corrections and detached scan marks are documented in statements; S0 remains unchanged. Cited works were not independently consulted.
chp-21,chp-21:21_CHP-21Bibliography:l577-614,reviewed,complete,L578-614,Printed p.425 contains 26 bibliography entries; the [Page 425] marker is not a record. Reused 25 archive candidates and added one. OCR corrections and detached scan marks are documented in statements; L614's fused Hibbard/Hinks boundary is split into disjoint mention spans. Cross-chapter citation candidates are linked for S3. The bibliography distinguishes Hibbard's 1961 S. Andrea article from the 1971 Maderno monograph; the earlier merged citation candidate and its mention/statement links were corrected. S0 remains unchanged; cited works were not independently consulted.
chp-21,chp-21:21_CHP-21Bibliography:l616-656,reviewed,complete,L617-656,"Printed p.426 contains 31 bibliography entries (30 publication/catalogue records and one exhibition listing) plus two author See pointers; the [Page 426] marker is not a record. Reused 19 existing candidates and added 12 for this page. A thirteenth archive candidate was created as the target of the Jaffé, Irma pointer using S0 L1276; its full segment review remains queued. The fused Incisa entries at L631 have disjoint mention spans. Page-image OCR readings are recorded in statements; cited contents were not independently consulted. Short-form cross-chapter candidates remain separate for S3."
chp-21,chp-21:21_CHP-21Bibliography:l658-699,reviewed,complete,L659-699,Printed p.427 contains 30 publication records and two See also pointers; the [Page 427] marker is not a record. Reused 24 existing archive candidates and added six archive records plus two source-derived contributor candidates. The Levey 1955 citation locator pp.193-203 remains separate from the bibliography range pp.199-203; the Lavagnino page-only references also remain unresolved. Page-image OCR readings are recorded in statements; cited contents were not independently consulted.
chp-21,chp-21:21_CHP-21Bibliography:l701-754,reviewed,complete,L702-754,"Printed p.428 contains 33 bibliographic entries naming 34 publications; [Page 428] at L701 is only a page marker. Reused 22 archive candidates and added 12 publication candidates. Page-image review restores displaced periodical names, splits the L720 Loret/Lotti OCR collision, and records two separately titled Marabottini 1954 articles from one printed entry. Uncertain citation locators and edition relationships remain linked for S3; cited contents were not independently consulted."
chp-21,chp-21:21_CHP-21Bibliography:l756-806,reviewed,complete,L757-806,"Printed p.429 contains 28 bibliography entries, including one exhibition catalogue; [Page 429] at L756 is only a page marker. Reused 17 archive candidates and added 11 archive candidates. Page-image review restores displaced journal headings, corrects OCR spellings and dates, and separates the Memmoli/Merriman entry boundary at L801. Uncertain citation identities remain linked for S3; cited contents were not independently consulted."
chp-21,chp-21:21_CHP-21Bibliography:l808-844,reviewed,complete,L809-844,Printed p.430 contains 26 publication entries and one author cross-reference. [Page 430] at L808 is only a page marker. Reused 21 archive candidates and added five archive candidates plus one person candidate for the Molinier heading. The L820 pointer targets L861 in queued segment L846-881; target alignment remains provisional until that page is reviewed. The OCR fuses two Miller entries at L813; their quotes and mentions are split at the page-image boundary.
chp-21,chp-21:21_CHP-21Bibliography:l846-881,reviewed,complete,L847-881,"Printed p.431 contains 28 publication entries; [Page 431] at L846 is only a page marker. The p.430 Molinier author pointer is confirmed by the coauthored article at L861. The page image corrects several OCR readings, including Moroni's omitted volume/date line, Moschini misread as Meschini, and the fused Nicodemi/Nisser entries at L876."
chp-21,chp-21:21_CHP-21Bibliography:l87-127,reviewed,complete,L87-127,"Printed p.413 contains 27 publication entries; p.413 image supplies ‘2 vols., 1877-8.’ missing from S0 OCR and confirms line-level corrections. Entries are bibliographic records, not claims that the cited publications were read."
chp-21,chp-21:21_CHP-21Bibliography:l883-926,reviewed,complete,L884-926,"Printed p.432 contains 31 publication entries; [Page 432] at L883 is only a page marker. Reused 28 archive candidates and added three archive candidates. The page image corrects the D’Onofrio inventory page range, Pallucchini volume notation and Panofsky title accents."
chp-21,chp-21:21_CHP-21Bibliography:l928-983,reviewed,complete,L929-983,Printed p.433 contains 32 bibliography entries; [Page 433] at L928 is only a page marker. Reused existing archive candidates where a matching citation was already recorded and added nine publication candidates. The page image restores several OCR-displaced journal-title fragments.
chp-21,chp-21:21_CHP-21Bibliography:l985-1020,reviewed,complete,L986-1020,Printed p.434 contains 29 bibliography entries at L986–1020; L985 is only a page marker. Five archive candidates were added and existing citation candidates were supplemented. Bibliography p.434 disambiguates the two Puppi p.405 citations by their titles and page ranges.
chp-22,chp-22:22_CHP-22Index:l1-1,excluded,complete,L1-1,Generated Markdown filename heading only; not printed index content and contains no index entry.
chp-22,chp-22:22_CHP-22Index:l1024-1024,excluded,complete,L1024,"no_semantic_content: S0 L1024 [Page 452] is a generated page locator. CHP-22Index.pdf physical p.10 visibly prints p.452; the marker is page navigation, not an index entry or book-fact claim."
chp-22,chp-22:22_CHP-22Index:l1026-1080,reviewed,complete,L1026-1080,"no_semantic_content: index-navigation-only. CHP-22Index.pdf physical p.10 visibly prints p.452. S0 L1026 is the page number/running header; C.csv#322-371 covers the left-column index entries on L1027-1080 (50 rows). Forty-nine open candidates are typed as 32 person, 4 place, 5 work, 6 term, 1 family, and 1 institution. Codazzi's four titled paintings (C#325-328) and Coli's Lepanto frescoes (C#333) are work candidates, consistent with existing S2 evidence. C#347 'Competitions' and C#367-371's generic contract topics are terms; no distinct named event or surviving contract is asserted by these index headings. C#351 is the named Congregazione institution; C#354 family and C#355 Contarini villa are kept distinct. Existing C#364 cand-0834 remains person (Stefano Conti); the index subentry does not replace it with the appendix documents. C#361 remains the person Antonio Conti; the lost treatise is separately represented by archive candidate cand-9728. Source Markdown, PDF, and C.csv are unchanged. Index navigation adds no mentions, book statements, or relations."
chp-22,chp-22:22_CHP-22Index:l1082-1136,reviewed,complete,L1082-1136,"no_semantic_content: index-navigation-only. CHP-22Index.pdf physical p.10 visibly prints p.452; S0 L1082 is the running header and C.csv#372-420 covers 49 right-column rows on L1083-1136. Four existing see-under aliases C#394, C#397, C#398 and C#401 remain excluded; 43 open candidates are typed as 21 person, 19 work and 3 family, while existing C#407 cand-0873 remains person. Corradini's Schulenburg statue and Virginity, three Correggio paintings, the Longhi paintings/drawings topic (supported by existing S2 work groups cand-10712 and cand-10714), and thirteen titled Crespi works are typed work. Corner/Corsini family entries remain distinct from people. C#388 cand-0858 ('collections') remains type-pending: S2 identifies Correr's heterogeneous collection, but the taxonomy has no faithful collection type; it is not forced into person, place, institution or term. Crequi is corrected to printed 'Créqui' in the candidate only; source Markdown, PDF and C.csv remain unchanged. Index locators add no mentions, book statements or relations."
chp-22,chp-22:22_CHP-22Index:l111-111,excluded,complete,L111-111,no_semantic_content: S0 [Page 444] is a generated page locator matching the visible p.444 folio at the top of CHP-22Index.pdf physical p.2. It contains no index entry or book-fact claim.
chp-22,chp-22:22_CHP-22Index:l113-168,reviewed,complete,L113-168,"no_semantic_content: CHP-22Index.pdf physical p.2 visibly prints p.444. S0 L113-114 are the page heading/folio; L115-168 transcribe the left column from Algarotti, Francesco—continued through Arcadia, Society of. Compared against the page image and A.csv#67-115; typed 49 open index candidates (45 person, 2 place, 1 term, 1 institution). Subentries remain navigation under their main index heading. The index locators do not assert book facts; no mentions, book statements, or relations were added."
chp-22,chp-22:22_CHP-22Index:l1138-1138,excluded,complete,L1138,"no_semantic_content: S0 L1138 [Page 453] is a generated page locator. CHP-22Index.pdf physical p.11 visibly prints p.453; the marker is page navigation, not an index entry or book-fact claim."
chp-22,chp-22:22_CHP-22Index:l1140-1194,reviewed,complete,L1140-1194,"no_semantic_content: index-navigation-only. CHP-22Index.pdf physical p.11 visibly prints p.453. S0 L1140-1194 contains left-column C.csv#421-431 and D.csv#0-36 entries plus OCR fragments from the right column; the full right-column transcription is separately covered by L1196-1249 and is not double-counted here. The 48 left-column candidates are typed as 34 person, 7 work, 1 term, 1 procedure, 1 archive, 2 place and 2 family. C#422 and C#425 remain their Crespi/Creti person headwords despite generic 'work for' subentries; C#426 is a generic term and C#431 a fiscal procedure. D#3 'Daphnis and Chloe' is the literary source (archive), distinct from indexed visual works; D#5 'Apotheosis of Aeneas' is a work. D#9 remains Daun person under an explanatory subentry, D#10 is the Vienna palace (place), and D#13 names S. Maria Maggiore, Bergamo (place). Index locators do not assert book facts; no mentions, book statements or relations are added."
chp-22,chp-22:22_CHP-22Index:l1196-1249,reviewed,complete,L1196-1249,"no_semantic_content: index-navigation-only. CHP-22Index.pdf physical p.11 visibly prints p.453; D.csv#37-66 and E.csv#0-15 are the complete right-column entries. Earlier S0 L1140-1194 contains only OCR fragments from this column, already accounted for as left-column coverage and not double-counted. Forty-five open candidates are typed as 24 person, 9 work, 2 place, 1 institution and 9 term; pretyped D#57 cand-0955 remains place. The Domenichino subentries distinguish Count of Monterey (person), Naples Cathedral frescoes and Hunt of Diana (works), payments (person-context topic), the tribune of S. Andrea della Valle (architectural place), and the specific fresco scheme in S. Carlo ai Catinari (work, described in the p.76 note). D#43 Dominicans in Venice denotes the religious order (institution); D#58 Dutch artists in Rome is a generic group/topic (term). The English patronage, tourist and Enlightenment entries are generic subjects (terms). Printed p.453 spells Düsseldorf; the candidate spelling is corrected while S0, PDF and D.csv remain unchanged. Index locators add no mentions, book statements or relations."
chp-22,chp-22:22_CHP-22Index:l1251-1251,excluded,complete,L1251-1251,"no_semantic_content: S0 L1251 [Page 454] is a generated page locator. CHP-22Index.pdf physical p.12 visibly prints p.454; the marker is navigation, not an index entry or book-fact claim."
chp-22,chp-22:22_CHP-22Index:l1253-1307,reviewed,complete,L1253-1307,"no_semantic_content: index-navigation-only. CHP-22Index.pdf physical p.12 visibly prints p.454. S0 L1253-1307 contains left-column E.csv#16-20 and F.csv#0-44 entries plus OCR fragments from the right column; the full right-column transcription is separately covered by L1309-1363 and is not double-counted here. Forty-six open candidates are typed as 31 person, 5 work, 7 place, 1 term, 1 family and 1 event; F#29 cand-1014 remains person, and E#19 cand-2903 remains an excluded see-under alias. Farsetti's casts and paintings remain type-pending because the taxonomy has no collection type. The Bentivoglio family, the actual early-nineteenth-century sale of collections, Ferrerio's Vigilance statue and staircase stucco decoration follow the corresponding book passages. Index locators add no mentions, book statements or relations."
chp-22,chp-22:22_CHP-22Index:l1309-1363,reviewed,complete,L1309-1363,"no_semantic_content: index-navigation-only. CHP-22Index.pdf physical p.12 visibly prints p.454. S0 L1309-1363 contains the complete right-column F.csv#45-92 entries; OCR fragments also occur at the end of L1253-1307 and are not counted twice. Forty-three open candidates are typed as 29 person, 8 work, 3 place, 1 term, 1 archive and 1 family; pretyped F#68, F#72, F#74 and F#85 retain their person/family/place classifications. F#45-46 remain Ciro Ferri person-context entries because the generic index wording does not identify a single work. Florence and its role as an artistic centre remain a place entry; Flemish artists in Rome is a generic group term. Fontenelle's Eloge is a literary document (archive). The paintings, sculpture/fountain, and named fresco or canvas subjects are works. F#69 Foscarini's private library remains type-pending because the taxonomy lacks a collection type. Index locators add no mentions, book statements or relations."
chp-22,chp-22:22_CHP-22Index:l1365-1366,excluded,complete,L1365-1366,no_semantic_content: S0 L1365 [Page 455] is a generated page locator and L1366 INDEX is a running section header. CHP-22Index.pdf physical p.13 visibly prints p.455 and the INDEX header; neither line is an index entry or book-fact claim.
chp-22,chp-22:22_CHP-22Index:l1368-1422,reviewed,complete,L1368-1422,"no_semantic_content: index-navigation-only. CHP-22Index.pdf physical p.13 visibly prints p.455. S0 L1368-1422 covers the complete left-column entries F.csv#93-109 and G.csv#0-29; F#94-95 are excluded see-under aliases. The linewise OCR appends alphabetical navigation fragments from the right column; these are not separately classified here, and the full right-column entries are covered by L1424-1477. Forty-five open candidates are typed as 30 person, 7 work, 4 term, 3 archive and 1 institution. F#108 is Furlani in the printed page and index CSV; the S0 OCR spelling Furiani is not changed. F#98 French Academy in Rome is an institution; general French hostility/patronage headings are terms. G#10 Della Moneta, G#14 Dialogo and G#17 Trattato are documentary/literary works (archive); named pictorial subjects and Gaulli's church fresco are works. Index locators add no mentions, book statements or relations."
chp-22,chp-22:22_CHP-22Index:l1424-1477,reviewed,complete,L1424-1477,"no_semantic_content: index-navigation-only. CHP-22Index.pdf physical p.13 visibly prints p.455. S0 L1424-1477 contains the complete right-column entries G.csv#30-79 (50 open-status candidates); 49 are newly typed and the existing person type on G#48 cand-1141 is retained, for totals of 34 person, 6 work, 7 term, 1 archive, 1 institution and 1 place. G#30 'work in Gesù' and G#44-45 'work for Charles I/Marie de Medici' describe artistic activity or commissions without identifying separate works; retain person context. G#35-36, G#43, G#61 and G#68-69 identify Danaë, Elizabeth Felton as Cleopatra, Public Felicity, the Battle of Lepanto fresco cycle, the equestrian statue of Henri IV and Mercury; these are works. G#33 Gazzeta Veneta is a periodical/document (archive); G#38 Genoa is a place; G#39 Genoese aristocracy and G#51-55/G#58 are general concepts (terms). G#57 Gesuati refers to the religious order (institution); the new church and adjoining spatial references remain distinct place candidates, with cross-entry identity handled at S3. The index page image and G.csv read G#73 as Gibbon; S0 OCR 'Gibhon' is not edited. Index locators add no mentions, book statements or relations."
chp-22,chp-22:22_CHP-22Index:l1479-1479,excluded,complete,L1479-1479,"no_semantic_content: S0 L1479 [Page 456] is a generated page locator. CHP-22Index.pdf physical p.14 visibly prints p.456; the marker is navigation, not an index entry or book-fact claim. The running header at L1481 is covered with the following left-column segment."
chp-22,chp-22:22_CHP-22Index:l1481-1535,reviewed,complete,L1481-1535,"no_semantic_content: index-navigation-only. CHP-22Index.pdf physical p.14 visibly prints p.456. S0 L1481 is the running header; L1482-1535 contain the complete left-column entries G.csv#80-126. Forty-six candidates are open: 45 are typed as 23 person, 10 work, 7 archive, 2 family, 2 term and 1 place; G#99 Giovanelli collection stays type-pending because the taxonomy has no collection class, and G#120 Gonzaga remains an excluded see-under alias. G#80 admirers in Venice is a generic reception group (term); G#82 del Rosso is a family. Named Luca Giordano pictures/cycles G#83-91 are works, including the commissioned Crossing of the Red Sea and paintings enumerated for the Labia collection. Generic work in Spain, work at S. Maria Maggiore in Bergamo and payment subentries G#92-94 remain in Giordano's person context; G#93 does not identify a separate work, consistent with the Ciro Ferri index wording. G#96 Tempesta is a work; Giustiniani and Goldoni relation/activity headings do not create formal relations here. Giustiniani's publication and Goldoni's plays, memoirs and editions plus Gori's Museum Etruscum are documents (archive); art views are a concept (term). The page image reads G#97 Giori (S0 OCR Gioii is left unchanged). It reads G#125 Gozadini, Bonifazio, while G.csv transcribes Bonisezio; correct only the candidate name to the printed spelling and retain the source transcription. Index locators add no mentions, book statements or relations."
chp-22,chp-22:22_CHP-22Index:l1537-1591,reviewed,complete,L1537-1591,"no_semantic_content: index-navigation-only. CHP-22Index.pdf physical p.14 visibly prints p.456. L1537 is the running header; the right column contains G.csv#127-176. The left-column OCR fragments embedded in S0 L1544-1557 and L1569-1574 are not reclassified; the page image separates the two columns. Fifty entries contain 48 open candidates: 47 typed as 22 person, 19 work, 2 archive, 3 term and 1 family; G#135 Grassi collection stays type-pending because the taxonomy has no collection class, while G#138-139 Gregory see-under aliases remain excluded. G#129 Gasparo Gozzi's articles on Pietro Longhi are documents (archive); the social value of painting and views on art are indexed concepts (terms); support for Pisani remains in Gozzi's person context. G#151 and G#159 Sala del Maggior Consiglio refer to an artwork attributed to both Guardis (book p.316); keep the candidates separate for S3 identity alignment. G#152/G#160 scenes from Gerusalemme Liberata and G#156 Parlatorio/G#158 Ridotto are Guardi works (book pp.336, 383), not place entries. G#162 is the general copyist context; G#163-167 identify the copied Tintoretto, Veronese and Bassano paintings. G#171 is a contract (archive); titled Guercino paintings are works, and payment/rates remain person-context/term entries. The page image reads G#141 Griè, Angelica; correct only the candidate name from the G.csv OCR 'Grill'. Index locators add no mentions, book statements or relations."
chp-22,chp-22:22_CHP-22Index:l1593-1593,excluded,complete,L1593-1593,"no_semantic_content: S0 L1593 [Page 457] is a generated page locator. CHP-22Index.pdf physical p.15 visibly prints p.457; the marker is navigation, not an index entry or book-fact claim. The running header at L1595 is covered with the following left-column segment."
chp-22,chp-22:22_CHP-22Index:l1595-1649,reviewed,complete,L1595-1649,"no_semantic_content: index-navigation-only. CHP-22Index.pdf physical p.15 visibly prints p.457. The left column covers G.csv#177-195, H.csv#0-24 and I.csv#0-4; the page image separates these from right-column OCR fragments. Forty-nine index rows contain 47 open candidates: 46 typed as 29 person, 11 work, 2 archive, 3 term and 1 event; H#4 Hapsburg collections from Prague stays type-pending because the taxonomy has no collection class, and G#195/H#6 Guzman/Harley see-under aliases remain excluded. G#177 Guercino's refusal of Charles I's invitation is a discrete event (book p.178); G#184 work for Ruffo remains person context, and named paintings are works. Guicciardini's Histories and Imago primi saeculi are documents (archive); the general Hapsburg patronage, book-category and indecency headings are terms. Guidi's drawings, Fame design and sculptured groups plus Houdon's busts and Huber's engraving are works. Index locators add no mentions, book statements or relations."
chp-22,chp-22:22_CHP-22Index:l1651-1703,reviewed,complete,L1651-1703,"no_semantic_content: index-navigation-only. CHP-22Index.pdf physical p.15 visibly prints p.457. The right column covers I.csv#5-10, J，K.csv#0-26 and L.csv#0-8; the page image separates it from the left-column entries. Forty-two index rows contain 38 open candidates: 36 typed as 23 person, 3 institution, 7 term, 1 work, 1 archive and 1 family; J，K#15 Van Dyck and Rubens paintings in Johann Wilhelm's collection and L#5 Labia collection stay type-pending because the taxonomy has no collection/group class. I#6-9 Innocent see-under aliases remain excluded. Jesuits are an institution (including Rome/Venice locator variants); their art characteristics and hostility-of-Gesuati heading are terms, not formal relations. Johann Wilhelm's named-person, patronage and taste headings remain person/term context; unspecified grouped holdings do not become invented individual works. Juvarra's Madrid decorating scheme is a design work; Il Filosofo dell'Alpi is a published ode (archive). Index locators add no mentions, book statements or relations."
chp-22,chp-22:22_CHP-22Index:l170-224,reviewed,complete,L170-224,"no_semantic_content: CHP-22Index.pdf physical p.2 visibly prints p.444; this is the right column. S0 L170-224 runs from Arconato, Galeazzo through Baccinelli/Susanna. Compared against the page image and A.csv#116-154 plus B.csv#1; typed 40 open candidates (23 person, 17 term) by their S1 headwords. Subentries and page locators remain index navigation, not separate assertions or relations. The explicit Baciccio see-under redirect remains the existing excluded alias to Gaulli; no new entity. No mentions, book statements, or relations were added."
chp-22,chp-22:22_CHP-22Index:l1705-1705,excluded,complete,L1705-1705,"no_semantic_content: S0 L1705 [Page 458] is a generated page locator. CHP-22Index.pdf physical p.16 visibly prints p.458; the marker is navigation, not an index entry or book-fact claim. The running header at L1707 is covered with the following left-column segment."
chp-22,chp-22:22_CHP-22Index:l1707-1761,reviewed,complete,L1707-1761,"no_semantic_content: index-navigation-only. CHP-22Index.pdf physical p.16 visibly prints p.458. S0 L1707-1761 contains the complete left-column entries L.csv#9-56 (48 open candidates), typed as 31 person, 14 work, 2 archive and 1 term. Named paintings by Van Laer and Legros, Lanfranco's dome, Lazzarini's painted Triumphal Arch, Leonardo's named paintings and Leoni's etching are works; L'Hoggidi and Leonardo's Trattato della pittura are documents (archive). Van Laer's prices, Lanfranco's payments and commissions, and Lazzarini's unspecified work for S. Paolo d'Argan remain person context. Landscapes with varying reactions in Rome and Venice is a term. The S0 page image corrects candidate-only locators L.csv#13 311->3n, #15 378->328, #34 122->133 and #41 122n->135n; original S0 and L.csv are unchanged. Index locators add no mentions, book statements or relations."
chp-22,chp-22:22_CHP-22Index:l1763-1817,queued,pending,,
chp-22,chp-22:22_CHP-22Index:l1819-1820,queued,pending,,
chp-22,chp-22:22_CHP-22Index:l1822-1876,queued,pending,,
chp-22,chp-22:22_CHP-22Index:l1878-1931,queued,pending,,
chp-22,chp-22:22_CHP-22Index:l1933-1933,queued,pending,,
chp-22,chp-22:22_CHP-22Index:l1935-1989,queued,pending,,
chp-22,chp-22:22_CHP-22Index:l1991-2045,queued,pending,,
chp-22,chp-22:22_CHP-22Index:l2047-2047,queued,pending,,
chp-22,chp-22:22_CHP-22Index:l2049-2103,queued,pending,,
chp-22,chp-22:22_CHP-22Index:l2105-2158,queued,pending,,
chp-22,chp-22:22_CHP-22Index:l2160-2160,queued,pending,,
chp-22,chp-22:22_CHP-22Index:l2162-2215,queued,pending,,
chp-22,chp-22:22_CHP-22Index:l2217-2270,queued,pending,,
chp-22,chp-22:22_CHP-22Index:l226-227,excluded,complete,L226-227,"no_semantic_content: S0 L226 [Page 445] is a generated locator and L227 INDEX is the running header. The page image, CHP-22Index.pdf physical p.3, visibly prints p.445; these lines are page navigation, not index entries or book-fact claims."
chp-22,chp-22:22_CHP-22Index:l2272-2272,queued,pending,,
chp-22,chp-22:22_CHP-22Index:l2274-2328,queued,pending,,
chp-22,chp-22:22_CHP-22Index:l229-338,reviewed,complete,L229-338,"no_semantic_content: CHP-22Index.pdf physical p.3 visibly prints p.445; L229-338 transcribes both columns from Bacon, Sir Francis through Barelli, Agostino. Compared against the page image and B.csv#2-91; typed 89 open candidates (80 person, 6 term, 1 family, 2 place) by their S1 headwords. cand-0159 Baglioni collection remains type-unresolved: the current taxonomy has no collection type, and the index alone does not establish an organization or place. Subentries and locators are navigation, not assertions or relations. No mentions, book statements, or relations were added."
chp-22,chp-22:22_CHP-22Index:l2330-2385,queued,pending,,
chp-22,chp-22:22_CHP-22Index:l2387-2387,queued,pending,,
chp-22,chp-22:22_CHP-22Index:l2389-2444,queued,pending,,
chp-22,chp-22:22_CHP-22Index:l2446-2500,queued,pending,,
chp-22,chp-22:22_CHP-22Index:l2502-2503,queued,pending,,
chp-22,chp-22:22_CHP-22Index:l2505-2559,queued,pending,,
chp-22,chp-22:22_CHP-22Index:l2561-2612,queued,pending,,
chp-22,chp-22:22_CHP-22Index:l2614-2614,queued,pending,,
chp-22,chp-22:22_CHP-22Index:l2616-2670,queued,pending,,
chp-22,chp-22:22_CHP-22Index:l2672-2726,queued,pending,,
chp-22,chp-22:22_CHP-22Index:l2728-2729,queued,pending,,
chp-22,chp-22:22_CHP-22Index:l2731-2785,queued,pending,,
chp-22,chp-22:22_CHP-22Index:l2787-2840,queued,pending,,
chp-22,chp-22:22_CHP-22Index:l2842-2842,queued,pending,,
chp-22,chp-22:22_CHP-22Index:l2844-2897,queued,pending,,
chp-22,chp-22:22_CHP-22Index:l2899-2952,queued,pending,,
chp-22,chp-22:22_CHP-22Index:l2954-2954,queued,pending,,
chp-22,chp-22:22_CHP-22Index:l2956-3010,queued,pending,,
chp-22,chp-22:22_CHP-22Index:l3-3,excluded,complete,L3-3,"OCR/source marker [Page 24] only; it is not printed in CHP-22Index.pdf physical p.1, which is the unnumbered opening index leaf preceding the visible p.444 folio. Treat the marker as a source locator, not a printed folio, index entry, or factual claim."
chp-22,chp-22:22_CHP-22Index:l3012-3066,queued,pending,,
chp-22,chp-22:22_CHP-22Index:l3068-3068,queued,pending,,
chp-22,chp-22:22_CHP-22Index:l3070-3124,queued,pending,,
chp-22,chp-22:22_CHP-22Index:l3126-3179,queued,pending,,
chp-22,chp-22:22_CHP-22Index:l3181-3182,queued,pending,,
chp-22,chp-22:22_CHP-22Index:l3184-3292,queued,pending,,
chp-22,chp-22:22_CHP-22Index:l3294-3294,queued,pending,,
chp-22,chp-22:22_CHP-22Index:l3296-3349,queued,pending,,
chp-22,chp-22:22_CHP-22Index:l3351-3405,queued,pending,,
chp-22,chp-22:22_CHP-22Index:l340-340,excluded,complete,L340-340,"no_semantic_content: S0 L340 [Page 446] is a generated page locator. CHP-22Index.pdf physical p.4 visibly prints p.446; the marker is navigation only, not an index entry or book-fact claim."
chp-22,chp-22:22_CHP-22Index:l3407-3408,queued,pending,,
chp-22,chp-22:22_CHP-22Index:l3410-3463,queued,pending,,
chp-22,chp-22:22_CHP-22Index:l342-396,reviewed,complete,L342-396,"no_semantic_content: CHP-22Index.pdf physical p.4 visibly prints p.446; L342-396 transcribes the left column from Baretti, Giuseppe through Bentivoglio, Ippotilo. Compared against the page image and B.csv#92-140; typed 49 open candidates (47 person, 1 term, 1 institution) by their S1 headwords. Barnabotti is a social class term; Benedictines is a religious order. Subentries and locators remain index navigation, not assertions or relations. No mentions, book statements, or relations were added."
chp-22,chp-22:22_CHP-22Index:l3465-3515,queued,pending,,
chp-22,chp-22:22_CHP-22Index:l3517-3517,queued,pending,,
chp-22,chp-22:22_CHP-22Index:l3519-3542,queued,pending,,
chp-22,chp-22:22_CHP-22Index:l3567-3588,queued,pending,,
chp-22,chp-22:22_CHP-22Index:l398-452,reviewed,complete,L398-452,"no_semantic_content: CHP-22Index.pdf physical p.4 visibly prints p.446; L398-452 is the right column. Compared against the page image and B.csv#141-180; all 40 open candidate rows concern Bernini persons (39 newly typed; cand-0319 was already person). The page image and S0 also show the headwords Bentveugels and Bergamo before Bernini, but neither is represented as a main entry in the S1 A/B CSVs or by an index_entry_id candidate. Record these as S1 index-seed scope gaps for the S2 handoff audit; do not infer identity from existing body candidates. Index subentries and locators are navigation, not assertions or relations. No mentions, book statements, or relations were added."
chp-22,chp-22:22_CHP-22Index:l454-454,excluded,complete,L454-454,"no_semantic_content: S0 L454 [Page 447] is a generated page locator. CHP-22Index.pdf physical p.5 visibly prints p.447; the marker is page navigation, not an index entry or book-fact claim."
chp-22,chp-22:22_CHP-22Index:l456-510,reviewed,complete,L456-510,"no_semantic_content: CHP-22Index.pdf physical p.5 visibly prints p.447; L456-510 is the left column plus OCR fragments from the facing right column, which is transcribed separately at L512-566. Compared against the page image and B.csv#181-227; typed 47 person rows (46 new type assignments; cand-0379 was already person). B.csv#214 contains mojibake in Niccolò; the printed page and candidate name were used, leaving the S1 CSV unchanged. Subentries and locators are index navigation, not assertions or relations. No mentions, book statements, or relations were added."
chp-22,chp-22:22_CHP-22Index:l512-566,reviewed,complete,L512-566,"no_semantic_content: CHP-22Index.pdf physical p.5 visibly prints p.447; L512-566 transcribes the right column. L512's OCR 'X 447' is page furniture. Compared against the page image and B.csv#228-274; typed 42 person, 3 place, and 1 term rows. B.csv#262 and #267-270 contain mojibake in accented names; the printed page and candidate names were used, leaving the S1 CSV unchanged. cand-0387 Bonfiglioli collection remains type-pending because the taxonomy has no collection type and the index alone does not justify another class. Subentries and locators are navigation, not assertions or relations. No mentions, book statements, or relations were added."
chp-22,chp-22:22_CHP-22Index:l568-568,excluded,complete,L568-568,"no_semantic_content: S0 L568 [Page 448] is a generated page locator. CHP-22Index.pdf physical p.6 visibly prints p.448; the marker is page navigation, not an index entry or book-fact claim."
chp-22,chp-22:22_CHP-22Index:l570-624,reviewed,complete,L570-624,"no_semantic_content: CHP-22Index.pdf physical p.6 visibly prints p.448; L570-624 is the left column. Compared against the page image and B.csv#275-323; 46 open rows were typed person. B.csv#281 (cand-0434) was already person and #319 (cand-0471, Burlington's house at Chiswick) was already place; both were retained. B.csv#311 (Brydges, Grey, see under Chandos, Lord; cand-2892) remains excluded. The page image resolves OCR noise in Brienne, Brosses, Brühl, and Brunelleschi; the S0 and S1 source assets were not rewritten. Index subentries and locators remain navigation, not assertions or relations. No mentions, book statements, or relations were added."
chp-22,chp-22:22_CHP-22Index:l626-680,reviewed,complete,L626-680,"no_semantic_content: CHP-22Index.pdf physical p.6 visibly prints p.448; L626 is the running header and L627 includes a scan mark, while the right-column entries map to C.csv#0-43. The page image resolves OCR noise in Camassei's page locators and Canaletto subentry locators; S0 and C.csv were not rewritten. Typed 42 previously untyped rows person. cand-0504 and cand-0505 remain work because their p.277 note evidence is already recorded in candidate details. Subentries and locators remain index navigation; no mentions, book statements, or relations were added."
chp-22,chp-22:22_CHP-22Index:l64-109,reviewed,complete,L64-109,"no_semantic_content: S0 L64-109 is the right-column continuation of the unnumbered opening index leaf in CHP-22Index.pdf physical p.1; the following page visibly bears p.444, so the opening folio is inferred as p.443. L64-67 are OCR fragments of the index Notes; L68-109 cover Alexander VII/VIII cross-references, Algardi and Algarotti headings and subentries. Their A.csv#33-66 candidates were classified against the full page in the preceding migration; no additional candidate, mention, book statement, or relation is created here. The OCR marker [Page 24] is not a printed folio."
chp-22,chp-22:22_CHP-22Index:l682-682,excluded,complete,L682-682,"no_semantic_content: S0 L682 [Page 449] is a generated page locator. CHP-22Index.pdf physical p.7 visibly prints p.449; the marker is page navigation, not an index entry or book-fact claim."
chp-22,chp-22:22_CHP-22Index:l684-738,reviewed,complete,L684-738,"no_semantic_content: CHP-22Index.pdf physical p.7 visibly prints p.449; L684-738 is the left column, continuing Canaletto subentries C.csv#44-52 and covering Candiani through Carpegna (#53-91). The OCR also contains fragments from the right column; those are handled separately at L740-794. Typed 44 person and 2 institution main-headword candidates (Capuchins and Carmelites). cand-0531 Canons remains place; cand-0556 remains work on existing p.277 evidence. Index subentries and locators remain navigation; no mentions, book statements, or relations were added."
chp-22,chp-22:22_CHP-22Index:l740-794,reviewed,complete,L740-794,"no_semantic_content: CHP-22Index.pdf physical p.7 visibly prints p.449; L740-794 contains the right-column entries mapped to C.csv#92-139, from Carpi through Caylus. The page image resolves OCR fragments and page furniture at the column boundary; C.csv#117-124 mojibake NiccolÃ², resolved from the print as Niccolò. S0 and C.csv remain unchanged. Typed 46 person, one event (Castro wars), and one institution (Cavalieri di Santo Stefano) main-headword candidates. Index subentries and locators remain navigation; no mentions, book statements, or relations were added."
chp-22,chp-22:22_CHP-22Index:l796-796,excluded,complete,L796-796,"no_semantic_content: S0 L796 [Page 450] is a generated page locator. CHP-22Index.pdf physical p.8 visibly prints p.450; the marker is page navigation, not an index entry or book-fact claim."
chp-22,chp-22:22_CHP-22Index:l798-852,reviewed,complete,L798-852,"no_semantic_content: CHP-22Index.pdf physical p.8 visibly prints p.450; L798-852 is the left column, covering C.csv#140-190 from Cebes through Chigi, Fabio (Pope Alexander VII). The page image resolves OCR noise and C.csv#172-173 mojibake for Chantelou and Chardin; S0 and C.csv remain unchanged. The book's 02_CHP-2_sec_iv.md L183-184 identifies Chi soffre, speri as a verse drama, so cand-0660 is typed work; the other 50 main-headword candidates are person. Index subentries and locators remain navigation; no mentions, book statements, or relations were added."
chp-22,chp-22:22_CHP-22Index:l854-908,reviewed,complete,L854-908,"no_semantic_content: CHP-22Index.pdf physical p.8 visibly prints p.450; L854-908 is the right column, covering C.csv#191-226 from Chigi through S. Francesco da Paola. The page image resolves the column-boundary OCR fragments. C.csv#204 is the topical group 'Churches of religious orders' (term); C.csv#205-226 identify specific church buildings or chapels with location context (place), following taxonomy's place definition. C.csv#191-203 are person candidates. The subentries/details are navigation and do not add claims or relations; no mentions, book statements, or relations were added."
chp-22,chp-22:22_CHP-22Index:l9-56,reviewed,complete,L9-56,"no_semantic_content: S0 L9-56 is the left-column OCR segment of the unnumbered opening index leaf in CHP-22Index.pdf physical p.1; the opening folio is inferred as p.443 from the following visible p.444. The full-page A.csv mapping spans this segment and the right-column continuation at L64-109, which is recorded separately. Index entries and locators are navigational, not book-fact claims; no mentions or statements were added."
chp-22,chp-22:22_CHP-22Index:l910-911,excluded,complete,L910-911,"no_semantic_content: S0 L910 [Page 451] and L911 `INDEX` is a generated page locator. CHP-22Index.pdf physical p.9 visibly prints p.451; the marker is page navigation, not an index entry or book-fact claim."
chp-22,chp-22:22_CHP-22Index:l913-1022,reviewed,complete,L913-1022,"no_semantic_content: index-navigation-only. CHP-22Index.pdf physical p.9 visibly prints p.451; L913-1022 covers both columns and C.csv#227-321 (95 rows). Six existing see-under aliases C#314-319 remain excluded; 89 open candidates are typed as 25 person, 42 place, and 22 work. Church/building subentries are places except the distinct St Peter's internal works at C#238-241. Cignani's Bacchanal (C#274), Forli cupola painting (C#275; 08_CHP-8_sec_ii.md L102 and existing S2 work mapping), Jupiter giving Suck and St John the Baptist (C#276-277; 10_CHP-10_intro.md L522), and Cigoli's Deposition (C#281; 08_CHP-8_sec_ii.md L248) are works. Clément, Abbé is corrected from the S1 transcription to match the printed accent; Città di Castello is likewise verified against print. Source Markdown, PDF, and C.csv are unchanged. Index navigation adds no mentions, book statements, or relations."
chp-2,chp-2:02_CHP-2_intro:l1-1,excluded,complete,,排除：Markdown文件标题是分节文件名标记，不是原书内容；无实体提及或断言。
chp-2,chp-2:02_CHP-2_intro:l3-4,excluded,complete,,排除：印刷页码和章节标题仅作导航定位，不构成独立内容单元；无实体提及或断言。
chp-2,chp-2:02_CHP-2_intro:l6-7,reviewed,complete,L6-7,章首脚注1的全章默认书目指引已迁移；Pastor XIII与Pecchiai 1959映射至开放书目候选，不作为具体事实的独立验证。
chp-2,chp-2:02_CHP-2_intro_title_visual-transcription:l1-1,reviewed,complete,L1-1,据CHP-2.pdf物理第1页补录正式章名；区别于重复页眉，题名作为章级元数据处理，其中Urban VIII提及复用既有候选。
chp-2,chp-2:02_CHP-2_sec_i:l1-1,excluded,complete,,排除：Markdown文件标题是分节文件名标记，不是原书内容；无实体提及或断言。
chp-2,chp-2:02_CHP-2_sec_i:l108-119,reviewed,complete,L108-119,"Printed p.30 (PDF physical p.11) visually checked. OCR corrections: Cavalière→Cavaliere, hi→in (L110, L115), writhig→writing; Passignano print spelling retained against index Passignani. Footnotes 1–6 are in the later S0 segment sec_i:l124-157 and remain pending cross-link until that segment is processed."
chp-2,chp-2:02_CHP-2_sec_i:l12-13,excluded,complete,,S0仅含页码和反向OCR残片；页面可读题注另以独立补充S0段转录并完成S2，因此此残片段不重复建提及/断言。
chp-2,chp-2:02_CHP-2_sec_i:l121-121,excluded,complete,,仅为OCR页码标记[Page 31]；PDF物理第12页显示其为页码导航，正文在下一节sec_ii单独切分，不重复计入本段。
chp-2,chp-2:02_CHP-2_sec_i:l124-157,reviewed,complete,L126-157,Lines 126–157 read and migrated; print pp. 25–31 (PDF pp. 6–12) visually checked. L125 is a reverse OCR plate fragment with no note content and was excluded. Printed footnote markers were cross-linked in source order to the preceding body segments; unresolved citations remain candidates for S3/bibliography mapping.
chp-2,chp-2:02_CHP-2_sec_i:l15-29,excluded,complete,,反向OCR版图版III页导航/题注碎片本身不可用，按OCR残段排除；PDF物理第4页可见的两条正文图注另由独立视觉转录段chp-2:02_CHP-2_sec_i_plate3_visual-transcription:l1-3迁入。
chp-2,chp-2:02_CHP-2_sec_i:l3-7,reviewed,complete,L3-7,已完成语义阅读并迁入实体候选、提及与原书断言；印刷页24核对装饰首字母M及“and rich”断行；脚注1链接章首注释intro:l6-7。旧阅读表其余第I节行号与规范S0内容错位，待按规范段重映射。
chp-2,chp-2:02_CHP-2_sec_i:l31-42,excluded,complete,,S0为页码和反向OCR题注残片；Plate 4可读题注已转录到独立补充S0段并迁入S2，因此此残片不重复建无锚点提及/断言。
chp-2,chp-2:02_CHP-2_sec_i:l44-53,reviewed,complete,L44-53,第25页正文已逐段迁入；含图像归属限定、费拉拉接管与提香作品转移、遗产估值异文及小堂选址。PDF物理第6页核校OCR；脚注1-6待注释段迁入后交叉链接；L53句尾续接L55-69。
chp-2,chp-2:02_CHP-2_sec_i:l55-69,reviewed,complete,L55-69,Reviewed against section OCR and CHP-2.pdf print p.26 (physical p.7). Footnote markers 1-4 need cross-linking when the note segment is migrated.
chp-2,chp-2:02_CHP-2_sec_i:l71-80,reviewed,complete,L71-80,Reviewed against section OCR and CHP-2.pdf print p.27 (physical p.8). Footnote markers 1-4 map to note lines 136-139 in this section file and require S2 migration/cross-linking; note 2 identifies Renier Zeno. Sentence continues into the next segment after “a wonderful”.
chp-2,chp-2:02_CHP-2_sec_i:l82-93,reviewed,complete,L82-93,Reviewed against section OCR and CHP-2.pdf print p.28 (physical p.9). Footnote markers 1-3 require later S2 migration and cross-linking; “a living corpse …” continues at L95. The candidate “Farnese palace” maps provisionally to an index entry whose page range omits p.28.
chp-2,chp-2:02_CHP-2_sec_i:l9-10,reviewed,complete,L9-10,L9页码导航；L10为插入图版I《Allegory of Rome》图注。物理PDF第2页目视核对图像与图注；复用书前图版清单中的作品及艺术家候选。
chp-2,chp-2:02_CHP-2_sec_i:l95-106,reviewed,complete,L95-106,Printed p.29 (PDF physical p.10) checked; OCR corrections documented. Footnotes 1-4 await cross-link to sec_iv:l139-152; L103 continues at sec_i:l108-119.
chp-2,chp-2:02_CHP-2_sec_i_plate3_visual-transcription:l1-3,reviewed,complete,L1-3,据CHP-2.pdf物理第4页补录正文Plate 3两条图注；复用书前目录同一肖像候选，记录本书另一独立印刷位置，不据图注验证作者或人物身份。
chp-2,chp-2:02_CHP-2_sec_i_visual-transcription:l1-4,reviewed,complete,L1-4,据CHP-2.pdf物理第3页逐字补录Plate 2页题、组题及2a/2b图注；见来源登记与S2过程记录。
chp-2,chp-2:02_CHP-2_sec_i_visual-transcription:l6-9,reviewed,complete,L6-9,据CHP-2.pdf物理第5页逐字补录Plate 4页题、组题及4a/4b题注；4a补充Guido Bentivoglio全名，见过程记录。
chp-2,chp-2:02_CHP-2_sec_ii:l1-1,excluded,complete,,自动生成的分节 Markdown 标题，仅作文件导航，不属于原书语料
chp-2,chp-2:02_CHP-2_sec_ii:l10-18,reviewed,complete,L10-18,印刷页32-33；第32页PDF及第33页续句已核对；脚注标记1-5保留待注释段迁入后交叉链接；L18续句标记为跨段片段
chp-2,chp-2:02_CHP-2_sec_ii:l106-107,reviewed,complete,L107-107,"PDF physical page 22 confirms the section-file segment is the Plate 5 caption “Bernini: Cardinal Borghese”, not a false Plate 6 caption. The page heading identifies Cardinal Scipione Borghese; reuse the existing Plate 5 work candidate and accepted person candidate. Plate 6 remains separately transcribed at sec_ii_visual-transcription:l1-3."
chp-2,chp-2:02_CHP-2_sec_ii:l109-113,reviewed,complete,L109-113,Plate 7 caption migrated; visual PDF confirms artist/title order and the OCR stray trailing D is not printed caption content.
chp-2,chp-2:02_CHP-2_sec_ii:l115-116,reviewed,complete,L115-116,"Plate 8 caption migrated; reuses the existing Barberini Chapel, Matteo Castelli, and S. Andrea della Valle candidates."
chp-2,chp-2:02_CHP-2_sec_ii:l118-125,reviewed,complete,L118-125,印刷页41目视核对；跨页肖像描述已与L103-104连接；墓葬与纪念物候选、断言和脚注标记均已迁移，L125末句待L127续接。
chp-2,chp-2:02_CHP-2_sec_ii:l127-139,reviewed,complete,L127-139,印刷页42（物理第27页）核读；续完Paul III墓／Council of Trent跨页句，区分Urban VIII墓葬雕像及嘉布遣会教堂工程。L139为脚注1末尾，开头在sec_ii:l191，后续双向链接；校正OCR差异但不改来源。
chp-2,chp-2:02_CHP-2_sec_ii:l141-145,reviewed,complete,L141-145,印刷页43（物理第28页）核读；续完L138纹章动机并记录嘉布遣会教堂陈设争议、特许例外与祭坛画委托。脚注1链接至sec_ii:l147-193；校正pietre fine及末尾OCR残符，不改来源文本。
chp-2,chp-2:02_CHP-2_sec_ii:l147-193,reviewed,complete,L147-193,"Footnotes on print pp. 32-43 / PDF physical pp. 13-28 fully read and migrated. Citations, substantive attributions, cross-references, and OCR/print corrections recorded; L193 links forward to sec_iv L1."
chp-2,chp-2:02_CHP-2_sec_ii:l20-28,reviewed,complete,L20-28,印刷页33；物理第14页PDF核对；OCR tire 校为印本 the；脚注1-3保留待注释段迁入后交叉链接；接续L18前段断言
chp-2,chp-2:02_CHP-2_sec_ii:l3-8,reviewed,complete,L3-8,印刷页31；页眉/页码及OCR差异已对照PDF校读；脚注标记1-5待与注释段交叉链接
chp-2,chp-2:02_CHP-2_sec_ii:l30-40,reviewed,complete,L30-40,印刷页34；PDF物理第15页核对正文与脚注1–5；OCR 在 Cavaliere 重音、his 拼写及 problem/was 之间的多余撇号上与印本不同；脚注1–5待对应注释S0段交叉链接
chp-2,chp-2:02_CHP-2_sec_ii:l42-50,reviewed,complete,L42-50,"Printed p.35 (CHP-2.pdf physical p.16) visually checked. OCR corrections: “toSt” spacing/punctuation; 200,000 soldi→scudi; spécial→special; tire pillars→the pillars; dome?→dome.³. L50 ends an incomplete sentence continued in the next S0 segment. Footnotes 1–3 are in sec_ii:l147-193 and remain pending migration/cross-link."
chp-2,chp-2:02_CHP-2_sec_ii:l52-60,reviewed,complete,L53-60,"Printed p.36 (CHP-2.pdf physical p.17) visually checked. L50 “Bernini’s” continues at L53 after page marker L52; the accepted scheme changes the altar plan, now cross-linked to the previous segment. OCR corrections: beplaced→be placed; butis→but is; martyrdomofChrist→martyrdom of Christ; leading quote artifact before “was given” removed against print. Footnotes 1–3 are in sec_ii:l147-193 and remain pending processing/cross-link."
chp-2,chp-2:02_CHP-2_sec_ii:l62-69,reviewed,complete,L63-69,Printed p.37 (CHP-2.pdf physical p.18) visually checked. L63 completes the Passeri quotation begun at L60; cross-segment statement link added. OCR corrections: arcliitectural→architectural; Tor→For. Footnotes 1–5 point to sec_ii:l147-193 and remain pending processing/cross-link. Nicholas Stone’s quoted Cardinal Barberine identity and the body of St Bibiana type remain unresolved.
chp-2,chp-2:02_CHP-2_sec_ii:l71-78,reviewed,complete,L72-78,"Printed p.38 (CHP-2.pdf physical p.19) visually checked. S0 OCR footnote tail reads “Brigand, 1962”; print reads “Briganti, 1962.” Footnote markers 1–4 point to sec_ii:l172-175 for later cross-link. L77 ends mid-sentence at “which” and continues at L81 in the next S0 segment; no acquisition detail added early."
chp-2,chp-2:02_CHP-2_sec_ii:l80-89,reviewed,complete,L81-89,Printed p.39 (CHP-2.pdf physical p.20) visually checked. Corrections recorded without changing S0: “sables”→“fables”; OCR “40 adapt”→print “to adapt”; Plate ioa/rob/na/nb→10a/10b/11a/11b; “and.breadth”→“and breadth.” Footnotes 1–4 point to sec_ii:l147-193 for later cross-link. L81 continues the Titian Holy Family sentence cut off at L77 in the previous segment; acquisition is cross-linked without treating the copy as the original.
chp-2,chp-2:02_CHP-2_sec_ii:l91-104,reviewed,complete,L91-104,Printed p.40 (CHP-2.pdf physical p.21) visually checked. L91-94 completes the Pietro da Cortona paragraph; L95 is a section divider; L96-104 begins section III on Urban VIII. Five footnotes await processing/cross-linking to sec_ii:l147-193. The L104 portrait sentence resumes at L119 after separate caption segments. OCR corrections are recorded in S2 qualifiers; S0 unchanged.
chp-2,chp-2:02_CHP-2_sec_ii_plate5_visual-transcription:l1-3,reviewed,complete,L1-3,据CHP-2.pdf物理第22页补录Plate 5组题及页号；组题明示Cardinal Scipione Borghese并指向Plates 5–7，单独登记语境提及。
chp-2,chp-2:02_CHP-2_sec_ii_visual-transcription:l1-3,reviewed,complete,L1-3,"PDF physical p. 23 visually transcribed. Reuses existing work, creator, and Villa Borghese candidates; caption year remains part of the title."
chp-2,chp-2:02_CHP-2_sec_ii_visual-transcription:l5-6,reviewed,complete,L5-6,no_semantic_content: “Barberini Patronage” and the plate-number cross-reference are an editorial grouping/navigation heading; no research topic or hierarchy node is derived.
chp-2,chp-2:02_CHP-2_sec_ii_visual-transcription:l8-9,reviewed,complete,L8-9,Printed p. 38 continuation of footnote 4 visually transcribed. The bibliographic pointer is also present at sec_ii L78; visual S2 records the print spelling Briganti against OCR Brigand and reuses the existing source candidates.
chp-2,chp-2:02_CHP-2_sec_iv:l1-1,excluded,complete,,"Markdown heading “# 02 CHP-2 sec iv” is a generated section label, not printed book text. The opening Francesco paragraph begins at sec_iv L3; printed p. 43 footnote 2 points to that paragraph."
chp-2,chp-2:02_CHP-2_sec_iv:l106-112,reviewed,complete,L107-112,L106为页码导航；L107补完前段跨页句；L108-112为正文。脚注标记1/2/3分别回链至后置注释段L229/L230/L231，待该段处理；无其他页下注正文混入。
chp-2,chp-2:02_CHP-2_sec_iv:l114-125,reviewed,complete,L116-125,L114为页码导航、L115为节标题；正文L116-125。脚注标记1/2/3分别回链至后置注释段L232/L233/L233，待注释段迁移；L125末句未完，续至下一规范段L127-137。
chp-2,chp-2:02_CHP-2_sec_iv:l127-137,reviewed,complete,L128-137,L127为印刷页55导航；正文L128-137。脚注1/2/3/4分别指向后置注释段L234/L234/L235/L236，待注释段迁移后回链。L125 'a special'由L128 'decree'接续；L129-130艺术分歧与L130-131 Lateran Baptistery跨行信息均已连贯记录；L137末句续至下一规范段L139-152的L140。PDF印刷页55（物理页40）校正L130 OCR 'Sacelli'为印本'Sacchi'；原文引句和S0保持不变。
chp-2,chp-2:02_CHP-2_sec_iv:l139-152,reviewed,complete,L140-152,L139为印刷页56导航；L140–148为正文，L149–152为脚注2在本页的续文。L137比武段末句由L140 ‘with delighted approval’补完，并连到Sacchi所绘比武高潮及Bentivoglio书籍插图。L142–143记录Barberini对罗马骑士传统的作者解释、Taddeo任Prefect仪式及Tassi奉命绘制的场景；不推定其婚姻对象。L145–147迁入1642宫殿图册、藏画、古物收藏、Francesco图书室和宫内剧场信息。L148的Bouchard句续至L172；脚注1/2/3分别指向后置注释L237/L238/L239，脚注2并在本段L149–152续文。PDF印刷页56（物理页41）校正L148 ‘3ooo’→‘3000’、L149 ‘Lavili’→‘Lavin’、L150 ‘ofthe’→‘of the’、L151 ‘193 5’→‘1935’及注释L238 ‘Teri’→‘Teti’；S0与original_quote保持原样。
chp-2,chp-2:02_CHP-2_sec_iv:l154-155,reviewed,complete,L155-155,Plate 9 caption核对PDF物理页42；复用已登记作品、载体、署名者和描绘地点候选，不新增实体。
chp-2,chp-2:02_CHP-2_sec_iv:l157-159,reviewed,complete,L158-159,PDF物理页43核对为Plate 10a/10b，页眉为‘SACCHETTI TASTE (see Plates 10 and 11)’；S0页标‘[Page ii]’与印本版面不符。题注复用已登记作品、作者及Helen候选，不新增实体。
chp-2,chp-2:02_CHP-2_sec_iv:l161-163,reviewed,complete,L162-163,PDF物理页44核对为Plate 11；S0页标‘[Page li]’与印本页标不符。两条题注复用已登记作品、作者及圣经人物候选，不新增实体。
chp-2,chp-2:02_CHP-2_sec_iv:l165-169,reviewed,complete,L166-169,PDF物理页45核对为横向置放的Plate 12；印本题注为‘SACCHI: Divine Wisdom’，OCR将词内字符逆序，S0与original_quote保持原样并在提及和断言限定记录校读。复用已登记作品与人物候选。
chp-2,chp-2:02_CHP-2_sec_iv:l171-179,reviewed,complete,L172-179,按S0逐行处理L172–179，并核对CHP-2.pdf印刷页57（PDF物理页46）。L172补完L148的Bouchard跨页句，记录演出室、两位身份未明的Barberini枢机、prelates及演员；不猜枢机身份，并保留women’s roles修饰范围。L173–174记录S. Alessio剧情、Rospigliosi撰写libretto、其Urban VIII宫廷文艺圈与Tuscan描述、对Bracciolini《L’elettione di Urbano VIII》的评论及1628年出版、赴西班牙和返罗马后的赞助活动。L175–176区分Poussin三件具名作品；《Happiness subject to Death》与《The Arcadian Shepherds》按原文括号记录为替代题名，是否均为Rospigliosi委托仍不确定。L177–178记录Haskell对Poussin/Claude的判断、三幅未名Claude风景、Claude遗嘱所载两幅赠画及五位画家的赞助；名单已由L182的Bernini续完。L179按Haskell转述Bellori《Nota dei Musei》记录Poussin《Rest on the Flight into Egypt》及Rospigliosi所有权。PDF核读确认“Urbano VIII”且“28”后为脚注标记；S0和original_quote不改。脚注1–4分别回链L240–243，后置注释待处理。
chp-2,chp-2:02_CHP-2_sec_iv:l181-188,reviewed,complete,L182-188,"逐行处理L182–188，核对CHP-2.pdf印刷页58（PDF物理页47）。L182在L177–178名单后补入Bernini，至此完成Rospigliosi的画家赞助名单；记录Rospigliosi于1667年成为Clement IX及两年后去世的Haskell概述，不把“striking proof of his love of art”提升为客观量化判断。L183–184记Urban VIII时期的未详行政任职、诗歌及为宫廷剧场写作的宗教／世俗诗剧、1639年《Chi soffre, speri》及Milton观看、Landi等人的音乐和观众更受歌者／场面吸引等作者判断。L185记Bernini负责S. Alessio布景变换、其存世方案的作者评价、罗马观众对各场景的反应及其引发的效果追求。L186–188转入Bernini宅外临时剧场、《L’Inondazione del Tevere》1638年狂欢节演出、前一年洪水启发及匿名观众所述舞台洪水效果；引语中的Tiber上涨、真实水流和堤坝均为舞台幻象，不作现实事件。页图确认L184行首OCR多出句点、L187行首两个连字符为误识；S0与original_quote不改。脚注1/2指向L244，脚注3指向L245，待注释段处理。"
chp-2,chp-2:02_CHP-2_sec_iv:l19-29,reviewed,complete,L19-29,逐段完成迁移；印刷页45（PDF物理第30页）核对。L19为页码导航。委员会名单续接L17；提议、意向、获采纳与完成状态分别记录。题名OCR “ferusalem”据印本校为 “Jerusalem”；脚注1–6指向注释L195–200，待注释段迁入后回链。L29续句接L31。
chp-2,chp-2:02_CHP-2_sec_iv:l190-245,reviewed,complete,L191-245,"Read and migrated footnotes on print pp. 44–58 (PDF physical pp. 29–47). Citation pointers, substantive notes, note continuations, and body cross-links are recorded. Visual checks preserve corrections to note markers and OCR without rewriting S0."
chp-2,chp-2:02_CHP-2_sec_iv:l3-4,reviewed,complete,L3-4,按S0逐行审阅并完成提及、断言迁移。PDF印刷页43（物理第28页）校正OCR：'artistic Use'为'artistic life'，'a'little'为'a little'。L4战争句在页末截断，续于L7；只记录片段并保留续接。脚注2已链接至sec_ii L193。
chp-2,chp-2:02_CHP-2_sec_iv:l31-43,reviewed,complete,L31-43,Read body and footnote continuation against CHP-2.pdf print p.46 (physical p.31); recorded cross-page footnote 6 and OCR corrections in process notes.
chp-2,chp-2:02_CHP-2_sec_iv:l45-52,reviewed,complete,L46-52,印刷页47（CHP-2.pdf物理第32页）逐行语义审阅并核对；L45为页码导航。L46-47续接L38；脚注1-5指向注释段L205-L209，待该规范段迁移后回链；L52末句续于L54-63。OCR校勘及实体/断言裁决详见S2过程记录。
chp-2,chp-2:02_CHP-2_sec_iv:l54-63,reviewed,complete,L55-63,印刷页48（CHP-2.pdf物理第33页）逐行语义审阅并核对；L54为页码导航，L57/58、L59/60及L60/61的跨行句已完整处理。图像确认L63 OCR “Use”应读为“life”，原始S0转录保留并在断言中标注。脚注1-4指向规范注释段L210-L213，待该段迁移后回链。L63生活方式句续于sec_iv L65-77；实体、语义限定与建筑归属详见S2过程记录。
chp-2,chp-2:02_CHP-2_sec_iv:l6-17,reviewed,complete,L6-17,逐段完成迁移；PDF印刷页44（物理第29页）核对。L6为页码导航；印本将OCR 'Lise' 校为 'Life'。巴黎使团失败、目标与结果严格区分；赠礼与挂毯的对应为上下文推断。L17委员会名单句续于L20；脚注1–4指向本节L191–194，待注释段迁入后回链。
chp-2,chp-2:02_CHP-2_sec_iv:l65-77,reviewed,complete,L66-77,印刷页49（CHP-2.pdf物理第34页）逐行语义审阅并核对；L65为页码导航，L66-74为正文，L75-77为脚注1续文。页图确认L72 OCR “court Use”应为“court life”、L73 “BentivogUo”应为“Bentivoglio”；原始S0与original_quote保留。页49脚注1-7分别链接注释段L214-L221，其中脚注1续文已在本段L75-77处理，注释段迁移时回链；前段Guido相对简朴句续接至本段L66。
chp-2,chp-2:02_CHP-2_sec_iv:l79-89,reviewed,complete,L80-89,印刷页50（CHP-2.pdf物理第35页）逐行语义审阅并核对；L79为页码导航，L80-89为正文。页图确认S0 L83在Apollo与Muses之间多出引号，原S0和original_quote保留；校勘记入断言限定。正文脚注1-3分别指向注释段L222-L224，注释文字待后续迁入后回链。L89关于女性Wisdom形象的句子未完，continuation链接至规范段l91-94。
chp-2,chp-2:02_CHP-2_sec_iv:l91-94,reviewed,complete,L92-94,印刷页51（CHP-2.pdf物理第36页）逐行语义审阅并核对；L91为页眉与页码导航，正文L92-94。L92接续L89女性Wisdom形象句并明确为Sun；脚注1、2分别指向本节注释段L225、L226，尚待注释段迁移后回链。记录Sun、bees、laurel三种Barberini insignia，Sacchi作品中的拟人寓意人物及其非穷尽性，不推断Love/Fear与Lust/Wrath一一配对。principal reception-room/great hall与Sacchi先前所在房间分别建模；Cortona大天顶、Bracciolini设计方案、未名chapel和Jesuit advisers保留对象边界。L94末句在‘to’处未完，续于规范段L96-104。页图确认usedas应读作used as、impheations为implications；and-also按句法读作and also，但保留原样及原始引句。
chp-2,chp-2:02_CHP-2_sec_iv:l96-104,reviewed,complete,L97-104,L96为页码导航；L97-102为正文；L103-104为页52脚注2续文，与汇总注释段L228头部互链；脚注1/2分别回链至L227/L228。句末正文续至L106-107。页图校勘不改S0。
chp-2,chp-2:02_CHP-2_sec_iv_plate10_visual-transcription:l1-2,reviewed,complete,L1-2,据CHP-2.pdf物理第43页补录Plate 10组题及跨图版指针；“Sacchetti”依正文和索引语境映射至Marcello候选，组题本身不另立事实断言。
chp-2,chp-2:02_CHP-2_sec_vii:l1-1,excluded,complete,,OCR分节文件自动生成的标题“02 CHP-2 sec vii”，不是原书文本；按统一标题排除规则处理，不生成提及或断言。
chp-2,chp-2:02_CHP-2_sec_vii:l21-30,reviewed,complete,L22-30,"Read from print p.60 (PDF physical p.49), including the unnumbered illustration note at L30. PDF corrections recorded without changing S0: fellow-painters, his (OCR lais), life (OCR Use), Marriage of Peleus (OCR ofPeleus), and It (OCR Jt). Footnote markers 1-7 link to queued note segment L38-54. The patronage sentence continues from L5-19 and is now linked; the tapestry-duration sentence continues at L32-36."
chp-2,chp-2:02_CHP-2_sec_vii:l3-3,reviewed,complete,L3-3,Read from print p.58 (PDF physical p.47); the final clause crosses the page break and is linked to the L6 continuation in SEGMENT VII L5–19.
chp-2,chp-2:02_CHP-2_sec_vii:l32-36,reviewed,complete,L33-36,"Read from print p.61 (PDF physical p.50). The page image confirms the continuation of the tapestry-duration sentence, the named Maffeo–Taddeo kinship, and footnote markers 1–3. Footnote 1 is at L51, marker 2 at L52, and marker 3 at L53; those note lines remain queued for migration. The printed note at L51 includes “MSS. Barb. Lat. 6463”, which the OCR currently omits and should be corrected only in the later note record, not in S0."
chp-2,chp-2:02_CHP-2_sec_vii:l38-54,reviewed,complete,L39-54,"Migrated page-local footnotes from print pp.59–61 (CHP-2.pdf physical pp.48–50). Lines L39–44 are pp.59 notes 1–6; print confirms L44 marker 6 (OCR reads 8). L45–50 are p.60 notes 1–7; p.60 print reads Mezzetti at L45 and Blunt and Cooke (1960) at L50, where OCR reads Mozzetti and i960. L51–54 are p.61 notes 1–4; p.61 print supplies MSS. Barb. Lat. 6463 at L51, omitted in OCR, and Pollak, 1927, vol. I at L54. Footnote markers are page-local: body references from L3–19, L21–30 and L32–36 are linked to note statement IDs; p.61 marker 4 is reserved for queued section VIII L3–7."
chp-2,chp-2:02_CHP-2_sec_vii:l5-19,reviewed,complete,L6-19,Read from print p.59 (PDF physical p.48); L5 is the page marker. Body footnote markers 1–6 point to the still-queued note segment L38–54.
chp-2,chp-2:02_CHP-2_sec_viii:l1-1,excluded,complete,,"Markdown file heading generated from the section filename; it is not printed source content. The printed section divider is layout metadata, so no entity mentions or claims are migrated."
chp-2,chp-2:02_CHP-2_sec_viii:l3-7,reviewed,complete,L3-7,"Read from print p.61 (CHP-2.pdf physical p.50). PDF confirms the author’s distinction among papal urban memory, the Barberini’s artistic heritage, and their support for Bernini, Pietro da Cortona, and Borromini. OCR corrections recorded without changing S0: L3 “artis ts” prints “artists”; L6 has no opening quotation mark before “the Barberini”. Footnote marker 4 at L6 is linked to migrated note L54. L7 ends with “a remarkable width of culture,” and continues at L9-14."
chp-2,chp-2:02_CHP-2_sec_viii:l9-14,reviewed,complete,L10-14,"Read from print p.62 (CHP-2.pdf physical p.51). The image confirms the continuation from L7 and supports the claims about papal power, court art, Le Brun, scholarship, and the paired patronage of Francesco/Pietro and Antonio/Sacchi. No material lexical OCR correction was required. The L7 fragment is now linked to the completed list in this segment."
chp-3,chp-3:03_CHP-3_intro:l1-1,excluded,complete,,排除：Markdown分节文件名标题，不是原书内容。
chp-3,chp-3:03_CHP-3_intro:l3-5,excluded,complete,,排除：印刷页码、章号及章题作为章节导航元数据保留；不构成独立实体提及或历史断言。
chp-3,chp-3:03_CHP-3_intro:l7-9,reviewed,complete,L8-9,第1物理页脚注1–2已核读；引文、书目对象和编辑性作者补注均按脚注来源登记。
chp-3,chp-3:03_CHP-3_sec_i:l1-1,excluded,complete,,Excluded: Markdown section-file heading only; it is not printed book content.
chp-3,chp-3:03_CHP-3_sec_i:l16-24,reviewed,complete,L17-24,逐行语义处理并迁移提及与原书断言；PDF物理第2页/印刷页64校核。保留前段“and yet”续接、引述限定、候选关系、脚注3归属争议和书内索引对侄甥身份的定位；Gesù、Imago primi saeculi、Ottonelli按印本校正OCR但不改写来源文本。脚注3正文续文在L23-24，脚注头L38待其规范段处理后交叉链接。
chp-3,chp-3:03_CHP-3_sec_i:l26-33,reviewed,complete,L27-33,L26 is printed-page navigation; L27–33 contain the semantic passage. PDF physical p.3 confirms printed p.65. Footnotes 1–2 await the later notes segment.
chp-3,chp-3:03_CHP-3_sec_i:l3-14,reviewed,complete,L3-14,Opening printed page reviewed; OCR differences and two footnote links recorded in the processing record.
chp-3,chp-3:03_CHP-3_sec_i:l35-43,reviewed,complete,L36-43,Printed pages 64–65 footnotes 1–5 and 1–3 processed. Page 64 physical p.2 and page 65 physical p.3 checked. Footnote 3 for the next subsection remains linked-pending to sec_ii l3-4.
chp-3,chp-3:03_CHP-3_sec_ii:l1-1,excluded,complete,L1,Auto-generated section-file heading; not original book content.
chp-3,chp-3:03_CHP-3_sec_ii:l102-113,reviewed,complete,L104-113,"The print-p.73 body, footnotes 1 and 5, and visual footnotes 2-4 are migrated and linked. L111’s sentence continues into the next segment and is completed by st-chp3-secii-l115-123-bellori-drawings. Print physical p.15 confirms the L167 marker is footnote 5 (S0 OCR reads 8); the transcription is preserved. Citation pointers are not independent verification."
chp-3,chp-3:03_CHP-3_sec_ii:l115-123,reviewed,complete,L116-123,"Printed p.74 checked against PDF. Continuity through L125-126 is linked. Footnotes 1–4 (L168–171) are migrated and linked to the eighteenth-century account, Jesuit-source account and de Lattre/Ludovisi claims."
chp-3,chp-3:03_CHP-3_sec_ii:l125-135,reviewed,complete,L126-135,Printed pp.75–76 checked. Continuations are linked; notes 1–6 (L172–177) are migrated. The 1632 Sapienza appointment qualifies the general official-commissions assessment.
chp-3,chp-3:03_CHP-3_sec_ii:l137-142,reviewed,complete,L138-142,Printed p.76 checked. Notes 1–2 (L178) are migrated and linked to the site-solution and style-departure claims.
chp-3,chp-3:03_CHP-3_sec_ii:l144-179,reviewed,complete,L145-179,Mixed-content segment. L159 body continuation and all notes L145–179 are processed. Notes L168–178 link to body claims; note 3 at L179 links across the segment boundary to sec. IV L3. OCR remains unchanged; print corrections are recorded.
chp-3,chp-3:03_CHP-3_sec_ii:l19-31,reviewed,complete,L20-31,Printed p.67 checked against CHP-3.pdf physical p.5. L20 continues the S. Stefano Rotondo sentence from l6-17; L31 “about the” is completed by L34 in l33-38. Footnotes 1-6 (notes L148-153) are migrated and linked to the corresponding body claims; all markers on this segment are closed.
chp-3,chp-3:03_CHP-3_sec_ii:l3-4,reviewed,complete,L3-4,"Printed page 65 checked against the PDF. Extracted the church identification/building claim, 1568 patronage with its evaluative framing, the reported ownership saying, Farnese’s treatment of the church and his employment of Vignola and unnamed painters. Footnote 3 linked to the note in chp-3:03_CHP-3_sec_i:l35-43. The sentence ending at “as” continues in the next segment and is linked to st-chp3-secii-l6-17-schemes-grandiose-while-alive."
chp-3,chp-3:03_CHP-3_sec_ii:l33-38,reviewed,complete,L34-38,Printed p.68 checked against CHP-3.pdf physical p.6. L34-38 continues the L31 sentence and the next sentence continues at L41 in l40-52. Footnote 1 (L154) and footnote 2 (L155) are migrated and linked to the relevant body claims; all markers on this segment are closed.
chp-3,chp-3:03_CHP-3_sec_ii:l40-52,reviewed,complete,L41-52,"Printed p.69 checked against PDF physical p.7; L40 is page navigation, body L41-L52 reviewed. L38's financial-difficulties sentence closes at L41. The musical quotation opened at L52 is completed in l54-60 L55. Print-p.69 footnote marker 1 is linked to the verified footnote text at L156 on p.70; the segment is complete."
chp-3,chp-3:03_CHP-3_sec_ii:l54-60,reviewed,complete,L55-60,Printed p.70 checked against PDF physical p.8. L54 is page navigation; L55-L60 body reviewed. The quotation from L52 closes at L55. The unfinished “But Serra” at L60 is completed by body continuation L159 inside l144-179. Printed p.70 footnotes 1-3 at L156-L158 are mapped and linked; the segment is complete.
chp-3,chp-3:03_CHP-3_sec_ii:l6-17,reviewed,complete,L7-17,"Printed p.66 checked against CHP-3.pdf physical p.4. Body L7-16 is migrated; L16 continues at L20 in the next section and is linked. Footnote 1 citations to Ugo da Como, Baglione and the Jesuit Archives are linked to their body claims; the archive locator continues at L17. Footnotes 2–3 are linked to Valeriano’s style discussion and the old-fashioned altar-painting passage. Citations are locators only, not independent verification."
chp-3,chp-3:03_CHP-3_sec_ii:l62-72,reviewed,complete,L63-72,Printed p.71 body checked against PDF physical p.9. L72’s unfinished “work proceeded” sentence was linked to L75; footnotes 1-2 at L160-161 are now mapped to the Theatines claims. Segment complete.
chp-3,chp-3:03_CHP-3_sec_ii:l74-81,reviewed,complete,L75-81,"Printed p.72 body checked against PDF physical p.10. Footnotes 1-3 at L162-164 are mapped respectively to Florentine chapel competition, Ludovisi’s influence over Montalto, and the Lanfranco dome passage. Segment complete."
chp-3,chp-3:03_CHP-3_sec_ii:l83-84,reviewed,complete,L83-84,"Printed physical p.11 is Plate 13. L83 is S0 page navigation; L84 transcribes the caption. PDF confirms the caption omits the OCR comma after “Glorification”. Reuse the work, artist and Urban VIII candidates already recorded from the front-matter plate list; do not create a duplicate work."
chp-3,chp-3:03_CHP-3_sec_ii:l86-87,reviewed,complete,L86-87,"PDF physical p.12 confirms Plate 14 and caption “Gaulli: Triumph of Name of Jesus on nave of Gesù”. S0 OCR reads “Gaulle Triumph of Name'ofJesus”; retain S0 text and record print readings. The print also contains heading “JESUIT PATRONAGE OF THE ARTS” and cross-reference “see Plates 14, 15 and 16”, omitted from S0; treat these as plate-group/navigation metadata, not additional historical claims. Reuse existing work, artist, Jesus and Gesù candidates; add only the nave as a distinct architectural space."
chp-3,chp-3:03_CHP-3_sec_ii:l89-90,reviewed,complete,L89-90,"PDF physical p.13 confirms Plate 15 and the printed caption “Andrea Pozzo: Modello for fresco on vault of S. Ignazio, Rome”. S0 OCR reads “o£” where the print reads “of”; preserve S0 and record the print reading. Reuse accepted-KU candidates for Pozzo, the modello, S. Ignazio and Rome. Register the unnamed intended fresco separately; the caption does not attribute the executed fresco. The S1 index subentry “work in S. Ignazio” remains for S3 reconciliation."
chp-3,chp-3:03_CHP-3_sec_ii:l92-100,reviewed,complete,L93-100,"PDF physical p.14 confirms Plate 16. The caption is vertically set and S0 OCR is reversed/split across lines; the printed text reads “Bernini: Interior of S. Andrea al Quirinale”. Reuse the accepted-KU candidates for Gian Lorenzo Bernini, the interior space and the church building. Treat the interior and church as distinct place objects; the Plate 16 source caption does not name Rome (that location appears in the plate list, a separate already processed source)."
chp-3,chp-3:03_CHP-3_sec_ii_notes_p73_visual-transcription:l1-2,reviewed,complete,L1-2,"Printed p.73 checked against CHP-3.pdf physical p.15. Restores footnotes 3–4 omitted from the dedicated OCR footnote run; note 3 ibid. is linked to the immediately preceding Biblioteca Corsini MS 39.D.8 citation, and note 4 cites Passeri, pp. 66–67. Both are linked to the respective p.73 body statements. Citation locators do not independently verify source claims."
chp-3,chp-3:03_CHP-3_sec_iv:l1-1,excluded,complete,,"Excluded: automatically generated section title, not book content."
chp-3,chp-3:03_CHP-3_sec_iv:l106-116,reviewed,complete,L107-116,Printed p.87 body L107-113 closes the prior sentence and continues to p.88 L119. Footnote 5 at L114-116 was migrated earlier; footnotes 1-4 are now linked to notes L224-227. Segment complete.
chp-3,chp-3:03_CHP-3_sec_iv:l118-128,reviewed,complete,L119-128,"Printed p.88 body L119-128 closes the p.87 continuation. Footnotes 1-5 are migrated and linked to notes L228-232, including Appendix 1 cross-references. Segment complete."
chp-3,chp-3:03_CHP-3_sec_iv:l130-139,reviewed,complete,L131-139,Printed p.89 body is complete; the comparison opened at L139 closes at p.90 L142. Footnotes 1-4 are migrated and linked to notes L233-236. Segment complete.
chp-3,chp-3:03_CHP-3_sec_iv:l141-150,reviewed,complete,L142-150,Printed p.90 body L142-150 closes the p.89 comparison and its own final sentence. Footnotes 1-3 are migrated and linked to notes L237-239. Segment complete.
chp-3,chp-3:03_CHP-3_sec_iv:l152-163,reviewed,complete,L153-163,Printed p.91 body is complete; L163 continues and closes at p.92 L166. Footnotes 1-2 are migrated and linked to notes L240-241. Segment complete.
chp-3,chp-3:03_CHP-3_sec_iv:l16-24,reviewed,complete,L17-24,"Printed p.78 body L17-24; L17 closes the preceding continuation and L24 continues to p.79 L27, now closed. Footnotes 1-3 are migrated and linked to notes L192-194. Segment complete."
chp-3,chp-3:03_CHP-3_sec_iv:l165-177,reviewed,complete,L166-177,Printed p.92 body is complete; L166 closes p.91 L163 and L177 continues to p.93 L180. Footnote 1 is migrated and linked to note L242. Segment complete.
chp-3,chp-3:03_CHP-3_sec_iv:l179-187,reviewed,complete,L180-187,Printed p.93 body is complete; L180 closes p.92 L177. Footnote 1 is migrated and linked to note L243. Lower-page text L185-187 has no separate footnote marker. Segment complete.
chp-3,chp-3:03_CHP-3_sec_iv:l189-243,reviewed,complete,L190-243,"Consolidated footnotes for printed pp.77-93 are fully migrated from L190-L243 and linked to body statements. Bibliographic citations remain source locators, not independent verification. The Carlone identity, Xavier relic type, and internal book cross-references retain their stated limits. Segment complete."
chp-3,chp-3:03_CHP-3_sec_iv:l26-33,reviewed,complete,L27-33,Printed p.79 body L27-33; continuation from L24 is closed. Footnotes 1-2 are migrated and linked to notes L195-196. Carlone remains an unidentified candidate for S3; no formal relation was created. Segment complete.
chp-3,chp-3:03_CHP-3_sec_iv:l3-6,reviewed,complete,L3-6,Printed p.76 body L3-6; L6 continues to L9 on p.77 and is now closed. Footnote 3 is linked to note L179. Segment complete.
chp-3,chp-3:03_CHP-3_sec_iv:l35-46,reviewed,complete,L36-46,Printed p.80 body L36-46; Oliva's quotation continues into p.81 and is closed there. Footnotes 1-6 are migrated and linked to notes L197-199. Segment complete.
chp-3,chp-3:03_CHP-3_sec_iv:l48-56,reviewed,complete,L49-56,Printed p.81 body L49-54 closes the p.80 letter quotation and continues to p.82 L59. Footnote 1 is linked to L55-56; footnote 2 is linked to notes L200-201. Segment complete.
chp-3,chp-3:03_CHP-3_sec_iv:l58-67,reviewed,complete,L59-67,Printed p.82 body L59-67 closes the prior continuation. Footnotes 1-4 are migrated and linked to notes L202-204. The Bernini/Gaulli drawing and iconographic readings retain Haskell's qualifications. Segment complete.
chp-3,chp-3:03_CHP-3_sec_iv:l69-73,reviewed,complete,L70-73,Printed p.83 body is complete. Footnotes 1-2 are migrated and linked to notes L205-206; p.83 note 1 was checked against the print image. Segment complete.
chp-3,chp-3:03_CHP-3_sec_iv:l75-81,reviewed,complete,L76-81,Printed p.84 body is complete; L81 continues and closes at p.85 L85-86. Footnotes 1-4 are migrated and linked to notes L207-210. Segment complete.
chp-3,chp-3:03_CHP-3_sec_iv:l8-14,reviewed,complete,L9-14,"Printed p.77 body L9-14; L9 closes the prior sentence and L14 continues at p.78 L17, now closed. Footnotes 1-2 are migrated and linked to notes L190-191. Segment complete."
chp-3,chp-3:03_CHP-3_sec_iv:l83-94,reviewed,complete,L85-94,Printed p.85 body is complete; the prior continuation closes at L85-86. Footnotes 1-6 are migrated and linked to notes L211-216. Carlone identity remains unresolved; Maratta's Death of St Francis Xavier is separate from Gaulli's work; the Xavier arm remains an untyped relic candidate. Segment complete.
chp-3,chp-3:03_CHP-3_sec_iv:l96-104,reviewed,complete,L97-104,"Printed p.86 body L97-104 is complete; the final sentence closes at p.87 L107. Footnotes 1-7 are migrated and linked to notes L217-223, including the Chapter 6 cross-reference. Segment complete."
chp-4,chp-4:04_CHP-4_intro:l1-1,excluded,complete,,自动生成的分节文件标题，不属于原书内容；已与CHP-4.pdf物理第1页核对。
chp-4,chp-4:04_CHP-4_intro:l10-13,reviewed,complete,L10-13,脚注L11–13已逐条迁移；脚注1链接前段Ghibbesio描述，脚注2链接Marchese Giustiniani收藏断言，脚注3链接致Dirk Ameyden书信及其艺术论述。原书OCR中的i960保留，印本读作1960。
chp-4,chp-4:04_CHP-4_intro:l3-8,reviewed,complete,L3-8,L3为页码导航、L4-L5为原书章号与章名，均作结构元数据；L6-L8正文已迁移。PDF物理第1页确认OCR L6 HERE应读THERE、L7 Torders应读orders，S0原文保留。L7脚注1待下一注释段迁入并回链。；脚注1已与后续注释L11回链。
chp-4,chp-4:04_CHP-4_sec_i:l1-1,excluded,complete,,排除：自动生成的分节文件标题“# 04 CHP-4 sec i”，不是原书内容。
chp-4,chp-4:04_CHP-4_sec_i:l20-24,reviewed,complete,L20-24,Printed p.96 (PDF physical p.3) checked. Footnotes 1–8 at L45–52 are migrated and linked. The Norway crown report remains disputed; citations are not independent verification.
chp-4,chp-4:04_CHP-4_sec_i:l26-33,reviewed,complete,L26-33,L24 wax-head sentence closes at L27; Christina's quotation closes at L36. Footnotes 1–3 and 5–12 at L53–63 are migrated; footnote 4 at L33 was already captured. Faldi's bust date is distinguished from Wittkower's separate portrait date.
chp-4,chp-4:04_CHP-4_sec_i:l3-4,reviewed,complete,L3-4,p.94正文已迁移；与L6-18 L7的“the Cavaliere d’Arpino”跨页句现已闭合。扫描页校读fiction→faction、Amcyden→Ameyden、lackof→lack of，S0原文保留；脚注2–3已回链至intro注释段。
chp-4,chp-4:04_CHP-4_sec_i:l35-40,reviewed,complete,L35-40,"Printed p.98 (PDF physical p.5) checked. Christina's quotation closes at L36; the visit, concert, death, sale, collection, and social-patronage claims are migrated. Footnotes 1–3 at L64–66 are linked; note 4 at L67 remains a cross-reference to sec_ii awaiting S2 closure."
chp-4,chp-4:04_CHP-4_sec_i:l42-67,reviewed,complete,L42-67,All 25 notes migrated; L67 is linked to the Cassiano biographical account in sec_ii L3–8.
chp-4,chp-4:04_CHP-4_sec_i:l6-18,reviewed,complete,L7-18,L15's travel clause closes in l20-24. Footnotes 2–3 at L43–44 are migrated and linked; p95 scan correction and source attributions are retained.
chp-4,chp-4:04_CHP-4_sec_ii:l1-1,excluded,complete,,排除自动生成的分节文件标题‘# 04 CHP-4 sec ii’，不是原书内容；原书第二节正文从L3开始，印本页98节标题与正文均保留在S0来源。
chp-4,chp-4:04_CHP-4_sec_ii:l10-13,reviewed,complete,L10-13,正文已审；L13末尾“He was enthusiastically”现与印刷页100 L16闭合。
chp-4,chp-4:04_CHP-4_sec_ii:l101-107,reviewed,complete,L101-107,印刷页107正文L102–107已迁入；页106 L99的“Both the”由L102闭合。L107末句以“those”中断并续至页108 L110，故本段partial。脚注1–5对应L260–264，均已迁入并回链。PDF物理第18页校读very rare、eruditissimo及注释字形，不改S0。 页108 L110现闭合L107末句并补入该页续文；本段改为complete。
chp-4,chp-4:04_CHP-4_sec_ii:l109-119,reviewed,complete,L109-119,印刷页108正文L110–119已逐行迁入；L110闭合页107 L107的“those”，前段改为complete。L119以“portraits”句首片段结束，续至L122，故本段partial。脚注1–4（L265–268）已迁移并与相关陈述链接；PDF物理第19页校读Dupuy引文的标点/大小写及脚注拉丁拼写，S0不改。 页109 L122现闭合L119的肖像句，continuation已回链，本段改为complete。
chp-4,chp-4:04_CHP-4_sec_ii:l121-128,reviewed,complete,L121-128,印刷页109正文L122–128已按PDF物理第20页逐行迁入；L122闭合页108 L119的肖像句，因此前段改为complete。本段L128末句‘fundamental’续至页110 L131，故partial。脚注1–6（L269–274）已迁入并回链；其后脚注仍待处理。扫描校读as well、ne、I would，以及L269 quas、L273脚注号5；S0不改。 页110 L131现闭合L128句尾，本段改为complete。
chp-4,chp-4:04_CHP-4_sec_ii:l130-137,reviewed,complete,L130-137,L137“Yet the”由印刷页111 L140续完；跨页断言已回链，段内提及与断言迁移完成。
chp-4,chp-4:04_CHP-4_sec_ii:l139-149,reviewed,complete,L140-149,印刷页111正文主体L140–147已迁移；L147末句由页112 L152闭合。L148–149经PDF物理第22页版面核对属于脚注2续文/评论，已保留原锚点并链接至注释段L278的脚注2；本段S2已完成。
chp-4,chp-4:04_CHP-4_sec_ii:l15-22,reviewed,complete,L15-22,页100正文L15–22已审并迁入；L22末句于印刷页101 L25闭合。
chp-4,chp-4:04_CHP-4_sec_ii:l151-159,reviewed,complete,L152-159,印刷页112正文L152闭合页111 L147；页112末句“but by now”由页113 L162 “Cassiano’s health...”闭合，本段现complete。PDF校读与脚注回链已记录。
chp-4,chp-4:04_CHP-4_sec_ii:l161-170,reviewed,complete,L162-170,印刷页113末句由页114 L173 religious Orders 闭合；页113正文及脚注L287–290均已迁入。
chp-4,chp-4:04_CHP-4_sec_ii:l172-178,reviewed,complete,L173-178,p.114 Poussin title list closes at p.115 L181; continuation resolved in linked statement.
chp-4,chp-4:04_CHP-4_sec_ii:l180-189,reviewed,complete,L180-189,"p.115 body, plate pointer and footnote 1 checked against scan; p.115 footnotes 2-3 migrated, see process record."
chp-4,chp-4:04_CHP-4_sec_ii:l191-205,reviewed,complete,L191-205,L191-205 migrated; final four-pictures sentence closes in p.117 L208 and is linked to the portrait-group candidate.
chp-4,chp-4:04_CHP-4_sec_ii:l207-216,reviewed,complete,L207-216,L207-L216 migrated; final “This is the” clause closes at p.118 L219 as Apollo and Daphne and links to the work candidate.
chp-4,chp-4:04_CHP-4_sec_ii:l218-227,reviewed,complete,L218-227,"L218-L227 migrated; final argument continues at p.119 L230, now complete."
chp-4,chp-4:04_CHP-4_sec_ii:l229-230,reviewed,complete,L229-230,L229 page marker and L230 concluding paragraph reviewed; OCR comma corrected after “of”.
chp-4,chp-4:04_CHP-4_sec_ii:l232-308,reviewed,complete,L232-308,"L232-L308 migrated, including p.116 notes 1-4 and p.117-118 notes 1-6. Internal Chapter 6 cross-reference is recorded; notes are complete."
chp-4,chp-4:04_CHP-4_sec_ii:l24-31,reviewed,complete,L24-31,页101正文L24–31已审并迁入；L29末句于页102 L34闭合。
chp-4,chp-4:04_CHP-4_sec_ii:l3-8,reviewed,complete,L3-8,正文断言与注释L67回链完成；L8末尾的1621年句子续文已在sec_ii L232-233按PDF p.99校读并链接。
chp-4,chp-4:04_CHP-4_sec_ii:l33-44,reviewed,complete,L33-44,L33–44部分句“When still”由页103 L47续完；本段语义与迁移闭合。
chp-4,chp-4:04_CHP-4_sec_ii:l46-51,reviewed,complete,L46-51,页103末尾“Departing”在页104 L54续完；正文与回链现闭合。
chp-4,chp-4:04_CHP-4_sec_ii:l53-63,reviewed,complete,L53-63,"印刷页104正文与脚注标记1–3已处理；Cassiano引语由L54闭合。末句止于“later in his”，经图版说明后续至L80–81，故保持partial。 页105 L81现已补全末句“later in his life, but in its more complex, intimate manifestations”，跨段指向已解析。"
chp-4,chp-4:04_CHP-4_sec_ii:l65-67,reviewed,complete,L65-67,"Printed Plate 17 captions checked against CHP-4.pdf physical page 12. Three portrait/caricature caption objects, creators, and sitters are linked to existing candidates; printed attributions remain source claims only. Related front-matter and body candidates are retained for S3 identity reconciliation."
chp-4,chp-4:04_CHP-4_sec_ii:l69-71,reviewed,complete,L69-71,"Printed plate captions checked against the corresponding physical PDF plate page; captions, objects, makers, and titled subjects/settings are linked to existing candidates."
chp-4,chp-4:04_CHP-4_sec_ii:l73-75,reviewed,complete,L73-75,"Printed plate captions checked against the corresponding physical PDF plate page; captions, objects, makers, and titled subjects/settings are linked to existing candidates."
chp-4,chp-4:04_CHP-4_sec_ii:l77-78,reviewed,complete,L77-78,"Printed plate captions checked against the corresponding physical PDF plate page; captions, objects, makers, and titled subjects/settings are linked to existing candidates."
chp-4,chp-4:04_CHP-4_sec_ii:l80-89,reviewed,complete,L80-89,印刷页105正文L80–89已迁移；L81闭合页104末句，L89末句续至L91，故本段保持partial。脚注标记1–3分别待L255–257迁移后回链。 页106 L92现已闭合L89“do we have”末句；页105脚注1–3对应L255–257也已迁入并回链。
chp-4,chp-4:04_CHP-4_sec_ii:l91-99,reviewed,complete,L91-99,印刷页106正文L92–99已迁移，L92闭合页105 L89末句；L99以“Both the”续至L101–107，故本段partial。脚注1–2对应L258–259，已迁入并回链。 页107 L102现已闭合“Both the general subject…”，本段改为complete。
chp-4,chp-4:04_CHP-4_sec_ii_visual-transcription:l1-1,reviewed,complete,L1,no_semantic_content: Plate 18的编辑性组题“CASSIANO DAL POZZO AND RELIGIOUS ART”；不由此建立主题层级或逐件赞助关系。
chp-4,chp-4:04_CHP-4_sec_ii_visual-transcription:l3-3,reviewed,complete,L3,no_semantic_content: Plate 19–20的编辑性组题及图版交叉指针；不由此建立主题层级或逐件赞助关系。
chp-5,chp-5:05_CHP-5_intro:l1-1,excluded,complete,,排除：Markdown文件名标题标记，不属于原书内容；无实体提及或断言。
chp-5,chp-5:05_CHP-5_intro:l3-5,excluded,complete,,排除：印刷页码与章节标题，仅作导航元数据，不构成实体或断言。
chp-5,chp-5:05_CHP-5_intro:l7-9,reviewed,complete,L8-9,脚注1–3已迁移。PDF确认脚注1的Annunciation续文转录于下一规范段sec_i L7，待该段处理时回链。
chp-5,chp-5:05_CHP-5_sec_i:l1-1,excluded,complete,,排除：Markdown分节文件名标题标记，不属于原书内容；正文从L3开始。
chp-5,chp-5:05_CHP-5_sec_i:l108-113,reviewed,complete,L109-113,"L109 continues and closes the p.129 sentence. L113 begins a new sentence with 'A', completed by p.131 L116-123 and statement st-chp5-p131-sassoferrato-location-and-career; the cross-page continuation is now closed. Footnotes 1-2 at L144-145 remain in the later notes segment and await linkage."
chp-5,chp-5:05_CHP-5_sec_i:l115-123,reviewed,complete,L116-123,"Printed p.131 body reviewed against CHP-5.pdf physical p.12 and migrated, including the cross-page sentence beginning with 'A' at p.130 L113. The 1636 failed sale and 1643 replacement are kept chronologically distinct; conjecture, reported speech and evaluation remain qualified. OCR readings tire/Pamftli/163 6/GigE/diEgently are not changed in S0 and are noted against the print. Footnotes 1-4 at L146-147 are in the later queued notes segment and await cross-linking."
chp-5,chp-5:05_CHP-5_sec_i:l125-147,reviewed,complete,L126-147,"Read and migrated all note text L126-147. Linked citations and new claims for pp.121-125 and pp.130-131; p.124 note 1 (L142) is linked, while notes 2-6 at L43-49 were already migrated. Print checks: p.121 corrects chc/alia and old→sold; p.125 corrects i960→1960. p.128 visual marks remain separate and unlinked."
chp-5,chp-5:05_CHP-5_sec_i:l17-26,reviewed,complete,L18-26,L26末句跨页续于L29，与下一段联读后闭合。PDF物理第3页核对印刷页122；脚注1-6标记随断言保留，完整注释待注释段迁移。
chp-5,chp-5:05_CHP-5_sec_i:l28-33,reviewed,complete,L29-33,L33“as a doctor he was said to be”由页124 L36闭合；本段正文迁移完成。脚注1–4的注释正文位于本文件后部，仍须按源序迁入并回链。
chp-5,chp-5:05_CHP-5_sec_i:l3-7,reviewed,complete,L3-7,印刷页120正文、脚注1续文已迁移；扫描校读POUSSIN/fresco与Alexander VII；L6末句由下一段闭合。
chp-5,chp-5:05_CHP-5_sec_i:l35-49,reviewed,complete,L36-49,页123 L33 Mancini句已由本段L36闭合；本段L42第二句由页125 L52闭合。仍保留partial，因Simonelli脚注1的首段位于本文件后部注释L142，须与本段L43–49合并回链，避免重复计数。PDF物理页5确认OCR姓名Niccolò及书目年份1960；来源OCR不改。 P.124 note 1 at L142 is now migrated and linked; notes 2-6 at L43-49 were already represented. The p.124/p.125 sentence closes at p.125 L52.
chp-5,chp-5:05_CHP-5_sec_i:l51-58,reviewed,complete,L52-58,頁125 L57比较句由页126 L61闭合；本段L52–58均已迁移。页125脚注1的首句在后置注释L143，已由本段L58断言标注回链，待后续源序处理L143时合并。PDF物理页6确认分节符“– II –”、we generally及脚注年份1960，S0原文不改。
chp-5,chp-5:05_CHP-5_sec_i:l60-74,reviewed,complete,L61-74,印刷页126 L61–74已迁移；Jan Miel遗嘱引文由页127 L77“with pictures…”续接并闭合，续文另锚定于对应S2 statement。PDF物理页7核字记录保留。
chp-5,chp-5:05_CHP-5_sec_i:l76-83,reviewed,complete,L77-83,页127 L83的Rosa支持者引语由页128 L86-L87续接并闭合；PDF物理页8对Decollato的校读不改S0。
chp-5,chp-5:05_CHP-5_sec_i:l85-97,reviewed,complete,L86-97,页127 L83的Rosa支持者引语由本段L86-L87闭合；页128 L97的1708年Ruspoli句由页129 L100闭合。PDF物理页9核对；L88与L96疑似上标待后置注释核实，S0不改。 Print physical p.9 inspected: no matching note text for the OCR marks after L88/L96; retain as unlinked visual/OCR ambiguity.
chp-5,chp-5:05_CHP-5_sec_i:l9-15,reviewed,complete,L10-15,印刷页121正文L10-14及页底注4 L15已迁移；L9仅为页码导航，注1-3、5-7完整注释在本文件后段处理。
chp-5,chp-5:05_CHP-5_sec_i:l99-106,reviewed,complete,L100-106,L100续接页128 L97并闭合Ruspoli句；页129 L106艺术家可见性句由页130 L109续接并闭合。PDF物理页10核对；L101 “sit”印本为“fit”，L104 “primary.aim”按印本记校勘，不改S0。
chp-5,chp-5:05_CHP-5_sec_iii:l1-1,excluded,complete,,Generated Markdown section-file heading only; not printed book content. Semantic text begins at L3.
chp-5,chp-5:05_CHP-5_sec_iii:l103-113,reviewed,complete,L103-113,"Printed p.140 reviewed against CHP-5.pdf physical p.25. L104 closes the p.139 L100 description of Cardinal Flavio Chigi as the most influential patron in Rome; p.140 footnote 1 at L154 remains pending and may qualify the Chigi picture connection. Two of Cerquozzi’s works are identified as The Arrival at the Palace and Women’s Bath; print reads “of” where S0 has “os”, and “Women’s Bath” where S0 has “Women s”. The print confirms Plate 23a and reads “and later” where S0 has “and. later”. Recorded Haskell’s qualified assessment that the subjects are not seen in seventeenth-century Italy, Codazzi’s fantastic architectural setting, the pictorial figures/peasants, the reported Chigi passage (footnote 2 at L155, attributed there to a report by Ferdinando Raggi quoted by Achille Neri), and Haskell’s tentative stufe/East interpretation. Theoretical opposition, aristocratic patronage, the Bamboccianti’s social position and success, Cerquozzi’s unrealized history-painter aspiration, Miel’s stylistic tension, art democratisation, public response and Roman social groups are recorded with speaker and scope limits. L113’s trailing “now bereft of” remains partial and continues at L116; no completion is inferred. Footnotes 1–2 point to L154–155 in the later notes segment and remain pending migration/cross-linking."
chp-5,chp-5:05_CHP-5_sec_iii:l115-121,reviewed,complete,L115-121,正文语义迁移完成；本段脚注1–4分别回链至L156–159，注释迁移待源序处理。页140 L113未完句由L116闭合。印本校勘见过程记录；S0保持不改。
chp-5,chp-5:05_CHP-5_sec_iii:l12-18,reviewed,complete,L13-18,Printed p.133 body reviewed against CHP-5.pdf physical p.14 and migrated. L13 closes the p.132 Rome sentence; the Doni quotation at L18 is completed by p.134 L21 in the next segment. Footnote 1 at L15 points to queued note L129. The OCR “wesind” is confirmed as “we find”; S0 remains unchanged.
chp-5,chp-5:05_CHP-5_sec_iii:l123-123,excluded,complete,,排除：[Page 142]仅为OCR分页定位标记，无实体提及或断言；源行仍保留页界定位。
chp-5,chp-5:05_CHP-5_sec_iii:l126-165,reviewed,complete,L127-165,逐条迁移第5章印刷页132-142脚注；页132-141的37个正文挂点已回链。L160-165为印刷页142注释，待按源序处理05_CHP-5_sec_iv正文时回链。扫描补充记录L143被S0 OCR漏去的印本文字，不伪造缺失文字的S0字符偏移；L152页码/脚注号粘连按印本拆为注4、注5。
chp-5,chp-5:05_CHP-5_sec_iii:l20-26,reviewed,complete,L21-26,Printed p.134 body reviewed against CHP-5.pdf physical p.15 and migrated. L21 closes the Doni quotation begun on p.133 L18. Footnote markers 1-4 point to queued notes L130-L133 and remain pending migration. The final “But these” at L26 is completed by p.135 L29.
chp-5,chp-5:05_CHP-5_sec_iii:l28-34,reviewed,complete,L29-34,"Printed p.135 body reviewed against CHP-5.pdf physical p.16 and migrated. L29 closes the p.134 “But these” continuation. Footnote markers 1-5 point to queued notes L134-L138 and remain pending migration. L34 ends at “Don Ferdinando”; p.136 L37 completes the name as Afan de Ribera, Viceroy of Naples."
chp-5,chp-5:05_CHP-5_sec_iii:l3-3,reviewed,complete,L3-3,Printed p.131 opening of section III reviewed against CHP-5.pdf physical p.12. One complete framing sentence; the discussion continues on p.132 L6. OCR estabhshed is checked as established; S0 remains unchanged.
chp-5,chp-5:05_CHP-5_sec_iii:l36-43,reviewed,complete,L37-43,"Printed p.136 body reviewed against CHP-5.pdf physical p.17 and migrated. L37 completes p.135 L34 “Don Ferdinando” as Afan de Ribera, Viceroy of Naples. Footnote markers 1-4 point to queued notes L139-L141 and remain pending migration. L43 ends with “and until his later years”; L71 in the p.137 body segment closes that sentence. The earlier partial is now closed."
chp-5,chp-5:05_CHP-5_sec_iii:l45-57,reviewed,complete,L46-57,Plate 21a/b caption visually reviewed against CHP-5.pdf physical p.18. OCR lines L46-L57 reverse the sideways print; mapped to the existing accepted work and artist candidates. Caption attribution only; no independent authorship verification.
chp-5,chp-5:05_CHP-5_sec_iii:l5-10,reviewed,complete,L6-10,"Printed p.132 body reviewed against CHP-5.pdf physical p.13 and migrated. The leading dot before “the support” at L7 is a scan speck, not punctuation. The L10 Rome sentence closes at p.133 L13 in the next segment; footnotes 1 and 2 point to queued notes L127-L128 and remain pending source migration."
chp-5,chp-5:05_CHP-5_sec_iii:l59-61,reviewed,complete,L60-61,Plate 22a/b captions visually reviewed against CHP-5.pdf physical p.19. Reuses existing work and artist candidates; caption attribution is not independent authorship verification. The b title names Masaniello.
chp-5,chp-5:05_CHP-5_sec_iii:l63-65,reviewed,complete,L64-65,Plate 23a/b captions visually reviewed against CHP-5.pdf physical p.20. Reuses existing work and artist candidates; S0 OCR initials for Rosa are retained and corrected only in the note.
chp-5,chp-5:05_CHP-5_sec_iii:l67-68,reviewed,complete,L68-68,Plate 24 caption visually reviewed against CHP-5.pdf physical p.21. Reuses existing Salvator Rosa and Fortune candidates; caption attribution is not independent authorship verification.
chp-5,chp-5:05_CHP-5_sec_iii:l70-80,reviewed,complete,L70-80,"Printed p.137 reviewed against CHP-5.pdf physical p.22. L71 closes p.136 L43 ('and until his later years'); preserve the temporal qualifier and 'nearly all'. Body claims, named entities, stylistic comparison, career pattern and footnote markers 1-4 are migrated. L79 ends mid-clause ('careful and conscientious in his'), continued at L83; this segment is semantically partial although its table migration is complete. L80 is the OCR tail of footnote 2 and duplicates the complete note at L143; do not count its repeated text/mentions twice. PDF reads 'life' and 'anti-Spanish'; S0 remains unchanged. Footnotes L142-145 remain pending migration and cross-linking."
chp-5,chp-5:05_CHP-5_sec_iii:l82-93,reviewed,complete,L82-93,"Printed p.138 reviewed against CHP-5.pdf physical p.23. L83 closes the p.137 L79 work-characterization fragment; L93 ends with a qualified possible crisis around 1648 and continues at L96. Migrated the deathbed artichoke report, Academy burial and classical-idealism interpretation, aristocratic patronage argument, still-life and country-scene groups, Massimi reference, battle-picture genre, Saxl analysis, scene description, Waterloo comparison, and post-Urban VIII patronage shift. PDF reads 'life' where S0 has 'Use', 'lit' where OCR has 'fit', and confirms 'battle-fields'; S0 remains unchanged. L92 OCR suffix after Waterloo is excluded from semantic claims. Footnote markers 1-4 point to L146-149 in the later notes segment and remain pending migration/cross-linking."
chp-5,chp-5:05_CHP-5_sec_iii:l95-101,reviewed,complete,L95-101,"Printed p.139 reviewed against CHP-5.pdf physical p.24. L96 closes the p.138 L93 clause: the possible crisis around 1648 is connected, with “probably”, to The Revolt of Masaniello. L100 ends mid-description of Cardinal Flavio Chigi; “patron in Rome” continues at L104. Migrated the painting’s turning-point context, unknown commissioner, late Spada-collection ownership, conditional commission/political interpretation, Spada’s French alignment, Mazarin’s vote plan and Spanish veto, Haskell’s account of the 1647 defeat, neutrality/objectivity judgments, comparison with Micco Spadaro, and the probable Codazzi collaboration. Footnote 3 is present in this segment at L101 and linked to the veto claim; PDF reads “ff.” where S0 has “if”. Footnotes 1, 2, 4, 5, and 6 point to L150-153 and remain pending migration/cross-linking. S0 remains unchanged."
chp-5,chp-5:05_CHP-5_sec_iv:l1-1,excluded,complete,,排除：Markdown分节文件名标题，不是原书文本；无实体提及或断言。
chp-5,chp-5:05_CHP-5_sec_iv:l14-21,reviewed,complete,L15-21,S2语义处理：完成p.142跨段句并登记Rosa的Stoicism论述、客户偏好与引语、Modena订画要求及Carlo de’ Rossi的 patronage/financial claims。p143扫描校正已记入限定；脚注1–6待同节L39-54迁入后闭合。
chp-5,chp-5:05_CHP-5_sec_iv:l23-31,reviewed,complete,L24-31,S2语义处理：续完p143 De’ Rossi引语；登记Rosa作品陈列、De’ Rossi藏品与教堂祭坛画、Rosa/Ricciardi往来和Virgil-Georgics拟议图像，以及L30–31山水书信。扫描确认“live up”“Georgics”“future”；脚注1–6待L39–54连接；引文续至下一源段L33–37。
chp-5,chp-5:05_CHP-5_sec_iv:l3-12,reviewed,complete,L3-12,S2语义处理：覆盖Rosa与Bamboccianti冲突、Simonelli及Van Laer、Bernini与佛罗伦萨迁移、Cerquozzi竞争和赞助人讽刺、罗马鉴赏家、委托失败、理想赞助人与Shaftesbury二手说法；六个脚注锚点已双向链接。保留扫描校正L6/L8/L12；末句继续至L14-21。
chp-5,chp-5:05_CHP-5_sec_iv:l33-37,reviewed,complete,L34-37,S2语义处理：闭合Rosa书信中Terni/Velino瀑布段；区分Haskell对Ricciardi与Rosa的判断、Passeri引文及De Dominici经Haskell转引的Luca Giordano“三支画笔”比喻。PDF物理页30确认much-loved与bamboccianti的OCR校正；脚注1–4待L39–54连接。
chp-5,chp-5:05_CHP-5_sec_iv:l39-54,reviewed,complete,L40-54,S2注释语义处理：逐条拆分印刷页143-145脚注1-6、1-6、1-4并回链正文；保留二手引文层级、页码与两个复合注释的范围限定。PDF物理页28-30核对L45的139、L49的1651及L51的21 May 1664；修复p143脚注5与p144脚注2遗漏挂点，并将p144脚注3目标行校正为L47。
chp-6,chp-6:06_CHP-6_intro:l1-1,excluded,complete,,排除：Markdown分节文件名标题，不属于原书内容；无实体提及或断言。
chp-6,chp-6:06_CHP-6_intro:l3-5,reviewed,complete,L3-5,已处理印刷页146的分页导航、章名与标题；标题作为作者的章节框架写入 Roman patronage decline 候选和标题陈述。扫描定位为PDF物理第1页。
chp-6,chp-6:06_CHP-6_intro:l7-11,reviewed,complete,L7-11,四条章首页脚注均已登记为引用定位并链接至规范正文L3-L11的相关断言；保留书目身份待索引/书目S2核对。L8 CorresponJance按印本校为Correspondance，不改S0。
chp-6,chp-6:06_CHP-6_sec_i:l1-1,excluded,complete,,排除：Markdown分节文件名标题，不属于原书内容；无实体提及或断言。
chp-6,chp-6:06_CHP-6_sec_i:l102-110,reviewed,complete,L103-110 (body; L110 continues footnote 4),"Printed p. 155, PDF physical p. 10. Full body and note continuation semantically reviewed; cross-page claims linked to p. 154 and next segment. Footnotes 1-5 link to consolidated notes L151-155 and remain pending there; footnote 4 continuation at this segment L110 is recorded. OCR corrections are documented without changing S0."
chp-6,chp-6:06_CHP-6_sec_i:l112-118,reviewed,complete,L113-118 (body; L112 page marker),"Printed p. 156, PDF physical p. 11. Closed p. 155 L109 continuation at L113; processed the remainder of the page text. Footnote 1 links to consolidated notes L156 and remains pending. OCR correction public Use→public life and Gesu→Gesù documented without changing S0."
chp-6,chp-6:06_CHP-6_sec_i:l120-157,reviewed,complete,L120-157,逐条处理合并注释L121–157，登记引文/注释断言与候选，回链第147–155页已迁移正文；第156页脚注2待sec_iv正文迁移后回链。印本核对并记录L127、L144编号OCR误差和L155正文/注释编号差异；原始转录未改。
chp-6,chp-6:06_CHP-6_sec_i:l13-24,reviewed,complete,L14-24,按规范段逐行处理印刷页147正文；关闭L11唯一侄辈→L14 Camillo续接，并在L24开启延续至下一段L27的reactionary句。脚注1回链待L120-157迁移。OCR校勘见过程记录；S0不改。
chp-6,chp-6:06_CHP-6_sec_i:l26-36,reviewed,complete,L27-36,按印刷页148迁移；关闭页147 L24→本段L27的reactionary续接，并记录本段L36至下一段L39的Baroque成就句partial。脚注1、2待L120-157注释段迁移后回链。OCR差异记过程，不改S0。
chp-6,chp-6:06_CHP-6_sec_i:l3-11,reviewed,complete,L3-11,按印刷页146逐行处理；四个脚注挂点已回链。L11唯一侄辈句由页147 L14点名Camillo，跨页续接已关闭。
chp-6,chp-6:06_CHP-6_sec_i:l38-46,reviewed,complete,L39-46,"按印刷页149迁移L39-46，含正文L39-43、章节分隔符及本页多行脚注1（L44-46）。关闭p148 L36→本段L39的Roman Baroque续接；L43句末“In Rome itself, where”续接到下一段L49。页149脚注1已在本段内回链；脚注2-7待L120-157迁移后回链。OCR校勘记过程，不改S0。"
chp-6,chp-6:06_CHP-6_sec_i:l48-57,reviewed,complete,L49-57,逐行迁移印刷页150 L49-57，含正文、六条脚注挂点及页151 L60续句的待闭合前半句。关闭p149 L43→本段L49的Rome trade and industry续接；新建L57→下一规范段L59-67的friendship partial。页150脚注1-6待注释段l120-157迁移后回链。
chp-6,chp-6:06_CHP-6_sec_i:l59-67,reviewed,complete,L60-67,逐行迁移印刷页151 L60-67，含页150 L57续句、正文和四条脚注挂点。关闭p150 L57→本段L60的friendship续接；新建L67→下一规范段L69-76的economic-drains partial。第151页脚注1-4待注释段l120-157迁移后回链。
chp-6,chp-6:06_CHP-6_sec_i:l69-76,reviewed,complete,L70-76,按源序迁移印刷页152 L70-76；闭合p151 L67关于Pope’s finances的句子；脚注1-5待l120-157迁移后回链。
chp-6,chp-6:06_CHP-6_sec_i:l78-89,reviewed,complete,L79-89,按源序迁移印刷页153 L79-89；脚注1-2待l120-157迁移后回链；L89画作句续接至p154 L92。
chp-6,chp-6:06_CHP-6_sec_i:l91-100,reviewed,complete,L92-100,按源序迁移印刷页154 L92-100；闭合p153 L89画作句；p154 L100 patronage句续接p155 L103；脚注1-4待l120-157迁移后回链。
chp-6,chp-6:06_CHP-6_sec_iv:l1-1,excluded,complete,,排除：Markdown分节文件名标题，不属于原书内容；PDF上的真实分节符属版面导航，非需提及或断言的正文。
chp-6,chp-6:06_CHP-6_sec_iv:l12-26,reviewed,complete,L12-26 (printed p. 158 body; L12 page marker),Printed p. 158 body migrated after comparison with CHP-6.pdf physical p. 13; notes 1-4 at L59-62 in the composite note segment are also migrated and linked. L26's Bellori Lives sentence remains explicitly partial until p. 159 L29.
chp-6,chp-6:06_CHP-6_sec_iv:l28-38,reviewed,complete,L29-38 (printed p. 159 body; L28 page marker),按印刷页序完成正文L29-L38；闭合p.158 Bellori Lives句。页末neo-classicism判断续至p.160 L41；提及、断言、引语层级和扫描校勘已登记。
chp-6,chp-6:06_CHP-6_sec_iv:l3-5,reviewed,complete,L3-5 (printed p. 156; PDF physical p. 11),PDF物理第11页核实本节正文及注2。L5以“can”结束，其续文“be derived only from the catalogue that he himself drew up”见同文件L56、印刷页157；按印刷顺序待下一处理段闭合。p156 n2已回链至L5三条断言。
chp-6,chp-6:06_CHP-6_sec_iv:l40-50,reviewed,complete,L41-50,印刷页160正文已按页核读并迁入；L41闭合p159句，L50末句续至p161 L53。PDF校记见全书S2过程记录；S0不改。
chp-6,chp-6:06_CHP-6_sec_iv:l52-53,reviewed,complete,L53-53,印刷页161正文已按CHP-6.pdf物理第16页核读并迁入；闭合p160 L50的Mola句。S0 OCR将'of little'识作'oflittle'、在death后多出逗号，并漏识protégé重音；原文不改。脚注1已回链。
chp-6,chp-6:06_CHP-6_sec_iv:l55-72,reviewed,complete,"L55-72 (all lines in this composite segment processed; p.161 notes 1, 3, and 4 are in L70-72).",p.157–160及p.161注1、3、4已迁移；p.161第V节正文在另一segment，注2在L12。注3、4的引文定位回链至本章第V节相关判断；S0未改。
chp-6,chp-6:06_CHP-6_sec_iv:l7-10,reviewed,complete,L8-10 (printed p. 157 continuation and footnote 2 continuation); L7 is the page marker.,按印刷页157处理L8–10；L7为页码标记。闭合p156跨页句；记录Antonio收藏中画家的声誉与作品可及性判断、Marucelli引介及注2的Seebohm译本说明。扫描对照校正OCR标点和拼写但不改S0；Marucelli句续至p158 L13。
chp-6,chp-6:06_CHP-6_sec_iv_notes_p161_visual-transcription:l1-1,excluded,complete,,该补充转录与06_CHP-6_sec_v.md L12的脚注2相同；保留转录来源资产及复核痕迹，但不重复提取或计作独立文本覆盖。
chp-6,chp-6:06_CHP-6_sec_v:l1-1,excluded,complete,,no_semantic_content: 分节结构标题；正文从L3开始。
chp-6,chp-6:06_CHP-6_sec_v:l14-19,reviewed,complete,L14-19 (printed p.162 body; p.162 notes 1-7 are in the later composite note segment L47-70).,p161 L11 comparison closes at p162 L15 “or a Chigi”; p162 L19 French report closes at p163 L22 “1685.” The continuation is recorded in st-chp6-p162-v1-25; footnote 1 at L55 is pending.
chp-6,chp-6:06_CHP-6_sec_v:l21-26,reviewed,complete,L21-26 (printed p.163 body; notes 1-6 are in the later composite segment L55-60).,"P163 L26 sentence closes at p164 L29 “patron of the time, Pietro Ottoboni”; candidate cand-6536 is locally named but remains separate from index seeds until S3."
chp-6,chp-6:06_CHP-6_sec_v:l28-33,reviewed,complete,L28-33 (printed p.164 body; footnote 1 is OCR-appended at L33; notes 2-5 are in the later composite segment L61-64).,The p.164 L33 sentence closes at p.165 L36 “worked for him”; statement st-chp6-p164-v1-25 is now complete. P.164 notes 2–5 remain to be processed in L47–70.
chp-6,chp-6:06_CHP-6_sec_v:l3-12,reviewed,complete,L3-12 (printed p.161 body in L3-11 and note 2 in L12).,p.161第V节正文及注2已迁移；L11末句由p.162 L15“or a Chigi”闭合，statement st-chp6-p161-v1-22已完成续接。
chp-6,chp-6:06_CHP-6_sec_v:l35-40,reviewed,complete,L35-40 (printed p.165 body; includes p.164 continuation and all p.165 body paragraphs).,"Closes p.164 L33 sentence; records Conca, Gaulli, Juvarra, Ottoboni’s influence and circle, Ricci/Mariette’s nested hearsay, Diziani, and Fra Galgario. OCR/print differences are logged in process; p.165 notes 1–6 target L65–68 and remain pending. P.166 body segment follows at L42-45; p.165 notes 1–6 remain pending in L65–68."
chp-6,chp-6:06_CHP-6_sec_v:l42-45,reviewed,complete,L42-45 (printed p.166 body).,"Records Crespi’s The Confession and six Sacraments, Solimena’s unspecified pictures, other patrons’ difficulty attracting artists, the stated economic/aesthetic pressures, and the two broad rivals to Rome. Footnotes 1–2 target L69–70 and remain pending."
chp-6,chp-6:06_CHP-6_sec_v:l47-70,reviewed,complete,L47-70,迁移p162注1–7、p163注1–6、p164注2–5、p165注1–6和p166注1–2；按印刷页及注号回链，引用定位与注释新增断言分开。核对物理页162–166并记录Röthlisberger卷号、Loret拼写、p165注5编号差异；S0不改。
chp-7,chp-7:07_CHP-7_intro:l1-1,excluded,complete,,排除：Markdown文件名标题是生成的分节标记，不是原书正文；无实体提及或断言。
chp-7,chp-7:07_CHP-7_intro:l11-15,reviewed,complete,"L12-15 (printed p.3 footnotes 1, 3, 4, and 5; PDF physical p.3).","Footnotes 1, 3, 4, and 5 are recorded and linked. S0 L15 reads “6 Miller, i960”; the scan shows printed note 5, Miller, 1960. Footnote 2 is in the preceding body segment L9."
chp-7,chp-7:07_CHP-7_intro:l3-5,excluded,complete,,排除：页码及Part II/Dispersal分部标题属于版面结构导航，不包含原书历史断言。
chp-7,chp-7:07_CHP-7_intro:l7-9,excluded,complete,,排除：页码和Chapter 7标题属于结构导航；标题不作为历史陈述或独立知识对象。
chp-7,chp-7:07_CHP-7_sec_i:l1-1,excluded,complete,,排除：Markdown文件名标题是生成的分节标记，不是原书正文；无实体提及或断言。
chp-7,chp-7:07_CHP-7_sec_i:l102-111,reviewed,complete,L103-111,Printed p.178 body L103-111 is complete; all six footnote references are linked to composite-source L324-329. The scan confirms printed note numbers 5 and 6 where S0 OCR gives 6 and 8.
chp-7,chp-7:07_CHP-7_sec_i:l11-19,reviewed,complete,L11-19 (printed p.170; CHP-7.pdf physical p.4; includes continuation from p.169 and the section-ii divider).,Read against the p.170 scan. Closes the Crespi conditions list begun in L8; the final claim about one power ends at 'able' and continues at p.171 in L22. Printed footnote 1 after Van Mander points to the still-queued note block L293-L389; record the citation when that S2 segment is processed. The cross-page claim is resolved by p.171 L22 and linked to st-chp7-p171-i01; the p.170 evidence range remains L19.
chp-7,chp-7:07_CHP-7_sec_i:l113-126,reviewed,complete,"L114-122,L124-126",p.179 narrative and footnote 1 at L126 are complete; printed footnotes 2-6 at composite-source L330-334 are migrated and linked. The continuation at L125 closes at p.180 L129.
chp-7,chp-7:07_CHP-7_sec_i:l128-138,reviewed,complete,L129-138,L138 comparison closes at p.181 L141; p.180 notes 1–4 from composite L335–338 are migrated and linked to the relevant body statements.
chp-7,chp-7:07_CHP-7_sec_i:l140-148,reviewed,complete,L141-148,All body lines L141–148 reviewed; continuation at p.182 L151 closes the final sentence; footnotes 1–4 at composite L339–342 migrated and linked.
chp-7,chp-7:07_CHP-7_sec_i:l150-158,reviewed,complete,L151-158,L151–158 semantically reviewed; p.181 L148 continuation closed; p.182 footnotes 1–5 at composite L343–347 migrated and linked; L158 continuation to p.183 L161 remains closed.
chp-7,chp-7:07_CHP-7_sec_i:l160-168,reviewed,complete,L161-168,"L161–168 semantically reviewed; p.182 quoted passage closes at L161, p.183 L167 continuation closes at p.184 L171, and notes 1–6 at L348–353 migrated and linked."
chp-7,chp-7:07_CHP-7_sec_i:l170-176,reviewed,complete,L171-176,正文L171–176及注1–4（复合段L354–357）已迁入并回链；L176末句由p.185 L206闭合。
chp-7,chp-7:07_CHP-7_sec_i:l178-179,reviewed,complete,L179-179,"PDF physical page 19 confirms Plate 25; the page caption is matched to the already processed Plate List line 78. The page heading is layout context, not patronage or ownership evidence."
chp-7,chp-7:07_CHP-7_sec_i:l181-182,reviewed,complete,L182-182,PDF physical page 20 confirms Plates 26a–b. Reuse existing plate-list candidates; the portrait gallery and the Palais Mazarin ceiling gallery remain distinct. OCR R is Romanelli per scan and plate list.
chp-7,chp-7:07_CHP-7_sec_i:l184-200,reviewed,complete,L185-200,PDF physical page 21 is rotated; captions and running heading are reversed in S0. Preserve the source text and exact mention offsets; record printed readings in statement qualifiers.
chp-7,chp-7:07_CHP-7_sec_i:l202-203,reviewed,complete,L203-203,"PDF physical page 22 confirms Plate 28a. The page also prints Plate 28b, absent from this section transcript; its caption is already captured in front-matter segment l70-81 line 81, so do not double-count it here."
chp-7,chp-7:07_CHP-7_sec_i:l205-213,reviewed,complete,L206-213,正文及Brienne法文引文已由p.186 L216–218闭合；注1–5已由复合段L358–360迁入并与正文回链，p.185覆盖complete。
chp-7,chp-7:07_CHP-7_sec_i:l21-29,reviewed,complete,L21-29 (printed p.171; CHP-7.pdf physical p.5).,Read against the p.171 scan. Closes p.170 L19 by identifying the referent as the Spaniards. Finelli’s L29 sentence is now closed by p.172 L301; p.171 notes 1–6 (L295–300) are migrated and linked.
chp-7,chp-7:07_CHP-7_sec_i:l215-222,reviewed,complete,L216-222,正文及跨页续接已处理；本页脚注已从复合段L361–367迁入并与正文标记回链，覆盖complete。
chp-7,chp-7:07_CHP-7_sec_i:l224-230,reviewed,complete,L225-230,正文及跨页续接已处理；本页脚注已从复合段L361–367迁入并与正文标记回链，覆盖complete。
chp-7,chp-7:07_CHP-7_sec_i:l232-241,reviewed,complete,L233-241,p.188正文已迁入（17个新候选、75条提及、34条原书断言/关系候选）；p.187 L230引语在L233闭合，L241末句由p.189 L244闭合；注1–2已从L368–369迁入并回链。
chp-7,chp-7:07_CHP-7_sec_i:l243-257,reviewed,complete,L244-257,p.189正文L244–257已迁入；开篇承接p.188末句，注1–6（L370–374）现已迁入并回链；L257末句由下一页续接。
chp-7,chp-7:07_CHP-7_sec_i:l259-266,reviewed,complete,L260-266,p.190正文已迁移；脚注1–5现由复合段L375–378迁入并回链，L266末句已由p.191 L269闭合。
chp-7,chp-7:07_CHP-7_sec_i:l268-280,reviewed,complete,L268-280,p.191注1–4、6–8、10–11已迁入并回链；p.190跨页续句闭合；页图与OCR校读见过程记录。
chp-7,chp-7:07_CHP-7_sec_i:l282-291,reviewed,complete,L282-291,p.192注1–2已迁入并回链；p.191 L278末句闭合；页图与OCR校读见过程记录。
chp-7,chp-7:07_CHP-7_sec_i:l293-389,reviewed,complete,L294-389,按源序迁移L294–389；p.170–192脚注及L301跨页续句均覆盖，S0原文保持不变，页图校读取证写入S2。
chp-7,chp-7:07_CHP-7_sec_i:l3-9,reviewed,complete,L3-9 (printed p.3 body and footnote 2; PDF physical p.3).,"Reviewed against CHP-7.pdf physical p.3. OCR splits the initial “In” across L3-L4; the L8 sentence continues on printed p.170, so migration remains partial. Footnote 2 is embedded at L9. The Crespi terms fragment is now closed by p.170 L12 and linked to st-chp7-p170-i01."
chp-7,chp-7:07_CHP-7_sec_i:l31-35,reviewed,complete,"L31-35 (printed p.172; CHP-7.pdf physical p.6; the King Philip IV/landscape discussion, ending with a complete sentence).",Read against the p.172 scan. Covers the King Philip IV/landscape discussion and ends with a complete sentence. Footnotes 3–4 (L304–305) are now migrated and linked from this span; the p.171 Finelli continuation at L301 is separately recorded in the composite segment and is not duplicated here.
chp-7,chp-7:07_CHP-7_sec_i:l37-43,reviewed,complete,L37-43 (printed p.173; CHP-7.pdf physical p.7; page 173 body through the incomplete Marie de Medici kinship sentence).,末句已由下一规范段L46–47接续完成；延续断言见st-chp7-p174-i01/i02。p.173脚注1–3已从复合源段L293–389迁入并回链。
chp-7,chp-7:07_CHP-7_sec_i:l45-59,reviewed,complete,L46-59,p.174末句已由p.175 L62接续闭合（st-chp7-p175-i01）；印刷脚注1-4已在复合源段L309-311迁入并回链。
chp-7,chp-7:07_CHP-7_sec_i:l61-74,reviewed,complete,L62-74,p.175末句由p.176 L77接续闭合（st-chp7-p175-i32；对应续接断言见st-chp7-p176-i01、i02）；p.175脚注1–2已在复合段L312–313迁入并回链。
chp-7,chp-7:07_CHP-7_sec_i:l76-89,reviewed,complete,L77-89,p.176 L89末句由p.177 L92闭合；p.176脚注1–9已在复合段L314–318迁入并回链。
chp-7,chp-7:07_CHP-7_sec_i:l91-100,reviewed,complete,L92-100,Printed p.177 body L92-99 is semantically complete; L99 condition closes at p.178 L103. L100 is the Italian quotation tail of footnote 4 and is linked to composite-source L322.
chp-7,chp-7:07_CHP-7_sec_iv:l1-1,excluded,complete,,排除：分节文件名标题，不是原书内容；无实体提及或断言。
chp-7,chp-7:07_CHP-7_sec_iv:l23-36,reviewed,complete,L24-36,"p.194 body and all printed-page footnotes 1-4 migrated; note 2 was embedded at source L36 and notes 1, 3, and 4 were migrated from the composite note block."
chp-7,chp-7:07_CHP-7_sec_iv:l3-4,reviewed,complete,L3-4,
chp-7,chp-7:07_CHP-7_sec_iv:l38-46,reviewed,complete,L39-46,"p.195 body and notes 1-5 migrated, including Haskell’s ‘Mondane’ comment and cited-source locators."
chp-7,chp-7:07_CHP-7_sec_iv:l48-61,reviewed,complete,L49-61,p.196 body and notes 1-2 migrated; note 2 was embedded at source L61 and note 1 was migrated from the composite note block.
chp-7,chp-7:07_CHP-7_sec_iv:l6-21,reviewed,complete,L7-21,p.193 body and all printed-page footnotes 1-3 migrated; note 2 was embedded at source L21 and notes 1 and 3 were migrated from the composite note block.
chp-7,chp-7:07_CHP-7_sec_iv:l63-75,reviewed,complete,L64-75,p.197 body and notes 1-6 migrated; Ratti’s 1713 date remains in conflict with the body’s 1714 date. The ending clause continues to p.198.
chp-7,chp-7:07_CHP-7_sec_iv:l77-87,reviewed,complete,L78-87,p.198 body and notes 1-6 migrated; the 1713 choice-of-Hercules cross-reference was checked against the List of Plates.
chp-7,chp-7:07_CHP-7_sec_iv:l89-95,reviewed,complete,L90-95,p.199 body and note 1 migrated; French OCR corrections were checked against PDF physical page 37.
chp-7,chp-7:07_CHP-7_sec_iv:l97-119,reviewed,complete,L98-119,"p.193-199 deferred footnotes migrated and cross-linked to body statements; OCR footnote-number and text corrections checked against PDF physical pages 31-37. Quoted works and citation pages are locators, not independent verification."
chp-7,chp-7:07_CHP-7_sec_v:l1-1,excluded,complete,L1-1,排除：该行是生成的Markdown文件标题，不属于原书内容；无实体提及或原书断言。
chp-7,chp-7:07_CHP-7_sec_v:l20-21,excluded,complete,,"OCR segment contains only the [Page 30] locator and a reversed suffix of the Plate 30 grouping title. The full printed heading is preserved in the derived visual-transcription segment and treated as editorial navigation; no entity, claim, or hierarchy node is derived from it."
chp-7,chp-7:07_CHP-7_sec_v:l23-37,excluded,complete,,"Rotated/reversed OCR fragments reproduce the Plate 31 captions already semantically covered in front-matter:00_05_List_of_Plates:l83-118; the scan adds no distinct caption claim. Excluded as duplicate OCR rendering, not as an unreviewed page."
chp-7,chp-7:07_CHP-7_sec_v:l3-7,reviewed,complete,L3-7,p.199 L7 'Then came the' is closed by p.200 L10 'war of the Spanish succession'; the cross-segment continuation is linked in book-statements.jsonl.
chp-7,chp-7:07_CHP-7_sec_v:l39-40,reviewed,complete,L39-40,"Printed p.200 Plate 32a caption read against CHP-7.pdf physical p.42; creator, work, title subject, and 'painted for Gaspar Roomer' are migrated. The printed 32b caption is absent from this S0 OCR block and is restored in the registered visual-transcription segment; no source OCR is overwritten."
chp-7,chp-7:07_CHP-7_sec_v:l42-55,reviewed,complete,L43-55,"Printed p.201 body read against CHP-7.pdf physical p.43. Closes the p.200 L17 sentence at L43; records the Prince Eugene patronage account, Vienna transition, named palace/work references, and OCR corrections 'sine arts' to 'fine arts' and 'Galli-Bibbiena' to 'Galli-Bibiena'. Footnotes 1-6 are now migrated from composite segment L62-76 and linked to the relevant body statements."
chp-7,chp-7:07_CHP-7_sec_v:l57-60,reviewed,complete,L58-60,Printed p.202 body read against CHP-7.pdf physical p.44; L58 closes the p.201 Vienna civilisation sentence. L59-60 covers the Savoy/Turin transition. Footnote 1 is now migrated from composite segment L62-76 and linked to the p.202 Savoy statement.
chp-7,chp-7:07_CHP-7_sec_v:l62-76,reviewed,complete,"L63-68,L70-76","p.200 footnotes 1-5 and 7, p.201 footnotes 1-6, and p.202 footnote 1 read against CHP-7.pdf physical pp.38, 43-44 and migrated with body backlinks. L67 OCR footnote number 6 is printed 5; the p.200 note 6 is the text already migrated at L18. L69 is reversed Plate 30/31 caption OCR already covered by front-matter plate-list lines 87-90; it adds no distinct claim. Cited pages were not independently consulted."
chp-7,chp-7:07_CHP-7_sec_v:l9-18,reviewed,complete,L10-18,"p.200 body and footnote 6 (the text present at L18) read against CHP-7.pdf physical p.38. Footnote 6 is cross-linked to the claims at L13; footnotes 1-5 and 7 in the later composite block L62-76 are now migrated. The L17 sentence ending 'furnishing' closes at p.201 L43. S2 corrections: printed 'further' for OCR 'Anther'; printed 'Pascoli, II' for OCR 'H'; printed 'Ghislandi' for OCR 'Gliislandi'. Source text unchanged."
chp-7,chp-7:07_CHP-7_sec_v_visual-transcription:l1-1,reviewed,complete,L1-1,no_semantic_content: CHP-7.pdf physical p.40 Plate 30 grouping title and cross-reference to Plates 30–31 visually transcribed because the OCR retained only a reversed suffix. Editorial navigation; it does not establish a research theme or hierarchy node.
chp-7,chp-7:07_CHP-7_sec_v_visual-transcription:l3-3,reviewed,complete,L3-3,CHP-7.pdf physical p.42 Plate 32b caption visually transcribed because the canonical OCR omitted it. Reuses existing caption candidates and anchors the 'painted for Lord Shaftesbury' claim; linked to the List of Plates and p.198 body reference without resolving identity or work-version questions.
chp-8,chp-8:08_CHP-8_intro:l1-1,excluded,complete,,Generated Markdown filename heading; not original book content.
chp-8,chp-8:08_CHP-8_intro:l3-5,excluded,complete,,"Printed page marker and chapter title/navigation only; retained as source structure, not an entity or factual passage."
chp-8,chp-8:08_CHP-8_intro:l7-10,reviewed,complete,L8-10,"P.203 notes 1-4 migrated as bibliographic pointers and linked to the corresponding Genoa, Naples, Bologna, and Malpighi/Reni statements. Cited pages are not treated as independently verified; Maresca publication identified from the bibliography but that bibliography segment remains pending S2 review."
chp-8,chp-8:08_CHP-8_sec_i:l1-1,excluded,complete,,Generated Markdown filename heading; not original book content.
chp-8,chp-8:08_CHP-8_sec_i:l108-118,reviewed,complete,L109-118,P.213 body read against CHP-8.pdf physical p.11. Note 1 from composite line L154 has been migrated and linked to the collection marker. Cross-page Durazzo sentence is closed by p.214 L121; source OCR remains unchanged.
chp-8,chp-8:08_CHP-8_sec_i:l120-124,reviewed,complete,L121-124,"P.214 body read against CHP-8.pdf physical p.12. Notes 1-4 are transcribed in the derived visual segment and migrated; footnote markers are attached to the respective p.214 body statements. OCR note 2 was absent and note 4 was truncated, both corrected only in the S2 supplement; the existing Old Testament dash correction remains recorded in S2."
chp-8,chp-8:08_CHP-8_sec_i:l126-157,reviewed,complete,L127-157,"P.204 notes 1-3 (L127-129), p.205 notes 1-4 (L130-133), p.206 notes 1-2 (L134-135), p.207 notes 1-2 (L136-137), p.208 notes 1-7 (L138-144), p.209 note 1 (L145), p.211 notes 1-3 (L146-148) and p.212-213 notes 1-5/1 (L149-154) have been read and migrated or reused. L146-148 reuse the previously completed p.211 visual transcription without duplicate mentions/statements. P.214 notes 1-4 (L155-157) are canonically transcribed in the derived p.214 visual segment; note 2 was absent from S0 OCR and note 4 was truncated after 'Nos.'. Page-image corrections and continuation are recorded in S2; S0 remains unchanged. All note statements link to printed body markers; cited pages and archival objects not otherwise noted remain unread/unverified."
chp-8,chp-8:08_CHP-8_sec_i:l14-21,reviewed,complete,L15-21,P.204 body read against CHP-8.pdf physical p.2. Footnotes 1-3 have now been migrated from the composite source segment L127-L129 and linked to their body statements. Citation locators are not independent verification; S0 OCR remains unchanged.
chp-8,chp-8:08_CHP-8_sec_i:l23-28,reviewed,complete,L24-28,"P.205 body read against CHP-8.pdf physical p.3. Footnotes 1-4 have now been migrated from the composite source segment L130-L133 and linked to their body statements. The 1637 Museo di San Martino painting is kept distinct from the painting reported in Roomer's 1634 house list. Citations are locators, not independent verification."
chp-8,chp-8:08_CHP-8_sec_i:l3-12,reviewed,complete,L3-12,P.203 body and note 5 are migrated; the closing sentence is completed by p.204 L15. OCR corrections remain in S2 qualifiers and S0 is unchanged.
chp-8,chp-8:08_CHP-8_sec_i:l30-41,reviewed,complete,L31-41,P.206 body read against CHP-8.pdf physical p.4. Notes 1-2 have been migrated from composite source lines L134-L135 and linked to the Falcone-Roomer and Rubens Feast of Herod body statements. Saxl and Burchard citations are locators; cited pages were not independently read.
chp-8,chp-8:08_CHP-8_sec_i:l43-51,reviewed,complete,L44-51,P.207 body was read against CHP-8.pdf physical p.5. Notes 1-2 in composite lines L136-L137 have been migrated and linked. The p.207 rhetorical question at L51 is closed by p.208 L54.
chp-8,chp-8:08_CHP-8_sec_i:l53-60,reviewed,complete,L54-60,P.208 body segment read against CHP-8.pdf physical p.6. Notes 1-7 in composite lines L138-L144 migrated and linked. The note 2 superscript after Codazzi was present in print but omitted from the existing statement metadata; marker 2 has been added. S0 remains unchanged.
chp-8,chp-8:08_CHP-8_sec_i:l62-70,reviewed,complete,L63-70,P.209 body segment read against CHP-8.pdf physical p.7; footnote 1 in composite line L145 migrated and linked. Representative-collection sentence closes at p.210 L73. OCR and print correction notes remain in S2 qualifiers; S0 remains unchanged.
chp-8,chp-8:08_CHP-8_sec_i:l72-82,reviewed,complete,L73-82,P.210 body and cross-page sentence are complete. The open surname is supplied by p.211 L85; no printed footnote occurs on p.210.
chp-8,chp-8:08_CHP-8_sec_i:l84-96,reviewed,complete,L85-96,"P.211 body and its footnotes are complete. The p.211 clause ending 'their grandfather' is closed by p.212 L99, whose 'Andrea had had built' identifies the grandfather. The p.211 collection mentions are linked to a separate untyped collection candidate; notes 1-3 remain represented by the supplemental visual-transcription segment."
chp-8,chp-8:08_CHP-8_sec_i:l98-106,reviewed,complete,L99-106,P.212 body read against CHP-8.pdf physical p.10. Notes 1-5 from composite lines L149-153 have been migrated and linked to the corresponding body statement markers. Page-image corrections are recorded in S2; source OCR remains unchanged.
chp-8,chp-8:08_CHP-8_sec_i_notes_p211_visual-transcription:l1-4,reviewed,complete,L1-4,Physical p.211 footnote 1 opening and notes 2-3 transcribed from CHP-8.pdf; p.211 footnote 3 is verified as 3 (whole-chapter OCR reads 8). No duplicate of the note 1 tail already present in section OCR L90-96.
chp-8,chp-8:08_CHP-8_sec_i_notes_p214_visual-transcription:l1-4,reviewed,complete,L1-4,Derived page-image transcription of CHP-8.pdf physical p.12 notes 1-4. It fills the S0 OCR omission of note 2 and the p.214 note 4 continuation after 'Nos.'; it also supplies print readings for the overlapping OCR text L155-L157. Notes 1-4 are linked to p.214 body markers. The overlapping composite OCR lines are not duplicated in mentions/statements; the original S0 OCR is unchanged.
chp-8,chp-8:08_CHP-8_sec_ii:l1-1,excluded,complete,,"S0 line 1 is the generated section-file label '08 CHP-8 sec ii', not printed book content; no source entity or historical claim is present."
chp-8,chp-8:08_CHP-8_sec_ii:l100-110,reviewed,complete,L101-110,p.220 body complete; the Melanconici picture's arrival clause closes with approval at p.221 L113.
chp-8,chp-8:08_CHP-8_sec_ii:l11-19,reviewed,complete,L12-19,L11 is the printed-page navigation marker; prose L12-19 was read against CHP-8.pdf physical p.13. L12 closes p.214's opening fragment and is recorded as a separate statement; L19's negotiations clause is linked to its outcome at p.216 L22. p.215 notes 1-2 were read at the bottom of physical p.13 and migrated from the footnote segment L373-374. S2-only OCR corrections: growup/grow up and Bcrgamasque/Bergamasque. S0 remains unchanged.
chp-8,chp-8:08_CHP-8_sec_ii:l112-124,reviewed,complete,L113-124,p.221 Ferrerio statue continuation closes at p.222 L127.
chp-8,chp-8:08_CHP-8_sec_ii:l126-138,reviewed,complete,L127-138,p.222 Creti sentence closes at p.223 L141.
chp-8,chp-8:08_CHP-8_sec_ii:l140-150,reviewed,complete,L140-150,p.223 palace comparison closes at p.224 L153.
chp-8,chp-8:08_CHP-8_sec_ii:l152-161,reviewed,complete,L152-161,p.224 Dido-painting sentence closes at p.225 L164.
chp-8,chp-8:08_CHP-8_sec_ii:l163-177,reviewed,complete,L163-177,p.225 final comparison closes at p.226 L180.
chp-8,chp-8:08_CHP-8_sec_ii:l179-188,reviewed,complete,L179-188,p.226 per-figure payment statement closes at p.227 L191.
chp-8,chp-8:08_CHP-8_sec_ii:l190-204,reviewed,complete,L190-204,p.227 pricing statement closes at L191; Carlevarijs quotation closes at p.228 L207.
chp-8,chp-8:08_CHP-8_sec_ii:l206-214,reviewed,complete,L206-214,p.228 read against CHP-8.pdf physical page 30; p.227 continuation closes at L207.
chp-8,chp-8:08_CHP-8_sec_ii:l21-35,reviewed,complete,L22-35,The p.216 sentence ending at 'thirteen' is closed by p.217 L70; see the linked continuation statement. The remainder of the p.216 passage and its existing mentions/statements are unchanged.
chp-8,chp-8:08_CHP-8_sec_ii:l216-225,reviewed,complete,L216-225,p.229 body and embedded n.2 reviewed against CHP-8.pdf physical page 31; closing sentence continues at p.230 L228.
chp-8,chp-8:08_CHP-8_sec_ii:l227-236,reviewed,complete,L227-236,p.230 final Venice-observation clause closed by p.231 L239; body and embedded notes are migrated.
chp-8,chp-8:08_CHP-8_sec_ii:l238-249,reviewed,complete,L238-249,p.231 body and notes 1–6 at L409–414 reviewed against CHP-8.pdf physical page 33; final sentence closed at p.232 L252–253.
chp-8,chp-8:08_CHP-8_sec_ii:l251-257,reviewed,complete,L251-257,p.232 body and notes 1-4 at L415-418 reviewed against CHP-8.pdf physical page 34; the modelli continuation closes at p.233 L272.
chp-8,chp-8:08_CHP-8_sec_ii:l259-261,reviewed,complete,L260-261,Plate 37a/b captions read against CHP-8.pdf physical p.35. Reuses the List of Plates work and Crespi candidates. The lower c caption is cut off at the scan edge; its complete text is already represented in the separately anchored List of Plates segment and is not reconstructed here.
chp-8,chp-8:08_CHP-8_sec_ii:l263-266,reviewed,complete,L264-266,"Plate 38 heading and a/b titles read against CHP-8.pdf physical p.36. OCR omits the heading 'Frescoes by Sebastiano Ricci', supplied in the registered visual-transcription segment. L264 prints Pitti Palace, Florence and refers to Plates 38–39; Plate 39 itself has no separate caption. Work and subject candidates are reused from the List of Plates."
chp-8,chp-8:08_CHP-8_sec_ii:l268-269,reviewed,complete,L269-269,Plate 40a caption read against CHP-8.pdf physical p.38; reuses the List of Plates work and Gabbiani candidates. Plate 40b caption is cropped at the scan edge; the complete List of Plates caption is not imported into this image-page segment.
chp-8,chp-8:08_CHP-8_sec_ii:l271-279,reviewed,complete,L272-279,p.233 body and notes 1-5 at L419-423 reviewed against CHP-8.pdf physical page 39. The final sentence's opening article at L279 continues to p.234 L282 and is closed by st-chp8-p234-fumiani-relations.
chp-8,chp-8:08_CHP-8_sec_ii:l281-289,reviewed,complete,L282-289,"p.234 printed body, page-end Langetti report, and notes 1-6 at L424-429 reviewed against CHP-8.pdf physical page 40. The Langetti text at L288-289 is page-end note text with no marker in the transcription; its citation continues at L429. L430-461 remain."
chp-8,chp-8:08_CHP-8_sec_ii:l291-301,reviewed,complete,L291-301,p.235 body and page-end footnote 6 continuation at L301 reviewed against CHP-8.pdf physical page 41. The page marker OCR [Page 23] is corrected in S2; footnotes 1-6 are represented at consolidated lines L430-435.
chp-8,chp-8:08_CHP-8_sec_ii:l3-9,reviewed,complete,L3-6,"L3-6 read against CHP-8.pdf physical p.12. L6 ends with the fragment 'Indeed, the most striking'; the sentence is analyzed with its continuation at p.215 L12 under a separate statement. L7 is p.214 note 2, present only in the p.214 visual transcription; L8-9 repeat the end of note 4, whose opening is in sec_i L157 and completion in that visual transcription. Reuse without duplicate mentions or statements. S0 'Don Antonio Russo' is corrected to printed Ruffo only in S2 qualifiers."
chp-8,chp-8:08_CHP-8_sec_ii:l303-309,reviewed,complete,L303-309,p.236 body and notes 1-3 were reviewed against physical page 42; the final sentence closes at p.237 L312-313. OCR corrections remain in S2 qualifiers; source OCR is unchanged.
chp-8,chp-8:08_CHP-8_sec_ii:l311-325,reviewed,complete,L312-325,p.237 body and page notes 1-5 reviewed against physical page 43. Its final clause is completed by p.238 L328; notes 2 and 3 and their continuations are recorded through L442.
chp-8,chp-8:08_CHP-8_sec_ii:l327-336,reviewed,complete,L328-336,p.238 body reviewed against physical page 44; its final sentence is closed by p.239 L339. Notes 1-6 are migrated at L443-448.
chp-8,chp-8:08_CHP-8_sec_ii:l338-348,reviewed,complete,L339-348,p.239 body reviewed against physical page 45; its unfinished Venetian-picture sentence closes at p.240 L351. Embedded note 4 and notes 1-3/5 are migrated.
chp-8,chp-8:08_CHP-8_sec_ii:l350-359,reviewed,complete,L351-359,p.240 body reviewed against physical page 46. The body continuation stored at consolidated segment L452 was verified on the same printed page; the portrait sentence closes at p.241 L362. Notes 1-5 at L453-456 are migrated.
chp-8,chp-8:08_CHP-8_sec_ii:l361-370,reviewed,complete,L362-370,"p.241 body reviewed against physical page 47, including closure of p.240 L452 portrait sentence at L362. Notes 1-5 are mapped to consolidated segment L457-461."
chp-8,chp-8:08_CHP-8_sec_ii:l37-39,reviewed,complete,L38-39,"Printed Plate 33 captions read against CHP-8.pdf physical p.15. Reuses front-matter work, figure, gallery, parent-palace, and city candidates; S0 'Soumena' is corrected to printed 'Solimena' only in S2 qualifiers. The caption's 'formerly at Palazzo Buonaccorsi' wording occurs in the List of Plates, not on this image page, and is not imported into these statements."
chp-8,chp-8:08_CHP-8_sec_ii:l372-461,reviewed,complete,L373-461,"Consolidated notes reviewed through p.241 note 5. L452 is body continuation printed on p.240, verified against the PDF and recorded as body text; notes p.240 are L453-456 and p.241 are L457-461."
chp-8,chp-8:08_CHP-8_sec_ii:l41-43,reviewed,complete,L42-43,Printed Plate 34 header and Velasquez: Juan de Pareja caption read against CHP-8.pdf physical p.16. The generic plate-group heading is editorial navigation; caption claims are anchored to L43 and reuse the List of Plates candidates. Museum and city information absent from this image page is not copied into its statements.
chp-8,chp-8:08_CHP-8_sec_ii:l45-46,reviewed,complete,L46-46,"Printed Plate 35a caption read against CHP-8.pdf physical p.17. The S0 page marker at L45 is misread as [Page 3]; the plate label is corrected in S2. Work, artist, Aristotle, and Homer reuse candidates from the List of Plates; the acquisition and museum details from that list are not imported here."
chp-8,chp-8:08_CHP-8_sec_ii:l48-67,excluded,complete,,L48-67 is a rotated/reversed OCR residue for Plate 36 and does not preserve reliable caption text. The heading and two image captions are restored in the registered visual-transcription segments for CHP-8.pdf physical p.18; no unique semantic content is lost by excluding this OCR rendering.
chp-8,chp-8:08_CHP-8_sec_ii:l69-76,reviewed,complete,L69-76,Printed p.217 body and n.1 are covered. Its final Ferri invitation sentence closes at p.218 L79; the earlier p.216 count continuation closes at p.217 L70. See the linked continuation statements.
chp-8,chp-8:08_CHP-8_sec_ii:l78-84,reviewed,complete,L79-84,Printed p.218 body and n.1 are covered. The Zanchi painting description continues with p.219 L87; the visual description is recorded there. OCR corrections remain S2-only.
chp-8,chp-8:08_CHP-8_sec_ii:l86-98,reviewed,complete,L87-98,p.219 body complete; final Cignani sentence closed by p.220 L101.
chp-8,chp-8:08_CHP-8_sec_ii_plates_p232_visual-transcription:l1-1,reviewed,complete,L1-1,Plate 38 heading visually transcribed from CHP-8.pdf physical p.36 because the canonical section OCR omitted it. The venue line remains in the canonical OCR and is not duplicated.
chp-8,chp-8:08_CHP-8_sec_ii_plates_visual-transcription:l1-1,reviewed,complete,L1-1,"Caption b of printed Plate 35 is visually transcribed from CHP-8.pdf physical p.17 because section OCR omitted it. It reuses the Plate 35b work, Rubens, and Herod candidates already created from the List of Plates; no external attribution or identity claim is added."
chp-8,chp-8:08_CHP-8_sec_ii_plates_visual-transcription:l3-3,reviewed,complete,L3-3,"no_semantic_content: Printed Plate 36 grouping heading visually transcribed from CHP-8.pdf physical p.18. It is editorial plate navigation referring to Plates 36-40; it does not establish a patronage relation, research topic, or hierarchy node."
chp-8,chp-8:08_CHP-8_sec_ii_plates_visual-transcription:l5-5,reviewed,complete,L5-5,"Caption a of printed Plate 36 visually transcribed from CHP-8.pdf physical p.18. Reuses the Petrucci, work, and Grand Prince Ferdinand candidates from the List of Plates. The image caption omits 'of Tuscany'; its shorter wording is preserved."
chp-8,chp-8:08_CHP-8_sec_ii_plates_visual-transcription:l7-7,reviewed,complete,L7-7,Caption b of printed Plate 36 visually transcribed from CHP-8.pdf physical p.18. Reuses the Crespi and work candidates from the List of Plates; no sitter identity is inferred.
chp-9,chp-9:09_CHP-9_intro:l1-1,excluded,complete,L1-1,Generated Markdown filename heading; not printed book content.
chp-9,chp-9:09_CHP-9_intro:l106-114,reviewed,complete,L106-114,Printed p.251 is complete: the sentence ending L114 is closed at p.252 L117. Its notes 1-4 are recorded at consolidated lines L349-352.
chp-9,chp-9:09_CHP-9_intro:l116-122,reviewed,complete,L117-122,"Printed p.252 L117 closes p.251 L114. The final body clause continues at p.253 L125, where its Udine fresco destinations are now recorded; p.252 is complete. Notes 1-7 are recorded at consolidated lines L353-359."
chp-9,chp-9:09_CHP-9_intro:l124-132,reviewed,complete,L125-132,P.253 L132 continues at p.254 L135 and is now closed. The continuation begins a contrast about an earlier aristocracy's private deeds; the statement is updated to preserve that distinction.
chp-9,chp-9:09_CHP-9_intro:l134-146,reviewed,complete,L135-146,P.254 L145 continues at p.255 L149; the continuation has now been read and the sentence closed. The Pisani work description is cross-referenced to p.255 and Plate 44; candidate-to-KU alignment remains for S3.
chp-9,chp-9:09_CHP-9_intro:l148-155,reviewed,complete,L149-155,P.255 L154's Sandi sentence closes at p.256 L158. L155 is note 1 continuation linked to consolidated notes L370; all source lines L149-155 are covered.
chp-9,chp-9:09_CHP-9_intro:l157-165,reviewed,complete,L158-165,Printed p.256 (CHP-9.pdf physical p.18) reviewed against the scan. The unfinished Antonio Longo introduction at L165 closes in p.257 L168. Notes 1-7 for p.256 are processed through consolidated L379.
chp-9,chp-9:09_CHP-9_intro:l167-177,reviewed,complete,L168-177,Printed p.257 (CHP-9.pdf physical p.19) reviewed against the scan. L177's final clause continues and closes in p.258 L180; printed notes 1-7 are processed at consolidated L380-386.
chp-9,chp-9:09_CHP-9_intro:l179-186,reviewed,complete,L180-186,Printed p.258 (CHP-9.pdf physical p.20) reviewed against the scan. L186's first name Angelo is completed by p.259 L189 'Querini'; notes 1-3 were processed at consolidated L387-388.
chp-9,chp-9:09_CHP-9_intro:l18-25,reviewed,complete,L18-25,"Printed p.246 (CHP-9.pdf physical p.4) reviewed against the page image. L19 closes the p.245 sciences sentence; body claims, approximate dates, reported interpretations and the p.246 note 1 citation tail at L25 are separately anchored. The final body sentence is complete on this page; note 1 tail links to consolidated notes L328. Notes 2-4 remain separate in the queued notes segment."
chp-9,chp-9:09_CHP-9_intro:l188-200,reviewed,complete,L189-200,Printed p.259 (CHP-9.pdf physical p.21) reviewed against scan. L200's unfinished 'other pictures' sentence is closed by p.260 L202-203. Notes 1-6 are migrated at consolidated L389-394; the Kress Foundation location statement remains discrepant with the Plate 45 caption and is preserved for later reconciliation.
chp-9,chp-9:09_CHP-9_intro:l202-210,reviewed,complete,L202-210,Printed p.260 (CHP-9.pdf physical p.22) reviewed against scan. L203 closes p.259 L200; L210 'We know too' is closed by p.261 L213. P.260 notes 1-9 are migrated at consolidated L395-403; note 8 has its own complete visual-transcription anchor.
chp-9,chp-9:09_CHP-9_intro:l212-216,reviewed,complete,L213-216,Printed p.261 (CHP-9.pdf physical p.23) reviewed against scan. L213 closes p.260 L210; p.261 L216 continues at p.262 L219 and is now closed. Notes 1-6 are migrated at consolidated L404-409. Page-image OCR corrections are recorded in S2; source OCR is unchanged.
chp-9,chp-9:09_CHP-9_intro:l218-229,reviewed,complete,L219-229,"Printed p.262 (CHP-9.pdf physical p.24) reviewed against scan. L219 closes p.261 L216; all body, page-footnote text present in the OCR, and Biffi quotation lines are semantically represented. Notes 1, 3, 4 and 5 are also represented in consolidated L410-413; note 2 has a visual-transcription segment, note 6 remains anchored to page OCR L228-229. OCR corrections are recorded in S2; S0 source text is unchanged."
chp-9,chp-9:09_CHP-9_intro:l231-238,reviewed,complete,L232-238,"Printed p.263 (CHP-9.pdf physical p.25) reviewed against scan. Body claims, nested quotations and p.263 notes 1-6 are migrated or cross-linked. Zaccaria's will note 6 continues at p.264 source L245-248; p.263 reference to Plate 48b links to the later Plate 48 segment. OCR corrections are recorded in S2; source OCR remains unchanged."
chp-9,chp-9:09_CHP-9_intro:l240-249,reviewed,complete,L241-249; p.263 note 6 continuation,Printed p.264 (CHP-9.pdf physical p.26) reviewed against scan. Body claims and notes 1-8 at consolidated L420-427 are represented; p.263 will quotation continues through this page OCR L245-248. The p.264 note 8 is explicitly partial and cross-linked to p.265 source L295-296. The 1764 anonymous-sale acknowledgement at L249 is retained. No source OCR was rewritten.
chp-9,chp-9:09_CHP-9_intro:l251-256,reviewed,complete,L251-256,no_semantic_content: The OCR segment contains a page marker and unreadable reversed caption fragments; its readable caption is represented in the derived visual-transcription segment L6. CHP-9.pdf physical p.27 was reviewed and the OCR source remains unchanged.
chp-9,chp-9:09_CHP-9_intro:l258-277,reviewed,complete,L258-277,no_semantic_content: The OCR segment contains reversed glyph fragments for the Plate 46 editorial heading and caption; both are represented in derived visual-transcription lines 8-9. Consolidated notes L428 repeats the editorial heading and is excluded as duplicate OCR. CHP-9.pdf physical p.28 was reviewed; the OCR source remains unchanged.
chp-9,chp-9:09_CHP-9_intro:l27-36,reviewed,complete,L27-36,"Printed p.247 (CHP-9.pdf physical p.5) reviewed against the page image. Its L31 sentence ending 'and may' is closed by p.248 L39 and cross-linked in book-statements. L32-34 continue p.246 note 4 and link to consolidated notes L331; L35-36 remain an unnumbered note-like passage quoting Paolo Renier, with marker uncertainty preserved. Numbered notes 1-3 remain in the separate notes segment L332-334."
chp-9,chp-9:09_CHP-9_intro:l279-285,reviewed,complete,L279-285,no_semantic_content: OCR contains the page marker and reversed Plate 47 caption fragments; the caption is represented in derived visual-transcription line 11. CHP-9.pdf physical p.29 was reviewed; OCR remains unchanged.
chp-9,chp-9:09_CHP-9_intro:l287-289,reviewed,complete,L287-289,no_semantic_content: OCR caption fragments are corrupted; Plate 48a-b caption text is represented in the derived visual transcription at L14-15. The two lower portraits and their inscriptions were inspected; the inscription text is not reliably legible here. CHP-9.pdf physical p.30 was reviewed and the OCR source remains unchanged.
chp-9,chp-9:09_CHP-9_intro:l291-301,reviewed,complete,L291-301,"Printed p.265 body and notes read against CHP-9.pdf physical p.31. The p.264 note 8 continuation at L295-296 is closed. Notes 1-6 are now linked to the consolidated note segment L429-432, including print 428 dedication, two dated Marchesini letters, the tentative Longhi citation, and Crespi's Nativity/Mission identification. S0 OCR remains unchanged; scan-based corrections and unresolved short-form citations are recorded in S2."
chp-9,chp-9:09_CHP-9_intro:l3-5,excluded,complete,L3-5,Printed page marker and Part III/VENICE section heading are structural navigation only; no entity mention or factual passage is present.
chp-9,chp-9:09_CHP-9_intro:l303-311,reviewed,complete,L303-311,Printed p.266 body (PDF physical p.32) read against the scan. S2 records visual corrections without changing S0: printed Cimaroli for OCR Cimatoli; 100 views for OCR 'too views'; 'the German' for 'thejGerman'; 'to' for 'tò'; 'of his' for 'ofhis'; and continuation 'who was also given' where OCR begins L310 with a comma. The unfinished p.266 L311 phrase 'Of greater' closes at p.267 L314. P.266 notes 1-8 at consolidated L433-440 are now migrated and linked to the corresponding body statements.
chp-9,chp-9:09_CHP-9_intro:l313-321,reviewed,complete,L313-321,"Printed p.267 body (PDF physical p.33) read against the scan; L314 closes p.266 L311. Haskell's interpretation, nested source claims, the reported 1500-zecchini price and expressly tentative Mantuan provenance are separated. Notes 1-5 at consolidated L441-445 are now migrated. Printed note 6 appears in the following section's S0 source at L4; OCR reads its superscript 6 as 'a', so it will be reviewed with section II L3-4 rather than duplicated here."
chp-9,chp-9:09_CHP-9_intro:l323-445,reviewed,complete,L349-445; p.255 L155 continuation; p.263 note 6 continues at p.264 L245-248; p.264 note 8 continued at p.265 L295-296; p.265 notes L429-432; p.266 notes L433-440; p.267 notes L441-445,"Consolidated p.265-267 notes L429-445 have now been read against CHP-9.pdf physical pp.31-33 and migrated. Note 3's print 428 dedication continuation is cross-referenced to p.265 L298. Notes 4-6 identify the Marchesini letters, V. Moschini citation, and Crespi's Nativity/Mission with a tentative Chicago match. Short-form citations remain locators, not independent verification; reconcile their full identities when S2 reaches the bibliography. P.267 note 6 is not missing: it appears as line 4 in 09_CHP-9_sec_ii.md, where OCR reads its printed marker 6 as 'a'; it will be processed with that section's L3-4 segment. OCR sources remain unchanged; scan corrections are recorded in S2."
chp-9,chp-9:09_CHP-9_intro:l38-46,reviewed,complete,L38-46,Printed p.248 reviewed against the page image. The final sentence ending 'devoid' is closed at p.249 L78 ('of a single religious symbol') and cross-linked in book-statements. Its body claims and note markers link to consolidated notes L335-338. Plate 41-44 are handled as separate visual material.
chp-9,chp-9:09_CHP-9_intro:l48-59,excluded,complete,,"CHP-9.pdf physical p.7 confirms Plate 41. The rotated/reversed OCR residual is replaced by the registered transcription segments for captions 41a and 41b; the grouping title is editorial navigation. The unique family-portrait wording is captured from the printed caption, not inferred from the OCR residue."
chp-9,chp-9:09_CHP-9_intro:l61-63,excluded,complete,,"CHP-9.pdf physical p.8 confirms Plate 42. Both readable captions match the semantically processed List of Plates entries; the plate-page OCR adds no distinct caption claim and is excluded as duplicate caption text, not as an unreviewed page."
chp-9,chp-9:09_CHP-9_intro:l65-72,excluded,complete,,"CHP-9.pdf physical p.9 confirms the rotated Plate 43 caption. The reversed OCR residual is replaced by the registered visual-transcription segment, preserving the plate-page wording separately from the fuller List of Plates entry."
chp-9,chp-9:09_CHP-9_intro:l7-16,reviewed,complete,L7-16,Printed p.245 (CHP-9.pdf physical p.3) reviewed against the page image. The main-text sentence ending at L14 continues and is closed by p.246 L19; the note 1 tail at L15-16 is recorded as a footnote quotation continuation linked to the notes segment L324. Heading/page markers are retained only as source structure. OCR corrections are recorded in statement qualifiers; source OCR is unchanged.
chp-9,chp-9:09_CHP-9_intro:l74-75,excluded,complete,,"CHP-9.pdf physical p.10 confirms Plate 44. Its readable caption matches the semantically processed List of Plates entry; the plate-page OCR adds no distinct caption claim and is excluded as duplicate caption text, not as an unreviewed page."
chp-9,chp-9:09_CHP-9_intro:l77-88,reviewed,complete,L77-88,Printed p.249 reviewed against CHP-9.pdf physical p.11. L78 closes p.248 L46; p.249 L86 ends 'At' and is closed by p.250 L91. Body claims and note markers 1-5 are linked to their printed/consolidated note locations. Note 4's earlier citation at L338 is retained as contextual support for Barbaro's will.
chp-9,chp-9:09_CHP-9_intro:l90-104,reviewed,complete,L90-104,Printed p.250 (CHP-9.pdf physical p.12) reviewed against the page image. L91 closes p.249 L86. Body claims and markers 1-8 are anchored; notes 1-8 link to the consolidated notes segment L344-348. Page lines L97-104 preserve the unique continuation of note 8: the remaining 1749 inventory titles and Cochin's references; these are not duplicated from the earlier consolidated note text. OCR corrections are recorded in S2 only; S0 is unchanged.
chp-9,chp-9:09_CHP-9_intro_notes_p260_visual-transcription:l1-1,reviewed,complete,L1-1,Derived transcription of the complete printed p.260 note 8 from CHP-9.pdf physical p.22. It restores the S0 OCR truncation after '(G. A.)' and gives the exact text anchor for the note; overlapping OCR L402 is not duplicated in S2 mentions/statements. Citation locators were not independently checked.
chp-9,chp-9:09_CHP-9_intro_notes_p262_visual-transcription:l1-1,reviewed,complete,L1,"One-line visual transcription of p.262 footnote 2, omitted from the consolidated OCR notes segment. The same printed locator is also represented in the p.262 page OCR; this derived segment supplies a second exact anchor only, not an independently verified source."
chp-9,chp-9:09_CHP-9_intro_plates_visual-transcription:l1-2,reviewed,complete,L1-2,"Derived visual transcription of CHP-9.pdf physical p.7 Plate 41a–b. Reuses the indexed work, subject, and church candidates for the printed captions; Plate 41a's additional Barbaro-family portrait phrase is recorded with a family candidate and no individual sitters inferred. The group heading in the OCR residual is editorial navigation."
chp-9,chp-9:09_CHP-9_intro_plates_visual-transcription:l11-11,reviewed,complete,L11-11,Plate 47 caption visually transcribed from CHP-9.pdf physical p.29; the work and attribution match the Plate 47 entry in the front-matter list.
chp-9,chp-9:09_CHP-9_intro_plates_visual-transcription:l13-15,reviewed,complete,L13-15,"Plate 48 heading is editorial navigation metadata. Captions a-b were visually transcribed and migrated. Four portraits are visible; c-d caption/inscription text is not reliably legible on this reproduction, and their structured identities are represented by the separately processed List of Plates rather than inferred from unreadable marks."
chp-9,chp-9:09_CHP-9_intro_plates_visual-transcription:l4-4,reviewed,complete,L4-4,"Derived visual transcription of CHP-9.pdf physical p.9 Plate 43. Records the plate-page caption wording and links the existing work, creator, and family candidates; no location or marriage partners are inferred."
chp-9,chp-9:09_CHP-9_intro_plates_visual-transcription:l6-6,reviewed,complete,L6-6,Plate 45 caption visually transcribed from CHP-9.pdf physical p.27; source OCR remains unchanged.
chp-9,chp-9:09_CHP-9_intro_plates_visual-transcription:l8-9,reviewed,complete,L8-9,"Plate 46 editorial group heading and artwork caption transcribed from CHP-9.pdf physical p.28; the heading is retained as navigation metadata for Plates 46-47, not treated as a separate named entity."
chp-9,chp-9:09_CHP-9_sec_ii:l1-1,excluded,complete,L1-1,"Section-II Markdown heading only; navigational structure, no independent entity or claim content."
chp-9,chp-9:09_CHP-9_sec_ii:l18-25,reviewed,complete,L19-25,"Printed p.269 (CHP-9.pdf physical p.35) read against the scan. Closes the 1743 observer quotation from p.268; Haskell qualifies it with parish-church examples. Distinguishes parish buildings, the Scalzi Order, its original church, replacement church and monastery. The 1732 pamphleteer's claims remain nested and are not independently verified. S2 scan corrections: S0 'S. Toma' reads 'S. Tomà'; OCR 'A1' is footnote 1; 'striking'paintings' reads 'striking paintings'. Footnote citations are scheduled in the section endnote segment; S0 unchanged."
chp-9,chp-9:09_CHP-9_sec_ii:l27-36,reviewed,complete,L28-36,"Printed p.270 body L28-35 and its footnote 7 continuation at L36 are semantically processed. The visitor quotation is identified through p.271 note 1; printed p.270 note 7 remains physically attached to the Gesuati funding sentence but textually concerns the Dominicans, so it is not used as Gesuati evidence."
chp-9,chp-9:09_CHP-9_sec_ii:l3-4,reviewed,complete,L3-4,"Printed p.267 section-II opening (CHP-9.pdf physical p.33) read against the scan, including footnote 6 at L4. S2 corrects the OCR marker 'a' to printed 6 and Bozzôla to Bozzòla without changing S0. Rome is papal authority and Venice is the Republic in this context; the 1657 Jesuit readmission, the government's orthodoxy policy, and Haskell's dissent maxim are separate claims. The Casanova note supplies only an author/source pointer; no attitude details are inferred."
chp-9,chp-9:09_CHP-9_sec_ii:l38-51,reviewed,complete,L39-51,Printed p.271 body read against scan. Its unfinished sentence at L51 is closed by the p.272 L54 hostile-pamphlet quotation and linked statement. Footnotes 1-6 remain in the consolidated notes segment.
chp-9,chp-9:09_CHP-9_sec_ii:l53-60,reviewed,complete,L54-60,"Printed p.272 body L54-58 and the p.272 L59-60 continuation of printed note 3 are both processed. Note 3 preserves Seilern's reported modello ownership, Wilde's tentative canonization/altarpiece interpretation and the explicit absence of evidence for a Venetian Jesuit destination; p.272 L58 continues into p.273 L63."
chp-9,chp-9:09_CHP-9_sec_ii:l6-16,reviewed,complete,L7-16,Printed p.268 body has been read and its observer quotation fragment at L16 is now closed by p.269 L19. The p.268 segment remains anchored to its own lines; p.269 records the quote continuation and Haskell's qualification. OCR 'of-contemporary' was corrected against the scan in S2 only; S0 is unchanged.
chp-9,chp-9:09_CHP-9_sec_ii:l62-68,reviewed,complete,L63-68,"Printed p.273 body L63-68 read against scan. Closes p.272 L58's Tiepolo sentence at L63 and the Zompini proposal sentence at p.274 L71; printed notes 1-5 remain for the consolidated notes segment. OCR readings corrected only in S2: L64 'seem to.have'→'seem to have', 'Education os'→'Education of'; L65 'alhthere'→'all there'; L68 'inwhichartists'→'in which artists'."
chp-9,chp-9:09_CHP-9_sec_ii:l70-78,reviewed,complete,L71-78,"Printed p.274 body (PDF physical p.40) read against scan. L71 closes p.273 L68's Zompini proposal sentence. Records Virgin typology, the 1743 Jesuit sermon, Pietà plan selection, Flaminio Corner's patronage and biography, Giuseppe Angeli's style and commissions. Notes 1-6 are in the consolidated notes segment and remain pending; note markers are linked to the applicable statements. The S. Basilio relative clause does not settle whether 'he' refers to Corner or Angeli; membership in the nobles' group is not asserted for either individual."
chp-9,chp-9:09_CHP-9_sec_ii:l80-83,reviewed,complete,L81-83,"Printed p.275 body (PDF physical p.41) read against scan. L81-82 records Corner's architectural preferences, advice concerning the S. Rocco and Carità façades, and the S. Canciano altar example. L83 is the tail of printed footnote 2, not body prose; its text is migrated here and cross-linked to the citation/opening in the consolidated notes segment L127. Printed footnotes 1-2 remain pending there. OCR corrections stored only in S2: L81 'Carita'→'Carità'; L82 'os'→'of', 'exfended'→'extended', '1778/'→printed footnote 1 marker; L83 'eesere'→'essere'. S0 is unchanged. The Carità's exact identity remains unresolved; p.275 S. Canciano altars are distinct from p.274 Angeli altarpieces."
chp-9,chp-9:09_CHP-9_sec_ii:l85-127,reviewed,complete,L86-127,"Consolidated p.268-275 notes read against scans and migrated. Includes the p.270 L36 note 7 continuation, p.272 L59-60 note 3 continuation and p.275 L83 note 2 continuation; p.270 printed note 7 is preserved as a marker/content mismatch and is not used as Gesuati evidence. Bibliographic locators remain distinct from independent verification."
front-matter,front-matter:00_01_Title_Copyright:l1-1,excluded,complete,,排除：Markdown文件标题是分节文件名标记，不是原书内容；无实体提及或断言。
front-matter,front-matter:00_01_Title_Copyright:l14-29,reviewed,complete,L14-29,复用章前完整阅读；献辞、版权/印刷信息及编目主题已迁入S2。
front-matter,front-matter:00_01_Title_Copyright:l3-12,reviewed,complete,L3-12,复用章前完整阅读；题名页实体提及与书目信息已迁入S2。
front-matter,front-matter:00_01_Title_Copyright:l31-31,excluded,complete,,排除：[Page 3]仅为OCR分页定位标记，无实体提及或断言；源行仍保留页界定位。
front-matter,front-matter:00_02_Preface_2nd_Ed:l1-1,excluded,complete,,排除：Markdown文件标题是分节文件名标记，不是原书内容；无实体提及或断言。
front-matter,front-matter:00_02_Preface_2nd_Ed:l10-17,reviewed,complete,L10-17,复用FM-S07–08完整阅读；致谢关系、署地时间和姓名OCR异文已迁入S2。
front-matter,front-matter:00_02_Preface_2nd_Ed:l19-19,excluded,complete,,排除：[Page 4]仅为OCR分页定位标记，无实体提及或断言；源行仍保留页界定位。
front-matter,front-matter:00_02_Preface_2nd_Ed:l3-8,reviewed,complete,L3-8,复用FM-S04–06完整阅读；出版史、修订范围、书目线索和作者限定已迁入S2。
front-matter,front-matter:00_03_Preface_1st_Ed:l1-1,excluded,complete,,排除：Markdown文件标题是分节文件名标记，不是原书内容；无实体提及或断言。
front-matter,front-matter:00_03_Preface_1st_Ed:l10-17,reviewed,complete,L10-17,复用FM-S12–15完整阅读；跨页论述、方法限定、图版说明和OCR差异已迁入S2。
front-matter,front-matter:00_03_Preface_1st_Ed:l19-29,reviewed,complete,L19-29,已复用章前完整逐行阅读与PDF姓名校读；迁入34条提及和24条原书断言。L19仅为印刷页码；King’s College由署名行确认。详细语义记录见章前结果FM-S16–19。
front-matter,front-matter:00_03_Preface_1st_Ed:l3-8,reviewed,complete,L3-8,复用FM-S09–12完整阅读；定义、范围、选择原则和作者判断已迁入S2。
front-matter,front-matter:00_03_Preface_1st_Ed:l31-31,excluded,complete,,排除：[Page 5]仅为OCR分页定位标记，无实体提及或断言；源行仍保留页界定位。
front-matter,front-matter:00_04_Contents:l1-1,excluded,complete,L1-1,排除：自动生成的Markdown文件标题，不是印本内容。
front-matter,front-matter:00_04_Contents:l3-3,reviewed,complete,L3-3,no_semantic_content: 已核对，目录标题本身无可提取实体或原书断言；目录条目在00_05_List_of_Plates.md中另行处理。
front-matter,front-matter:00_05_List_of_Plates:l1-1,excluded,complete,L1-1,排除：自动生成的Markdown文件标题，不是印本内容。
front-matter,front-matter:00_05_List_of_Plates:l120-121,reviewed,complete,L120-121,no_semantic_content: 页码与“plate following page”为版面导航元数据；无实体提及或原书断言。
front-matter,front-matter:00_05_List_of_Plates:l123-138,reviewed,complete,L123-138,图版45–60提及与原书断言已迁入；PDF校读分离following-page页码264、280、312、344，记录OCR的North Carolina插页码及Liberata断行。
front-matter,front-matter:00_05_List_of_Plates:l140-172,reviewed,complete,L140-172,图版61–68与摄影来源清单均已迁入；PDF核对分离360、400跨页码并校正Prà、John Strange、供片署名和图版号；供片不代表原作馆藏。
front-matter,front-matter:00_05_List_of_Plates:l174-185,reviewed,complete,L174-185,复用章前逐行阅读，已迁移引述层次、人物与地点提及及断言；保留Waterhouse转述Wittkower的嵌套引文、群体迁居的来源范围、Piola/Viani/Lazzarini/Guido/Crespi身份待对齐、两项析取条件和Haskell的价值判断。脚注1–4在后续OCR段处理；物理PDF第14页核实Clement XI为1700–1721（S0缺破折号）；末句未完，承接后段。
front-matter,front-matter:00_05_List_of_Plates:l187-188,reviewed,complete,L187-188,仅含脚注1–4，按来源性质记录书评期刊、Waterhouse论文、Conforti页码引文及Pastor英译本卷页；回链至L174–185相应引述，不转作原书历史事实。
front-matter,front-matter:00_05_List_of_Plates:l190-196,reviewed,complete,L190-196,PDF物理第15页页眉为xviii；S0行L190的[Page 1708]是错误分页标记。L191补全L185跨段句；Poerson 1708法语引信层、地点和编辑插文限定、圣克莱孟堂与主保圣人分开、七位艺术家只作项目名单，脚注1、2待L198回链。
front-matter,front-matter:00_05_List_of_Plates:l198-198,reviewed,complete,L198-198,按脚注材料性质记录Montaiglon第三卷p.240与Gilmartin引文，并回链到Poerson来信及圣克莱孟堂装饰断言；脚注只作来源指针，不转为历史事实。
front-matter,front-matter:00_05_List_of_Plates:l3-30,reviewed,complete,L3-30,no_semantic_content: 已核对，本段为目录导航，列出章节标题和页码；作为书籍结构元数据保留，不转为历史断言或实体提及。
front-matter,front-matter:00_05_List_of_Plates:l32-65,reviewed,complete,L32-65,FM-S24 plate items I–XVI migrated; item 11a plate number checked against PDF p. xii.
front-matter,front-matter:00_05_List_of_Plates:l67-68,reviewed,complete,L67-68,no_semantic_content: page marker and “plate following page” column heading are book-layout metadata; no entity mentions or historical claims.
front-matter,front-matter:00_05_List_of_Plates:l70-81,reviewed,complete,L70-81,FM-S25 plates 17a-28b migrated. PDF physical p.10 confirms 136 and 184 are separate following-page navigation values; OCR line 74 reads 126 for printed 136.
front-matter,front-matter:00_05_List_of_Plates:l83-118,reviewed,complete,L83-118,"FM-S25 plates 29-44 migrated. PDF physical p.11 (printed p. xiv) confirms following-page values 200, 216, 232 and 248 are separate navigation; OCR corrections for Naples, Lamport Hall and Ca' Rezzonico are documented in statements."
chp-13,chp-13:13_CHP-13_intro_plates_visual-transcription:l1-3,reviewed,complete,L1-3,"Plate 57a and 57b captions were transcribed from CHP-13.pdf physical page 14 and semantically recorded with attribution, depicted subject, work/edition, and imprint distinctions. Image descriptions are not independent biographical evidence; source and publication differences remain for later note review."
chp-13,chp-13:13_CHP-13_intro_plates_visual-transcription:l5-7,reviewed,complete,L5-7,Plate 58 caption(s) were transcribed from CHP-13.pdf physical page 15; existing candidate work/person mappings are preserved as caption claims and do not constitute external verification.
chp-13,chp-13:13_CHP-13_intro_plates_visual-transcription:l9-11,reviewed,complete,L9-11,Plate 59 caption(s) were transcribed from CHP-13.pdf physical page 16; existing candidate work/person mappings are preserved as caption claims and do not constitute external verification.
chp-13,chp-13:13_CHP-13_intro_plates_visual-transcription:l13-14,reviewed,complete,L13-14,Plate 60 caption(s) were transcribed from CHP-13.pdf physical page 17; existing candidate work/person mappings are preserved as caption claims and do not constitute external verification.
